PC1,PC2,PC3,PC4,PC5,PC6,PC7,PC8,PC9
-0.6758648342299153,-1.0373361931208662,-1.833460502038338,0.13779681730442256,-0.4331071376642481,-0.8711682902834887,0.449708994962814,-0.1358088626137837,-0.664428789335945
-1.1265876643650041,0.2102843576400461,2.095556084334404,-1.4372474993811803,-0.04323758048004965,1.3080234304412026,-0.00517580735516943,-0.9829198587833965,-0.5764277707547316
-1.5928403794687331,-1.4440186024858301,-0.05914691486653112,-1.1558568122791961,0.18708665551249226,-1.1773451226226483,1.134562413280605,-0.5477480631897392,-0.26589011891009234
0.06804763565136245,-0.8375444419800058,-0.4594624541634626,-1.2005737791323559,0.8820425724591284,-0.4748541749817213,-0.22235537432541164,0.07579142463525726,-0.3396885034365973
-0.037705841344192824,2.4441235114546065,0.05982618394255725,-1.3168241039927815,-0.6419992831875545,0.18965954213209715,0.10306512634809518,-0.2629137310302511,-0.36584013112379515
-3.6499923441046795,0.24235284854947625,-0.9844689153945206,0.2630416268465967,0.9004726212911787,-1.4490945358947687,-1.1426531653724605,-0.40690964407273894,0.5321992592742064
-2.516151005870493,1.6272355290300955,-2.2654529431127024,-0.301790898695476,0.7664177290362655,-0.34671973324141825,-1.3184617856517458,-0.05483583751293953,-0.12634386663856698
-1.8049119944571994,-0.260429852125571,2.082910528297438,2.1996438817863977,0.9222137870069638,1.1677167743004049,-0.353956355987874,0.3235021168597494,-0.5688721774511776
-3.244821849526233,-0.3365604714441423,-1.5319482112247211,0.12794640950620417,0.6000002407740552,-0.874196626487861,0.13798872962191802,0.07621586123683269,-0.04455685563321814
-0.04759692843551908,1.1606699618197278,-1.2017706922611087,-1.0199254032030902,-0.8587973635063585,0.004888304692659599,-1.405157496929041,0.4343530281327866,0.5239863905366324
-0.5646653071315352,1.9819098423151358,-0.619389026392272,-1.147882433584225,0.6704807788615668,0.6908190217778366,1.3856445654158644,-0.3167209821009742,-0.48753479888156503
2.030035010303817,2.489350762705397,-0.6344685550630051,-1.7613880200577738,-0.1638408243872798,-0.043529558130647336,0.29445102533969886,0.511358172577786,0.43149697285333494
-2.5458992076011353,-0.8120664901858107,-0.2978938511866515,-0.101149857077521,0.3504668542063493,-0.9355258232985246,0.7939654322411096,0.012550081466395684,-0.11641481662779508
4.548352226953605,-1.3109346106845459,-1.114148537054572,0.33701197703350066,3.1912295045506203,0.7973387994454262,-0.14151166387288797,0.20511622082477865,0.3281433577481148
3.8164790681878458,1.5130089204827883,0.7183363948144126,-1.3446519250747528,0.7607078218435485,0.30483803883009114,0.04675967570240963,0.5620657999057646,1.5203576488858837
-1.6687917062092494,-0.6615025033596929,-2.1053661115916413,-0.9053941526221001,-0.33544937555861687,-0.3709362095613665,0.47879616847785306,0.6744302072917159,-0.13529593624733754
-2.3047326498125624,-1.1460971462090646,-0.9434382516721517,0.3523965296141521,-0.04515977651663388,1.0049234392590662,-0.890813745615982,0.6219175494550213,-0.42552569674400703
-0.526041565637327,0.5667252807249796,0.24088713111208707,-0.26103857823880694,-0.6756768252120029,-2.36868843019193,0.559424587737518,0.3649368928568091,0.054826692858005906
-1.7837124051731303,-0.1888172244987672,-1.469385311382517,-0.48207023132594806,-0.36267169208158845,-0.5387178807513493,0.23251374432656036,0.09672029859141522,-0.0663588973116986
-3.298450005696654,-0.4300784439142356,-1.5030327304566369,0.8139579432248701,0.06415410261239479,-0.38827476653453474,-0.7510986285141824,0.09876186233491283,-0.1685392018862631
-2.3793696372998094,0.4326909356742126,-0.9680516384458491,0.5956081642658001,-0.33434575584278436,0.6036068958092561,0.9752269992356731,-0.19910076498322946,0.4189186193647294
0.9026596976651903,2.190422164727883,0.4657710718035321,0.5233044570482438,1.858172095981468,0.29299265457458407,0.742286984249723,-0.7657619030187209,-0.08780967973242218
4.626387283825507,-2.1583133047661707,-0.44117783688757456,1.7507122036066622,-0.5288101455642774,0.9753713144760837,-0.05842727493863767,-0.0699121050568974,0.11061359378159016
-2.031253002590396,0.6908666133302426,-0.35875013527695504,-0.6077319902234026,0.9563175310917766,0.5909624682549695,0.9863671001565498,-0.2157418299940739,-0.37105176769659026
4.957297473121792,0.15998716603194113,-0.5460183493873155,0.6725860734196281,-0.11143708921852513,0.1371476295914471,0.8430452174802421,-1.8454350233576085,0.3572229909530583
-2.4339248324735814,1.370138522332957,2.1497583685366397,0.9393933891679008,1.0523641759911124,0.2600185703640511,-0.3408668902705161,-0.778853243193481,0.36047229600416403
-3.036229229485045,-1.0529057274743494,0.03788213730451267,0.16763827624972968,0.19825772078491985,-0.8140468695714241,-0.14023634577498595,-0.3937695759169696,-0.2710664101093084
1.5010898787795623,2.066078407184521,-0.6857124608316157,0.7963061820936589,2.2496380803879856,0.8615600771142484,1.45233277525753,-1.213151445903352,-0.5314250819148569
-0.9984074072891697,-2.2863788974075794,-0.9350835502834908,-2.7080793622497885,1.061164244557122,1.460805043654008,0.05491720692766665,0.7033622375765707,0.00475550536318348
-2.3565802538181297,-1.0681896568800728,-1.5014011338408235,-0.21872355722965778,-0.0977796003970247,-0.6914814600657535,-0.21056598345519828,-0.5784819424626811,0.2772602662092696
7.748698345265136,-1.071950890391248,-0.5779784894461324,0.03727825031375054,0.7512551799771185,-1.3614838668473885,-0.1457523687758744,-0.049232799964177024,1.1095669613048325
0.7450752032969536,-1.576135560050897,0.22852550246629713,-1.9741043220663206,0.7250690777218386,0.32038361385710407,1.1267254290253992,1.093323325649887,0.604208106315128
-2.05044626286011,-1.532964600615156,-2.313256013506891,-0.7606836073494778,-0.7690368740205312,0.40906591422360333,-1.630134498297994,0.19661710497339016,-0.38856614456789157
5.142642706976281,2.901756000686072,-1.1173235035037732,-0.7532254919577054,0.38053435313601325,-0.05506243440979036,-0.30053335331846315,0.4415674415359403,0.421981483213003
-2.454171474333063,-1.773617151772076,-1.4507732471924821,-0.4308312672372045,-0.7140252200909204,0.25891136742396653,-0.5441473479366579,0.2698829368180972,-0.44132468505641004
-3.2947252509984297,-1.335374242964993,2.865914933509644,2.0206008524869503,0.052867594051974574,1.0744728049306087,1.3096799438350115,0.5820307710175017,-0.2576582923058702
-0.17630286829800354,-0.16316855952802437,-0.9480163573618638,-0.682418170558306,0.38757738104216116,-0.5685277277700803,-0.8906047804951598,0.6129464542613728,0.11072957227196877
-1.6363706171499433,2.0133317182310977,0.44954706102820186,1.4994262467018071,-2.1356460191228748,1.3075840185206844,-0.121995461878544,-0.16692598878188838,-1.1851173005541862
4.197008175473275,1.287506918416427,-1.2806232559362278,0.7945836872367861,-0.7107390919967894,0.15939940355288743,-0.1749118135941071,0.6324891139641432,-1.8587393502348017
-0.7325300089398223,1.235018624784394,-0.16259902715079677,-1.7178635852459427,-1.2277617131630356,0.9516314202239156,-1.00023410092982,0.627497296354734,0.5451468678064187
0.7196142223631659,0.8900554066357348,-0.44086418629314067,-0.23906080541148367,-0.29935562148364947,-0.4227990011591666,0.35662600541294054,0.3945558834009283,0.6745239545355863
-1.0726728025122192,-1.9080599987934248,0.740045708714476,-1.1019152495804576,0.07225957531865736,-0.2162022328490183,1.0937020962294908,0.16378858501216398,-0.2942086428434946
5.817755814953566,0.5501359982712781,0.2897912030067877,-1.353924767602031,-0.9579648540616225,-0.6639697122207764,0.05836547464615611,-1.0001347637685953,-0.12214330981145219
-0.8517181659908322,-0.16332975555458407,-0.8404881406623745,0.21274239038000287,-1.1788761008856277,0.05325595995545695,-0.4377881723378526,0.356924419913431,-0.4024094173433962
-0.691911493986822,-2.39163631422661,1.2436337209121808,-2.6193422258685506,0.9902531192335906,0.6358259026438298,-0.5688870869857199,-0.39952226785881173,0.2605913181151769
-0.07874998050561345,1.9022938361013473,0.4302921383866842,0.18610786509463673,-1.28712093313883,2.883198100375043,-1.5692240272662352,-0.016590769815891505,-0.09354527018036665
1.7590098344682004,-1.4160972316749196,-1.1616556263683284,2.594068414523423,-0.06815012151046962,1.129100489408037,0.14865605381583308,0.037869345760637683,-0.5564665629117393
-2.3127176576861994,1.3374906946992116,-1.5309065701948024,-0.1324048345130254,1.6525490272984613,0.003242480996657835,0.7064876539656791,-0.6440455806446219,0.46468321820934877
9.29768115645269,-3.1072076712043515,-0.3588872059399799,-0.11299785851342029,-2.112872355504276,-1.2252008590295704,0.09953464389130733,-0.4307197026190436,1.8549133858232458
0.09942027021112566,0.4591283888882957,0.3653187919971175,-2.588971282427748,1.9531467039713737,0.7226599154783427,0.6824639672238478,1.2407799028880093,0.6650499294398309
3.616619800921547,4.422858913490895,0.6750823565139931,1.2497596135800162,-1.461099574841331,0.5312217124360105,0.06194080522433519,1.7979946396018702,0.5824255283024928
5.584738758109171,-2.8192946759649047,-1.0501555676059664,-0.4442851978176476,-0.41381354356967504,-0.6832729211361928,-0.3244574900010275,-1.2133205055454983,0.5755428258618837
2.226763988766473,-0.6208819128795369,-0.19666303813437896,-0.8018765612861318,-0.6226959812658184,1.0802633511945972,1.8101954256690538,-0.20673819921675718,1.5383178606956545
-1.1169722826430266,-1.9619479032261584,0.4037633227589349,-2.127120471068611,1.0561632304790638,1.3330241470697364,2.4010345956737154,0.5340427781375204,0.4307811042368883
-2.654317735330036,0.211003931813706,-1.1487186323186152,0.5091702219684223,-0.22054152906150493,-0.2425451944994504,0.15895777751479676,0.05126161636940578,-0.24831951822823858
-3.040830009075625,-0.4104071417227259,-1.6134773418387505,0.1474542247499437,0.22397861542464387,-0.6751890782999885,0.43905206080392806,0.09434292318875377,-0.20734690355247612
1.2929628284131782,-1.5948996311878263,0.6897992942517699,2.122460747558898,-0.7369301018065954,1.4291093944860545,-1.0257481564964646,0.8467527414626196,-0.30042404425944175
-2.5635196995375136,-1.880652926549849,1.293085225393002,-0.8937422084604579,-0.917747626638569,0.7317576882251643,-1.0457814430996113,-0.43422415563622435,-0.19707761227273488
-1.4214321766397549,3.784904762768352,1.674966397892552,0.1240083677643608,0.7958873344288683,-0.5137934901567274,0.3618028750346536,0.2739680070569217,0.7732022896297356
-1.6183417996868272,-1.2771329374391795,-1.007896275051644,0.6398445806335922,-1.3995401635102018,0.485809290732298,-0.302246173481939,1.3974023179913098,-0.1295471273509152
-2.1275424147523045,-2.317297758945287,-0.15092224275403876,-1.5481819932219283,-0.5071610692499086,0.2459312397916552,-0.9827304749465405,-0.42954597789016064,0.12035932826969227
-3.316454256462174,-0.6050138996830385,-1.0459976268382194,1.1536680756392401,-1.476972304741408,-0.5692119794698913,-1.439630991051074,0.5397021175515027,-0.17959754004309997
-1.426370136989248,-1.540163090732069,0.2207276809385881,-0.1817624340147957,0.4109654243920667,-0.6508145655540959,0.790026591004197,-1.0004870644478876,0.5963505937423557
-1.1876369425176452,1.3043079489428293,-0.6279435639111773,0.3570153337958506,-1.800214743773075,1.418569499711048,0.05003284966560712,-0.08138034453755055,-0.9756365722387358
-3.2229804298244096,0.729114466491456,1.2458280199758955,1.2207739183061281,0.6013549991053787,-0.21247830776443527,0.5378398316979964,-0.22365909759559507,-0.18946402148929142
-1.2328158868283494,0.9911825642271651,1.798473953188877,0.2465151254695664,-0.7669151926700678,-0.21459359750570137,0.3681532552799339,-0.2662784862603828,0.26861111844210034
-0.2285825603785467,-0.9549517498585868,-0.054920258463852005,0.4999908819549401,0.022692299547985375,0.26886857529838654,0.05034218537544713,0.14328883709843232,-0.6918000704627049
1.6303873687319481,2.3611676840673534,-0.6677432679195406,-0.7976066401238786,-1.6902527469153663,0.7951051779421928,0.3291182754615742,-1.3413065104469772,-0.2583559153983908
-2.51225383470438,1.4234529865402785,0.8573386866263131,1.6471234427028956,2.0866707891762393,-0.44506216427037737,-1.0910319306754277,1.0890821998470313,0.5667538422798092
-2.442638722804406,0.5944133340055439,-0.8089681065934231,0.13048650291751931,-0.06651773433730811,-1.2031198539638157,-0.18739931248795236,1.0170923283834596,0.5405898933259058
9.228299154149033,-3.457150616633942,0.34474552974474787,-0.38205153840734096,-1.8220350238476035,-0.9558205329671097,-0.875090825665796,-0.13493549523793394,0.5832258693066237
-2.9457395340966874,-0.1336453877247974,-1.1868304064732365,1.4405074449051947,0.03818419261684806,1.008105906197871,-0.4415284356211676,0.5118644349442197,-0.42271911796703127
0.3601419003958675,-1.1277022962695409,2.395560045253637,1.4032169191034027,0.7617719622791601,1.7842578908075721,-0.3616218350480104,1.0808360012214646,0.2957879878116755
1.1657081894909826,2.673402417382953,0.34328392564407295,1.0127103964110034,-0.44128114296858567,1.4307802320540461,1.152448507315269,-1.9925904119097313,0.0381430748082911
1.2459273332585987,0.3846599314021349,0.5155307899686851,-0.42869042454083883,-0.6992522265265412,0.45959854719849713,0.6642836315650218,-3.101776255400084,1.601728271410505
-1.4921799488412215,-2.278407475458865,-0.07601898992532824,-1.4466187662795584,0.43822451210364205,0.9326718611948823,1.339883556128312,0.5567598404938999,-0.03489369566630474
-2.5422085270990733,0.013612931387297333,0.9541791006697493,-0.0008549610521340225,-0.5961488926038195,0.4480891409806967,0.1581571858639847,-0.4188253045923469,0.08969014580349216
1.17267984763789,0.8023461920309733,-1.0402984551065786,1.1935625113297983,2.864357291447489,0.9486861634426405,-0.2510677151093331,-0.7994165481644309,1.9258941859178693
3.535448603170258,-2.2606030678021343,-1.5474939861847115,0.2409708657875436,-0.4937310478892712,0.17753801480018433,0.5265832012628326,-0.9110653675506681,0.3324697806096412
-3.1279443446675796,-0.7366424127333162,-1.6055371215596386,0.4336732879718856,-0.15822327910209327,-0.670279805886878,0.1461826359137519,0.07924369198867855,-0.33397320104005934
6.246221461302834,-3.117319974915479,-0.12772140768047724,0.9718719277590553,-0.956580482384725,0.13820450826451516,0.0351483337904971,-1.3799031497735448,0.9069614739164601
-2.9233186785985614,-0.5687601087108105,-2.169868590325851,0.16166468101749937,-0.6840088882757186,-0.4846077932480778,-0.1469668907454299,0.6631199251702643,-0.09326882716368969
-2.9929729700421106,-0.15066254834376397,-1.1885812000255427,0.8255481575253332,-0.29521573317456284,-0.3969544009426817,-0.34037455985479925,-0.23942946814423383,-0.20216387526429655
-3.0765455084918343,0.36057078888842614,0.09630088395472063,1.163410492593346,1.1112380710045713,-0.7194414079962314,-0.35972830533368183,0.02025356354343436,-0.06967651529572182
2.304092463131602,1.6288756677236524,1.1153790464694384,1.5403517797324204,-0.2626769981744472,1.112153563921686,-0.8924855660765184,0.9041339926888021,-0.7429595849269344
-0.6369312426266691,1.4634850900940704,-1.7926796860135694,-0.9339336490306284,-0.4207928154702376,1.1728836519136514,-1.0923183150324134,0.3950027415075284,-0.36687000712243534
-1.3574051626992556,2.0504813165305835,1.6639756363147,1.1181043587842423,1.1978431085181793,-1.028063037975876,0.8684729742691459,0.10084425453414866,0.33244391684318764
5.418088457235783,0.175382062577836,-1.0357202981729436,0.2456570493125628,1.3824020336046297,-1.7241228813868814,0.280501350854304,-0.43500043193743443,0.16461680739712076
-3.320037875931059,-0.24196758719803635,-1.5311195299498792,0.6134184310265673,-0.9452143580390666,-0.7113543502635812,-1.2904207642757053,-0.141074216362622,0.0011019529754023741
-1.1908155243040484,-0.5567531697269906,-0.39082444830504687,0.5830237720217779,1.3935285358257283,0.7814852516264513,-0.6538474044060918,0.5805835236046806,-0.11982767427152402
-2.7533460024963294,-0.6895926095988991,-1.890975864445007,0.9039008049775016,-0.8243070119851896,-0.2641379193333028,-0.6214728608231822,0.5248700381483499,-0.2492899107659031
3.7455091630437343,-1.5202256820743032,-1.9453026207969735,2.1143244582218896,0.3162249349391862,1.0325813793405034,0.14109654610010586,-1.330493388665738,2.1732369119804407
4.1375310668154235,3.3668386219799986,0.8106657191191919,-0.06034986625161141,2.294301726165452,0.9361571579018769,0.21909697423733923,0.021744488546351432,-0.9363135391332509
7.293088558519332,-0.9825217611366687,3.688562064213964,-0.6010809751016001,2.582944351218304,-1.720368135005136,0.15750456785315936,0.7138608909143067,-0.5095450667627079
-2.9618530613337133,-0.7075571063863019,-1.3472447341329932,0.7494384798408608,0.17635092243256392,-0.14960910415867706,0.5118127320782511,0.3400393143191495,-0.17343617491751606
-2.991209270295502,-0.24940321459605574,3.2183972578038453,2.141718407153722,0.7739733096088491,0.7013482279311376,-1.0203149169974395,-0.5041637658382959,0.6194511397641982
-2.0287944650809715,-0.7574376280023417,-1.6756274915055485,-0.31195561721267506,0.8598406141556505,-0.36157751212607575,-0.5555008698035094,0.09582376768840226,-0.3361597837153154
-0.27516743770550034,-0.6468474880668285,-0.6304646777231525,-2.0061165081920267,-0.24201645928585044,2.0963940060284694,-0.1897537036994135,-0.5030801954539367,-0.15048699597671505
2.6869382110012383,-1.062598188155582,1.3818189674784176,1.2172646966815401,1.3836361114399214,-0.596260378668152,0.18140272265204374,-1.0661331781818368,-0.28033839635891195
-2.423100998708902,0.6051108433591922,-1.2522446565378842,0.6698331828160704,-0.7894849904268825,-0.1676460515032132,-0.7162632975561257,0.19720191352302363,-0.2483151279761146
-3.577466989081552,0.012238775467962482,-0.6805131654592538,1.03155076418573,0.4549972851059401,-0.5533071941769594,-1.3358705305325296,0.36237145961312617,0.11004312695875425
-3.845386860466002,-0.35241457997698633,0.5987743501085102,0.5265117537722606,-0.33127919631507746,-1.714949288848137,0.27698934693332583,-0.4796893640225783,0.2770898002655817
4.7649494249562165,3.816439154614914,-0.6433301024075435,-0.7540869191985243,-1.214459168771256,0.09122856638579997,-0.3647779539046149,0.8726596589232628,1.1837183955573416
-1.6418855029000963,-3.129938548325504,0.34558836835498363,-2.4190015938977356,-0.6380506095841576,1.5114666340490146,-1.5276483299846777,-0.08858388665861534,0.0549286739435714
-0.6028375648262124,1.3729355500099252,1.1203365891174728,-2.438115170724211,-1.4191358151939926,1.4219675338213094,0.28374023704597795,0.26745455908506166,1.0337006002381421
0.9623757347304467,3.098738719061447,0.46513336802733457,0.4816986014006134,-0.4795009647948474,0.6232120369605546,0.49636010199739744,1.1368681638624607,1.2175026594884437
5.620433674555524,-2.3663987460474876,1.9888532206830898,0.7240366814406659,-1.5111575589355202,-0.8910311956986605,0.013869294667750826,0.24042266610904803,-0.14858772376102103
-2.8901359149186097,-1.2035712685267663,0.048698853148736294,-1.0050270955058045,0.28412376899316893,-1.239892840980816,1.1650928391961,-0.4587449137571395,0.011374292769507917
4.995398090488981,-0.41740522539096886,-0.5347270612384868,-0.00874169068995375,0.30319363937769767,-0.6224754638955545,-0.8224533385100731,-0.017190087418061335,1.3381253933287658
2.2145253446269146,2.2342942378804818,1.4742506463834093,0.19561301403512027,1.4374032861767285,-0.808281541685589,0.2979273627428694,-0.2245428658244603,-0.10760922034711282
-1.2470164832845587,-1.6686652950407632,0.7452309714491953,-0.0927062011138604,-1.0827220454095436,-0.9151821793115206,-0.042174117167433675,-0.18155504588281002,0.015013899580073806
-2.2923390038928018,-0.746006399330058,-1.6967207306598162,1.249994898750533,-1.0941265980690078,-0.009409431761644283,-0.15610970749036715,0.5163045065066735,-0.3284976042469044
0.10288203503824232,-0.5025868682729432,1.6314370120973596,-1.728858652078301,-0.18338594442802622,0.16142579037953106,1.33483627619984,0.32494045949175765,0.2612252770362824
-2.852719268971136,-0.8817265218776763,-1.5903042894990957,-0.12676524425496913,-0.22127640980212243,-0.8188299543135084,1.6236637081314984,0.11596849710304044,-0.06638201705609907
0.8191622861038002,3.49414735935068,0.07419438760546612,-1.0162482517871665,-0.13412492378510554,0.4359240935649382,0.6131727876470069,0.030260318635306576,-0.3549648449976813
3.5698881286717605,-1.9853770265344508,-0.6760444815130409,-0.6472279785094577,-0.2710402120049011,0.17698647295245548,0.3673808643776367,-0.37904589805442057,1.5427757634285308
-2.7962327866367396,0.9443760908565604,1.1341746830104737,1.054148660329703,0.714129033589116,0.32243683713513815,1.1174212663776828,0.4118947127519171,0.41308203920270614
5.722336118609462,-3.020476806003896,-0.45587135487267777,-0.8431243282335296,0.10782167923477322,0.9759432517602202,0.5667725156836442,-0.293378301762705,-0.2613081747543495
3.966416730815654,2.517112919399426,0.03337475904428574,-0.9480266732737442,0.9564229793510446,1.0439229982141351,0.5783078544063838,-0.5620105989736532,-0.2330331511765043
1.025720673958094,3.961774676457622,0.6049526817074558,-0.44101524701450845,0.02930156980480832,-0.6307617000941826,0.6380733947741442,0.7842695034341775,0.6875498140050925
-2.7258107948321944,1.724573371760994,1.1506121559964917,1.0128721014007018,-0.6799859584335597,0.9293703238137482,0.7887634511695466,-0.5824996811328546,-0.5474334264232353
-1.4779837655667472,0.2714055991082104,0.7346794717954018,2.0117855123114894,-2.215676139363801,1.851181110671476,-0.9552031261949545,0.24922817194949168,-0.6904781820369978
0.3240443064281125,-0.6976845529157616,2.8497952896400567,2.8381941316821866,1.5597218552243042,1.1787712370482346,0.05087348210757568,-0.1513128395680564,-1.2361215110475845
-1.7839429866121874,0.01631275394085505,1.041517563669139,0.7227831953199257,0.1618111942179952,2.5498656095138297,-1.3137680970815093,0.7089608979671146,-0.4967938923674582
-1.8633765805688665,2.183208528757826,-0.2141725986964168,0.2140570190407232,-0.8244584506003432,0.49637656533528585,0.6826462072372436,-0.983986772633994,0.24880217205560923
2.342285670063568,1.4258839876664462,0.9602281694066126,1.1891955858629535,1.946456648679713,-0.6159379910900588,0.43965702577121824,0.2132518255434147,0.8336467519472195
1.5319553282238556,1.4848004697880244,-0.08101548599671818,-0.08010076299973859,2.2966715781498213,0.193415346140845,0.17407101941335726,1.5698347909042691,0.16950297530468372
4.327707675762792,1.1801914294024716,0.6856729066168445,-1.5381340711074851,0.900332546635478,-0.9429838839319628,-0.699834660815316,1.0964412681226745,0.22977526923313307
-0.5067762797930127,0.5150643401540205,-0.6165114848359565,-0.09006912565599383,-0.8083013445045202,0.8489497562340985,-1.8734916487039697,0.2687210169493231,1.0423171099743325
4.327008304056595,0.7248901354126992,0.3394782790828944,-0.8195131548856085,1.3410487875994666,-1.2321193586093,-0.31546615812253137,-0.0366006174787851,-0.898604327148849
-2.0306808042504456,2.917261712318184,-0.5886017026918567,-0.1985911824172464,-1.0676710938087255,-0.012847946742780626,-0.906332667262124,-0.4300940757249695,-0.3883977733300291
-2.862352719461556,-0.627449394233297,-2.1771617740337876,0.31051270704156003,-0.7008809409642878,-0.58052650044478,-0.3658534633493593,0.5311251101417555,0.014703446174754773
-0.12519318210791916,-0.5485789091239069,-0.5103519886207554,-0.698226928749137,0.5657815462218603,1.5814212308677973,0.47055455172240596,0.08477667198801972,-0.5965530624138476
-2.2445439022712494,3.275150651429815,-0.49532413053129065,-1.2783293842790653,-1.2435749831547043,0.19166431992922747,0.7671786009965731,-1.0644218305550435,-0.2619474050671298
-2.857818220899961,0.8309733688435695,-1.7838005729434023,-0.15254783233142732,-0.9470451456753988,-0.8343966123489913,-1.3031390357010386,0.17322330502415836,0.0025124614725317027
-1.225904429946813,-0.7864749820177086,-1.1194200121735394,0.30528822140098777,-0.9497136613079636,-0.23283600410792984,0.743451719848893,0.9812341039209924,-0.38430168348716615
-1.0476093857204452,-0.6448801095095986,0.6925139163622468,-0.8046863803929136,0.6210360595075887,-0.7920580198295412,-0.4667206238107662,-0.484598413437877,-0.386143571738212
1.9000977301207393,1.5678299017825708,-1.5189811155617965,0.12206430400809386,3.689919862624184,0.04276629025467654,0.52581528802892,-0.27457097907408,0.2551382111560317
-1.411670261870973,-0.8071854497488686,1.7691898167488183,0.9882721895961252,-0.7874757011946549,0.846436610147399,0.1444232695059609,0.7516156188617491,-0.20260710041000277
-1.097912756693973,-1.9031987572169815,-0.2764835129696564,-1.2619138945117054,-0.6582385099188044,0.230049632344236,-0.3692941921763288,0.8931462573317558,-0.028430956035846083
2.1198720510964257,0.24778769101502082,-0.5698743898735016,0.34217684611363314,0.1453751813478123,-0.03491781560935091,-0.8220093286930008,1.361840960616201,-0.059881994105872555
5.724009605993968,-1.4627689535332127,-1.428169855720532,-1.2348193144531217,-0.14870547349032331,-1.2795275693946333,0.24036561937989198,0.8058616760306652,0.3515082615229455
-0.9477812628577404,-1.9971636204517256,-0.23602975220119912,-1.5704074284744924,0.5433470907421581,-0.008150655818256077,0.08787612727459804,-0.053335804989003824,-0.17481676826022094
-1.0384607089790006,-1.4902873597291586,0.6326417740162891,-0.8357626425409151,-0.39094636507367986,-0.09905420216313823,0.021043498089748494,0.127271212416417,-0.3742447350861835
-0.5402699410252185,-0.28529779975836655,-0.31116373938985736,1.2680887871101678,-1.3025683531912147,0.4150809628116707,0.11761652378959885,1.4139245160211045,0.3789273862539058
-0.5281514344227782,-0.36363880355449635,0.99373745968813,-0.8796946765441946,0.9568560177669004,0.8898081163699861,-0.2781681909418647,0.10780797547080054,-0.4149598530780788
4.885421631887048,-2.159098163875606,-1.6930755379840614,1.5753959369945643,0.278579118949643,0.2794436786825383,-0.0009725296740836928,-0.7180130663330418,0.0595925559749852
-2.3451663974770507,0.20181839092863538,0.043085434872945354,1.6195803019223607,1.88909221372701,0.04354673153583897,0.8658123719638454,0.33765249706355416,-0.372616087874078
8.89359349455639,-2.7619848368191535,0.12434414655514688,1.9311476004910444,-0.258213336929296,0.06355242474593581,0.20758876089119438,-1.9564111395640336,2.584249313172504
-0.8389027772469336,2.2797630673403484,-0.2359148192157653,-0.1953119541479572,0.4783506515897381,0.22310571981064864,0.5903988335175113,-1.2848053866720501,-0.22529039797969364
-0.7534123593622276,1.9146146651473461,-0.031412578658564984,-0.2676381835460865,0.7933427177756918,0.19314833010838967,-0.27585176553785,0.4501679845117359,-0.10317452026946426
-0.759157807406288,0.42584607465994967,0.3281794161878506,-0.7710263511145752,0.3472042748229337,1.450400708596999,-0.07745084888371694,0.008884702491255968,-0.6518660823065635
-3.1137919973182853,-0.3114337625502722,-2.403475068845711,0.16814755195921705,-0.8266824893126465,-0.8815869617705995,-1.3518310630103172,0.4215224623181664,-0.057943123209396465
9.420683594247196,0.26620828653078205,0.8945859744235393,0.7635786840255806,1.397966454427137,-1.0828315242691502,0.11052253905005112,-0.0766209365719935,-0.7810667687713654
-1.200305350882432,1.1802251432767086,-0.059958821881609226,-0.19855159555121402,1.1820993916155171,0.5011405778865075,0.7857338750096712,-0.5132606104112922,0.24323138899894475
-1.8733778572389583,1.9633417048441737,0.08928026647742904,1.2897132221163987,-1.0977083034840212,1.5018099261325972,-0.05521213772014489,-0.07089577646088302,-0.022429719074791687
0.5280248400362906,-1.144862817740027,0.32687822590429394,-0.05724070682475292,2.84279162888745,1.8227600782387525,-1.3749050586247231,0.6971367978073213,-0.7394503272685299
0.3485515655730338,0.911128599989893,-0.12750138380894763,-1.5911380170198821,-0.9730081381509531,1.520977724695366,0.4410563749723689,-0.030119616838301475,0.8382918255961375
-1.6357253995217969,-0.7781580704454324,1.1583548130036192,0.012663435855919314,2.034107013850756,-0.39811966300696444,0.7078118514225118,-0.6830599905282824,0.4548275685463534
-2.6887975536998105,0.9061593912909995,-1.38376415376605,0.6858166129387799,0.6731992611787239,0.5348392922074638,-0.4079685852513043,-0.17731894672462356,-0.12213236890446072
2.4664593992280137,-1.1052725066324496,-0.6243705163329789,0.6454902810166312,0.8220196670317489,0.05667912166855765,0.2753487716059933,-1.6390837802937681,0.36500144801199796
3.8037870004053906,-0.7844269632937994,-2.5339972944432048,3.2599804214697707,0.3801275044223635,0.6238319146019994,0.5704110497057305,-2.054086183404543,2.934021092847837
-2.4426428558032875,0.9707757140200222,3.274038638416636,3.0281576785980455,3.4409333351738693,0.3236513181578555,1.0739490309430517,1.0523275098579372,0.5408648916750228
2.5134692007441477,2.2953197971009223,-2.464549545853597,1.342233142951927,0.3017569135605514,1.113089793192892,0.7767757476894551,-1.0955221343238588,1.1084313761590274
1.3060263965234757,-0.15639499125948883,-1.8694301350408453,-0.4752680584690311,-0.3264579960532859,-0.15204400856233716,-0.4234163801724157,0.8403320425888621,-0.36994065392943537
-0.3923318870519396,1.315425536143136,1.1426842307137748,2.2527322094877427,2.845107501972288,1.4804876041436523,-0.8184308292916659,1.6580298821626827,0.3535399119402767
-0.9858509320466039,1.4468152340382963,-0.07209297366371926,-0.7361326437494763,-1.9742265618993367,0.5808091008131789,0.19555188994462952,0.21793698659115607,-0.4660523802249788
-1.661071809121469,0.7227255347217454,1.858266031073436,-1.912020474341672,-0.9924654923058992,1.625754701270633,-2.3161600809154956,-0.5239905440791206,0.13244735427610665
-2.16048493917883,0.7116469714570878,0.44795506102692817,1.601407673487472,1.3933967878033777,0.4899509511300656,0.9447596977810995,0.631889152605235,-0.022044967511809933
-2.5404695439980864,-1.548653975470209,0.7670124644472175,1.8165191722313085,-0.8401327776795252,-0.19970093626689306,-0.15259068138066798,-0.29622537759321194,-1.0023962100884753
-2.624883341247024,-0.6783194287802431,-2.3283179413299893,0.8717416267217506,-0.4667220370298846,-0.011280047671615967,-0.43295412052182497,0.24463261310738102,-0.2113616031501877
2.268043559280669,-2.4326348915364866,1.049738781129789,3.345035914733192,-2.367787705016983,3.395174861244192,0.12909005663200615,-2.0931065006707814,3.1964101080430645
-2.1550486212308932,1.8614242605088198,0.7807638278052784,-0.02547654418872029,-2.0713112849899837,-1.0491448141818578,-0.0289800086992163,0.8796450927336694,0.5595751198472783
-0.0263993837852263,3.826904828348273,-0.02457784037543758,-1.6958088038151098,0.9290960371215864,0.04336341110788909,-0.2211228352572928,-0.21865601597346637,0.48619276450126026
-2.7405067533890617,-0.4931612098782414,-1.8692641322357406,0.48244394082869135,-0.3305063588205895,-0.4503213230372065,-0.1773776127354397,0.44509642836445934,0.23142507870256837
-2.6585495001461505,-1.2160348805276564,0.844471473117653,0.4537435400949861,-0.7485323782187454,-0.6139491972360068,-0.9318336553218679,-0.12960253875750102,-0.27899419768998557
-2.4770328953724863,-0.6556452342948288,-2.521610602387416,0.03828128485261171,0.17022111615891258,0.04665850704989558,1.0573618612466233,0.713757170699465,-0.313727479991201
-3.487967204716623,0.7695602170979012,-0.6427278338531899,0.3780471225617369,-0.9060244634962162,-0.48850785879943365,-1.1752301433582701,-0.37614614225465043,0.04015027772512376
-2.184794294695054,-1.0063608912244852,1.1613880954833802,0.46721837836014035,-0.7534472037720248,-0.32548119638569323,-0.6548220627515765,0.11773633559798134,0.5425300526431749
-1.679150083793324,-2.0891485413810496,-0.7720165386481559,-2.5305525786763186,0.9462735464054086,0.9182288705179699,-2.0527911218884425,-0.014954179199074973,-0.018524248813802057
-0.72282521129203,4.280615328752125,0.4170091125635327,2.074011769216517,-0.29249625941174673,4.072558001337404,-0.38212111468127963,-0.3962877748394776,0.25572093550556735
-3.0887879922821786,-0.2878636593756397,-2.930217276908779,0.04766779140910588,0.31015964354452125,-0.9010473951295186,-1.3156499919827316,0.0571384969104898,-0.22171961546499064
1.3402598415293852,2.643327449591398,0.6223883853406572,-0.9015696910122726,-1.1205151539854608,-0.3224778208395774,0.48709418307944063,0.7987058707531804,0.3228145012300925
-1.045147590505465,0.19304130841304099,-0.9483960019707569,1.9960662465900239,0.9011398499853556,1.2531435482580786,1.1055815654707646,1.3083898149328705,-0.7670722296592893
6.581335717509595,-2.1263844206488973,-1.4391748201223133,0.5123561378064594,-0.38355771083350015,-1.5544048069146466,0.4756873878634281,-1.7605030373991468,0.8526414790731033
-2.336921193388268,1.4032041466921108,-0.4665643238897271,0.405314190031294,-0.20568832081034732,0.8032810846559044,0.7749591039843159,-0.0479293882924733,-0.028836498431768623
-0.3117828287461503,-0.8063886385450229,-0.16909206311284425,-1.6511534842356086,-0.030994400857634385,1.6646035819576863,-0.25765954449262457,-0.21634798478123665,-0.7331568017685248
-3.064659567589392,0.01988171064132176,-1.9592598770281382,0.4560322122818478,-1.4182549612822466,-0.24284972619695439,-1.3496541864756648,0.24567811818276078,-0.07821419575446159
-2.037571057910547,-0.7151287917155823,0.8271345454067556,1.1997563406947367,1.3180903246221343,-0.48158299077956385,0.8493731043940645,-0.6896927316688358,0.22663961874430513
1.2957120783413794,-1.5921170470769646,-2.466588363235488,0.4216486910567455,-0.6040078426787018,0.13535290552727666,0.34938430563579376,0.09080404272179454,-0.0014275903104819497
-1.6113551422240113,-1.6225575881231322,1.1682940473610486,0.580929984215432,0.2918751190559782,0.4352971231214405,0.6725129366993811,0.06169687306277858,-0.41942206310411256
-2.4570203716746786,0.13580028279575843,1.0570194754246853,3.1546837880463823,-0.1869890952205563,1.1084823572863967,-0.5725937248752808,-0.01913187578746351,0.4644696108550068
-3.3706485826073544,-0.4886408883027381,-1.1679487763534482,1.137944741878635,-0.8920027306046322,-0.3688980937810697,-1.4258019699552398,0.6372734007403993,-0.09346814791359043
4.1666468720469565,1.5589482111677495,-1.17349671662079,-0.6306447524602946,0.4783591418471965,1.3183469578529508,1.7149677314556153,-1.5609326063649036,0.6778882704010494
-0.9416094654971335,-1.4187583836307804,1.1675572878623992,-2.0976685590278854,1.1714606321845142,1.3101974842982111,1.3772749605818788,0.07340735314939864,0.07881123319071662
-3.722247588547389,-0.6372730591164361,-0.9041919925556048,0.20827959727391568,-0.41910544090889207,-1.1491802260001354,0.11961692240809667,-0.43937325883404177,0.05915989746317569
-3.313518557735352,-0.9660066816491758,-0.1518145896174432,0.9123694178886249,0.037873399150040635,-0.2626141409432279,1.3732889869420128,0.3154416590425976,-0.22760871936864668
-1.76527331977797,0.8648651017682555,-0.9894105969266872,1.125776016318375,-0.08081840298781329,1.1946773817117484,0.6814453146797105,0.09331649089115977,0.6658591056908587
-2.2954210132102237,0.9969685838934316,0.14345958787084018,0.25659192185286217,1.065663389225796,-1.0256020576266096,0.9548598718005219,0.510135191891962,0.34657309048759866
-1.6476510462745169,-2.4900914743977096,2.3700036821809203,-0.4919489802811477,-0.7646406967814794,0.28382806093341095,-0.4199630892620906,-0.5741767294868183,-0.38898719893544853
-2.7706320940127385,-0.7453596749554185,-1.6377961925205586,-0.22298428647917584,-0.07208523429510115,-0.5590421675845965,1.869380776019398,0.14489962641485518,-0.022666865225976916
4.432773796815176,1.8255764018950353,1.2813671743274777,-0.9341713388924254,-2.0762806299957246,2.784639022145913,-0.4156928202357296,-1.4558170389430907,0.36430089367736157
-4.008119291241578,-0.2893454820996716,-0.8759394232717791,0.41753520099735564,-0.16346041749194817,-1.342594784304332,-1.1110193712138403,-0.4991880337331288,-0.06752397445092517
-4.795608356794357,0.004246104648318747,0.8134639311345473,0.6581754659422914,-1.4134273065652447,-1.0240796431044341,-0.9336815666637766,-1.0796191623106226,-0.19085560993654357
-4.253963649949314,-0.7276436432739709,0.12180895946148511,1.4568112063049747,-0.5442520181207624,-0.701559554270574,-1.2241993389533747,-0.395937449086023,-0.3227616543782359
-2.5757919181690925,-1.7699044759951088,0.1944510387554348,-0.8518805366350073,0.07074618824603755,-0.2293598503738831,-0.7217338721577139,-0.47625053189695354,-0.003063431959659032
-3.444511316967151,-0.6994833061253904,-2.480871381729178,0.344237885092589,-0.9683212957780127,-0.6006233517593464,-1.29226866227641,0.15018464416177515,-0.3113204784256703
1.8239148371268008,0.4623978992974387,1.4432134859510026,0.9703762807597603,-0.6763967343153303,-1.5135636007228843,-0.05359651638363019,-0.35321404012159285,1.2865639961179551
-2.64446234470602,0.3317309035487265,1.0053865634710222,0.9817374670520483,0.8767479300855973,-0.9226436149830631,1.3952503332385482,-0.08609758683078834,-0.1324458812383422
0.9533301867143406,-2.065291579427241,-0.17055184998211487,5.096552406080521,-0.4864753653726297,3.3847241781253423,-0.09034065487445474,0.9138794714371917,-1.0179042393999551
0.6939274679652417,0.6694122299040265,-2.0067034299182884,-0.04001490579765048,0.8113724701651706,0.8916204326654041,0.6724557381355036,-0.7345647421784358,-0.6964595576402522
1.449620096425797,2.043108415425173,0.6696507937059452,-0.1402513913203033,-0.3244800047839788,1.4039014413715507,0.2612526263691095,-0.9815936066423274,-0.08650242742677311
6.043608216050017,0.5823659812915412,1.7906788684171935,-0.25693135658952826,1.2457669515024257,-0.6573077834381902,-0.42608344829441697,1.6184186119331945,0.565721072773926
-2.5038151827060413,1.1610600569366092,-0.203832306805974,0.13591547955722685,-0.018594334761349793,0.2265761087310369,1.2529010753512526,-0.1115499680208289,0.2358324578719997
5.660508988926189,0.47798112028783,0.8664849034220593,1.7896833405926216,3.2013030865604217,-1.1510385190917172,0.1506479245717828,-0.4597861093119247,0.16727317338753753
-2.0335490518015304,0.9595550407761759,0.4792555522670664,-1.2654353375885525,-0.8112246920037076,0.472756093078395,0.8861969705136304,-1.35783665541883,-0.23269000056535927
-1.6898424045884193,-1.767890881381069,2.1789104538203383,-0.42098983511997967,-1.2604026528623253,-0.4103057981868646,0.2957136777349983,-0.4163931757943545,-0.487412120833165
3.1969190518845747,2.3721781975444682,0.15561071637898952,-0.05217269604354659,0.3497956176290687,-0.7127997526723684,0.7726535809268795,-0.08840543510720902,1.3381349212482598
6.276101660996891,-0.9579768638922328,0.4744717733558346,0.7551853725402435,0.3543629856183341,0.7480295076390152,0.15238440468449688,-1.3591976305445697,1.3004124792205822
-1.7193346982649313,-2.4390037832573173,0.10000492698913614,-0.40490517207509147,-1.8791697999874866,1.1851494574655546,0.9876549054605719,1.1645171235126128,-0.031948414977849095
1.3502842502041248,4.881291495287995,-0.07605636226548217,-0.10274864659739184,-0.04532395881742968,1.852549756990872,-0.4616739194299185,0.04465946253430041,-0.1723790032399215
0.09870997280522333,0.04105707907276294,1.4338589683795298,2.2684650732184477,0.11066098068426872,1.3309846550559994,-0.8175561895630461,0.4945337934026892,-0.08680253833856702
-0.5528791930425184,0.21029652583470299,1.4359367773081424,-0.34441895939813094,-0.9915033240691845,0.3940035660176425,-0.22836986280121685,-0.6810175593878355,0.563874615447601
1.0711439123819415,-1.2020702901613218,1.3722148026754089,-2.18483090922672,1.4388555582843825,-0.4345303693777885,0.29630495641831106,0.5015409229784688,0.33952803671333753
-1.8311689883148905,-0.9550516002443162,-0.32300618193912545,-1.4450024047333467,0.021234261694274285,0.6752650908428386,-0.3085806476969989,-0.3808556122946772,0.16626800937696118
-1.7587648265095512,-0.7334854239077927,0.7143389753236504,1.089986802207559,0.0705420765084717,-0.08099769241238705,-0.04196506339011882,0.14465553322897035,0.03441393017011472
-1.4646804569185505,0.1170752399914067,1.2089698334812586,0.8854895896555166,2.8207448959596566,-0.06325539508528219,0.4275166130374011,0.2133681995035532,0.43502632046068407
-0.6239345966129481,1.4767145020888934,0.5214562412866642,-0.3260328253757148,-0.45786367162320674,1.297944131877411,0.43480603491131165,-0.1103542327273341,0.4571749982827705
0.45364863367380404,-0.8698045901182802,0.1518854329763382,-0.013674684114374188,-1.031246745442794,0.7545919663565687,0.2630033965254392,0.16368258643151445,-0.9507342282220813
-3.3753729057835877,-0.38459600819501505,1.598836167496745,1.3378057531794119,0.8710890418400092,0.09365030838977735,2.3401323022018032,0.23165251209377555,-0.11165766072646126
4.535059136698955,-2.8848979031767894,1.7348182838239645,3.0758104941309443,-1.8346496818162463,1.113829505319301,0.7186944123903779,-1.1016474905009086,-0.9975382740296204
-2.852119504784675,0.09721815367782649,0.01808640727797174,1.941925432081806,1.879419200698593,0.6850491523542509,0.08892398621830912,0.7466758956886312,-0.21311410726722246
1.6874339366039757,0.05897553688512858,0.995682396886861,0.9640797030508351,-0.31130661516498565,0.7219223509160914,-0.1672587925145621,-0.49622594278228915,-0.9860730878715934
0.5969622037431622,3.632794660002021,0.2743470333903665,-0.8073580424060133,-0.8412512898535423,1.2651392613018124,-0.04133209462982923,-1.865651360211429,-1.543481101933366
-1.916397391657308,-0.9404761042027725,0.32233102757439935,0.3705577320459877,-1.0580331320464393,0.8262220613181412,4.496684908314433,2.1711530608087526,0.2196536987365826
4.140826647662077,-0.18635160946281717,-1.7006578175381863,2.6484159198423707,1.430234255248676,0.061568303722869394,0.9391093472905164,0.2116551185116013,-0.5649587586510474
2.418935521228903,0.8232575299571512,2.5792536741921253,-1.3438880178895585,-0.4917887727818142,0.511949696165483,0.9158797244908727,1.864755744792331,1.8277135544379162
-1.718907109995946,1.8505150286846754,0.2627899531815613,0.0818244823619515,-1.201115661992967,-0.13690026382543558,1.3139597773536857,-0.20504617136230807,-0.1677465631827533
-3.4004958674139982,0.3527563413063335,-0.8019133835324672,0.48229850425528203,-1.6338484470493204,-0.6323810247240501,-1.1880514469843493,-0.40950705672717413,0.25622438428600985
0.5196985839626976,1.562006510008621,1.2291486809466654,-2.509272713914823,-0.594350507759178,0.21710723012341723,-2.4885581379574444,-0.6333474469216712,3.0128892115935972
-3.4737549963573238,-0.7836678537817237,-1.9350812620129603,0.03424813001264326,-0.5689074883757774,-1.2602453081004832,-0.4262480277307123,-0.2691916488272051,-0.2690340341637678
-1.5936016924792096,0.3837641537295372,-0.7295087305126117,3.283944043790107,1.3886428960406412,2.406509443140588,-0.671152314156994,0.7343250514636978,-0.40209676639635006
-1.4721737304374605,1.4049930935023054,-2.98103657379449,-0.2163984472725835,0.600333179078718,0.3298201225097641,-0.1577271773885612,0.03623109164863932,0.6185610347977174
-1.6894095995208271,-0.078636794324909,4.279516503486181,2.2851937188194618,-2.208627845938464,0.23677861451989726,-0.545892682261487,1.4139983352573222,0.8175627374562862
7.577847802298539,3.6544489100813737,1.7058057860297526,0.33751082542946953,-1.7197305805986631,-1.9954539808743914,-0.40237928611067036,0.9916830247456331,0.8062384875446981
2.1302926596910408,-0.5427798897317159,-0.5681167349655052,2.6236065166135663,-0.30488168284712874,0.9711556057850055,0.021599304052902606,0.8745479601037156,0.9600470828171275
3.8274677105805415,-2.248202817413387,-1.3240652810217561,-0.3916876563929353,-0.3193607180498001,-0.19902560453484708,-0.467030453517392,-0.7411724001683897,0.38276303298392556
-3.393869229376764,0.4500513914827058,1.1849120373464872,2.1515873536609287,1.4483198184586707,-0.5351387526524559,-0.9004217912925828,-0.6322190658215542,-0.12116380453610609
-1.8038335273912343,-2.5231068201086098,1.7960962852159548,-2.121362683065478,-0.7394886281865503,-0.45714171851021773,2.085663542078134,-0.5236775505903759,-0.1925776888597893
-3.259733955308102,-2.151664629100592,4.592053829093282,-0.3653875557584426,-0.7855825498982673,0.6734994788733663,-2.0768829193339307,-0.44871332633017275,0.1872507161916312
-2.7395919889800675,-0.26851929945422987,3.553386664368992,0.17169738851162009,0.7471396088781823,-1.7159674335250723,-0.24593502965591718,-0.17900845472285362,0.6292461817398372
-3.0634115743702157,-1.0311929293094009,-2.3047241336426416,0.6411507783773611,-1.2476746826751037,-0.21067470115317957,-0.4871377095899363,0.36273317045296927,-0.5361540729955899
-1.1027524208550994,-2.7733748354207903,1.57645096558605,-0.6661297578311559,0.7170421755714845,3.3580987990536704,1.5907417146784424,1.555240903379879,-0.2707932812735079
-1.9521652863996035,-0.1938112430990711,2.308409594800136,1.1669965346517852,-0.06782883422393965,0.9655255854140937,-0.4120471574294035,-0.30732148040545365,0.2832822082522688
-2.356910071116389,1.5389084562957027,0.2516184184071969,0.7127243701057958,-1.4707364105165162,0.7238254664589866,0.1003801496102884,0.7714774423992965,-0.1130911678201467
-2.629443110514912,-0.34008758452960436,-2.829530382701995,0.18300214021309197,0.3753165802485788,-0.668073737671911,-0.5621903497051529,-0.043350390400550276,-0.16537784289498184
-0.06075007020460725,2.372319588612166,0.35105962684078484,-1.0225702998404573,-0.7888341480746698,1.9949747382431775,0.8847225089078563,0.34776159763905456,-0.26225545059928074
-2.2135322011921237,1.6650464498832427,-1.9746188317019457,-0.6775282353386454,0.8566886737605507,-0.897880744523853,-0.37097527220277127,-0.23732117803440483,-0.08210881552182345
2.0313161726222395,-0.09241155074377506,-2.4409435673634063,2.935339629880079,0.3420281881678001,1.1032588982687093,0.06839405437204486,-0.043220879234334895,1.469713150317045
4.3253189396943945,-2.036490495827117,-0.9784590655105121,0.17523349999667492,0.06075925582136232,0.195740108823166,-0.12312911863758554,0.10401794641623048,-0.6577324535958028
0.8788599080035892,4.067013647609399,-0.6023243900808616,0.8964301996162203,0.740407255265211,0.526282508986,0.2605527283792306,-1.2954246250376522,1.6887454129806367
-3.6563492221995575,-0.5597288731296252,-1.2542407532284297,1.0696138129785167,-0.5396949935340293,-0.334939083990413,-1.2746123263014513,-0.038614385123528244,-0.03314754748103693
-2.314595757529507,1.084672282936013,-1.2514767840701195,0.7110496240711045,1.0933735508753257,-0.62234209558934,-1.5628267447783701,1.075886366584704,0.7737291328460872
-2.960075284249373,1.7763258229682009,-0.3976737124627297,-0.3324600537474265,-0.2717682252729082,-1.4752509677534937,-1.2096507280329576,0.145374545276325,0.5720696342788617
0.7189789326519485,0.49794197139367724,0.4082162035751834,0.8259111691907932,0.4173534160120548,1.0867652250156317,0.29924583593982845,0.4169651511325158,0.4656767127930135
1.3524935817447428,1.130402752683083,-0.1450232642658907,1.514899320184479,-0.40956994670184443,-0.7201502387128652,1.0779756052595053,-0.38953604053845714,-0.9963305877967087
-0.36128724783146476,-0.7944363347748677,1.1012116289653022,-1.3599194615362786,2.426625898501133,-0.08465161369006119,0.09409282235498351,0.3702025257744589,0.12356669370897162
0.8695009561978767,2.3227263408003447,-0.23128521255126605,1.0053927821284767,-2.0702321069756437,1.1481064298359007,0.08393653528981333,-0.5267182375336908,-0.8287213194738547
6.310290955842725,-1.1723918198503622,-0.47442754432526835,0.06449430918401529,-0.029280415968429566,-0.8159249305712314,-0.19463771008208874,-2.0883360974966263,2.1774461212259784
5.906889851087847,-1.2558690569208353,2.048862432203148,-1.2078801082279282,-1.0769646712221246,-0.13987867753513517,0.1018592809442988,1.038408624797238,2.121928842028627
-2.238091648011272,3.8341029545161684,2.143372415557502,0.34369664768841607,1.0956087746359866,-0.5058026786171612,0.056924038102324014,-0.5748264047915994,0.5927109196805485
-0.2839080629048031,2.5996909141541824,-0.12530343142538275,-1.600672936423035,1.1490661917476521,1.224503237390399,-0.9766818956718843,-1.1612888296394899,0.2964387255139443
0.33393487671086114,0.38393537395335553,-3.1912752424718227,2.4504550150068614,1.9669981019695066,2.34690987522893,0.8580809741673865,-0.8655959581210974,2.1477768307638097
-2.169593302023986,0.29742468675205186,-1.7125328638115036,-0.5933756336669818,-0.9339049534873431,-1.7152101634730705,0.6290507641066853,-0.3255098199663222,-0.3044763246830901
-2.5818305988396593,-0.528935746710661,-1.831380675200671,0.7514393493554906,0.5809464083323985,-0.04108956038281832,0.3619606712045599,0.5342579520104843,-0.38785935177436714
0.2894583295691867,-0.31325439222920914,-0.3743729157118436,2.0034517328086054,-0.8876746872683104,0.3374365844488448,-0.4322009094110737,0.9617894099546977,-0.40128313447276254
0.11316248710710407,0.7737303543629943,1.730961432695007,-0.8519908427010147,0.033853813442125166,-0.6535238370170674,0.5346782268662096,-1.3068548090455288,0.4439124350000974
-1.6210409938407706,-1.139870326096406,0.625000626324989,-1.7450734961771377,0.9259744879800448,1.0039117023249906,-2.196298894637637,-0.8934418618377689,0.3151116948097386
-2.917167311635051,-0.9506893989467706,-1.4423414715312748,0.23586462333460936,-0.28913224657874365,0.09737762910387825,1.7302795466185876,0.8443258199604472,-0.12750346886422328
-1.2325030613015713,-2.5689758869354176,6.037294482134402,1.413370780299042,-1.8671914308956274,0.577909931234305,0.9346675230973759,0.16316363983856175,-0.20131101360299306
-2.284051776513338,1.1131364063504514,0.5243869885296348,0.7585936520033699,-1.5286821011371536,-0.020265875955677644,0.35467682625967395,0.9234997741634539,0.09394967635970757
5.058044739121904,-0.44948274031458163,-0.5282393354873421,1.7208379685611725,-0.35441267881613314,0.9417844922481811,0.05070634734929119,-0.3097152091131141,-1.693765334703992
-1.1589760892915888,1.081260760016066,-2.9163060929057294,0.6583669133813332,4.142859195630691,0.8512084000845348,0.4518720064419009,0.9288600771790784,0.03957779399079668
0.6692122357856102,2.101995162965844,0.38789446078498263,-1.0091394753501635,-0.4799999382826733,0.7752138137228733,0.7652298911822377,0.3244121402719643,1.0754892494739403
3.6969363757672706,3.526989523175389,0.16720465819575814,-0.49543701078261665,-0.7314112850211157,2.294249830487701,1.0893051718271394,0.1226484171151725,1.806102902778522
-1.0477360087091814,-2.3558161460210547,-1.2887883788402708,-2.584479993766254,0.30893751001311115,0.7227148400801808,0.8321178146011022,0.5799481490124404,-0.1128334146632408
-0.48320183565569946,-0.8571783434006311,-0.9873372322082157,0.9076001206045431,0.19220080665879666,0.8826607783639427,-0.44812990812045755,1.3966208462655543,-0.5785421574642026
3.9561608715287075,-2.732015154659253,0.1355585419816295,6.084536027358057,-2.781621832024304,4.249783119777237,-0.5003772712454364,-2.5388023843785397,4.902655485997878
-2.569965743597194,2.12241381965767,1.4512114565546967,1.1567437589719445,0.33130179948858623,1.170860180648334,0.8278304067813359,-0.3110249117630023,0.6271671464243032
-1.9048671802393502,-1.9082962774273753,-0.3627361773900645,-1.2969740187744918,-0.3750529832206341,-0.34245195835721604,0.8326713289113821,0.01112793754284578,-0.25186677770440513
-1.6079651721217043,-1.0552284429475447,1.4050819545104594,-0.9382188861075061,-0.922053918390756,0.727074438270652,-0.20604259435140757,0.3882282406757264,-0.0845511215557488
-0.6848433634758918,2.3607162737453593,-1.8606864683565758,0.5659079419042317,3.219409912237444,0.22987407829507786,0.5770078360330638,-1.248116662715154,0.33300454830445814
2.3385702412972305,2.8150525951301377,-0.20976612959163063,2.1940102524831726,1.5547670420600548,1.8956590757431762,0.24513835018138613,-0.5430168166686357,1.0174457051089283
5.732593092732314,-3.2089811986265837,-1.0905279574560947,-1.4051016896035586,-0.5457905041525583,-0.713009496216902,0.18828434994079887,-2.840036880474992,1.5303219071750969
0.19023865186283312,-0.6125909344534735,-0.2389555205025861,-0.29378763033800687,2.168951148137909,0.3429493393839461,-1.8680093645901368,-0.4321381800730213,-0.5465424076738068
-2.700780270798481,1.1548825085344414,-1.773902098423769,-0.15453567982670452,-0.8161868906037032,-0.6441960198471458,-1.3077692253384163,-0.049090429198018704,-0.17214694428249203
6.168325737963569,-0.6645710584700122,-0.023620120624820086,2.982520222572338,-2.0403218525609113,0.18686681756050852,-0.3014964425202954,1.7275360087433287,-0.031305238862582775
-2.950761363513944,1.3692924735925347,4.062280481033079,1.985942515493956,-1.0237937714988448,-1.8111261394002345,-0.4666853813641863,0.7277759886569892,0.8289032780587224
0.25861075416013074,0.48574414376068775,-0.5525753977196242,1.2943760076661424,-0.3186545087184015,1.7976816152434336,-0.0672126848167568,0.3715458690233937,-0.20741702958192573
-0.9848839804314166,-0.2881094548370147,4.0808522823777755,-1.292787841505785,0.2552812167248483,0.3358300810536057,-2.0489106822334984,-1.0088511437870373,0.2531114684969395
-2.0563652585667302,1.8345313549912385,-0.5391890104796655,-0.7061996387975309,0.12114476321216965,0.12816409711021984,1.8382397704293536,-0.17948951016057116,0.19804704440848744
-2.5689362369811284,0.7985094720819478,-0.49001341304514284,0.25507345836478634,-1.3743500101673254,1.377492312410841,1.8890006119070046,-0.026810636346194607,-0.8092185163751389
1.5710151244315051,-0.15715012394176642,0.551161385766501,2.105723310562554,-0.3530743184811023,-0.034830643963541234,-0.16954881587832643,-0.030145396865048017,-1.417327632519914
0.9238023472345792,-0.3210415019337212,0.48212896439229386,-1.0244429419199865,1.6629875927646298,0.9883805733168335,-0.08197935525597795,0.7628249417823583,0.06894611797238881
3.768250204514573,0.9208419104849148,-1.3525523175025218,-0.7944252164375974,0.71603899985307,-0.5038610653288731,-0.5336902345014852,0.11826438328806126,-0.07268052926722929
-1.7841452535737419,-3.1914086580937857,0.9997420229127115,-2.3423306629488283,-0.37628987940927183,1.049517185769314,-1.4754818886200443,-0.38716346139964236,0.17636746886021548
-0.9058818889202317,-0.799517316040297,3.2810041121333464,2.8335813882780947,0.4125994868516719,1.9249567915415955,1.153681960803992,0.7673676068509893,0.9043509665460998
-3.063370297439478,0.49837579710372143,1.4793741139336722,1.447581439243731,0.04703310632916183,-0.970555746581188,-0.010599182407346966,0.2226780667009102,0.13466302582821577
2.714114169618931,2.0363566486687215,-1.0568478321807662,0.26178832028738136,0.9985039272844288,0.27770689902671986,0.03838838865299383,-0.9855688731533513,-0.7134657361034412
3.7332474417237234,-2.221461458561745,-2.9080033120909308,0.4878293752399388,0.7634977174945691,1.0482801344577224,1.0272330322953322,-2.248624949153296,3.1854403657631236
5.914928438729941,-2.2729474946940065,-0.37018339500667624,2.0552414095402853,0.2312873810554609,0.23112504607090442,-0.6227251627422857,-1.0266096649268657,-1.517940298614332
1.5836591633381158,1.1848655962373726,-1.392028637086138,0.06279166715662858,1.5145365907124964,-0.09873322435775003,0.5845064018087559,1.2902651724487135,0.9899261058884022
-4.139132942270305,-0.6352545448683367,0.17495728499556853,1.6599091092372964,-0.6074624110582695,-0.3827193151716517,-1.2129666537185897,-0.41932243226984767,0.03116479183770219
-3.1633969678732416,-0.25067284685312907,-2.7574598256847076,0.20323298042164598,0.326386646645979,-0.6094203901022752,-1.3372802037908984,0.1315094935350977,-0.2373548350518395
7.842789562295873,-2.131316309126674,1.0530409146895563,0.9542335021265683,2.562037140429659,0.3230849857572398,0.39149925785553114,0.1726774239142139,-0.12121417796475914
1.2403622326391428,1.9154485711543303,-0.32994324360373106,1.7360221632515982,1.3020534642052273,0.06346603608603785,0.3686184943398689,-2.240274719548721,-0.8241685637881774
3.727156496305649,4.439284455614789,-1.329969323595345,-0.17607955147281618,1.0237856829228906,0.9743784386251204,-0.5836367095988093,-0.5038011891453186,-0.3900364245300959
2.9374074451094745,2.5298948920955886,-1.8257438377742377,0.22653699954407483,-2.496612712360545,1.4967735386997518,0.6461030150306953,-1.025925863230152,0.30779591148872115
-1.3880770434008818,-0.9085464987870872,-0.47116489929250127,0.8150193873735591,-0.937102372062714,-0.8376683004056603,0.18556835311034803,0.3130607195364828,-0.6524301967222447
-2.1241712503050625,-1.5914657358443027,-0.8083610100106047,-2.4899682383268162,1.1198771126690037,0.152301868131111,0.39582259400184583,0.15170739628990643,0.27266676210854257
-1.8193766267595737,-1.8155965033734789,-1.7056476544627202,0.3608481196373507,-1.261436326022319,0.33634885897346617,-0.48905608436200265,0.24155294015043807,-0.6829693047260867
-4.199548203579161,0.7938693996603542,1.6705471591355292,1.3232169101085411,-0.46785450535222056,-0.6364493170825419,-1.0236341372630107,-0.7975568282093336,0.8771095304679641
1.5701890045272684,3.4573340680825506,0.19065723327503287,-1.416356982235328,0.055167334168048456,2.396024099593664,0.3596722461491262,-0.7060803048631461,0.014634393739500073
4.122389504032993,0.32940818563526736,-1.2053929406473087,0.7769447797132454,0.1706134702545907,0.9291627078953558,0.5548473245698335,-1.808352676173462,0.34259093502939053
-2.088920228672206,2.587580913703361,-1.6291881109471114,-0.009316791534740293,-1.457291666617466,0.9237147596743303,-1.228148716560679,-0.5885178602825697,0.2804174575495983
-2.099808417710727,-0.9083698921462158,-0.9793053408854017,-0.13640543162936922,-0.7402831506245986,-0.5230897190398084,-0.2474819162917315,0.6569648452439254,0.06945958150601611
-1.3639076447010812,0.5844574111835468,-0.18569134137320584,-0.6370503579075316,-0.406208298913111,-0.29806015442294104,-0.08626246235317551,-0.388212735734716,0.2503878235879303
-0.02389388476672794,-0.5313196401653575,0.592865814636398,-1.185833508077663,-0.048795434748858266,-2.477185822744239,0.6577353049915886,-0.6078387862071172,-0.24253475338655375
-2.1123771887126432,-1.9693356972606693,-0.33163182893389165,0.30814639817112005,-0.9997751227141569,0.9149443683817089,0.215671432605917,0.6859695842423066,-0.5546290852373043
-2.79458596398769,-2.2286236737951586,0.8174163196074647,-1.1877416760037809,-0.702483062995469,0.306095988296545,-1.0367252515616376,-0.23192368241197206,-0.10275787693456873
2.9279811875976884,-1.1558055193339156,-1.2679681182839282,-0.9787082422279373,-0.09558084822870118,-0.360940452956346,-0.5949426421259102,0.32493584502811507,-0.5035976262639617
-1.475541487185003,-2.0133364562766967,-0.21574742771222183,-1.5046597892250841,0.5361441304832978,0.717962624762,-0.5163317653751357,0.2077295422495767,-0.2491653001774988
-2.202845817708103,-1.1004277495918016,-1.1975181451924757,0.5658779945209351,-0.5916516742545528,-0.6779432939942596,0.2696285412119978,-0.7319022941441533,0.12560775519014253
0.97363634777452,0.19954303451837824,-0.9763961288524351,-0.3129994359111459,1.9158643514439717,-0.1816743433068007,-0.1602201304123317,0.5498677450663728,0.13043911297518998
-2.4085670043268244,-1.2326794709090432,0.6477231688339657,-0.00613825228436627,-0.44086816751934654,-0.3727916351415265,0.3589684889911297,-0.005307745326578624,-0.2616888444820442
-2.3561039770460055,-1.947317668278849,1.7859403078529095,1.150340272526228,-0.29625664382634714,0.7179888376870723,-0.7789152644443122,0.020950070628253433,-0.5082779570535738
-2.043422962221685,-2.030783079756977,-0.3767144843486508,-1.196363125483206,-0.20960015031630874,0.09073694292323584,0.46602580575722347,-0.382319539651249,0.5386846586207179
5.87266669444319,-2.606870143367606,-0.4967615153632828,0.41684824434163986,-0.692337026229917,-0.07048713186021555,-0.883492372841879,0.08389152426346012,-0.61360085355386
-1.529618648916968,1.7619632827394005,1.3910308909032207,-0.40062708013936,-0.9536272139763079,-0.4464585564885345,0.2203284301847333,0.26359594072379383,0.6410047365289878
-4.2290573070960855,0.4337534758177227,2.1206815966447956,1.1557659790336534,0.8219286700410174,-1.0986984680013525,0.35320424667074213,-1.1166000109827223,0.03801608393152416
-2.28464073648051,0.7684799605670698,1.9256091306482481,-0.12481600046117207,0.911794183676397,-0.28684732843670435,0.6255194995546347,-0.9616555690029671,-0.025143223731672725
11.406197040786187,-2.5423765606531092,-0.7336431470527486,1.9038598879680928,-0.41220748468736385,-1.921252308619867,0.7617602971475494,-3.232215782818104,0.41249006518707715
-3.31671936353761,1.2683862632873664,0.8494672829161543,0.9054586168020317,0.26714781035203017,-0.2875147879385073,-0.22739995413096264,-0.7414245720376796,-0.19953613839945547
0.4107654254893927,0.6405438029537083,-0.011992766706154618,-2.089234635815374,1.8664575773182253,-0.5950659970499856,0.7072483976251666,0.5308886875314524,0.5589290059311094
-0.9189365105552801,3.4362539396975786,0.10281980366676069,-0.30795108815400896,-0.20318483242453925,1.2013036563494435,0.03922659852740965,-0.299272235821351,-0.6426658967710668
-0.7547919861344465,-1.9457844415511216,-0.30657261699527594,-2.391971596316907,-0.513242515844523,0.1570933583669666,-0.6466190585298638,0.26566220884200364,-0.12710002014539282
6.174137169044995,2.6357189510826973,0.6677593984071113,1.4372146184331203,-0.04156878510269045,-2.0141963463457833,-0.27025185868877005,0.30071577259016535,0.12176173295357402
7.430603751285424,2.805576058851425,0.7110869929312911,-1.398099524224228,-1.082900137113993,-1.202041513066151,-0.2764740007222199,-1.167436439495491,-1.0441218657261095
1.1860265743657934,2.261898478321623,-0.6032752157965722,-2.207466306365376,-0.06595064166352478,1.6537938090363993,1.0234023217603965,-1.1943774853476177,0.21149844875399457
-2.2319620698834837,3.088563193550072,0.6538432063970011,0.38970146947965156,0.7277798671320683,0.46947350684583894,-0.03272399757387432,-0.5401199186519161,0.14095968025894637
-2.562765040081454,0.3209376652663492,-1.2411030978248998,-0.4980257983220738,-0.2178183650394694,-0.8324797546081976,1.2357626373502735,0.15598273098061266,0.13265034126357933
-0.911155597216121,-2.1491518928366493,-1.1418801509905463,-2.805328713114545,0.3672892429546111,0.6733836774341351,0.1709171993639662,0.28960376894848694,-0.16146955639309266
-1.554949436708842,1.8388245981575428,-1.0084554941402786,-1.6879748371204757,-0.3257201280669488,0.49786482687423084,-0.6784279825488964,-0.7118075765177126,-0.4675537381302062
0.42599271095234525,2.9198418950680534,-0.8430198957821361,-1.058257052862336,-0.33140052744722626,0.4372829204768939,-0.33463054965806144,0.12536919669537114,-0.05106726606939209
0.08079141859127677,2.967878971036897,0.561555775506683,-1.7279365003878506,-2.099082937870031,1.7371778439857188,1.9045019991421133,-0.7163255275430969,0.39582389030390086
2.6134354819672523,-0.2548310094648372,-0.6269252563745309,-1.5066927370471581,0.01820217889978225,0.22090780675315347,-0.7963394262054893,-0.09500295900114099,0.8334007785220713
0.740310795433977,1.773877036530348,0.15737609839405287,-1.649183575185689,-0.5303326158077607,0.257797055711927,-0.3605624967446729,0.18009851537704302,-0.05418619551424531
-3.5573371009817625,-0.40380357849548215,0.9572720208838272,2.1508243707635186,-1.0795110737577889,0.12402337814805452,-0.5977204943354693,0.08329565086465456,-0.5161023273817207
-2.9898385402923338,0.45419142277483865,-0.8944263110739692,0.6234825572619207,-0.1567148584386696,-0.552418521500216,-0.6681916382217378,-0.11687240571843063,-0.2864774789880613
1.4382298139807954,-0.651565097382973,-1.4188409896912666,0.3304019369900001,0.7043003419158801,-0.1977329196310386,0.15177814316218632,-0.047723865305776256,-1.2526545479413873
-3.357428274411746,-0.211523052193756,-1.0136310435015032,0.3264267449355564,0.42127543924381616,-1.2471088142450766,-0.1817360895500863,-0.4988979004202259,-0.2508411373384911
-2.359989900936884,-1.1365872358542704,-0.9605453750563788,-0.7198392419984609,-0.45707182129563184,-0.317152655940201,0.1556705255778521,0.2909548931922085,-0.1166802737875054
9.164299000802421,-3.184568493024811,-0.00946409083505299,0.35907430343993585,0.07258818841343904,-1.6314501864625448,-0.7806019726255393,-1.1815661477632753,-1.273656763704012
1.4414046331012755,-1.8028596546678521,0.8997866188718018,0.4481047438233627,1.1519652692971147,0.7896231497736572,-0.5381971635845268,-0.00433649402130329,-1.0075242391134744
3.6595310763023217,1.7941542282851473,-1.128615408506241,-0.27565312569368244,-0.5575662653830317,0.02869206423571508,0.1656146810249191,-0.042637069908958436,1.0722605170584711
-2.279574942970779,0.3902151194880653,0.8887404994919746,2.3585307143536225,1.2658381933509606,0.41312840164901904,0.16807791322013682,0.6345022409594513,-0.051696281068250104
-1.3697990253101349,-0.5842082368816439,-0.687096956415976,-0.26819436591347345,0.33895908035786915,0.09944752858463683,0.7516598946862348,-0.45397456094834304,-0.5676683990629731
-3.2945892411772526,-0.296478949577603,2.347386593033506,0.18596604871405045,-0.9941018111189845,1.3057086009114252,-0.9346689787469724,-0.6691447628795961,-0.2714432298230862
-1.2295169151673242,0.4043150772658647,-0.152274354504439,-1.2290504998169685,1.077230376083184,-0.15138026607075267,0.07450623621877173,-0.20066668742007834,0.17116110233691048
-2.7845859850542585,-0.07812814616158718,-2.0912691149374667,0.2955576163748773,-0.8952431427336425,-1.0111409565329756,-1.4616615041282854,0.7996213464965329,0.13774913272640388
-1.5802368781271552,-2.2249621747636286,1.2476765501591418,-2.1821499440775667,0.6128020850869349,-0.1827553582292338,-0.9858343319514917,-0.7874452218087844,-0.02440202240511836
-1.0684263098850433,0.2210892838699622,0.11462111361894674,-1.0364079679473972,-0.32360273102315007,0.12155559414641727,0.19517344594995176,-0.19245330390407162,0.8016989067629751
3.6216456270615183,3.501606118157439,1.049503679833047,-0.4602587201469597,-1.3751574130713817,0.7833599129037166,-0.986588704647929,0.03947421294461266,-0.5769956636854858
-3.121703650330479,-0.4366587252248931,2.4109921682484816,0.3552547396822478,-0.7750561596104306,-0.46364085564038515,0.2829917938604563,-0.9380123296534539,1.0280764303414178
-1.7255611018661652,0.5573551286161014,-0.10753235609900046,0.0034172384418016876,-0.17034795619108595,-0.3991679088032161,-0.15329405457639772,0.09228115156179996,0.10103601165725032
-1.557533924179386,-1.8660053833325416,-1.0325745529479502,-1.8509922993374113,-0.5583465532843902,-0.018406699027531354,0.558652293750524,0.24107284298882936,0.13150515969872895
-2.8172231073735063,1.10017032333109,-0.39234890721474286,0.187399915851937,-0.22725871309076126,0.007730571937406258,0.5440662874350843,-0.5021218164217012,0.04342454905978566
-0.3472171465175275,0.10588166590138207,-0.20810492389779098,0.1850387344948004,-0.1085118286660937,-0.24916227717329253,-0.7557636782392396,0.1995447433261492,-0.4935664119322679
-0.9207876623001369,-0.8893968192800905,1.3046989791435508,0.00550678411178863,0.09714353288808206,-0.243081434415544,-1.0683044463258182,0.04167223187765685,-0.21559962321572337
1.646654960575408,1.4325028425929829,-0.08200331582993117,0.04388061186885725,-1.0565499709399486,-1.1620696027384108,0.8164709684819864,-1.7128256893507212,0.756859969749398
-2.6122414714698907,1.6468379817304748,-1.274291914727035,-0.9648856894973675,0.42169354411755694,0.016136977702979137,1.4460459156617906,-0.8953282783587004,0.0275176113603433
-1.9636185949995661,0.6465854046848069,1.0899872495859302,-0.3000966298615277,-0.5645167811020666,0.24760298133989989,-0.44646160958831954,-0.8690820228851973,-0.46166318883728225
-2.9863657231604814,-0.06047046166969222,-2.267939545307671,0.9459672079228063,-0.3547773740180771,0.4800237186027877,-1.4236071764094835,0.2296272422876263,-0.4617311499619837
4.344983834219565,-2.340110620512928,-0.6921061910470088,1.1710058999700799,1.263965948824402,1.6286191965479442,-0.10349306053694918,-0.7494260410816628,0.5256623558166655
-1.9978944480564673,-1.7689518676829648,0.0023902763542223648,-1.8705145917200068,0.9941160625074513,-0.42235298875231286,0.8991380269177208,-0.1902323143421008,0.016586035622473242
-1.354112265413107,-2.0861762837924416,1.6980243375645807,-1.642733544267994,0.1087807337802545,0.47532159188727524,0.11950842609869312,0.5576407845847098,0.221468105574391
-1.3545305948570636,0.5889105984579207,1.559327088357657,-1.205293905848789,0.0860883430076342,-0.311879333545506,-0.020385696085711367,-0.09573980202131945,0.8755585305190368
5.940325543003764,-1.5088719174345144,0.08467102673525839,-0.85610700560972,-1.92864101613807,-0.49895256481688116,0.789574573913193,-0.2926373507534901,-1.0758798134259442
1.7126017500927138,-0.1980390178739419,-0.020397112949143537,0.39775390396745286,-0.5486146764412736,0.5588557712109857,0.07274220642675204,-0.23596869558788436,-0.16204017960189618
-2.2853480938578716,-0.3168069011259984,-0.8797088866489494,-0.19972074242397503,-0.43747566789797776,-0.38624892579134923,0.07485654574939957,-0.06855016349397564,-0.38517745414410925
-1.778342630193519,0.5438627193817642,-2.3423591711288823,-0.022926586271297247,0.4220945630172065,-1.0450086125032991,-0.6433783771859727,1.1886827649115619,0.2979100030806768
3.457656366646568,0.359187450457942,1.9808963999450926,0.36805638006554303,1.7352861831513036,-1.4622971526962623,-0.3503567099740813,0.7736003651599062,0.9903769192002112
2.210465128782725,0.13443934781865557,-0.27009574212515525,2.0983296989347084,1.0678388112340862,1.1572691035794858,-0.7927767083251187,0.8725689234204121,1.8031518819003463
3.9303432272853103,1.8952027257876123,-0.6658365837353457,-1.8133146371737587,-0.9006030372288144,0.2148172528923001,-0.264244229271821,-0.4301599116498141,0.896173972619558
-2.711173068852878,-0.40210182444853365,-3.7344475245496853,-0.014867922458661056,-0.32045131516555825,-0.5580912185709718,-1.3725025420447299,0.24296222674994478,-0.2585772816073985
-3.239669038092082,-0.42838802675880944,-0.5607494756462321,1.5271551558607925,-0.0036173753068146006,-0.19400789477014146,-0.8999347132964837,0.24374930296173386,-0.0012723128103979955
-2.5810187240021225,-0.807207573509545,-1.8412506818158911,0.2231556582243357,0.24526806744034313,0.15568885982580646,1.6956453879549234,0.8034467808300698,-0.06014745947466026
-2.9714415005589423,0.10262390886419201,2.9480510610314976,0.6981849031391499,0.7109437236573753,0.7851561013924455,-0.061043793266077465,-0.25389345965296367,0.475094263779995
0.024782599471351273,2.965489270922226,-0.5717263525286702,-0.3580376340056879,-0.7428767972287671,0.9446386110759459,0.37696882809597665,-0.07260385421096693,0.21453530766924736
-1.9150079988706337,-1.4294886862934046,-0.755927119279045,-1.0948705642203278,0.1804275298327401,-0.25425703065759114,-0.27472333488123724,-0.23446607621631063,-0.3792818035088371
-1.130465471149297,-1.4927413956867552,0.3674445153981337,-0.30451487346168654,0.004314992858946668,0.8214909121651173,-1.270616563014383,0.3197631146279939,-0.12722273227046177
-1.8109845183467845,-0.867283056938244,-1.8610131527209894,-1.227283256245565,0.38881228043250776,-0.308249297254836,-0.39430498182999363,0.36394660164576675,0.12564492333196983
-2.517347202236944,-0.8213138924140387,0.48272079998918777,0.3041871356467168,0.8383083850873856,0.18967662434081228,1.07565332666285,0.22537383575986367,-0.2081269042347224
-2.0733812777436813,-1.4603169699641552,0.34145089764453385,-0.2600823268199748,-0.6554677899831336,0.03239930459479054,-1.1722777944437617,0.12544289631417177,-0.27845509695759857
1.4929608248682908,1.2610732951455854,1.2300383722584982,-1.2587890124836327,-0.9948151332096145,1.5253818976075297,-0.14565412348044687,-0.2716442334669538,0.7093051191925273
-3.7345521357205533,0.5820764850213598,-0.05690146020376905,0.6290802336732572,-1.4211282852453624,-0.6048668133480378,-1.0800184969553124,-0.9124940355954344,0.060063904077308786
-1.1731153828928242,-1.1753064076375639,-0.41679127580148917,0.048026196224303215,-1.5173223498225188,1.6571644278706694,0.10900668759590756,0.18772646371484344,-0.20825329592122818
1.5033440691551445,1.275757946277611,-0.8683725762886197,-0.3886034275260194,3.3983106769819424,0.9548041348591072,-0.07884357431294071,-1.0379117197798287,-0.14662892993604523
-2.7762589755366385,2.4181539333046955,0.1196724492265245,-0.017363213296978142,0.6986342903472279,-0.21909686100616838,-0.2612574433980797,-0.47956136137580785,0.15512832683785444
2.310548310467912,2.4496839745225603,-1.7506263918265337,-1.6371379471099383,-1.1281368647944376,0.07087671286549355,0.37091935957042543,-0.997941356887859,0.5806252625226312
3.493504617711047,2.9587901551290403,-0.10520573231377224,-1.009522232709071,-1.6699682374690976,0.9445121982394007,-0.062110194433274514,0.13459292151086605,-0.5579233215532806
-1.4132417182840251,0.42411711428257937,0.14364777271005627,0.20241896831833178,0.04814399008087552,-1.1296438048963195,0.04240405098817583,0.5386531993514087,0.05295728062610771
5.313346002579775,-1.658800571079243,-0.7000098585154103,1.796524590486391,0.3706912661799782,0.7287851940234134,-0.8882841586297642,0.17176255127165715,0.8363459997511816
-2.15010987430416,0.02959833274070698,0.4131853165898808,0.2153241219839725,2.07108980604717,0.09554811982161751,-0.819020221154594,0.24245563465044692,0.04774087627959208
-2.5124411824285833,1.258591965766986,-1.1164611795300443,0.3677045339581732,0.5429740494430283,0.008626657366543103,-0.3270069842164183,-0.06187374689916915,-0.1310436955185636
-1.796399352090946,0.8575264271123748,0.32705697489939184,0.3525039912975191,-1.1454037278382754,0.8460512768667725,0.6598709531619247,-0.6238525261304229,-0.468209683086574
-2.033619576141188,-0.3839987800782198,-3.335154980028361,0.29753316547160974,0.1196150319895638,-0.41318112917490807,-0.3508985766023365,0.17411836050670912,-0.3371822932154959
-0.7511278244002798,2.036421375439293,-2.81629801814794,-0.4182009932940904,0.6884184200098662,0.2004099472299352,-0.11076760572982178,1.289615893044269,0.011837644962369246
-0.7391661452089262,-0.2522487500683221,1.649416577876725,-2.240888023970344,1.5556129565737238,0.2571414603781867,-0.9081786192988754,0.18110184231986548,0.6362140260583248
-2.237014039156877,-2.476315781026041,0.012161265337166724,-2.7466471429482104,0.2880013483037661,0.7768828616527286,-1.715031761513577,-0.1771049634727445,0.13036710699422993
-3.438406075194553,-1.2023984040875577,-0.5143587449485151,0.9201296333846677,-0.8775216792645967,-0.3871497773350869,0.8008739175791945,0.15063108895567887,-0.3996224341156003
0.16420231892858997,0.11266105591944774,3.2897196591449767,2.445600219544433,1.1776348796881988,1.374914962787519,0.007259257147166162,0.5270414985846319,-0.017679953679495226
1.9409120055337639,0.8290430725110762,-0.75365074735343,-1.643571468454336,-0.35155118591192913,0.1936496962496415,0.4473175489950372,-0.14748227146597992,0.2664858138564345
6.55806721108741,1.3209093006291313,-0.0259421312340101,0.7264307700153558,1.779394196755723,-0.4748764852886453,-0.9001452330789618,1.06623677891215,0.21832192464102623
3.1878386315429337,-1.6502125054142742,-1.3045283610662253,-0.9318396752478528,0.16675256354046308,0.039788041008663004,0.04248627410624251,-0.47295612878206345,1.5452615605198272
-1.9705901210024184,-0.3359231098787898,2.303549013847377,0.8436966040699845,0.9698610890870808,0.4193618404961905,0.5869310397274057,0.19988643703797287,-0.21542743221064797
-1.148261107355004,-1.1503067052719416,0.4671279270165665,-1.1359853126148416,-0.009989239324706363,-0.8789330320534833,-0.24117673911684887,0.05627154459609903,-0.07481255471384751
-4.006675351015768,0.8135809855368058,0.020101954444573696,0.04928805017689755,-0.42621461733663485,-1.364172522450256,-0.9966526020157295,-0.9692003923175866,0.18101040646737968
0.4956100117713924,0.05298257077933545,0.23003542236680632,1.1636680946003901,2.9785006867202113,-0.20287289519024343,0.09664963860238014,-0.6331643133498799,-0.5662876180512676
-1.8589337059930588,0.09465314834635996,0.21667699601327067,-0.08161108781755895,2.272017712672097,-0.5119105106146326,-0.8737932515127644,0.4815983635891612,0.3265191720606375
-0.9639793687216373,1.436345796444501,0.7254572216534139,-0.3293858088592421,-0.016008127679759416,0.21990937371997968,-0.877801452937667,0.7319551051695965,0.7908484706356008
-2.2581486664491823,-1.243612372320909,-0.24828088682516122,-1.1017493149284856,0.1488907596928648,-0.5430371907283862,1.0409919263383167,0.3049350745485455,0.12271546262655966
-2.610305434140834,1.736378956374436,-0.10680154414125048,-0.22853957868975053,0.3067593793738435,-1.0542051858930734,0.2739971729680283,-0.8559859614882107,0.6165118049536163
4.172739813659989,-2.075034343175498,0.08510878695368179,-0.08351212761658044,1.3841228135977879,0.6910755856607274,-0.9139816032175994,0.5035363306680237,-0.4289226792680033
1.1089470099334198,1.2877360815829806,-0.7438908261862563,0.29285620608573754,2.1979052624511235,0.46576956068361147,-0.5061819040907614,0.49815823085168887,-0.19724685597385289
1.9611313197253601,1.8314110865197482,1.7378985592232234,0.3680180521281607,-1.3265135177564062,1.8147582024389408,-0.6129676402409157,0.9621213489225229,0.7051190598545346
2.4591105527014974,2.236776047546473,-0.14074936416536532,1.0069048450419713,0.5280568848122175,1.1091667469171966,-0.34189877205228786,0.2850318041026512,-1.0048324161648485
2.036302175121998,-0.8493520732545915,-1.723129817187419,1.6049539446029262,0.19583191449580506,0.7649688237297029,0.19803777256415073,0.1660474330549621,0.0390967213679629
-1.7491433086955739,-1.5651068910588233,-1.4249549069438077,0.17076148096567761,0.15578883439731261,1.209685904896967,-0.4205794281364881,0.6365220481534529,-0.041573561340803825
-2.0566252876195,-1.6943038973846756,2.670617379516582,-0.3803777417505001,0.520594856657539,-0.7032832595933557,0.2700496522921491,-0.3849134162609209,-0.07383353169545505
-1.1018225356357108,-2.3003371682089973,2.0792581354891704,-0.5168385003279752,-0.08294353220981888,0.4883963149504858,-0.913352451592981,0.10386371732454659,-0.39248837794454977
-0.9758307638053315,0.4546662566097615,0.12353847922766499,1.5909223645171944,2.8368078450607004,0.08250274495457427,0.6032147172977936,0.5122238154802392,-0.06403993484321678
-2.839419752859686,-1.4921903077655274,2.414587982927577,0.17341384403181312,-2.1267829765182293,0.12662401853162658,-0.9948780141884852,0.23573776994411033,0.4289881331809265
-0.8691278949336699,-3.816679682985032,-0.06470827515141403,-4.81186511308278,0.5244032217929219,2.1384065892654682,0.09497272200110839,0.30461150145537064,0.5718271122334538
1.1525063539663296,1.1375282109898124,0.0387249246312015,-1.9451363815768106,1.8877246127223437,0.8696670913314235,-1.846993719205832,1.3641245916729048,0.3951213981671143
-2.3628770049097616,1.3880498849852883,0.13053956834393585,0.5451350198307283,-1.8148242484786403,1.2972505299352042,1.6240411246793125,-0.5807708200668191,-1.1168250608153527
-1.7766103269581062,-1.2877140404145786,-0.14728389714508308,-1.2306787974645714,0.377699755288618,-1.1348251583176225,-0.2223503899148833,-0.4698612156547306,0.23020449654843672
-0.44490547644591083,-1.5893164871025725,-0.2457696283177523,0.23451858670584783,-0.9108966984804873,0.826758616285903,1.2116167799694515,0.3335489696632044,-0.06386097888379186
-1.3541295876582289,0.5253108119052561,1.1324642035264,-1.3972969732653513,0.8924315303186439,1.444918127801005,0.05132229273250915,-0.9089153164299506,0.002548084062351163
-1.004236807934967,-0.4630947296130292,-0.5976263488227409,-0.3914771047771223,1.9173721997436017,-0.2765590900455851,-0.3890980570753271,0.24178239633066054,-0.2558139997315685
3.5031304578825524,-1.2867667020295128,-1.7948014934754368,1.0878681210500336,0.9432472200181548,0.6612286918967417,-0.2794896484465056,-0.6506890292135835,1.2534967745725614
-2.2682796911375958,0.8943065375386638,-0.7894250245354968,0.1204190774483456,-0.0518437459269956,-0.8691658035115805,0.33551943420906766,-0.38890193228622516,0.4847849854798482
-1.5026601904258505,-0.7576401602192298,-1.3849291046436878,-0.6711569494925219,-0.18382518387378619,0.5374108391908725,-0.29518425659398617,0.20278487954601593,0.3380002174936547
3.996759031019899,1.5501946162369493,1.1097550845053654,-0.8111215236784611,0.4772593601035288,0.47297534178575074,0.07444151591865958,-0.9481237292071226,-0.9462653293912026
-1.6901661725866504,-2.336517416235107,-0.5626993936995158,-1.7022050540439064,-0.529170785992857,-0.004040392251996957,0.8165857739065104,0.12203879056656962,-0.2913564226326863
-1.5215369949570912,-1.8287433890607834,0.40986357560192477,-1.6810801503541588,-0.040496313097618246,0.20799093640351685,0.24849549208993849,0.35885017749316583,0.03216208980353378
-0.32240894015841,1.2092237493657167,0.2119332068654994,-0.525579700544208,1.433040053459879,0.8702977461322355,-0.5882097524575656,-0.3895987498016144,0.3921335441657011
-3.1700002187899945,-0.29697243242938065,-1.6324095819989726,-0.24255346373867978,0.1500025518994375,-1.4508932679807172,-0.01863452707192698,0.11550576551197211,0.13933696886334276
3.5524539547473504,2.441068695833046,-0.36530358976990823,-0.22309194779020597,-0.02329287957635368,0.10531022320674513,0.08206906929986461,-0.5323734120302861,0.369627918303769
-3.2371955503916734,-1.8972764031186267,0.9027961506798184,-0.9294884842448515,-0.1749389915674162,-0.5801677142191185,-0.6327477145560569,-0.7818449153894373,-0.15326446468209382
1.4847475344912948,1.0756857634696058,-0.787770224108294,1.351523082336802,1.065214697572252,-0.2466916765821022,1.1574124460609654,-0.3134521305634644,-0.8305102003227035
-2.882582957734769,1.0812524593663595,1.873069729848801,0.21147365907304239,0.7839395021202997,-0.08819224273410566,2.8782022528751074,0.5795059119372792,0.4852251011054835
-0.9679932427368882,2.360126110604596,-0.2847043701077382,0.8158268876193278,0.4851834606446337,0.48530576798579766,0.1585861483967156,1.0425148428162363,0.35790816342071313
-2.9342546784470867,0.13136932327364342,0.6356914849163866,1.7525409243190788,0.8706992611264356,-0.4298595147541423,-0.16038143699109708,0.3198164461932412,-0.1311768587745492
-1.227147673289946,-2.0066081661108455,0.2389578812543784,-1.1943309534511002,0.12857620859642427,0.6987492245655784,0.13853984045953782,0.4437558653083728,0.19412843758261475
8.503738341118192,-2.4331594619508126,1.3984894633785092,-0.2979865525779265,1.0164579390184143,-1.8230264684129223,-0.9429558614153234,-0.6095853586978395,-1.6747564194170268
5.724429984302314,-2.669172655814837,0.3140861510990625,0.7833319843347092,-0.2525202888799059,0.5592681448844627,0.9467841740456356,0.3720536161957801,0.3855268372258134
-2.9551113113578755,-0.6130355283988632,-0.2541702670013753,1.5773519284738406,-0.7338119025264058,0.23787115937299566,0.10306677777082916,0.8694287847858139,-0.26297435967287414
-3.627461598806225,-0.8437116526634771,1.2165898274569062,2.3543255830496963,-1.9861237282193183,0.9519121598215896,0.10816563818189145,0.7952023862328995,-0.43680340646190624
-3.6316895585894073,-0.6926836501283095,2.929921267853768,1.2509870302949302,1.0011769104036163,-1.0573138473273387,-0.4340603580976754,-0.8976068236020588,-0.11257812427044847
-2.616436030301215,1.0267243291335786,-1.3108359351394854,0.7173660713596546,0.07934493984621034,1.1978996792754342,-0.1017458548000249,0.1067254971703159,-0.4332532605437117
2.0763834700813724,0.25501181904099757,2.269894515218586,1.2533333483965188,-1.6605071992918283,1.241198176142751,-0.8337514102918183,0.9501372493275722,2.3042677519770227
3.842057006554712,2.026387359791151,-0.48459079423392576,-1.0772165199477886,1.0007910755290856,-1.1345239661863338,-0.008042725050494333,0.285948451928708,-0.7501709222483374
1.3383674992624903,1.5697490813420882,-0.4581510863602057,-0.3321864546511885,0.8734004230926106,0.17041777534832198,-0.3820693662913772,1.19422838999247,1.3779870592293586
-2.097187223786295,-0.5526406687238424,0.08862364269604778,-0.5596632885877337,-0.042975483479294654,-0.021055383171732462,0.5150985853066259,0.21512879855673836,-0.10915010437964925
1.3851076387725407,3.308194879721198,-0.6903734034543717,-0.9921872498201985,-0.4093042682936227,0.09554172814018379,-0.08904505303893548,-0.1958156575382833,0.04913699206519387
-3.332684221554918,0.2526730564018372,1.2024921211004347,1.0398793286898884,-0.5402999920730002,0.009984067101404617,1.1243952600453322,0.002338983790906135,0.031141710652701896
4.167820818253635,1.7165352195142356,2.192555750358887,0.46581028456542717,0.8730365820783218,1.1846997353850048,-0.4284425930368648,0.5429985686233305,0.6936361085779121
5.614841087462096,-1.7161155584977015,0.035771762686570126,1.4606911170785646,0.4288331466943582,1.129464018811149,0.24758707916803352,-0.36385789710236255,1.4572726548408597
-3.4678121288276347,0.22245660105477824,-1.1143720903895717,1.0376223616148759,0.32689175984488505,0.11846559944699256,-1.2923448648064355,0.012425887735828374,-0.08271067267681069
-1.477129932989012,-3.16931227182141,0.1764169842968852,-3.10397068506088,0.3399468945613005,2.016480648497554,-1.040697003531467,0.47729592291433365,0.07516271750315394
-3.0639329728862243,-0.31517800726218,0.48849823179305046,1.3186349582574628,0.2961454052956122,-0.522021674938525,0.6072124948579135,0.26336581067544196,0.0939558400535679
3.287388004644524,-2.1195930143333475,-0.2282341812227101,1.7395273386530934,-1.2213889886159555,0.23323708788408545,-0.6561473220808891,0.1765246198534214,-0.8361215036091376
2.2333400200523315,-0.7716379339351458,-1.026622796098298,0.8820880641713418,-1.397671303849879,0.05271741346299793,0.05117745956789535,1.8869436734845673,1.2490278563795485
2.387226050246937,3.5896492067614734,-1.5220866495791556,0.42215311925417764,0.13686544774476442,0.5880232170032482,0.08069656691016872,0.4347861117754695,0.8965444461374865
-4.1121496477101145,-0.8297524988035468,1.9304655928194594,3.0033057624855477,-0.22249740076931424,1.0914571962039712,-0.17958820274722373,0.7054872554352261,-0.29282183637090253
-1.1653391753098727,0.04966969133984994,-0.7535349474600009,-1.4707506287947205,0.08142384074707804,-0.06900063690769159,-0.9592451344578719,-1.4710201641682654,-0.30760503094129915
0.4005853034110303,2.7603324103877926,1.472584937152463,-1.2599602502101102,-1.5442231510565798,-0.10249248549343638,-0.41360684787319546,0.15922887097892116,0.35492765793940584
-0.3564548511825734,-4.25306783916083,1.186697443035755,-4.184462824718054,-0.16011217801250327,1.9646534093961614,-0.0449623006905548,0.3350722875158397,-0.06862264563821971
-2.9815667280530236,1.731441921739519,1.4079029487391461,0.5460234521094142,-1.1547186180737787,0.3186127960507908,1.094525087536486,-1.0578406021698044,0.04143476040906283
-0.6210696065083386,0.11727985174805924,-1.5389031814174567,0.42082577674785593,0.265273262067905,-1.2062839016561415,0.17372464015736083,-0.6369020513947482,-0.38402581487999393
-2.127999030224179,2.020115396223573,0.45170341405423764,1.8520768833291381,-0.06750696560737451,0.9171944947954179,-1.5483418024412468,0.5741991446057,0.6690261315890693
-2.6491187639947626,-1.407043768401149,-0.0895891993765436,-1.48523804659468,0.762761716997573,-0.7667392899120734,-0.6527330225642066,-0.6424504212918989,-0.025370721954403222
-3.2887709250211405,-0.3944038746604613,-1.574885140407962,0.4759692518914027,0.39558347084946494,-0.9057570995666185,-0.5773559589918739,-0.06503066902135733,-0.2072354599740486
4.307169168309216,-2.170417211060183,-1.3846955260878346,1.2968699812107685,0.09768407258700747,1.5656401232719122,-0.3783164934497526,-0.8779217472407328,2.5514103968691964
-2.541980861256353,-0.06384431266765844,-1.4378074342576728,0.21962197559058366,1.1357658097843724,-0.8513377990428939,0.8639656537900263,0.1106845140861018,-0.17515222446594655
-0.865988837156264,0.810945171876424,-1.7531642931729792,-0.16977265294348418,0.42105124572918484,-1.0873840542490683,1.218720304329968,1.0736224347387364,0.07239007217127356
-1.855473552636617,-0.12305947225790692,1.7907752235109926,3.0946893662105603,1.1398089930204136,0.8881358853300951,1.5831700869530987,0.7814350362381088,-0.47113991454481674
5.471080369393021,-0.43854948749810163,-0.2545701370325769,-0.4325516351349839,0.920707277598401,-1.1638041375890653,0.06426799969426064,0.9578430799269734,-0.14922623688630188
-0.9001271547545014,1.73743976388834,1.332804959770838,-1.2943174038778833,-0.9179924158999485,1.524071488760321,0.8867158453802881,-0.48805899906465344,-0.3885480545065571
-3.718691701629963,-1.3542442974352211,-0.016365933465164764,1.6379228659685767,-1.3473869092710087,0.14185797683914883,0.21302670542242577,0.3651185815418981,-0.471042532722444
1.4056948015073623,0.0010663370080450944,-2.570399552151732,1.5623392569497276,0.5002123072136738,0.5719905752041021,1.1186411183340021,0.5849820635206233,1.3320030227911175
0.7519445433028311,-0.708800169481025,2.7483818731270837,-2.722423925194039,-0.6068658667885752,0.10214602274746307,0.14350286660565847,0.7136518236585944,0.6346091718558373
1.7858927665041044,1.9676877492305072,0.3595405138267948,0.0035718395585228155,1.1383839931204363,0.5587929575642798,1.0330730235570174,0.031357273130007024,-0.10413776266846615
-0.4072057978124978,-0.6626202976297406,1.0382580139815198,0.22071810718215085,2.7736389726575186,1.7362981538495774,1.4166147700549279,-0.4466896831100054,1.4529381279045
-3.32469608645905,-1.2953916919144346,2.530312726248963,1.384599741537272,-0.708801773113706,0.028288310257312398,0.4153707663245538,-0.2851900999259151,-0.42504860028636987
-0.14936433944504326,-0.25563110643876547,0.5281240090078045,-0.5382062867440885,0.5169621063695082,-0.49838749830081874,0.8245549200332847,-0.4010133555060308,-0.5136334856082838
-2.5782863594225156,-1.8593578606874495,0.8004502693243234,-0.05231501661326841,-0.09291109300898501,0.4519789622615426,0.43596061974375466,0.1366373983358882,-0.03520967285656554
-2.6089370674470924,-0.06725299695594335,-1.6616019026685873,-0.0865415979139714,0.941911887026653,-0.8156455149726389,0.6883480084071617,0.603089356749307,0.4323348800392202
-1.4766228667231787,1.2171564980101324,-0.7264698398511088,0.24048369214478915,-1.763034091862817,-0.696618636653726,-0.03842916956141153,0.5635575035326406,0.8850484384078706
-0.0938692134743632,-0.3078099839964051,2.963985819453868,-0.041373786902344736,1.6021554277294336,0.20870208264371082,-1.9076229653483725,0.6703689221285651,0.4381632948602752
-2.809795222813424,0.4206469851048568,-0.3088192664787699,1.2020280121585278,0.8674417174161121,0.5936243279896587,0.49079217469581,-0.11746661777698975,0.21022906361038232
7.122633536188093,-2.781929812363824,0.6736089602233465,-1.3806033212664253,0.5386023472432171,-0.7927695448685488,-1.0934771283767295,-0.6667083180876681,-1.3972379944905127
-1.4628003874902091,-1.3640836848511884,0.21037444455694077,0.9004124730282373,-1.561015434706705,1.040743965821589,-0.6716795250423312,0.7806542627532292,0.3965034829548435
-1.2873420445064356,-0.18459046291663508,1.9882024035029975,-0.8431721017602609,1.830741063805911,0.17807924220719973,-2.890820333586164,0.6428663317501986,0.6646191957274499
0.42236531409231975,2.518305088606948,-0.060867133069049485,1.2041473352419023,-1.134728785256704,1.6030627108476696,0.8766039041296854,-2.6471021494020808,0.8493189069838817
-1.8761938213763802,1.8439306799703252,-1.056589525815869,-0.12776851122013647,-1.320428643105517,-0.5787269842510999,-0.6365627389298718,-0.08057142472616727,0.8272372319922072
2.1768652102655413,-1.5803190668998208,-1.8971579853740974,-1.0174703556553968,1.814918137811688,1.7925444856909554,-0.9640203353370977,-0.4014069387827669,1.741762258757989
-3.251398731811809,0.8707253377548271,-0.6427729846779126,0.569664235287411,-0.4737939836889607,-0.4556304680796949,-1.2234852127514368,-0.15480411657674903,0.13021955151971196
1.8370671331881945,-0.7612540314365358,-0.07946662163149651,-0.48719720229080127,-0.9963864677938619,0.5159707525786096,-0.42235591364610414,0.878860184052928,-0.133617907290378
-0.4728414085771472,-1.13463098109368,0.9859257313716605,-0.7965753943217126,-0.9066321876028614,-0.70687427039431,1.5654647941122541,1.2135640729779422,0.19391393507001936
11.883099590382516,-4.079559327010766,1.4751227108720042,1.1798930533399772,-1.9253776214861857,-2.5695114576248455,-0.11843650637665587,-0.9287915595163092,-2.5957401897616066
-1.6657785531211393,1.757388983225233,-0.5556461702550032,-0.3304853687094603,-1.9467116853562756,-0.6958869329595441,0.0920541621531448,0.786958989227047,0.47061980508168194
-0.24147647707072548,0.39022352988196746,3.067723833835734,2.774210890313819,-2.982112414085106,-0.8883115536031485,-0.7034756334537191,1.7077686030293646,0.13527280357414093
2.6822353816916595,1.5444324064609813,0.017878363524172696,0.5099576009598945,0.7940359518715784,-1.0082314105895558,0.5567347199100339,0.45062102003343774,-0.1757142654967257
6.294812802021051,3.142907798518991,2.480693611699961,-1.0083853764043673,0.42833003814146586,-0.059533215479120584,-1.2508048976094834,1.303525160643605,0.4248014713901904
1.889678022827379,0.5341079472412291,0.49490533141280646,1.8966475502071765,0.9269012285281941,2.497473472417427,-0.4710990718166164,0.22770815661496874,0.5794593050612793
-3.294434138647624,-0.7879001724156318,-0.4693731304077743,1.0523597854771296,-0.44194057474642656,0.12725764444684198,0.741646703237476,0.37253793852766875,-0.3594500779066928
-2.161242811653561,-1.2968351217813174,-0.8231839170338224,-0.1832192562568453,-0.5506434682061039,-0.7150089562241541,0.2319355689114384,-0.2750787792916168,-0.590764662786529
3.8692912516363935,1.5393203089259024,-0.4058045481373882,0.6716567142089771,-0.6948219592102373,-0.422207625834683,0.4718218320410365,1.1206436316224277,1.0929550694905195
3.042601431506698,-3.2682845615604212,-0.7412244799615153,-0.5104337638012205,0.5409753044938268,2.1270807299094328,-0.4810733349171989,0.04247641425110025,0.3688381148669123
-3.2990631840342144,-0.4636410850728023,-2.2662622700192867,0.5646473867441589,-1.2026801357790486,-0.24555767513647886,-1.2583920679804765,-0.15475502037437955,-0.018901659435195114
-2.977888094127976,0.6130806117608254,1.0969663476395064,0.19905432085749492,-1.8500436541598735,-0.038304654381114016,1.8306163886171425,0.46691062833915664,0.3968022294726089
-2.067970117521512,0.7563235322880888,1.2366868236989186,2.456938742401931,-2.2393264989066917,0.6414957947432062,-1.2506553180501077,1.8055953064498473,0.31011030712341053
-1.4893229343300936,-0.0020282312164719225,-1.1656067789109594,1.0193147398207607,0.34607970141925415,-0.09499716057891998,0.7619729828632635,1.5536390124050863,-0.022849620349187857
5.728481987823314,3.2480042367090913,1.9097802477979582,-1.4084871472747509,4.452565100175621,0.6230824983304324,0.8535298290296452,0.2573435111022541,-1.0707768107982474
-3.1253663389802715,-0.4241624657797202,-1.8561218864425169,1.3834739269493985,0.0634641620721778,0.3452854819964873,-1.4548153351737494,0.38871129286229533,-0.22637747119367332
-0.15552612698964965,-1.1932132272661775,1.6077875890419198,2.1918455891613227,-2.4454224253635792,1.9627769335565308,-0.5316332813251741,-0.18865658130972418,-1.7869814255964658
-0.43230109432614494,-1.0937262462866841,0.44201342727170173,-0.015653150844683147,-1.1923100894124439,0.03182582752209883,-0.5486691560133518,0.42495814993362796,0.3188804344794183
-0.6502271653078984,-2.3384230682249325,3.143019519992202,-1.3339453085726845,-0.39920799330378975,1.9076038980641132,1.0582346465506842,-0.20472837488063536,-0.08606292829199677
1.667507033238662,0.7852536464291872,2.2068014898554695,-2.0427188400334093,-2.37071421964715,2.9369999624506336,0.328900032603653,-0.2411492368848594,-1.0492920867206317
1.9176583701691041,2.5019960853528604,-0.7109923178019886,-0.6186732432048774,0.23712355523334475,0.6555162932885551,-0.07620044858838118,-1.1962688766634957,-1.5820952678758629
0.6944525576251925,4.011740099924736,1.4333763357747802,-1.224110330050251,3.0892524074964154,1.9280000761263243,0.6748768786057437,-1.301282538853356,-0.06099879818767852
2.2945946496926415,-1.613225038826064,-1.7243360811299593,3.2139479643748277,0.7668463931046745,2.387769589507442,-0.37557843895576903,0.44900500553405026,-0.7228835369063454
-2.8282107199027813,0.30728940638944746,-0.448667259441835,1.3655644322768627,-0.8901992924796498,0.13182837322361723,-0.42366113362297014,-1.1205900695106767,-0.001972614153597233
3.012692280973245,-0.9612159437002621,0.3585729475044181,0.7752361715948867,-1.3936867981476517,0.7823706868588458,-0.44917500414305156,1.3374914086109453,0.8365958706565174
-2.92361082722694,-0.9323208778113947,-2.42829042209717,-0.07440211623177134,-0.7554318160235857,-0.2784302857682955,0.7210686438649385,0.4811305198861916,-0.31149603678372606
2.7373409650279514,-0.21573277701276733,0.21948649172499596,0.0021335153036107237,2.4236908662276755,-0.5372745336320695,1.6497403296283806,1.0229006520740695,-0.4347312970577226
0.13912215081367918,-0.3494832847050222,1.6446759455476063,0.8694801501623518,0.4789908541872545,1.156103108093093,-0.09513229648919373,0.2178037237231865,-0.7257919378933682
-2.3133939275249817,-0.04810227115141305,-0.24394809277930632,0.3349411526761861,-0.24654826151826503,-0.49012567150428404,1.638256812723231,1.319448049864162,0.6998714019920945
4.9211182582305,0.4602169125236332,-1.3767331581130453,0.617452823700253,1.1654159881208495,-0.05932305457044772,0.7049979489046169,-0.27598266212496725,-0.6359055975347503
-2.078970905990819,-2.177295232726563,-0.8549381801327787,0.2458338275200412,-1.6486820217078149,0.6411279394631223,-0.49890387459892793,0.40166074151103326,-0.7821415683977041
3.419128133282128,0.8250285789618578,0.17225695496023916,0.3877948273599715,1.1897661000452302,-0.7256196384344794,0.4563508208826341,-0.2727291117980982,-1.446459681525889
-3.6280028184408,-0.36473935716674355,0.42191178598362866,1.7202212332349083,0.08589285560634667,0.32905479257092146,-0.0818540621739722,0.3450344186131061,-0.24940785537316135
4.2743361424375035,0.6842031144229266,0.6706896627598806,0.9181961037703096,0.6960069099686327,-0.31182746482120793,0.35013758878229084,1.5441010102291326,1.2732743474025396
1.7774697038414482,-1.9647996860633592,-2.5880607467277263,-1.2392763536384463,0.5823079863319153,0.18441841034785997,0.05913722104821493,-0.37360983928391744,-0.11416037650163623
-4.222471754492966,0.2424045763985756,1.2127542115417052,0.8709309780128234,0.5822965263677979,-1.6531802204379231,-0.3935306802260005,-0.9974195436648101,0.029620428635924265
3.03677057514959,0.18380231053593526,-1.9495054042609294,0.4894492190443283,-0.8310952966637978,1.8211004575947052,1.250129187427752,-2.4636532643866698,0.9744091792284176
1.2121926331162587,0.02058585453118148,0.764435025293991,2.0612375838800627,0.19684074144236866,1.2216635063720962,0.9107636076454029,0.578246206313699,0.4283059049890435
0.32168294004287484,2.7073099537096446,1.4393190130836617,0.5756835479887048,0.0670523704274041,-1.0479110901129078,-0.7433118284774711,0.12505300422508622,0.030252467989748674
-3.2212781719010883,-0.3728868268464879,-1.5983801944402078,-0.20240455584909753,0.4017275427600548,-1.8542294883034118,0.02724654990645684,-0.617242008094126,-0.1853076041874093
-0.6637392028511014,1.5362602093628424,0.9421953555394674,-0.5321435073938539,0.5056547074009395,-1.1091985645617939,-0.28543427179875963,0.17654004748513194,0.8503238793140021
-1.071735049678404,-0.12294471447630359,0.4083048732103351,1.408351945212564,1.1276826079452988,0.35743843288904453,-0.41196199162145924,0.5232868528512916,-0.6192273161394146
0.6109041920657141,1.0424653604776808,-1.9503787345912895,-0.40347911306713086,0.241597069128733,-0.14055782217221785,-0.9786615965167795,1.5584746850604718,-0.08465307633474962
-1.7283325273688317,0.5817220572648013,0.9174807782876568,0.21528334379106992,1.3409171462400455,-0.4856658791573405,0.7272881564309744,-1.2355788321890993,-0.12043614449869788
-2.6359597228359144,0.20465733896296182,-1.6055620509164368,0.12203987509107708,-0.6986719884915242,-0.47822647243216215,-0.12583922299110653,0.5603890847584873,-0.05772454990851407
0.22294795510144422,1.0690346014116112,1.5082815967097474,2.0674737399172955,-2.5151525705047657,1.1398512442606041,0.20885646811037178,0.11429289637393879,0.5524327876598437
-2.9377437976769802,1.2823009342656342,-1.4605334431147414,0.7099615946837036,-1.2400142298125731,1.1553859974246,-1.2384694287998947,-0.415909578825012,-0.5692105091722902
5.867752514761981,0.8042872579521556,1.989539511670477,1.065127630510387,-1.689971567912145,-0.13716502896728036,-0.5150534828316115,1.0794988569752422,-0.058762287386949455
3.935852906649435,2.7106389517101954,0.829120782906513,0.6861522326658349,0.9022202573771071,-0.5181615590415688,0.7134918804931972,0.27519205784769624,0.04830833216136047
-0.233101308738928,0.11881430392069293,-0.25275727991580116,0.8879525590014055,-0.1291664010443778,-0.09810093286558569,0.18105379289337614,1.1954231707070062,-0.3927096850512032
1.3858235977434044,4.4929283470512305,-0.5680796542382006,-1.4580471922836713,-1.3168160528439616,1.1239267227108076,-0.6191926554260013,0.19639239350978543,-0.31992256805488567
3.175234174990803,-1.6211706803894053,-0.33515155729650226,2.717589779215971,1.031430208927738,0.881974948807521,0.796309384635881,-0.3095123144670016,-1.2236685945984949
1.860624117456376,-0.18837389595865467,0.29227908343224845,-1.0843993877602813,1.0155323159895993,0.5529228512614952,0.2875948461720266,-0.32324316202667613,-0.28713403765155093
-2.7078313658370328,0.937446142420743,0.24581304016041763,0.542356432723495,2.9888941116667915,-0.412248586442616,1.4717043575273558,-0.05412755454362325,0.0604129237289517
7.188005772524117,-1.1029630358243994,2.1588574846711155,-0.010125157714615914,0.3241732986321491,-0.9804392509045339,-0.9772041561544914,0.8149192261321604,-1.5512356002502423
0.7663084913117826,0.15106498194269977,-0.5018639947462183,-0.8487726640270835,-0.49917978580667915,-0.5608508275971004,-0.4085430665561223,-1.3238612973257435,-1.6071876696887495
-3.4791188288409294,0.4295745418322281,-0.886702889161916,1.0586682604285478,0.08315471665014294,0.26479796488866997,-1.2557000077873353,-0.20814105587704798,-0.08213164136267773
2.1903325185512896,-1.6780925040259909,-2.114916203822008,1.4592473317642927,0.7453014849313017,1.3421864587931536,-0.48481596695936735,-0.2870454535498108,-0.07499146673596903
-1.30934883021564,0.004260665362270617,2.5142466363008458,1.6324157194363282,-0.5811298558323277,1.8516759943896703,0.4934712762720306,-0.3835905584356611,-0.948182138925497
-1.3795113381955753,2.217839269455211,0.47382440184539,-0.9698860790886125,1.1285413074836703,-1.3891643323779548,2.3286534425357845,0.8885897075036099,0.8499040940137973
0.9038942779048403,0.18792309847007824,-2.162896857265522,0.31898776946538665,2.104235771965224,0.2981435423837477,-2.2093448089112293,0.7208209426907211,1.0969552295896192
-3.0324201799223607,-0.5259485897984062,-3.0877466485294582,0.3753665855238649,-0.35674046764623857,-0.2638947523617904,-1.3954840712670489,0.4654322858419252,-0.32468339571660526
-3.0253230153344766,-0.42349484666127885,-1.7672880057973768,-0.16034079662274453,0.6976818709113324,-0.8256687536444163,0.8081958615378354,0.22462753296306068,-0.013151799423895579
-4.106804773745115,0.8042542677433725,1.1363535962199935,1.336895848497492,-0.03064185810795536,-0.3507710848118284,-1.0392012673990345,-1.0153258221431847,-0.015092121224872905
0.64904511015388,-1.9916492681206617,1.7564713545870831,-3.0713813711654026,1.256237892858301,0.856994631798081,0.861329317823616,1.4547640825083432,0.6232354675404667
3.645745168830335,-1.2690857768315802,-0.23954911135471485,0.2938625796808005,-0.4705451786141894,-1.4065248034390343,-0.9564388773371434,-1.2807493893646569,-0.5855861928468203
-0.05623321136450749,-0.09629982721851178,-1.0669588078196925,1.3107615634158771,1.212522233999945,0.9259341037837726,-0.9108311311397422,0.715799523042348,-0.23368161775415613
2.5613778943304273,-0.8182600349968376,-1.621187058168588,0.08414047586850475,-0.5220983151704455,-0.8796068469678647,-0.7363222898971794,0.6133667204497601,-0.5862974907766293
2.024782477113312,-3.7123502218075894,-0.2559880662074576,2.872380242278878,-1.9001154721073208,3.7720253705174724,0.6411699933815027,-0.8184778224862652,2.306872721767461
0.5411439278827026,-0.6142834138133346,-2.539655169997448,1.759438452147477,2.6953869714757244,1.4753253283988668,-0.08283577881370119,0.40597542078131915,0.2284716110834671
-3.206766081768431,-0.7097626491891216,-2.227382110049847,-0.41972461013098766,-0.5323363707140175,-1.189933784247016,0.37116761077051535,-0.025755634347912185,-0.14209836726490707
4.202051449643662,-2.0888122419771125,-1.493850997406179,-0.9212798868686273,0.508547557444455,0.7858094166957535,0.04246988593937674,-1.0143022106957584,2.0086543396807466
0.8885186634723987,0.5857780130848244,-0.04438688805552842,1.071364800521246,3.7318644087936046,0.7248202286657206,0.16512413795816988,-0.24612901170993906,-0.5344171908758112
11.020210293824,-0.07884436136034434,1.273245968590346,-0.6505944015623615,-0.8060638330803844,-3.901436431940757,-0.6706191705816604,0.9893789011495527,0.30339838241718203
-1.585873709308074,0.11711885758409862,3.617042755001091,0.33927159588172234,2.630949654443213,-0.35214675936276835,-0.8253220813178866,0.6321862137561811,1.1404282782131738
-3.14831256275016,0.8458613795597285,-1.4987409124892381,0.42403716901427746,-0.6381697224153043,0.07069010205949061,-1.1778725752211106,-0.7140902136890717,-0.3295239921588057
-3.235767600947799,1.1825329731288545,-0.9038862003840038,0.5816214102549122,-0.21484286566567573,0.13598586445255786,-1.185376838739836,-0.6860890554489235,-0.608403280263559
-0.4357943673660701,1.793248650994042,-2.0252766317993083,0.9860284088478364,1.4753098337456456,0.742129116934405,-0.09077244388837737,1.0017166001341498,0.007942151699018183
-1.5536655974416154,-1.3685623598046086,3.5612622688212943,1.5743429351182072,0.5649479265623226,2.747683146722904,-2.9315528372626027,0.9049347787105857,0.06137968184967063
0.7885099320796378,-1.9954607265284925,-1.8156103069253546,3.7251828732893317,-1.0582904776298248,3.2917778954066703,0.3818957781596475,-0.7296512693777354,2.038537023087954
7.94462404024726,-4.836017759229539,3.1737510406935745,1.8312706597435406,-3.5237415986533294,0.39427456619776147,0.05404138015320434,-0.4946853993198792,0.28025793274097066
-3.8155461857211073,-1.1903229393998935,-1.5729803286403834,0.9524120653660267,-1.6090266407567109,-0.5675965281984687,-1.3046357495375276,-0.04620317012009725,-0.5003633752786447
1.620965855121103,0.3894129989788702,-1.2992383518488635,0.06597275840648292,0.949519962430948,-0.8972371025055407,-0.059765087126330774,-1.298594157826701,0.6315793613197502
-0.5452941391348001,3.662235705373286,0.7565367109335533,0.46872982077113357,0.4633496824245581,0.11236165302285615,0.8729546418543868,-0.7406062128006513,0.020457157420810505
-0.31007855695228825,0.77379243737719,1.2570955523217378,-1.6512552036266124,-1.179525375548457,-0.03582487648050774,-0.7161808259678679,0.9327311932269408,0.42033769391530773
-3.2971070514086573,2.099996336054255,0.2682418807582879,1.0283213574319445,-0.13150272965877724,1.0087701031590806,-1.155907486393932,-0.9254764640438957,-0.7811362282833749
-1.1165640471710125,0.9459403211187372,-0.7720474541544431,2.9372509923772214,0.9110150897789034,1.4943148798475194,-1.190946210445563,-0.10024996670505795,1.4365528497457964
-2.4394418597894147,-0.12084316714195746,-2.35983406323999,0.0293979649679005,1.0210221222803115,-0.8438252653950598,0.2703818360311068,0.20049620234341478,-0.22124213460684058
-0.9270910768515322,0.858183541351921,-0.9657452818216197,1.6063849187103605,1.0232615079039364,1.1183436476068687,0.958212226353476,0.4354760696626638,0.6986462306594529
-2.0123814100106383,2.1275787162154036,-0.9729870106317917,0.09337032440958098,-1.7595381045055865,0.7383227795362655,-0.16129615938862796,-0.8637363639652438,0.2212804761744625
4.400956758134059,-1.9255575338336546,-1.4717963770186062,2.575174820764673,-0.5669143142261779,0.08385696025619929,-0.1380689816853969,-1.5891965668212862,-0.6164376736205606
-0.07756453236213058,1.451968260132702,0.05937888225517855,0.024831571785619268,-0.40694000415620196,-0.49708481580915165,0.7361428902302591,-0.6776074582713412,-1.0866018682672778
-3.2378761592708125,0.42843457876098434,-1.4510653115666283,-0.1295874203950307,0.28020274805509754,-1.6109201700053968,-1.27193587347502,0.36048345442736957,0.4984296505142196
2.2266608644593666,3.4243177971475993,0.042009278684592595,-0.4385025031573652,3.34973205207328,1.7414253974966836,0.3244348844226995,-0.24748576447860338,-0.7868143563756393
3.5829690466522908,1.86176473429301,-2.3082360278172023,-0.24003955232716878,-0.3156203885317514,1.656669669559659,2.1267726713711195,-1.710828451621169,0.7166650193750334
-3.580897047037951,-0.7103223998413386,0.7803429274720426,0.539362029562711,-0.7011768335974141,-0.7391766180081248,2.0645667208315936,-0.3042339285604166,-0.2451880898112284
-2.0578482766727344,-2.043644277125071,2.0094413574621868,-0.3372040881330517,0.508526895189288,1.1132310145975146,0.22818209090888308,0.21616802481359337,-0.2365529004608247
1.539244723591688,0.5429778129022363,-0.4600256252358325,-0.25850380738109907,1.2303915508497847,-0.5044399048642757,0.6476313273949778,-0.7256063706861068,0.41778844738112064
-5.178853054666902,-0.09165512463001656,1.0054902931730032,-0.23568045428176002,0.009630703793368714,-3.145731806161577,-0.7136539543652503,-1.8352249719003253,0.31173724583763895
2.4877554578928525,-2.1054612804354154,-1.9558425437436735,-0.1603481281103201,-0.34746040891393304,0.44523870288239986,0.06130293490999372,-1.8253608562683248,1.6278577056782932
-1.7484344384517168,1.0226402910163255,-1.9307631378223107,0.7962095145531176,2.165700458227882,0.853510368058434,0.29744458867306894,0.44571250090222997,-0.5769628141003011
-2.6315746185873983,0.7160537197439378,-0.49793970239653856,1.5808353991188508,2.9267748717848967,0.32280919404929703,-0.4166416155973021,0.415430570323485,-0.18349723933794448
-2.584457741853394,-0.8415691969432958,0.6575882086989505,0.6107659092723382,1.2161679646200312,1.0236730586523795,4.739525747108073,0.8929222382851589,0.26362954639038877
-1.712228997973312,-1.2180703294934057,1.732205481662933,0.5052822537103208,-0.681986499558539,-0.17853777293913187,-0.18717695772738305,0.5764043162635668,-0.12002185979045751
-2.891690224005846,1.086051644749913,-1.7206235989166692,0.6085648813187795,-0.5620532575382982,0.7177809646789449,-1.293373035709586,-0.24664778281214994,-0.7240858930611697
-3.42126871268639,0.6399627579855043,0.7288886517588923,1.352910510542058,-0.2603223766022182,0.4776186829997231,0.09777756442634374,-0.5091332561703282,-0.12628438934345695
-3.6543874419359152,0.055565284503811145,-1.0787964807806913,0.8056043282376393,0.23338377492236703,-0.3838799378765619,-1.2306208278153852,0.16191737066707954,-0.023678631531576736
-0.060220253243302865,-1.1303270312282998,2.6551556895354667,-0.6161706727549674,-1.5032059590193774,-0.7610265766811437,-0.4331086991155343,0.6470254545366085,-0.006195027210207917
-2.5424389383032318,-1.2500834328236037,-0.7374542742191151,1.7571665488862203,-2.7000361379647932,0.12465852460588042,-0.20317880084283932,1.2241670644625275,-0.4952753688191867
-3.567295554799899,-0.8205025570165835,-0.7153690056519827,-0.1850259834913796,-0.003880893664079108,-1.35993119928743,1.3656847326266297,-0.2470885577352893,-0.013931531628812173
3.9868476989136297,-4.152658984137582,0.6881857217623967,3.135039928984307,-1.631320587621093,3.445785450180404,-1.5614320231788672,-1.8821530247169709,2.7106608166741326
5.11483054310996,-0.5122825949950467,-0.2628654744490356,1.3654547184508523,2.6474711104924524,0.527694065058126,-0.05308676395016431,0.8632036070702018,1.4546845945384719
-1.8122623375268614,1.5627290854619245,0.007428680882635831,0.7684445078348625,-0.868493769472479,-0.35020479463282744,-0.4250693462317904,0.7878321506385282,1.0442998443523015
-0.9132828126076453,-1.0213230645673916,-0.17863190355811634,3.7635018613516866,0.03982936242117795,1.6598147519526714,1.3079435798441983,-0.43153382203688556,0.9085277413221857
1.899734362618475,1.1368396092591457,-0.9235149459823924,0.3968371724136489,-1.211279108841116,1.362459425277711,-0.8007075153443806,-0.7170929352571642,-0.9216716378413569
-2.5280887823782785,0.6669935532718057,-0.9004869812584995,0.38346856252218664,2.1723830132010145,-0.6541535929869676,0.6520928108273838,-0.11667045662310353,-0.15178674994903324
-2.5466192619453905,1.0859749228156568,1.7904535789204061,-0.1868105263918677,-0.028904813980491047,-0.8258588057931149,1.0805509506139777,-0.5553419324110851,0.16260167615954826
-3.2885082478153675,-0.4047734003547387,-1.1440840104158823,-0.7024047965218572,0.6241111415940058,-1.082605361907463,1.9375665363198142,0.10516382024123261,0.22518047872708602
-1.220285261923438,1.2716461863222064,0.7949217911988086,-1.9768960505783784,-0.37251604003776945,0.6602612728486356,1.425227772349706,-0.19510615389954225,-0.10662466499231432
-3.0804498055548617,-0.7881519903485148,0.41915550879130453,-0.30967524987848066,0.05947468565184992,-0.8569764676120469,-0.7821366165698004,-0.4169554254707514,-0.011456161610431111
-2.8701975688331567,2.042255164590306,0.3879360776395046,0.005894674607026931,0.6472090689358568,-0.7509754797574667,-0.10746732737370654,-0.3610662314720762,0.3101358416541718
-2.486474959346787,-1.764168865224534,0.22738523613613185,-0.3327507700350481,-0.14077192602060729,0.0392901256715402,-0.37666490164512567,-0.060055522479336376,-0.31693396588184547
-2.686652495210277,-0.24922587393930368,2.248275874240474,-0.09788000899811998,0.8564193189542446,-1.1984872237254407,1.2923421487421176,-0.8423365468383813,0.08329677582301663
-2.5623486350194415,-1.2041028264978313,-0.2813002397095686,-0.005410319565824391,-0.5792001362891002,-0.04931761629142431,0.37173494510122357,0.3565534418109092,-0.22369043687845216
-1.6840226188069702,-2.0491752806270824,0.4700872597131183,-1.5874709625626633,0.01217182661941648,-0.3417818206983278,0.15736656361235724,-0.3245318537804607,-0.24977220310747228
-2.290642887110661,-2.015172127603767,-0.29404645633823306,-0.8474331052110858,-0.7950294965082313,0.07748879888975248,-0.04310295342630843,-0.04726415370166093,-0.2313273556239183
3.051330080763064,4.001182614685847,1.2299862111874356,-0.21646727318246275,1.0680158787413778,1.0079085504926135,0.15974700772249964,-0.8441198363750959,-1.2132175190823156
-2.835505217909732,-0.3199798783224197,-1.2806606078147837,0.5990451854183636,0.2825814665543266,-0.4553866266188087,0.18550470200645192,0.42822241153636875,0.003593098909049678
-1.6376158774256402,-0.8542805203514598,0.3810997643222078,0.7644769995283368,-1.1331405832086139,0.39123572624146663,1.9331014480176638,1.093783028192812,-0.005959609776409392
2.1287124174060277,3.36957834457899,-1.4674097515524007,-0.9409893621384262,-1.1711348192019426,0.9585143850844776,0.2287884792322004,-0.9652852444759292,1.2613237350598654
-1.243935592008291,-0.11722754011698434,1.3266598811218087,-1.6184909624612704,-0.2798358911640339,-0.30464403445081556,0.7102901025447989,-0.2747545527062501,0.0951288038872551
-0.4362325214434771,-0.4017855498571885,1.1691840384019534,0.41442456444599407,0.19464132257284472,-1.2541332187104355,-0.336564296705376,0.20617236291950794,-0.1719014867817589
-4.042239423923802,-0.4589162794831792,1.0757326709785815,1.4501439295127485,0.3128361575641774,-0.7674143825563873,-0.001612385252283819,-0.5209554418649427,-0.2561501542675308
-3.1329002111470046,-0.47955113352587214,-0.2897555452803371,1.5227608216772412,-0.5491477060875588,-0.3668498234105677,-0.34565952657354115,-0.3675188039727664,-0.5926221023135391
-1.45196924939964,-2.509250460055873,0.4289752011678995,-2.25044117933148,0.6143553308696971,0.7126247448974162,-0.5788835272829658,-0.13664820927893273,-0.018427990253128728
-1.836772228457563,-1.7115089762516689,-0.5345984059644548,-1.480999033126318,0.42189857869079883,-0.41546331719993634,1.861732198501002,0.1118070404761264,-0.1373476098693388
-1.6416925792466177,-0.3868402365050534,-2.0221059040227023,-0.06724203609590201,1.9838963278844557,-0.026567416610601156,-0.31358778192277287,0.2258160340124477,-0.08758278789497664
-2.515700670951026,0.28613091922115386,1.1492514689650015,-0.20457815751506517,-0.5098811078207784,-0.014532607528366005,0.5221187602436798,-0.2865492347056597,-0.03298347224157544
-3.2673677566261587,0.05778148322431755,-0.9209546522894358,0.19264570039571483,-0.14973078522447225,-1.321415575550428,-0.5788588939203683,0.0980399219834895,0.14759575316960785
-2.275572892120221,-1.3036420362802248,-0.9139132416869419,-0.1408259312253345,-1.0129257718672078,0.29434907683592865,-0.06704136989680795,0.448219133913832,-0.22246429802658155
6.962458926804748,-2.094574674017568,0.4675767968151807,0.01551478176084121,1.2707141454331128,-1.1877678643299325,0.9067523952371843,0.03035780923823239,-0.3649235242651928
7.518055240089941,-0.4436054269880376,-0.49525989912807034,0.14935182814918238,-1.0151143366653357,-2.6034348745457043,0.286194783796829,-0.9403338146807068,0.4625624888846241
2.51229256109097,1.3064180348704866,-0.12216575691471693,0.01626275839297288,-0.07224107151085758,-0.21526171842098898,-0.15760783022956532,-0.5066669561494552,0.5832438909800456
-3.153217339082872,-0.7924587077369676,1.0220494154875384,0.4212315594425698,-0.5517896583238129,-1.7419465890028525,0.016172477236879874,-0.9487506092239801,0.010313574832494302
-2.1294956908934832,-0.3878674689029641,-0.6147424655854813,-0.3924424405486176,0.13769250051971021,-0.32848012255521974,0.6376826060310179,-0.07574267308984833,0.01835662658660104
-3.0630887052713693,0.49415603235011424,1.1690503739537315,0.4234672611847652,-0.39024615420987974,-1.4836830578018683,0.9435213733994363,-0.08104510287658824,0.21540692234342018
-0.22206560592188135,1.6581365122540213,-1.591013228561039,0.5081987923176889,-0.275135839254691,-0.6956702348675061,-0.5783666402237286,1.9390661864021677,0.259377213899552
-1.4312330011526582,-1.465994422690886,2.2848809722261483,0.07289798538622012,0.9709259436095287,0.781700360809962,0.27515663850114375,-0.03951733634790841,-0.2857155065025833
3.4489969479316502,1.8810908696734878,-1.170815345172611,-0.286634130007407,1.2041131130951932,0.38713026177804016,0.4134711155629363,-0.031540367738028846,-1.2007350113577089
-1.544520691320589,0.06476801265940761,3.3725835798049255,1.3512309700173815,1.9307372610541562,-0.5683715486214337,-0.17210080550064905,-1.0974447575768855,-0.5262012487104314
-3.076429058274089,1.2698026835742129,-0.3312372383214738,-0.02909698333644652,-0.03073430159600439,-1.0464604133766222,-0.18213287577543477,-1.749984354198651,0.6612706021046529
5.498267925705697,-1.9562173745191047,-0.5475691669908432,1.2049306632701566,0.43920241730822424,-0.009847918883365652,-0.1799296779127891,-0.8600171234923493,0.16140922699973476
3.82288016148312,4.675098016206452,1.17681474130967,-2.6543764752203045,0.3253790314480896,1.7257601808887106,0.20571041281230049,0.04732758531812341,-0.2863848341682111
-3.4509428051370454,0.08449911212491841,3.3425738644200744,-0.7525497425079896,-0.5642230325147755,-0.8252470059913066,0.019238516541595307,-2.227526022018172,-0.08380561281931548
-2.3074258485254204,-0.4576021627852354,0.9336736917642159,-1.5774131772063935,0.8901271796731441,-0.3838843758237237,2.026229896371047,-0.25859612268908555,0.7452117850950524
-1.762844059729923,-1.8743319212482088,0.5601260668920576,-1.3137928927188887,-0.0022106224988495066,0.6988594836803661,1.8658187235693815,0.10258040296070332,0.03149345624478314
-0.2972846717897429,2.784135307156743,1.540132301180958,-2.27147822805816,-1.2532532609186504,0.41801150473695653,1.0613326202068134,-0.9827750162953659,-0.4948648963724054
2.3675659716589883,2.0373751234054525,0.46118086060098473,-2.4670891021565757,-1.7415057406843055,0.15134339565717733,-0.3211198427492166,-0.5686220652705462,-0.696149408599927
0.16432231991409318,-2.059204637774113,-1.1557372304159603,-2.1733418359249423,-0.23030119342575428,0.21637370915759177,0.2651469317795464,0.9846250511603533,-0.18713489603987812
-0.6474197724737918,2.6982991141881407,0.38405371291819684,1.1142477423106945,3.6471695973586957,1.0581904307975056,-0.4776017408284898,0.3949948251715198,-0.333534061189459
-1.8238648897359877,2.3624080738005078,-0.2441668862981386,-0.2593697411682892,-0.20944289003529423,-0.13706210932288443,0.5523883332512161,0.09315376780824919,0.4958120795420574
-1.2740098956682124,-0.6171438033413504,-1.0129490884941903,0.051084492381174795,0.16094822865759784,-0.4613747241552295,0.32049849219782434,-0.41275329823194784,-0.5276177994100207
6.8472942559526135,-2.937668893008786,-1.4914107968907655,-0.6569748010527549,-0.22771627954249038,-0.7128771052556103,0.22113224634097436,-2.067913388910975,1.920149926399328
-3.3180570666650193,-0.42675658333676464,-0.9447686285658647,0.008315855843439222,0.3921433341069406,-1.055687542543068,0.9110793186598111,-0.06933827258979132,-0.018436542989169635
-0.22054881892287798,-0.4987488566447752,-0.38473948689514653,0.9455809256532406,0.9093462048961692,0.5985317953273761,0.49534930993110765,0.5276896731064876,-0.7750107001924306
-1.8388266457469142,-1.0755320952723353,-0.8807973325255176,-1.1447016515660693,0.5187940150890535,-0.7064294146142471,-0.5439420587388272,-0.4861304428832703,-0.3712303380415469
6.972060671452862,-3.6119876377634523,1.3786821042406756,0.42873345745949193,-0.5366911265581871,0.3427320162411483,0.40745145343246747,-0.07527507559441679,-0.7334920179666793
4.38306594430483,3.2483073237016393,-0.4101642785374513,0.08225847337146623,-1.358228941723726,0.3107660318417839,0.2840091192264991,-1.098455159146856,-0.4694904348741298
-1.6615032959777136,-0.6660977307331398,-0.6397702777276209,0.4018203730879034,1.1474002892259136,-0.24777877221139782,0.22891910263728973,0.006889179465308025,-0.5713038030602082
-3.2293513503350075,-1.293315090238769,2.9125288077342275,-1.0130426145141385,1.151404243638344,-1.2190339963766341,-0.03795501928115882,-1.2014537958118165,0.4265071186016248
0.6070021616525185,0.731388686693656,1.768782354418776,-0.12460956633023525,0.21934039903849537,2.0692968091277857,-0.5884647414253718,-0.3816625862936475,-0.7128159468354535
-2.894801021082194,0.09186671403902043,-0.2964740947496474,0.39335972092156024,0.4569616439265908,-0.06553634074850197,1.6256890035407832,-0.2291304512335772,-0.2426516553041596
-1.084355879265318,2.612644969842538,2.0159646779293707,0.8315441677207069,-0.05590614157158456,0.652138624963495,0.3129159434859794,-0.007025326219507627,-0.23714055345879623
4.270861564310611,-2.218188167964558,-1.9131048435729163,2.3134142773765105,-1.0702547994250822,0.5800267676109602,0.5247962480040089,-1.5682804670893558,0.8977839584377945
0.41359921266211913,0.0026698726134939143,-0.9004552082842681,0.027033388390893358,0.3580571408856158,0.5031348020163032,0.4993750164431755,0.11978206055398385,-0.15806680391985317
-2.8223074691894974,1.6292696740006585,0.18712911375153007,0.666220875407196,0.592003601271393,-0.9824987336606505,-1.3291257339773848,-0.18761027615542852,0.2810722367084485
-1.8110452187398545,-2.5575083274762633,-0.5557682909252109,-1.9601740814760102,-0.542478137347296,0.15898337553310335,0.29494732782461797,0.03741008847206281,-0.2660837556782502
-3.2297861179640184,0.035896821766572634,-0.6665076515919908,0.8788445362056037,1.5733030729119424,-1.0334095733686663,-0.5048421467180872,-0.3783258434836065,-0.0111791135064797
-0.925939160556591,-1.5214141428920653,-0.6153263303610241,-1.9358926743791798,-0.5249058586215974,0.6412548715117469,-2.5814163442579945,0.19263638497916719,0.18616198721730118
-3.4295053749951445,-0.8064519152048066,-1.1111074026235221,-0.2466072109178461,-0.21481035824849604,-1.0857949773000308,1.3290880061825547,-0.18223260296055221,0.08142992203391321
-0.9927536212515805,1.2358562036034297,1.6301011624918542,-0.5533050801586313,-1.6865142573102359,0.5899062266632873,0.3130421829788888,-0.8229153570898055,-0.8863498143636133
-2.492394940790008,-0.31621549742974897,1.2657564783126993,0.5197838383903731,1.0487567322099816,-0.6947544126726051,0.8223065611503619,-0.45445240402974646,0.11438104964760845
-0.7220833205781441,1.8746716743049208,-1.1399247901847815,-0.2895949973252079,-1.2853690946867125,0.44932891166648853,0.08619464386284216,-0.5453058604878752,-0.9178178754988691
2.1103479735195676,4.501124145808657,0.9163422051596101,-0.02282003018585621,2.200425320357899,1.0017810107322693,-0.46549936551738075,0.23255073084796435,-0.07902837024421569
0.39507731990128087,-0.8138236835943923,1.314057020948111,1.442861758313899,-0.7582677641429719,0.19257665715039476,0.17040370631350168,0.7030214371664597,-0.3723300166662099
13.190310736088511,-1.7970991807947796,0.5369338874419888,0.9302781400715722,-0.37612705912118083,-3.1953137079525904,-0.35424015589366126,-0.9079821396477132,-0.5485830658281252
2.636987909997884,2.0572651093411674,1.796677863891421,-0.7734943388313865,-0.18061703953677855,-0.4729571715914252,0.6226795056508815,0.05005258566692475,-0.19526205765916504
-0.9990681973098016,1.0593250692339256,-0.6695050815435427,-0.17610560786879603,0.06204874794461109,0.4875338950180844,0.5743389887520567,-0.12155555385812815,0.09203765032410859
4.232072099726701,-1.426824212869016,-1.4846691251085935,0.3627470168482028,1.8476948067635606,0.28651347381513365,-0.2817232488963216,0.16736880939596405,-1.0283518996412162
-2.794471206703335,1.6644729324123035,3.066939388959642,0.2029135292453708,1.8820768294431667,0.1606734666630132,-0.4894112344898483,-0.9834488597993125,0.005602875209656334
-1.5978277285390834,-2.083633989718456,1.8497326369888456,-0.5566062137865078,-0.3762211563877875,-0.8152798601165373,0.46960243051438916,-0.7951857315063895,-0.6240759567388448
3.106009455631079,-0.24615133548597615,0.6465404800156965,0.26042471784955995,-0.10770164068257367,-0.8811697751019888,-0.2841926158567266,-0.16227701372717865,-0.4189401250696073
-1.1385841056199435,-0.8724230907366626,2.005766627662643,-0.8970904253443439,0.6783476207762229,0.8967467713445992,0.22293735070319423,0.06500993063284748,-0.22848619011682128
4.674192671253506,-0.33710161477967,0.6570028797319756,0.28685437470768127,-0.33829878307076616,-1.1131386831393664,0.4037546461169482,0.9052094063305383,-0.38931139537182446
1.562781719387378,1.960537914425447,1.9686252329410954,-0.569353835246904,-0.8559772145409905,0.9914337902811993,-0.04277656959627013,-0.6928187477180331,-1.1541950326259487
-2.1866276119567734,-2.193105071391271,1.2823027716357362,-2.516693941570606,0.9636587345739541,1.4040209406062911,-1.4143131087878091,-0.2718020245708873,0.11259698282888471
-1.3592411243665887,-0.3244093607511288,-0.34631355116687274,1.3394511964191638,-0.27808586560850157,-0.09604493402760396,0.2278348813742994,0.015152778756088168,-0.5628509612128373
-0.7632958130842922,-0.6464158272002619,-0.2566103803297896,-0.5925062775940465,0.24206149577246672,0.5495405773904396,-0.27579006087196983,0.3492706452655275,0.38648121663440715
2.8059561875226753,2.257785794082733,-0.5701780510553703,0.36852888070720385,-2.0125341255966678,0.893849506299762,0.6803913448885693,-0.4696098508245352,-1.4146245530117183
3.4840604485767823,-2.3732887970090877,-1.8127306632877394,0.23238637013356453,-0.10939873967628203,0.37435263160398485,0.1990754773161781,-0.1665296737581628,0.022147128940126118
-2.3783029405111393,-2.6623618697006406,0.8298057678619024,-3.053060072146294,0.5285944888153172,0.5930914715250655,-1.3287112389437803,-0.4109799909999147,0.25511519791087356
0.26373502727252823,3.057121990306475,0.9755632835701314,-2.37580911831515,-1.0367604981903222,-0.2619817975133866,-0.030026777677831996,-1.563420496026053,-0.13158505094596554
3.3111592711525035,-1.0811004606467303,-0.580374126203568,1.0126873381926755,-0.3446420896218426,-1.4356441372688113,-0.12970575108759774,0.28697414258032544,-1.6143065445398221
-1.911084196285847,-1.4515087244388192,-0.2898827768516774,0.4453899335008644,-0.7070548307456335,-0.08201684370401244,1.4987948437235654,0.5671461402411087,-0.5051712767673836
-1.6099861680193053,0.7717947367474245,0.11953795851889763,-0.5292121588396684,-1.3400480490095734,2.2554131196730434,-1.1987229178196503,-0.3028066478430091,-0.7023706796139412
-1.3191845516049632,-0.8144231819551955,0.6041597278293983,-0.5163349190406137,0.9537849139748235,2.8667692538579517,-2.686237719408278,0.7823381515927598,-0.2713866030549009
1.4162660980181838,-0.10462565571147146,3.2094573609840857,0.15099245353975346,0.6822446288107317,-0.36741520737251726,-0.19101457602052743,-0.29470650400336806,-0.21921633545743213
-0.6905462473787254,1.812912042339587,-1.350465317898476,0.7783632822678754,-0.4003926948357112,-0.11567607910130061,-0.7598941029192989,0.7551136127239257,1.1290473028442491
-3.2431453136612842,-0.14070369882661,-0.785889218391909,0.4597706784198315,0.6274076405666326,-1.2057544954138415,0.0283876637286306,-0.4956591531360984,-0.03978323220397518
3.385767399513984,-1.206926223204306,-0.15539221232720715,1.5402463971456812,0.4510292663061083,-0.08042928867606032,0.24470083678150162,-0.5121419044219842,-0.1486415718321868
4.163975867876159,1.4184026397287506,-1.2599965590825652,-1.736225213972243,-0.40249375169364493,-0.3734530213600333,0.6810520056172655,0.2738521821150974,0.6744255193710554
-2.037448694888823,-1.966742988143805,1.6044620550695672,-1.6593329999839084,1.265302997566536,0.30823085423352314,-0.31628788234124855,-0.37418645077168516,0.2506379124826905
-3.1248450589977352,-0.4784752048307062,-2.348856920241494,0.05721658068086162,0.0495156758054734,-1.1043453514491068,-0.6233342340169833,-0.2374003867420747,-0.11213768043808878
-3.010013036841492,-0.7738584590465941,-2.808086020642006,0.036363813077158004,-0.5878581111459722,-0.6442922139842595,-0.44288668808081727,0.24701954196677509,-0.34172665347995657
-3.3017336305637106,0.32376137081623485,0.987122189504601,0.545818251877379,-0.059957386823714875,-1.8579304956729652,-0.024641912887041317,0.28732279098353164,0.5707260713812357
0.37534200344855145,2.407837092215763,0.15705077617068022,0.20596259538941566,-0.23408853622458622,0.6908187106379704,-0.5102492844367289,-0.4538973720806353,-0.733225768707089
-0.6068184155128549,-0.458072261505225,0.33378395722406606,-1.0337388822983518,1.0892266059738587,0.029473796774981027,-0.6994646479156285,0.9886896406034911,0.5356037957272
4.8853109012116445,-2.8374504496519464,-0.8679628167442353,0.3000801673919638,-0.9765509090016343,0.5493912082038891,0.41908281740826714,-0.0478228070437737,0.048644173808900654
-1.9690243181594678,0.1438369401007481,2.0507787329073817,0.9537163920531481,0.457531214799022,0.13789558964948623,-0.31025636023330716,0.867267553833001,0.21906289051830335
-4.081974608862414,-0.5517364286431973,-1.404730587963772,-0.2179166491717887,-0.18865586808767368,-2.2241123803335503,-1.002804421185472,-1.195055350749736,0.2573355762974083
-4.606368335256314,0.07885176665190166,3.798661888528819,2.3364971681215816,-0.12152471683536134,-1.1578470074307459,-0.5435410277968359,-0.042307690687895215,0.4717892100792711
2.034705279739171,1.532688287940506,0.06638252979763662,-0.4747804075535508,-0.6776128628322058,-0.1413454838381122,-0.5595894274970739,0.4072327126042982,-0.1894193407932546
2.8734453209565087,0.4189288959911845,-1.2543378010453674,0.07696649495613375,3.0063609213731155,-0.5187363909927237,0.5630003800160653,-0.08384485527469016,0.1452489390103782
-3.3032675415927946,-0.19853452125579657,0.8794581486706876,1.581040952967858,-0.31732272430981595,-0.8046343330908564,-0.4087227803679584,0.42462719582058434,0.2960958985131508
-2.779013715677219,-0.08328472658299867,0.8588088445036537,1.1519430613885024,0.9029709474049257,-1.5845885202235206,0.899129813789698,-0.4023579517443342,0.018988255640161898
-1.4183141360826852,1.5550419055963567,1.1292568640163942,-0.8763881477455724,0.04842154768954635,-0.020289726326293236,0.39031603790078273,-0.2711858993114545,0.616534881134535
-0.5597145395910857,2.7036630257440892,-0.8877173452782899,-1.4022823934879423,-1.1557164615142312,0.5530796771402204,0.871480686412041,-1.3372827455058438,0.19713642403790851
-2.2668929788658696,-0.6217865603208779,1.6898489332183178,-1.146144329315606,1.4267408966629322,0.2959692157921225,-0.030226985195258693,-0.03281781530702775,0.5375107003788744
2.4581244406491933,-0.07295034722442452,-1.0851600295771306,0.7120195547014564,-1.9704196548753212,0.039502044026994795,0.33280425197804525,-0.5275165223638811,-1.4845691969068426
2.6364508550397048,-0.015518430881071622,-1.0493712122087615,0.8584843528360558,0.13913271486862097,-1.3418764397649827,-0.18740461552884385,0.7760775520593199,-0.7379705818344183
-0.026670265127892768,0.7839214626219821,-1.1153298898301593,-0.07363140004589451,0.8670744399490686,-0.24187817309384743,0.15944886671425026,-0.3383679173010962,-0.7747205985631196
-2.1469116195180504,-0.23321425857470562,-1.2703119402969423,-0.18288146123798665,0.4517393774743606,-0.8613279558092879,2.0741464079265435,0.4542854191034987,-0.09011617843320657
-0.9952924170132227,-0.5279430596293639,0.650382547434674,0.22752573289321754,0.9076805128632117,0.23092204746774742,0.9638363174407101,0.4199127633070029,-0.4244373688697629
1.9513470688668542,0.3557516525425468,0.05236272611698615,2.3845613704332993,-1.111176594709835,2.351910766259771,1.0398263519760322,-0.37028012264836085,0.057518783489538955
-3.1143025891523015,0.5431399287612144,-1.1754151630357885,0.7007000786839869,-0.8934289920700916,-0.06737006901667586,-1.249940531039687,-0.3928236633336347,0.383771679795285
-3.746977945080047,0.6840692418540822,-1.0922905767726967,-0.17927734477122867,-0.23357552384059785,-1.1586437750249028,-1.0132231488739405,-0.8910812085986446,-0.17649051173869348
-4.197707567586005,-0.114191743126064,0.5709152810733075,1.6688903365863839,-1.5796133861058936,0.2915670083047526,-1.1445621261847305,-0.4688854148781864,-0.10137684743661685
-2.8416735767094177,-1.2657537285021676,-1.3783889870555797,1.52479367393958,-2.300859806114067,1.154894193012333,0.4195452522289355,0.5479745490064581,-0.5621082523464345
0.04805583313867303,1.7072066935067405,-1.251735178871551,0.5770991885070268,2.761741034781981,0.036416494309570925,-0.30780868579477966,0.4562623794505804,-0.2932876362309094
-2.7765403241806665,-0.6507395503596989,-2.5900664197922625,0.72226284475706,-0.5315230926729662,-0.2494379704612863,-0.9154573898048268,0.25025682225686136,-0.3516068954985702
-2.1004789804890645,-0.21128295669820835,-0.31391796355922835,-1.2311254433936123,1.6281202562127595,-0.03432323292629073,-0.9563123185860684,-0.3630098728819889,-0.03032839084176931
-2.131273671495339,-2.580597499756534,1.2050708781898989,-0.6969233654016569,-1.1397138289354174,0.34162815815505426,0.8500541750364049,-0.08304068004926278,-0.22882824106700478
2.8187989252769476,3.056077787440077,-1.7543839435716277,-1.1199650597205713,-0.3931778272289255,0.9265825573140726,0.24285745822042584,0.5551759159011539,-0.1632919249840009
-3.819895206831594,-0.3784372865648282,2.5134932797250684,2.539150368958129,-0.4542387474589248,0.4574933158750073,0.7586133818382756,-0.06378135490619365,-0.4878972523207803
3.740003191294949,-1.8003248689551397,-0.7513938679289188,2.4448587703505105,-1.1221819443539336,0.8326628255289993,0.11866325396713107,0.4394368599378258,-0.8649288995481301
-2.2379531937588473,-1.887633359318246,-0.8619405820115249,-0.5956828064829358,-0.5744946426807946,-0.3652914317429447,1.1929735562882762,-0.03769861134224711,-0.2549373480677288
7.030812559883483,-0.8997046453352688,-0.22610387124628656,-1.2470496132717703,0.16203137704878895,-1.4815576616112351,-0.13407762537889178,0.6329315409060267,-1.6460122723833097
-3.1090776626945176,-0.9770755270196194,1.185483031608198,-0.7042211705116627,0.9288689455026593,-1.1759663030996772,0.060698396830320724,-0.7843562529776824,0.0870724610256168
0.372005617614286,-0.025001000743266825,-0.2869906774619676,0.5855739611994486,0.17371319107309902,0.11795887498819937,0.4255215530503786,-0.07638945858748752,-1.0182205430700029
-1.0448391180347953,-1.8173718927961076,0.8555516287134514,-0.7259656895676397,0.22468856712692561,-0.44755456382536246,1.0875423666213204,-0.39082868515209945,-0.38226413920372554
2.4743578394285564,3.3029936215867957,-1.1538150989200315,0.31156861054949403,0.38652739577101775,-1.1545328600265594,0.10269609682347904,0.7513205650743146,-0.19379822897122
-2.8106452790122636,-0.41808805836402796,-1.7484903408972634,0.4441612752501452,0.18577036211021566,-0.7209244960827516,0.06266385124128564,0.10960823174249867,-0.3307000247288236
0.9781625938177592,-2.423333627105192,1.4315290185167118,-2.5358560316817274,0.07667979391425868,-0.1284787275866889,-0.1412142774273341,0.35812708872257487,0.3266982861366923
6.676730029689184,-2.0632340884776608,-1.4950771209027107,1.5474287959111572,-1.0569091929629368,-0.45166328025452357,1.0815193955471432,-1.6142076537586956,2.1324693163861888
6.356852076737447,-0.7735420857948532,-0.8626784766570981,2.2925056445921683,-0.12675232723807808,-0.424566854436564,0.14777784854067755,0.5394450262989687,0.7085123028091698
-2.392949207149449,-0.9928931741208911,1.416293034060946,1.202054324272564,0.07959422034944216,0.7632772177947065,1.0574068085390298,0.18128469793434446,-0.3237178972505867
-3.543493473639188,-0.47649799565150214,0.6756018351096185,1.8742149992334611,-0.623830732923662,0.12173181112375293,-0.3830226814850294,0.7260449134377547,-0.07035607279391534
-3.4757477264973726,-0.4947989881318986,-1.6623009149595787,0.7145227282269674,-0.1775075424713491,-0.8362085489025799,-1.2849882797501053,-0.10440087776106885,-0.3020801925349646
3.2562692521854313,0.44904126493133906,-1.6942829932003127,-0.6972096626293605,0.9769624373872449,-0.7191418981744712,-0.1726924479479319,1.0023324128620243,1.5893341339298337
-3.4642154955521054,-0.9033255698861454,1.3767732773815666,2.5459414657353263,-1.4152081547148494,0.3267328739317846,-0.09162525684759389,0.7386922152412765,-0.3462992267978242
-1.6742116638490057,-0.448251954415578,4.686410457311262,1.4975296956042932,-1.428061519054008,0.011243825398988364,0.36823512124091523,-1.0799339327575364,-0.7609430336742063
-3.042170115722826,-0.6081173178209278,-1.8434307797723393,0.02216651845122134,0.08614313667045836,-0.4279572514096263,0.7594606971784231,0.4512151093299621,-0.09311218821492805
2.6480632925192333,2.078850876515475,1.7723964290048002,0.8294706881113985,1.8686209467339117,0.9961426694239827,-0.09455641495451048,0.9088409341489407,-0.3219220939501426
2.52320031752153,-0.31218347536372537,-1.3743068915597636,1.4930877930112747,0.6018892389902389,1.0073536275312835,0.6834142203507014,-0.27075970064511157,-1.7452059943281857
1.3642495607058494,0.07169255523591862,-0.2329368460677026,0.5433188644864938,0.3427936785003605,-0.11988728756630557,-0.7834545324465679,0.6510999083299667,0.17956698465003218
-3.120520177337611,0.5101118248811783,-1.7235435649056279,0.549817374041785,2.418872700744258,-0.7957131983832962,-1.319884853245987,0.04169269880182259,0.06306760309236799
4.119493711169983,0.0710179297661086,2.4459584675354384,0.2252297093752336,-0.3983455605536605,0.43908574694342567,1.1740974140812972,1.1931886693851934,-0.9296272227447444
-0.6978880708350517,-0.21724763168088854,-0.1312228114209659,0.7013417065231674,1.1287734560291875,0.5630804270776896,-0.7778883846758603,-0.20334083285845853,-0.7584982884225572
-3.3016255434062804,0.01926305988501927,0.7575279793907301,1.306238204779914,0.03965006605220182,-0.9650144093531121,-0.5242204674150158,0.606563224614408,0.31429640763986094
-0.6204160606377048,0.5416342013148661,-1.5429929147900199,1.787384718384426,1.0588670031223018,1.4099097841168944,1.1029916562431121,0.7170754040768985,-0.094142055740845
-3.4996587300103554,-0.20199595275855534,-0.06781508201370767,0.3728343447682108,-0.709350982436932,-0.9645712529246057,0.34987450371735757,-0.07475718026985391,0.2645882405337473
3.4204729071019484,-2.447493869093436,-0.7529151061111313,2.655741427313981,-0.3157773991505631,1.8660572191998264,-0.3094838862852881,-2.5595850596645544,4.398708181078279
1.0079203023265095,-0.627572455972121,1.4144149266017856,0.13167784417691727,1.866518967025517,0.12263941090303158,-0.17341732659494236,-0.2022477192826543,-0.4674556883948492
-1.5271984562570995,-1.2430943342495682,-0.8664511308583195,-0.6694798223745089,-0.5014192343512284,-0.11518847564318567,0.6691043918922963,0.08105657490844509,0.31752323679065525
-1.3094375701643381,0.5490466113012299,1.3829462083339994,0.6971561307193984,2.614967394839541,-1.3984745184748453,0.6816843203091946,0.05985766941598772,0.3401862741196884
2.0237337974188296,-0.0029869817966642867,0.48748717985642187,2.3229026349943416,-0.30054744303896014,2.048800218784265,0.2505114555436283,0.18191017753331,-1.539333704227683
-1.7094041902362516,1.6045827111252733,0.4145451855613151,0.8924569602092677,-0.707823613620967,-0.4540558649044975,0.014677633924878974,0.19144403008185323,0.5689611285026973
3.1838141441253853,-1.1175000190412467,-0.13375319725365742,1.9614206905058098,2.4907108560342777,0.6305643908381584,0.846073766133565,-0.3404286848881424,-1.1506541501423826
-2.375544450014735,1.0169053114291011,-1.6271838991770924,0.5955494194334936,0.33119661937428807,-0.5135953358114748,-1.3877860618466251,-0.22786027875729467,-0.19754545818279776
-3.0409496096633055,-0.07806906419067376,-2.6335989025080893,-0.4894103480852151,-0.2522531340695932,-1.8359750648728625,-1.214666301113719,-0.25463490750984824,0.5462250462057694
4.551436194683634,-1.0851403354191724,-0.1240700631174282,-0.397440666942777,1.131483359164047,-1.0759618461015812,-0.1273433726727293,0.07846835202120966,0.629491786602751
-3.6159584194093446,0.9102416697995089,1.0595721928332664,1.342812518555525,-0.0037191232443972576,-0.7057412220910722,-1.2033900006350622,-0.2716931694142245,-0.0047207771107073936
-3.4386299512594536,-0.8002416944434133,-1.1553949539462371,1.9354422332193444,-0.7112637640400251,0.6731661515436491,-1.4974998436392417,0.625851367736975,-0.552505738603638
-4.1476820934764795,-0.19607111887652182,2.6657448198305502,2.761136694970706,-0.8284618544787062,0.11630008426944781,-0.744694015821947,0.24792776004615286,-0.12324083241079255
-2.103297401886913,1.4349311798868851,-1.2761678096238913,-0.30748456777574384,-0.21446616680767702,-1.1174536750763802,-0.33714319593058556,0.1945799539709275,0.08173793411552134
4.6729360582340105,4.543405489125337,-0.08184512322960844,-0.8414855057330345,-0.5767452328948113,-0.9719758226397106,-0.2793605293370692,0.9088668359564711,1.0973910708077328
2.192089754215465,1.4957269188552331,0.03207028014406227,-1.3589631395670982,0.32111887102490616,-0.11324765370293541,0.9239246511168541,-0.4267209627421072,-1.201779237665022
4.145588993259707,-0.8588153106124614,-2.2568097661471778,1.433921649376769,0.24855756881218358,0.3633471672603793,0.9428255834426115,0.1938685145583993,1.5068578459699637
-2.3422047673347652,0.49915626213889497,1.8925748877742319,-0.36566987999627526,1.2512764498462496,0.6943220311837028,0.3563076116238168,-0.6574113993028993,-0.26931536570920733
0.9221536433679768,2.277756752435859,1.4816388668375096,0.8522358694597784,2.3245478738952556,-0.057469829950102705,1.0854701529986186,-0.23266417251660496,0.05677765216841033
-1.3354846899446609,2.2104566041915605,2.7972700358212754,0.7669428023009375,-0.8164106491662079,0.4935061708153757,0.7134509253543941,-0.769673686416675,0.16811555762143957
2.4278127890736805,2.614583185406292,-0.025966960785956804,-1.3674234179132316,-0.929103350312175,1.0625905193769514,0.09367424923715582,0.6724260333239663,-0.4994697955775772
-4.086751639875783,0.13754563415093665,1.6388681610617295,1.66749796222765,1.7410835534433864,-0.9946410612816489,-0.311442700985603,-0.7646766497480835,0.532954560164846
-1.3128648079924747,0.26193343155745497,0.7938307648644378,-0.3661365309379013,-1.1600665069519793,-0.006395966591196886,0.9375704136922284,-0.19753337657082257,0.37745236163870727
3.299993726805652,1.0242376113997786,-1.2549235588185554,-1.5021309593038734,4.361430903652382,0.29740438012764986,-0.5571438661858956,-0.06508725561720072,-0.5069255901748965
-1.6407505402711717,-0.4026723418290351,0.343622482545827,0.7845876243033582,0.7850359932348108,-0.38044866103286307,-0.6384456080850581,0.15613538946674427,-0.07010897184127912
-3.237581449642852,0.7408875580197944,-0.9999683085205476,0.2924186227283899,0.47639900938520163,-1.0175289255907334,-1.2582360223591615,0.11558091182981287,0.21873930683960333
2.8374059546366657,1.5168024222019165,-0.23395364306519273,-0.1955599093108081,2.1805059967420117,0.01390231207295627,0.08759906574278543,0.6103288526651189,1.2870092599987153
2.8342552868557505,-1.5045112832489798,0.9590299068321587,2.2172030548395525,-1.1770709541244535,1.1236039352718377,-0.5918123365438951,0.9501858870709761,-1.1286960867640674
-0.5663829087136605,1.1224803983056328,-0.17066074674747636,-1.030189116499748,-0.09549735436233052,-1.9437891446319797,0.35786382968254826,0.728059123198582,0.7961947277618824
6.259471910366013,-2.386965168432102,1.1206812502897958,0.4719896963978552,0.43496549463120576,-1.448180118409982,-0.6866336601822123,-0.4847804147533376,-1.795391688945604
-1.042474732515464,-1.0284940676562406,0.6653759005673778,-1.428424876734194,0.18745066432494092,0.7634271509491528,0.02533435384526668,1.0512271910213793,0.26678263171474137
3.342071027380958,-1.427693479356811,-1.978305078375806,0.8533749688373401,-0.41078184033328236,-0.41438817710169845,0.4657141662655984,-0.6021417557336629,-0.49725935731000914
-2.157661214114839,-1.6792523097859107,-0.4053753833162036,-0.6353208182659883,0.025914952505734442,0.1739712427566295,-0.9924396541430406,-0.05964780460416708,-0.3786424680224333
-3.005940047818684,-0.8349875800668576,0.8175514767262362,-0.3093488959857033,0.345312913804286,-1.357349053672591,-0.7113753356509368,-0.5362461481490366,0.07861444186799417
-3.6629644785083584,1.0644022978151804,-0.6436015051163546,-0.4544777640687107,-0.17812930464860002,-1.6459363266515363,-1.0489158602024784,-0.7001943084175206,0.20225052640306532
1.9126682875615324,-1.317186966534541,-0.5247591677359399,0.832929550085602,-1.9338098668491925,0.017231561238670253,-0.25377538542833056,-0.15184345861876197,-1.4660668206810723
0.8103315952010026,-0.8358796213193531,0.9828553483742613,0.696089981104738,1.0411072890485502,0.7016602144134356,0.5164448222396161,-0.09935372739925201,0.6021566680829569
1.459617126829378,4.494631462513888,-0.9160490149645966,-0.26251355795487863,0.3492534256836734,0.2549244009251291,-0.07985744996308886,-1.4064385886467214,-1.3878261785671941
2.629706442867049,0.008889248990569946,1.1978567762120882,0.2022439300395637,-1.8263326640888469,-1.0295699280323611,-0.6360376826875445,1.6870919940364397,1.2809562708074362
1.2198623992662434,1.1147232594501193,-1.9458167871725232,-0.2727720696387314,-1.363682480029053,0.31591587384428244,1.5018192880819041,1.2428712428632331,-0.49628898302622726
0.04922537442813967,-1.3768664848905943,2.159510098489405,0.4954546355141549,0.27462450161439383,0.9268416706120555,0.6188455626173773,0.7897924971705857,-0.6229634800024324
-3.62280499838535,-0.4153874266523826,0.3779112713074714,1.551103674208092,-0.3175447722557118,0.4605954204129466,0.232604616199108,0.2674212848341308,-0.348963696624374
-3.897993425828156,-0.9140535370320146,1.8135525107304458,1.9729972108699467,-0.5733375363087022,0.02871998800543787,1.1583782164356575,-0.030721917308888732,-0.04285907923640126
2.0481407743736986,-0.7960891295677478,-1.7585475976960634,-1.2153989972647445,-0.29414300544723676,-1.0673135456715128,0.4287844521121766,0.2281127209215208,-0.09684276892176263
-2.857670687266771,-1.230563136151936,2.018048751383123,-0.08914051157772021,-0.7475429917320592,-1.4116739391765523,0.4941263886579453,-0.3626382683157116,0.05839610002544804
-0.863994441310014,-1.5908433444384709,2.1203444663082243,0.06275586049281583,1.0043893148267509,-0.09629186162564948,1.6890341543722651,0.23959440051607542,0.3150304232240769
-0.48309733953680895,1.1194761104340387,-1.211316911663903,0.2733864917100985,0.2256382223320911,0.40406331944019014,0.31622989011071023,-0.5722720729063485,-1.3100624162228713
3.466929473273263,-0.9718900374446939,-0.07162244676662691,0.6284938297374839,-0.7839135394595281,-0.48383224716774936,-0.31956835744881373,0.03344043818101197,-0.669621843930432
-3.2300994746507397,-1.278726833130526,3.0017846493310296,1.2588317111608804,-0.012389464433723962,-0.02276259827122527,-0.3401072371618761,-0.33525436088217475,-0.24856440553345555
0.5254701740317024,-1.033332647327049,-1.6474223793025697,-0.7556199778117157,2.3522381204976,1.2229770223192284,0.8523253689335564,0.8611045331303631,-0.39127511072900945
-2.2297959163167547,2.6955558687604344,0.483541267877287,0.08319309671797642,-0.081698742838739,-0.2042233132696685,0.24957202004620324,-1.0342994995772143,0.1356934797820701
-2.157915872587207,-0.04659984178001536,1.8624961193546732,1.2949061739069798,3.0401528427671454,-0.789107464098115,-0.06517424249816761,-0.6377832353029962,-0.3599595974919026
-0.2224982894358891,0.8840439763518942,0.3428839106873019,0.07492097744800001,-0.8466510013199503,0.4827086044899856,2.766096307164858,0.029894751759373648,-1.0024944545271435
5.543479444504523,-1.6499800113011007,1.4348412436452451,0.5826608422187729,-0.536442037708151,1.0414874159737564,-0.25697554417251817,2.4766254030662784,0.5945756527788738
-1.4123794229792856,0.09140261374892887,0.35495243251301206,0.613295579224345,0.3391037326756437,0.7363586859646895,0.5065769258153417,-0.9912866807891167,0.07591812627110651
-3.600468759237922,-0.13353428885819968,0.261337166401562,0.6381009293987858,0.020496853964014093,-0.7267265253193662,0.6693143861420567,-0.4204218028567965,-0.22148361112653228
-3.317385163241832,-0.26924650963281577,-0.8818537994104113,0.11769262418941688,0.7816706000646275,-1.2268704137371744,0.5477196101039697,-0.4787205767309952,0.012200038336827921
5.1153731831179865,1.2768958342218066,-0.4549487522704724,-0.42485460199139186,2.8495346175559884,0.016802835583068707,0.011827901181262462,1.3214131124197417,-0.7010233672382775
-3.267696189134713,-0.1558733996452608,-2.080257618800215,0.3633315151951786,0.59942201436044,-1.003859482568631,-1.2195518308165485,-0.5041621535371152,0.32145082200931047
-2.821296193212603,1.7636902292622543,0.682539413667311,0.950704477425233,-0.8918205722194592,1.7551709334910053,0.9218251358737342,-0.7571768150750772,-0.726762454546856
-2.3468340496230633,1.238295044538928,1.427710994893829,1.6829635572668562,-1.9495881316108161,0.37622115904868053,-0.16346496871361582,0.3850986464701594,-0.4365007704673557
-1.9202206657463117,-2.297010743856214,-0.05206712521775539,-2.066534603691197,-0.10427964498086936,0.7311131255069013,-2.1586717768271955,-0.1648559171769197,-0.13871799982211996
-2.936060041366211,1.3319441919633288,-0.269061965640473,0.5953559722932192,-0.8166037935241672,-0.4991171821989479,-0.671258918462714,-1.6939556892777534,-0.3705486739849265
-0.1454510920426435,-0.36032733792198934,-0.37293445598417224,-0.5929261597881732,1.7237379844853364,0.7754682553679829,-0.825981563825306,-0.2925248336959014,-0.5371541097265434
-2.8493687323961066,-0.3508540964928715,0.937974414506943,2.032974437292999,-1.0574567268139459,0.3522431854062559,0.4645237398316027,0.7418635451782098,0.01854464104980055
-2.4056573398941072,2.4406438906480368,0.7234409073284498,1.0028019334056857,0.7474306566322115,-0.3826347555212015,-1.3842167784115527,0.0393307972657417,0.44440727618970033
-0.4924397904233672,0.8859616854778648,0.7509622616100894,-0.3886188302315855,0.20937905829235237,-2.1283613383086526,0.2695269692823788,0.5208194558096683,0.7224316891741793
2.9537473012817377,0.6323502588800434,-1.5892946184415555,-0.5492616691855806,3.412921040189037,-0.015761765301255608,-0.486211575006217,1.0422142010054787,0.019436761986415793
0.5591072083711169,1.698155806480413,-0.2769541159016877,0.9435954860143806,-0.5504358136248302,0.09784854655768407,-0.5513547276678163,-0.7378753757217001,0.27243375025045213
2.992319916279366,1.8702743381882598,1.06961955067351,0.9801925485976449,-0.4483028311006183,0.3952980172764838,1.0652207687506938,-1.2724058593858634,-0.24571633651055869
-2.3383541276225466,1.9130494581900295,0.33228994806874934,0.4993300640130957,-0.2384619919367091,-1.295962295132988,-1.4820278183825457,1.0355470265798212,0.7953421109056013
-1.9678218589581928,-1.6627649090241807,0.5521635365996053,-0.7335925781713651,-0.13255547686638477,0.31550579550912894,-0.5104030701371962,0.43813131681055884,0.28556636443015426
-0.3704276424708443,-0.2767542229368037,1.5641667345751225,0.991693250057338,1.4148084793354367,1.6459879816838936,-0.2453064366601978,-0.46634070205410566,-0.20004727598751593
-0.5072684703175597,2.9421417697648615,1.8959295853064968,0.5115766839109305,1.324302706095585,1.5352416877980275,0.48834053900415875,-1.0342224915360132,0.0195398509849785
7.206529123307454,-2.390452111883844,0.9936701313143559,1.409018175744304,-1.3096218634904295,-0.5379226286534253,-0.11353234899915275,-0.0013649790230894048,1.0490819379672673
1.2345375172663946,-0.10841844034437775,-0.46771227811421523,3.1391121550904875,1.2133039451108856,0.18588527608780087,0.9857120892195308,-1.4230481277902283,-0.14998466213616746
-3.6913447094550444,0.990048410957635,1.8867174129538813,1.4716313452598135,2.451443822554474,-1.0528835281056153,-0.40954908777637505,-0.3044691303403634,0.6021959268757611
-3.285775862715394,1.3077559816892697,-0.19907921605022869,0.17990140982758196,-1.3686328363555276,0.4725168918075083,0.19703607572075316,-0.8093093622949266,-0.6781439869571748
1.7659822526043412,-1.381280851660041,2.3027748920615254,0.48633232981592683,0.8571686183304591,2.5474659956153975,0.456353844801213,0.2201292218272319,-0.880381103264788
-1.094401183764315,-3.253109727355707,2.5221400161178975,-3.5610486423075995,0.774487722072342,0.7877183922901105,-0.4833244852192555,-0.4735648337892179,0.1262992209372651
4.477969737599835,2.0153338919835653,0.7368213968196379,-1.6735282467130541,-1.622666064759468,-1.2786047387443495,-0.4806485163475341,1.4727517003268047,-0.29443891209525513
-1.8138506335440299,-1.2892253858598917,0.7232947218748497,1.2249656042217818,-0.08537660818066045,0.23142394457161905,0.37794804181295516,0.0038854899442958522,-0.4416686664121909
3.8570503539787677,-1.4976379494007552,-0.41258874279600105,0.8902631130037856,2.0458953825260413,0.019479707466758672,-0.06195228258712297,-0.4784568445074381,-0.863267312159975
-0.22813904396389562,2.739334321945535,-0.45188106184055976,0.06904887227631765,0.6690493166090248,0.026315249215864527,1.1730179421421625,1.1214841971096774,0.8650612031571442
-3.1238100439780556,-1.1618641701471704,-0.8965105474730657,0.43579962451930987,-1.2000779809527584,-0.5179413261954758,1.467944170724599,0.21847758163949577,-0.37602595509984177
0.9851854921044958,-0.10432890521569252,-0.4606218374220284,-1.1398839613688942,-0.4906471858397827,0.12640890892719067,-0.18737562800796156,0.842878752596939,-0.0497176363480256
4.609003440177716,-1.799563495944263,0.80616899013434,-0.33475948918798415,-1.811324192781891,-0.4032510335113721,0.6706398937970854,0.21080959142304295,1.2577064804493117
-1.1105064625344458,1.216077445850033,1.169087516043606,-0.037630339258075546,-0.3505454903036997,0.44063214598335354,0.03150231925140779,-0.39862421311451296,-0.6555141480988357
-1.7114047634998866,-2.443410780516901,2.761796255571392,-0.6633447189313401,-0.3440104888833829,0.29530986492681316,-0.601265508190378,-0.3079384475292989,-0.3255256156791109
-2.5402834865726778,0.9224266006983206,0.7133496801679922,1.219638113278515,2.1398098637123493,-0.5034582432594269,0.3743748903150381,0.644174178413177,0.3018133993452554
5.0775387340513864,-1.8157908289635905,-1.6682745951686704,1.1164671437527727,0.27963671721039074,-0.877849600487293,0.7590777222662077,-1.510627588584546,-1.116987421793523
-0.5669766210911138,1.1396738431647346,1.0833370720160718,0.7806634167359092,-1.1667640477861734,0.9596665641790285,0.6076454134776128,-0.44947181689416915,-0.40989739537448505
-3.489546683321619,-0.4269401259278774,0.18446589373054406,0.325095710711875,-0.585798831668769,-1.7240674857380718,0.3580636882755307,-0.15158927013905,0.5681586118121794
-1.2128983985442903,-0.09217143877805477,2.1514061395041426,1.7232574456878336,0.8604774220397573,0.1966890217832756,-0.34801201495395556,1.4896130629311386,0.18472543338432443
1.7423634493759874,-1.937386538340911,-1.4952148761176123,3.1419086211472487,-1.8574043135760827,1.756553223019151,-0.7074405410275646,0.09347702962805131,0.44119917542550957
-3.5036408200516074,0.6765002804858518,-0.35968980568850406,0.8898441530765718,2.1711209543139214,-1.0254542683458614,-1.2208088829585289,-0.6035348108876815,-0.08826054538272067
0.5194256110042152,-1.2529998025934719,2.2854489431138894,0.5307310018331353,1.601336011113935,0.6117192235115012,0.25452058612082745,-0.35205016882623796,-0.76451539874902
-3.3457666027360853,-0.32340815964430775,-2.3965207279943046,0.1438457760558243,0.16724195364023042,-1.029496811117988,-1.265914165645494,-0.13462951687730162,-0.21113797887898483
6.817759341190528,-2.757763471185868,1.5152827404498386,3.4434953929931984,-2.223255393582867,0.6939986918952913,-0.20554520177949268,-0.9260010405717779,-1.1349336108562982
4.507991981357581,1.0984736076893715,-1.2906839537979127,-0.5439112075814605,0.49827154977863725,1.042799717251503,-0.5595078293283656,-1.3294850482386746,-0.2604833795885645
-2.259969412311365,-1.6925489982713366,1.6890041946728598,-1.498763800666208,1.3428719677711598,-0.2991881383464613,0.4422158326583617,-0.459423784011715,0.10937813806200604
2.843261684306629,-2.8551545433638075,2.4370103747570595,-4.381019096729027,0.19890707982081607,1.6590396250382158,2.0080470671021646,0.38742987604386026,2.22160014483773
-0.8156334697411336,0.4196561151038147,0.49057977120505436,-2.208652026849621,0.7707848324053668,-0.2461775850279044,1.2727840712935026,0.05140616439915558,0.1738690431970748
-2.6347112094315848,0.7837242493898261,-0.1728440736988001,1.0124398037954352,-1.2165343352099025,0.2858519210834279,-0.3606601072939892,0.6028082869548007,-0.21354589859956674
-1.0659001938859576,-1.5190505180867566,-0.16848727788146603,-1.1009958453893907,-0.31466709703500145,-0.03454154766996662,-0.6455374483680807,0.8039222044320609,0.027266535394463644
0.1589350754063751,0.9508281811124328,-2.7240650136508657,-0.5296167211125905,-0.6682865412117396,-0.21690943664865997,2.289935852329959,0.724928269275273,1.0540809790505092
1.3717585140121376,3.6373101056727806,0.11380125247782247,0.19558005890596203,2.3979408251040457,0.10131107098950795,0.8664517887786269,-1.3321395310295396,-0.5596002360901748
-2.3514634899810596,0.5165008639204485,2.3693256122241477,1.6214809876572394,-1.0095243540725947,1.0065985353305462,2.878840698559087,0.2880733794735774,0.3756054481755274
-0.062057449523830195,-0.4804908637628902,1.1343015837148351,0.654713725439208,-0.6437021269413065,0.4320206883439685,0.67447467334939,0.8297565129674797,1.346879236182751
2.4242840945548383,0.3404169665174874,0.08416279918020406,-1.3511109789646152,0.48218094263326916,-0.6012745981750219,-0.1117429563349546,0.6770983420191586,-0.5508319363050146
-1.9738694103565373,1.8869397326737345,0.31476203836757355,0.6075325478121217,-0.4193388260053777,1.1432738777857794,1.8053685650240465,-0.7242163797265272,-1.0951155125472876
1.1021982614751649,-1.7037391654193133,-1.4086343164197805,-0.724603243291226,1.1598515553109974,1.8318881954582291,-1.2292332221904247,0.10610755570191761,0.005362440675505754
-3.8800847846731266,1.1547793537874123,1.2857914597365343,0.5545091571241905,1.809404156063528,-1.280772959687831,0.12129500125166993,-1.0782132099230026,0.4901004240800438
1.3438506627761764,2.364055444159687,-0.39118907305699896,1.3464515561748218,0.5715623666866174,1.8654119362961479,-0.1779330759487538,-0.026914794537947602,0.6799539725014093
-0.6502566719813838,-1.4322296204511724,-1.0200729740264356,1.257305037913787,-0.3098272451450615,0.5970134333333803,0.7077659543029305,-1.0356493857582687,0.7910209682232647
3.7337133957555353,2.8610276790936306,-0.8795235419544288,-0.3599228770582617,-0.9506567250002946,-0.4870467605539893,0.2516382452965391,-0.9429513165753002,0.46856735364330554
-3.2851740260162323,0.09764558699772807,-2.152676928657602,-0.20578632090346013,0.05653136199412686,-1.4098590801630484,-1.1991421995210763,-0.23316761894322252,0.12014122518519359
0.9529031012332217,-0.9344420462101524,3.3396651739449235,-1.0144754736118835,2.6413843911662953,-1.2018702109537573,-0.5018889077374503,-0.0030555951162823847,0.05417721016086725
-2.5615580262367224,-0.4486245087438206,0.8704182201904687,1.7558479976955834,0.8440202083997227,0.2707843093482268,-0.4393423325814783,-0.5811946881225819,0.35782695242569545
-0.38736202117308266,-1.1894920670673823,0.5498632578566944,-0.41066136911182316,-0.10296715710027095,0.8387512184820868,-0.3722785593248805,-0.13573034620256652,-0.48435811696646097
6.969075868995414,0.15092605476062884,0.4749221537793192,-0.30878360188770443,-0.4789580739659839,-1.5287658271503948,0.4873976618184984,-0.6462738108301925,-2.4497303711468916
3.6785732196646412,1.0532342866376976,-0.6979612024818482,-0.9158723426514368,0.006141711829165088,-0.8484129105898586,-0.05455768167213415,0.6949254012079377,-0.2042224854623815
-2.301026125498276,-2.3432776579195074,1.300973843743377,-2.2398688876950423,-0.3764960967838681,0.41670094592709095,-1.7932088062082343,-0.3801147275749767,0.4388238976596893
3.117155209461568,-0.7566275913910576,-1.8536931587574084,0.28530107582193204,1.2258960702557302,0.29332737128752717,-0.17460704045886002,0.3862600610081757,-1.0681004036908908
-0.673431014260378,-2.7263686020012066,0.022486414697407284,-1.5374938828697389,-0.5419361747990071,1.1828308413265147,0.14796581687974578,0.7254368154922423,-0.2620166315208768
-0.884052913295773,1.6881498958351246,0.2662607794992507,-1.1112708561138844,0.10334049375390755,0.6186175952206457,1.5073061399672427,-0.7390680285306479,-0.09549786330912033
-3.029304420553817,-0.994583349319777,-1.4128301580019844,0.18240211411164126,-0.33384227186720583,0.0793311971449584,1.7273350163996264,0.656048153890254,-0.036050244803174036
-2.4491911421177175,-0.18267037787821105,0.6398698309734246,0.09930270606628307,-0.7406871408829158,-0.07744794857238341,0.498243357335791,0.15664739434971175,-0.17362640528146228
-1.8666738982039008,-0.5591793958373995,-1.5859605565296901,-0.17584602837977656,0.7374122092576141,-0.21062801395130917,-0.6784667843445011,0.20374182827313503,-0.021567069433554284
-2.598935806441163,1.0115941138164786,2.7662685223607446,0.6758761896878789,0.2734638390353803,0.25358834216968335,0.23426262877329582,-0.0835624978390193,0.20086060337161538
-3.342259262192008,0.5299963253475924,2.1409912653530183,1.5760133793022595,0.9286881372118828,-0.9268598214126822,0.3004561127591625,0.07171603821778547,0.736050541047811
4.629931984242135,2.059534139212112,0.9756959997867797,-1.5770936777111302,-2.222238858155496,-0.4088673570701031,0.1607607110701512,0.5312955922210962,0.380319608006746
1.1360901979276796,3.324921602976009,-0.5082950126899654,-2.1541522979159313,-0.40724051144213363,1.666747230790533,0.29596972373549696,-1.5701887617179349,0.06077242567762476
-0.5328273546371661,1.4420690876161302,0.5672807153735305,-0.5493380373547593,1.0011833567681896,0.9974847432277044,-0.46642210219360053,-0.2586321900054225,-0.6130023212190159
-0.9936505743555192,0.3903823100266244,0.7991478060727591,-3.015202405424793,-0.4708352883102551,1.1796003713588212,1.7839092395855605,-0.359738870062166,-0.01995937147574499
-2.3616564008516527,0.9821745158476712,1.9371562716631916,-2.715848055896657,1.1485396750067807,0.12897110954501415,-2.123335353381817,-1.4411020120667726,0.45704970732550954
-1.6283913732857522,0.28734593124832,1.3343858821723522,-1.3713193188344207e-05,0.9199945939737324,-1.4157107633894737,-0.2965752176609774,0.15612755987760588,0.2669207271716496
0.31554436790378293,0.04262396528627714,1.4812211841952374,0.4797282567285682,0.7195428095772507,-0.36741555050731395,0.6459989121682319,-0.03731802361396174,-0.2928769081205851
3.5397163894745307,-1.3752873837754158,-0.7123740753477994,0.134959982869935,-1.6676798309431098,-0.6416771220395685,0.22713471035284405,-0.964907263273864,-1.0208555481601962
-0.8830438356489698,-2.0431344162073644,0.7744154738638448,-1.2988472617614055,0.5244646076135898,-0.1336324598797428,0.024921729733870013,-0.28224164383586775,-0.29563668299901796
-1.3973800191413637,-2.909541627330213,0.12285373401753269,-3.313010991363741,0.2989699379917648,1.8505026659039039,-1.0556625905579728,0.6827729398010763,0.2929660416358204
-2.814610866213521,0.8121869235546311,0.19948872058824485,-0.35842445951045376,-0.040812198225306254,-1.0436279928006873,1.4514654719415578,0.11206996820445621,0.45424689768009935
-2.6680847505090175,-0.876119739916033,-1.851447548313206,0.5542959015930751,-0.5935809000259479,-0.1319860564384041,0.7257247320764157,0.3653572084350871,-0.5542854098832702
0.3772211446247912,1.0273597345560221,1.7109070938760746,1.0923831615067694,-0.1104315858494945,0.16546230000230275,-0.14008133353893046,0.9560869869929856,0.8133862560814065
2.9235445295425992,0.14209008638631873,-1.151342946441403,-3.012604814780969,-1.4443444298253474,0.12354295297239862,0.25931333428582376,0.5312831764384053,0.7517055340736623
4.15735001491956,4.138536844981636,-0.21797920620365235,-2.789825566344431,-0.07812750192228426,0.8700575116394454,-0.1801457993061178,0.11870761890497314,0.6447372027295692
-0.9496662155765896,-1.4659806699791722,-0.6259276852922634,-0.2666178145108383,-0.28866484664006914,-0.5569692475593594,0.9932823184188105,-0.004204502368495029,-0.23916437869405913
5.681838347443823,-2.067916629978267,-0.4801235879067901,-0.15727221797781107,0.4830508284423726,-0.439209716567494,0.09598854698831207,-0.07635093887325554,-0.4861619225633399
-2.963578937948351,-0.6951509720644234,0.8268008614346314,0.8034610434492607,0.9363709855615856,-0.6453119543460095,-0.022237360864735437,-0.38150795283281635,-0.28930922284982796
-0.21189792236409144,1.8098634134168108,0.6822133875002064,-0.9620413273423947,-0.13039549773645387,-0.573772070859713,0.020329722531211757,0.5994465333856049,0.5478766859314187
4.9333223935227855,-0.22523198427092594,1.8309454258160556,0.2852464186364001,0.9178877806592988,-0.3361039015200281,-0.20676223676388625,1.1780661191772779,0.5653969822577611
5.5397303937590445,-1.812898877401115,-0.5680060747784357,-0.44694874309283905,0.27172548080059844,-0.8989083896795843,0.1156023049599103,0.5089987747215057,-0.26116034825658546
-2.9191848363302677,0.053500667615671356,-0.8883142366024763,0.7544047493111965,0.010908374057394265,-0.9741086459478898,-0.5876071753451493,-0.13821507203424446,-0.29762441385999533
-0.6017006059928607,0.9855317269247285,-0.8618037568147598,-0.950735660863166,-0.6915086188756371,0.46572443097818667,-0.2592185018209814,0.10122053901142801,-0.3877786068860284
3.777432459997122,3.3414212723326204,0.09050852402739352,-0.6816674010442899,1.2630584076754543,0.5901119593219384,0.26417646252036414,0.7136523878665033,-0.05203065072329841
-2.4109620586888116,-1.6354895015308477,-0.1143022556202673,-1.0270955510247646,-0.3367929696818317,0.265074478780042,-0.6407113827688155,0.30025657085896185,0.19165161363104138
4.064994771588417,-3.329368205429673,0.7498728531182285,0.7965883121505885,-1.4461106944556557,1.1736321643410705,0.1564447381132975,0.5031536652766634,-0.5631076350617563
-3.3505119681295747,0.8247368308113204,-0.5322060559929351,-0.196648932665026,1.5035036560914998,-1.4759133478100592,-0.09341887890549493,-0.4019167206089787,0.2804855643558192
2.65975305042231,-1.406440040447942,1.731988155129798,0.659447351022059,-0.8987422022148231,0.518933153819003,0.6636761295866873,0.1200142400288196,0.3475932584293575
-3.0128660530642217,1.1393425637098453,-0.5661699395448886,0.3549855045859954,0.2081408478005852,0.028574856318037405,0.05653257560396221,-0.9976642511035644,0.1953775316574051
-1.5256974258410294,0.10270555162914284,-0.3567292499484415,-0.4567330660425241,-0.0038830869044704577,0.19386749185501484,-0.0023580601193358567,0.76748373283658,0.21539968777055368
-0.6960329152270268,0.2395463531178267,1.6960973679702,1.3746530600976257,1.432670752587495,-0.4069464753957686,1.4763741267763721,0.48928059105639193,0.18234071341839334
-2.696918009478454,-1.8462953679732437,0.7112389465513164,-1.0741795913479424,0.19420753121741843,0.7549553636466455,-2.5612712456893694,-0.2833857579883013,-0.08205566730480231
2.697837522179077,1.4862155162898323,0.8946995487770718,0.4732536704988692,-0.474481108666672,-1.1092258928515972,-0.6016829588751182,1.3058918458952151,1.0616118895086277
0.0021914738116599205,-0.40517073268328657,0.20817843426402796,-0.9016389274817759,0.2512441816057808,1.1219338078096774,-0.7162726611532965,-0.11193178203743849,-0.7017704707113639
-0.6634976104741536,-2.7789035872981063,0.9690923140846246,-2.669035433492463,0.8032509930171201,0.43815137694643064,1.938798516576621,0.11734967595014677,0.0452256425601826
-3.1515833062565375,1.4171123805990455,0.4038372255812857,0.3257203281743998,0.49537429720087467,-1.6290793643516313,-1.2853889200663398,-0.02398757404905846,0.6894455399454197
-3.465118678243401,-0.48373639814061614,-1.586536586013541,0.638563834163566,-0.72814398716771,-0.7769984327361398,-1.3349485844040276,0.2778983758092414,-0.10371467789623753
1.2822307768561139,4.905863314444457,-0.24474326698003274,-0.5600990489766786,1.2461640237174336,1.1178031774429613,0.6860453693273032,-0.2628401811407416,-0.7227150571279866
-0.3988202153389962,-0.24186160525701683,1.5261427455113505,-0.22304001472467147,-1.223611039619327,1.4603278214211934,-1.2833570175139288,0.4474671613460331,0.16660278958053537
1.3890988539312623,0.7224080838922584,-0.8790056664248044,-1.0283003707640452,1.4773134703691513,0.5968825702425036,0.350613981777614,1.4983034515908835,0.04002278771188658
-2.7169964852265216,0.06342750923018814,-1.1998520978532485,0.22467986364252443,-0.3838609376878067,-0.5944950283847587,0.16934537798479296,0.6362580604024193,0.05809124775125789
-2.608608474192571,-1.2868330124387906,2.4596568859112042,-0.133639028923685,-0.6366761941754319,0.15393228928489694,0.6842553534350706,0.8048686069448999,0.42599884619484035
2.7069243554329563,0.689048552769533,-1.1716552149565647,-0.11616550062982281,2.73812027340034,-0.5528485971437962,1.1548596842142693,1.0935476749452093,-0.3347794774591861
2.4042954093867603,-0.44430973412813834,1.0799321867937925,0.835855052025584,0.7116945839404549,0.116736814193456,-0.01581856542216728,0.34158702349330566,0.13298138609505133
0.6666260567781227,-1.384633427525297,1.9160486334181992,-0.8956035853063722,1.9167251149306515,-0.4446050878525006,-0.6230602819571861,-0.5643219589494074,-0.5350832003906144
-2.201017490538315,-0.6146977980873634,-0.6414930316027516,0.18016681725957262,0.20897379209702127,0.13186394492472614,0.3615185860232326,0.1646472665095261,-0.43686501238515907
-3.053344983996556,-0.6453508812413713,-2.5826931486414546,-0.19265639986673735,-0.3461685555343358,-1.245133045709018,-0.3486479582086754,-0.20960657147727485,-0.3466139514231831
-0.6040078315915035,-0.9148353248125861,1.977229549794923,0.6469869872528906,0.5736073509545222,-0.4954775320815775,0.6675056749949596,0.2616732351942326,-0.45149981698905384
-2.2897197978629977,-1.0795700064708558,1.5422400405567818,-1.9094121998254319,1.3394432513606547,-0.4223635339667181,0.3901057005162645,0.2923663273649721,0.774568607105522
0.06537645503516083,3.511768988751715,3.029596242811177,-2.1390438380487886,-2.5227088257434724,-0.4513882151600093,-0.017443759286318045,-0.6595083142329907,0.17547872753621072
2.813129091912627,0.2785102257949048,-0.016556034108040366,1.1278262211995578,-0.7635565644627867,-0.6021596808838007,-0.6286596258492395,0.9589258567933262,1.3103271695124652
3.7788838001898677,2.858864033350843,1.0009131261641555,-0.1345442884271827,0.38698585304761746,-0.04868485954858325,0.5601356833797464,1.1171793644735548,-0.5575365825757203
6.754229444154631,-2.8587515276035877,-0.8286800379507956,0.8903240050017556,-0.11677217602998477,0.4022605302463933,0.7717386846581294,-0.6172533433090381,1.4775012881870615
-4.0767153817358714,1.3512943878379362,2.017014282213816,0.3406261741819082,-0.019460310176153427,-0.7522915029270708,0.618146476682956,-1.1010448871569363,0.19896306386891807
-3.9693765757112653,-0.31284276850554577,0.3363124309171423,0.8444497645586185,0.3181510769647173,-1.3618655285498864,-0.256881973572262,-0.5659985498766077,-0.061265862050390446
2.2917257484802085,-0.9879750100620655,-0.573486763114047,0.7320068009709787,-0.7018715694646847,-0.2501297118245119,0.09542004748696704,-0.12038777864580924,0.05769340645388436
-1.4366065264424956,-0.20109085243593625,-0.2560951270366745,1.4604855303221747,-0.9796652590608886,0.38864426596710705,-1.136785058342052,0.3575855522613279,-0.46835795900731114
-3.496365199837367,-0.5969040801493904,-1.1911091060888364,0.7694871994805338,-0.3831059308503825,-0.4695627151459846,-0.4994307275943025,0.15246408234167258,-0.23429548395550906
-3.610331309964911,-0.11503199790675117,-0.39558071184645477,0.46387135608145097,-0.411435829352694,-1.2218561742230438,-0.4798491420167991,-0.28384867748824005,0.15591121718397266
7.252453904149476,-0.7821402578906975,2.1528425283883275,0.13549347891226285,-1.807212630396435,-2.641485132400584,0.3275017392924639,1.3239897270402958,-0.057952002089599164
-1.9946670335878844,-0.8758333671995067,-0.06713646324099508,-1.1994074944878088,-0.25214489966515374,0.9116977869601232,1.877481343421048,0.21735485525493067,-0.07707638190426476
-1.7445171175963605,2.094887169865906,1.793139974394217,-0.01953021546349392,-0.532839716822686,-0.4867062283815125,2.1083475652733785,0.9538179334249622,0.9844884222291719
0.341158181952203,-1.5063244909566098,2.0999504886879037,-0.942803838202535,-0.28707438995575674,-0.9638281818509483,-0.3665515037405886,0.41888057140951673,0.0814010273965385
-2.4371481017688845,-2.2268992239605567,1.5300128193927365,-0.9060118819058185,-0.2789058478562107,0.2373228387981842,0.16927352106925198,-0.20661675624006784,0.0322864880126776
-4.064842387915354,-0.48476411721831697,0.1252676482995284,0.08181299192203055,-0.4115655986352919,-1.8922052212732479,0.1628973858739969,-0.3824165018496897,0.2627158975846193
-3.621849381940697,0.23594275725121214,1.287129433681003,0.7012447220464136,-1.4689094557878088,0.060973055596034303,1.3702945405325146,-0.2682312169391841,0.13755156484799633
-1.8850761413737975,0.7271764292666874,0.9508741538503022,-1.1663107076432884,-0.7877100916493651,0.30100320963413596,1.578175173368718,-0.0025738755715440024,-0.04988600780265044
-3.071717225286156,-0.5271176665190345,-0.9845968058659441,0.7390292399930672,-0.19403468495960863,-0.4990980710368942,0.30177446792262264,-0.028361566812691166,-0.4314049335717666
2.423736390232488,0.05991458709238844,-0.8198180239886103,-2.631750708136604,-0.32714050165485753,0.03315184142470129,0.03626499015036878,0.6566174037300085,-0.3429824648346645
-2.6550279905458583,1.289283280380935,-0.1587791140003921,0.0843966845270046,-0.24583632050242754,-0.7342559791299537,-0.05050860291525494,0.28015681178382856,0.6472704948400804
-2.261207843846916,-0.4283396660905179,1.1714949256666753,0.556891818044454,0.7438593264944386,-0.6714224182850367,0.13146819979471833,-0.09555130546938477,0.4729813003980101
-1.63015727546628,-0.37510714267688566,1.2921147971890832,1.225136766550918,0.36854878850533884,0.6210813112837568,0.26343309333564413,-0.5892202275683005,-0.24301633048717916
4.536113615681792,-0.6460066851148327,0.3986902916198097,0.7667747750222162,0.6575211679337588,-0.2959178091882004,0.22584197536939823,-0.46651011303155004,-1.0009309319916098
-2.6592395978644445,-0.35095059464292316,2.5334424186736926,-0.39222725859501284,1.1413953150727227,-1.0235515948716918,-1.0396784461082815,0.20752125739783503,0.7861205146439589
1.0907694482115096,1.5442907928833476,2.1775767234528556,-0.922813085699953,-0.38684189380196704,-1.12371491337957,0.5765864545631584,-0.423438607893022,1.2574114007729595
-2.2255115742271228,1.148394302573342,2.59802382804217,0.1283022529175015,-0.15101013480248915,-1.000041436992432,1.0458806045897684,-0.4262403462331177,0.28578561100190936
-0.0023962734738815533,2.961648483603338,3.4382227632019924,0.3361067251411832,-0.7875317105432325,0.36797187283311794,0.15971779031703678,0.8515037807591633,0.16069783471714716
6.4908424010996075,-3.1153887035809364,0.4491846394151333,1.4438077055903453,-0.8031007273815077,1.0124722484871118,1.2048604490856316,-0.6642967631502286,0.3570031673534123
-2.6606463039699553,-0.20219483970596902,0.4493761622286591,-0.5114028745577461,0.23407693044668318,-0.9291627065152396,0.9181509383538894,-0.9018521192586827,0.10919236175467996
-1.6931475928182154,-0.5617990886027387,-0.14930081365081552,0.011281877069635,0.0071805070663106246,-0.5227518608361754,0.9102389080872029,0.5689735643847591,0.10441921183656712
-1.4409188264854342,-0.9656082545201105,1.311975635456756,1.2130195384040254,0.40173838027515596,1.4776659730847066,-0.7617474553591475,0.7611312727252247,-0.3219965955593246
-3.784923375285446,1.0141010706898386,0.6823298718693526,1.1420927087881854,-0.7164013128260067,0.07138249891364984,-1.1655244794932111,-0.40006327287254734,-0.040508628273932146
0.8058716463498601,-0.1306040388140948,-0.43661398289223674,-0.5686218051104626,0.04950668262409997,-0.23434430419695365,-0.04552042164405472,-0.1986746420370015,0.0010432201689540746
5.851899261983902,2.9483846532967655,0.7502182170867764,-1.9355670076661915,-0.9477903616890622,-0.7092278341702375,-0.4077922022255025,1.9168698537664588,0.3784815341205854
-3.795897608475992,-0.05406433658785121,-0.21758042218714843,0.5903620088392746,0.47916848534361295,-1.1104496416592167,-0.3177653303567492,-0.39509032399982313,0.21389054469457008
-3.25276178372247,-0.22213941841338417,-0.18866578592795916,0.0781687029256195,-0.4683263612415784,-1.1698216015127074,0.7673173204470162,0.5000390487134687,0.36022027299613135
-2.780093959324795,-1.9633448606374184,0.20116247013522945,-1.424142973198229,0.14380192371608,-0.3032624923618855,-0.2941638474838737,-0.3967559620853185,-0.05405937680063535
-2.6839537368341095,-1.315924115758568,0.013845248870804024,-0.37721109285574966,-0.23450488331919012,-0.36886222255372536,0.44604726065043887,-0.16508380581664306,-0.025793134388975847
-2.994150062455685,-0.3317965408182603,-1.0127313169430447,-0.5010070357949694,-0.23326715206570003,-0.8063962352040785,1.8351835753827335,0.5601206038734708,0.2570708847238244
1.902718660825582,1.5330934196725583,0.6440281821818135,-0.37955094959650504,0.9031162744052027,1.405418937795454,-0.11809709852130526,0.29927947103049835,0.7650921815461315
-1.6435595727031047,1.1132958838397002,1.4496842089282171,-0.365457613512573,-0.8323201875718405,-1.4656950723755915,0.5483589905500202,-0.20881111887115375,0.7740518432400996
-2.8494676494859608,0.4881661751448925,-0.616820276087064,1.1284652257527126,0.12024986005508886,0.17738053249719665,-0.5773839805912162,0.044208495353305365,0.22731977995269895
-3.3993937971044272,-0.6274823320826366,-1.268535961229264,0.10727275615988924,0.18159430179814423,-1.147533581778021,0.35391519565103685,-0.22131523284654778,-0.1673794928405856
-2.5503907645842694,-1.6171783417855734,2.4966523663098936,1.722697320288656,-0.25870357181600023,0.11830309318882719,-0.20482213137504646,-0.33510202591204596,-0.515404951675556
-0.5717901618706451,-2.51466933048602,1.6003388903087774,-2.7838481249112257,0.5251218589187242,0.4141735237907301,-0.03631278853567493,0.575800930531955,0.3469570497803573
-1.567014193385265,0.797837056379672,1.4676132992220832,-0.7025602468663987,0.50429030602991,-0.6748113318681479,0.6841553390281573,-1.1673056453970405,-0.033320630416348196
-0.8958977454246094,-2.623285080575777,0.26808355660853733,-2.534296044300551,0.41618459112643064,0.6761232560043234,-0.43529020143724134,0.06828456523773384,-0.18451752088950563
-1.3544184588156085,3.9545909262791388,0.5381657582352664,-0.8677617718576585,-1.1734139901348946,-0.39384828923308296,0.2217928000488201,0.09265320755198055,1.1743935701891481
-2.2407464231843,-0.17486105205685568,2.0947956139984782,0.07933580605742824,-1.506640737703547,-0.593802013407812,1.265278537467355,-1.769223657704473,-0.43712520273309985
1.4751087468729598,0.3538027149434212,-0.09218395787959974,-0.9497709482793931,-0.6042780434524513,-2.0369663368587885,-0.4295840437931253,0.04848193808041696,0.6373083659016162
3.2459633067264986,1.4230946143049856,-0.22183712880200723,-0.10954053615069036,3.196443425929258,-0.4926438891355356,0.4654901937929612,0.6095802764948748,0.06835895096884788
-1.5418476985505127,-0.4587692756719939,3.1134849239960958,0.6486020564195955,0.03093075364101892,0.10362587822225063,-0.5060564293524552,-0.6614676513020024,-0.405917593912643
3.9059613420528843,-1.0966307659928858,-0.39345987152556444,1.8190125164407562,-0.8200896693316772,0.3747991405989127,0.7957283547646831,-0.7285477131258913,-0.13617335650948267
-2.8006340898599498,1.1911822062042563,-0.3154294627266322,-0.31465366646477155,-0.38185670659787413,0.638081759260681,2.016855105776979,-0.586534418691541,-0.12416501721068143
1.3947473909772299,2.4904336233337685,-0.48443618031741625,0.5937343419005845,1.4057901662197865,0.24071341259289164,0.2045052703034392,-0.7850921869520834,0.29201637936273694
-2.43034078127404,-0.22911849306083398,-0.26920175311127104,-0.5457686790330403,-0.17695015884309276,-0.39462517703698174,-0.7275794887083638,-0.8211754092012671,-0.2715966070144576
6.088069990113071,-2.2210169190896085,0.8052859540080276,-0.44310988811101115,-0.7092276398426212,0.0428568019857394,0.004521369307466336,0.9609936441968483,-0.372410826472754
1.493691365945739,1.1981039391746848,1.9634749405349141,-0.45230041000296073,0.7187813745415023,-2.1405796268732558,0.4039736513414983,1.7610783640031085,1.5453789717308513
3.8815995299677133,-0.4472811262456639,-0.27521467435285896,1.213685953290662,1.270179881199974,-0.20745129065547918,-0.19378377748775916,0.5746651669419566,0.8747624001536184
5.470030565248091,-1.123579127197303,0.3657772686303778,0.9365407062739949,-1.353231013183572,-0.9617044942981456,-0.571789939818622,-0.18247025973263756,-0.7259477189802805
-0.5221180983915299,1.4206447852739703,0.5953779692025071,0.649397496264574,0.01894327270281921,0.08580599451780559,-0.5659647132481752,0.4404121119149106,0.8473940465539352
-2.67329177310046,-0.5562849730429311,-2.05745100669668,-0.2487559564034374,0.06828765103432997,-0.4814603988498521,1.3793566862172102,0.34614248069227566,-0.22590941876839715
0.5203687919801576,1.4301052647207968,-1.6124332629632292,0.46904342214402645,-0.15118732729142667,0.019128450566025468,1.1810143195178904,-1.3249406947108864,-0.5700866265048362
-4.23884275941774,0.817053006326524,1.3397535981848896,0.7555830810970432,1.9731701120353249,-1.9995935159488585,-1.0305701861565513,-0.6779558951883191,0.821368164623489
-0.7452616108627005,0.5513843744041778,0.5637820371147414,0.08460291267702759,1.6772772770843352,1.5883572751537238,-0.3295284783859293,-0.7566498236571109,0.09150357456683654
0.6029863609723904,-1.0058145172049078,1.4196118019973478,-0.24183331848120013,-1.3249993195276433,0.11122175111596275,0.1484186433295345,0.5462360134219227,0.059520478013481114
-1.3332776072518522,-2.0184430747807625,1.189078214907058,-1.0298085879900705,-0.37198638459220806,-0.64846752468524,0.9592782818768586,-0.060409161543190974,-0.2694187653590317
-1.9735611658846355,0.6329992263392947,-0.4945097634370535,1.563952302406967,0.14739693857880584,0.7144717237616892,-0.18720974669293583,1.2732170949657806,-0.19650652749748151
-1.862897353031679,0.27407409688065965,-0.23825830786972813,-0.19452459949501444,3.1296268072655336,-0.2344678647154546,-0.7405363104630409,-0.10683844519995198,-0.019260296881643803
2.51142295151533,0.5526634992559875,-0.16419113334118104,-0.7385217229934015,0.16257114873010278,0.1901676274135589,-0.1222845354964117,0.25400999796219825,-0.42051026820358767
0.5288675688025205,0.8878256149990414,-1.4657234550927112,0.8345798838354491,0.16748386267333346,-0.21472209706280265,0.11474702013516393,-0.2757825323496302,1.1283564566818673
3.426375300481847,1.5485569227617046,1.0013209145551587,1.1118386170178134,2.686022656367634,-0.45817555541930927,0.043188143876129646,-0.01427923899204535,-0.9833306128028805
-2.7962151418371417,-0.19188449647356814,-2.177735642938226,-0.4808043413844184,0.2813486442822784,-0.8274916443925758,0.8738318937887306,-0.0439805004207311,0.05172140647006152
3.987405651851237,2.482942726456089,2.743469469791234,0.6309842566916616,0.6532171969322677,-0.7975761768845111,-0.17126010782111942,0.68040301421078,-0.5936436810482526
13.186980347264083,-0.2687569039045063,1.7230434592401551,-0.4472546909297349,-2.1126824002111,-4.026790012502135,0.20473833015610693,-1.542865590019142,-2.0734286074304724
-1.2249320391629532,-2.5513958719083067,-0.10946458541873073,-2.192786275932744,-0.15018158182406008,0.9406974004906697,-0.1957745182061501,0.18392476609752773,-0.022177325205050214
-2.4573860836508725,-1.0981413992092282,0.3853407111511359,-0.3877101339827531,0.7057852978975727,0.24013449642886378,-1.024426621144965,0.031087612313808903,-0.06810356756532385
-2.456513992201468,-1.1334481320407745,-0.3271092740676846,-1.0744842195317355,0.6979361092110359,-0.5598928388021601,-1.0526378709719648,-0.5239967489564369,-0.15430704459111688
0.7609922779503011,-0.9103573700483545,0.43548189575506435,0.5588742805269111,0.16142809343104467,-0.04576318740278796,-0.34144182823932356,0.27321002536093786,-0.2645901246444033
-2.7050128973397003,0.09241300672599709,2.9739432965406563,1.7738724463807207,2.151415863571646,0.07127294497220235,0.4994442395429772,-0.5977191364377803,0.11347438101219985
-4.05551172406926,0.4299688428357066,-0.09694674182278391,0.4104879639343973,-0.5448236758736906,-1.104625043910163,-0.9962066723895565,-1.2700216677869622,-0.15087501937599307
-2.6745020845694754,1.962574339039841,-0.6527105408516277,0.5621220802659312,2.7278008651555483,0.0026969049140956702,-0.6233325152387315,-0.5743196147439392,-0.3058441217544631
-0.23499295876571183,1.7247731698782076,-0.16544282454781548,-0.6546581214645374,0.3527745640751095,-0.5115502188146753,1.4449534494580591,0.23157522474799297,-0.007937521134104323
3.8249047448417226,-1.3667602022173497,-0.08690660247563817,1.7189982677241795,-0.522918793151501,0.1335676574871408,0.10184445868215505,0.6741346471635952,-0.3510251893931669
4.3953434493465755,2.331146155990882,0.9619187892193781,-0.9086821500637484,-0.7995819452514933,0.14691212349077695,-0.7078786583035053,1.092744435426568,-0.5940407513315709
-1.788301384694172,-1.4909647339188565,-1.2171049881613547,-1.5706421675924718,0.4275876376298671,0.07854767820702131,0.7640453505657196,0.3103827820187861,-0.1187982853392548
4.769796935246301,-2.722074260549173,-1.1835768140661356,-0.34846635525325015,-0.17518893554540313,0.3236021395885175,-0.361090211694205,-1.8009383594701207,0.8059836849767775
1.7779236775652905,-1.664669303652701,-1.0154644809419284,0.624619013727376,0.374706899249829,1.339496934419008,-0.48885249879604287,-0.07147593451437408,0.9598979445700484
3.256461889353489,1.885876769595704,-1.4178763699182748,0.09403513927707531,1.7838950325149334,-0.0028151325035120655,0.4254670434222394,0.2412838045633748,1.0306818986923676
4.121489223753788,1.6433990610200955,-0.1593484144934981,-0.8548601244505799,1.0690769337814925,0.31641441274476606,0.6653838440045697,-0.214397374016932,1.1362516179116406
0.25291564742675304,2.7993108060372576,-0.4627806354962903,-0.798190799057814,-0.6009730769669106,-0.10177450652366293,0.9538703337454117,-0.42478963256963614,-0.26179936531594195
1.7528419801831094,-1.397642286986887,4.815365646657985,-2.2856712731676185,0.6981437972805317,1.5301823839799444,0.342772340014557,-0.6564524275661145,-0.8634863675468243
-1.969535962444656,-2.467723812477094,-0.2620759162664288,-0.9577889757745087,-0.6134483759197724,1.3379135899522798,-2.5952420348769922,-0.14556103749900662,-0.06188204490502471
2.0631592259097506,3.639568185535869,2.6189828447099357,0.5154276799396958,-1.3341294005072912,-0.3528454172560303,0.6883806675010434,0.9177743919584183,0.21146262330808693
-1.5518388425096918,-2.3234505278955506,3.821919194861836,-0.09146667550382266,-0.7434977607479596,0.06327066531956421,0.9961650438479848,0.0377636821040709,-0.2575484217810128
-0.46520802801487987,-1.0191534622474254,-1.0766102478775985,0.05063773953774239,-0.7232426697620647,0.8843323870156823,0.8159519376054094,0.30908415175045073,-1.1630093769850793
-0.7518830356473934,0.21338353484076836,2.606646839915147,1.2218068157526623,0.7059083132303814,0.31057677767473374,0.29918654254373667,0.7574853971611711,-0.19756827578233394
-2.0559587001017743,-1.0066670654029835,1.7208773040592575,0.1844257875306877,-0.3451261752019362,0.34401153231225756,1.8020180117880296,0.24994528516362138,0.30441972810635975
3.3821300188900185,-1.573707408307996,-1.5460060561991444,1.2886454916592944,0.605226484744258,0.3265312171183112,0.3197783235734239,0.46595828074786827,-1.1271138200607158
-3.5037129069182664,-0.3407431392159495,-0.07557316552882981,0.5045982056365704,0.841589927127853,-0.9025151394286746,0.9034093569038866,-0.053973396369821215,0.041290647199342084
-3.8386279345710452,-0.18125213290440023,-1.6817641676712105,-0.07109503890874888,-0.02786163630525642,-1.3688320443480209,-1.1160982808702835,-0.4444744899345271,-0.03069100972320256
-3.7062373240038946,-1.2848329322272316,1.501440405164201,-0.2872889384371017,-0.13075137639236864,-0.5570760646763837,5.055377534807012,0.38866388479334324,0.3279211136775651
-0.026587602581929243,-1.6120397394691193,1.8045055024123045,2.494240985366597,-1.0277254246756824,1.6653662474142625,0.7550757997767661,0.04351376093192692,-1.049999413990437
-3.3972983737307993,0.23526872458964526,0.9650050920107198,1.4840980581655274,0.4560478297309538,-0.6960037025544813,0.03328781347544327,-0.8530826399526019,0.07486636083021281
4.553915304931396,-2.9563529534926865,-1.3105465374281966,2.5952180791459805,-1.6848322009091568,0.8897627001782449,0.03453618983481471,-2.0150335439033262,2.3126425403908764
-3.699088645646378,-1.454329167259373,0.876492868372166,1.6531513798003792,-1.2648384906314076,-0.1176829433038342,1.252409517025195,0.1315967307723285,-0.48956097477059524
2.1554177096213407,-1.3275020638556085,-0.9825685017134742,-0.23325128256520214,1.5720716649409165,0.9660725969598924,-0.06956303339768387,0.41255893116117087,0.3856182396252685
8.227755938199593,-0.38780513436403535,0.180585921676215,-0.6975717646319751,0.2204619761850022,-2.963430217791933,-0.2543436623074299,1.3763310608531398,-0.5426244068224185
-3.2545393232502065,-0.5512583328462004,-0.9138042177356612,1.4367246164018665,-0.2742003980579445,0.07894652644590992,-0.6888557800881923,0.30793270161629177,-0.4543058753592585
1.8129894077385604,4.181172055822981,-0.15550626663062284,-0.5795250809316512,-0.2934225157311309,1.1523236856945578,0.5835737877943148,-1.254255299324294,-1.1942627755509438
1.530575873465423,-0.3119388971015258,3.56089882646066,0.16787857550346733,-1.4008796555388425,-0.03961157604836719,0.0845068851142149,-1.103604655451083,-0.017843660330286962
0.4711743394946559,0.4246216904418771,2.4560781813374866,-2.3852729813627884,-1.5961069852715288,0.7349336681730277,0.4525829980624548,-0.7936479597124734,-0.41053210428901143
-3.505224060708397,-0.4980821033017352,-1.1424227303856767,0.2931825437364422,0.21483076991654895,-1.2169431076462012,-0.12485362424214497,-0.4490241134212646,0.0839029899009128
-3.271087574784456,-0.1051215128037756,0.5425012976884309,-0.10646953470004851,0.4786003546747298,-2.1878739343242253,1.4299348594650538,-0.5161633280995327,0.19865041977209782
-1.3186935682727094,-2.0767175607491724,-0.7996185759392058,-2.558585160072013,0.9151826518909747,0.609437346667004,0.8895258378416584,0.4775768650419677,0.07260303980597832
-0.058599990133294824,1.0619639567118457,3.9078684969376254,-0.5279933259468761,0.7035040046717449,-1.2608417937727001,1.13643348957898,-1.0258178148370318,-0.04154814135048027
0.9176872607629051,3.690119446272519,-0.19794420700691148,-3.4277643467827197,-1.2031845736126685,2.889635807525779,-2.4838477230230938,-0.700788451328392,-0.09150827314020538
-1.9616004578157293,3.2031079306991774,1.0169462347168783,0.25505764477983767,-1.7984770690773828,-0.43000843231083236,-0.7566689354067185,-0.7153485849578023,0.6305316355378127
2.042611082585457,-0.3101283308553409,-1.0808677313636332,-1.1176994928868693,-0.1301761502905259,-1.0065393484711187,0.021261243612623333,1.1644745288113205,-0.06920625037158072
-2.7228784486220117,1.4647584153155666,1.692536952779576,1.8389196867741153,5.303144197054963,-0.6219827914725493,0.5530601262271483,-0.10279223669011762,0.2417436296324507
-2.396314380886105,-0.6472507632299612,-1.5056929351234833,1.5691871945857505,-0.7135909019893005,1.000081410038747,0.20099430472621985,0.8005970646209863,-0.8059617799203893
4.013700550388835,2.8051323260912757,2.6219314283389115,-2.924992529293313,-1.022805284393695,0.9191057226539184,1.0455394348385578,0.25417704406328234,-0.6766392205037297
0.7212184698928195,0.5889523559358658,0.9734162465376,-1.795882319638379,-0.10810439292682769,-1.0436145107850558,-1.7392260096602248,0.8665912708951392,0.8284240188837608
3.3642013531169956,-1.7086535487181127,0.5621104870228482,2.731814697356854,1.58481987117023,0.7057511297367332,-0.11752701219066833,-0.43173324547357983,-1.1336471083252124
-0.2847638246103884,-3.4970505198006188,2.9521307943050425,-2.511754625952341,0.8709587283840775,1.2370727879641765,0.8233178247515957,-0.06447106652531352,0.07419581608306106
5.688978648544425,-0.9641144216124795,0.3159242104759953,0.2819642150083759,0.8464909195590775,-0.5421163471945467,-0.042950846770986914,0.2943832862630798,-0.7435030990351842
-1.3963762803306434,-0.5648999058900634,0.29308378809904684,0.12859356111471418,0.6583710602750354,-0.766970043964784,2.1890033185347293,-0.4977772917028995,-0.7577690308220335
-2.1703614711380443,-0.4848648172104113,-0.745322681633017,-0.723933120509837,0.22614734577730372,-0.9246599071822449,-0.8827312004333999,-0.29587885620391163,-0.17003096574291768
-3.05948473855218,0.012591165330864046,-1.9025261526304091,0.39822732584625925,-1.0291824374353467,-0.48318399123899103,-1.3775250810656121,0.31599207289168124,0.16501561854737906
9.886980876409309,-2.683161965080805,1.6289489594657982,-0.008785258036604461,1.080773812986473,-1.2060490800007904,0.03445325206208917,-0.03564721022880595,-1.12680607949303
-2.7884477441076423,-1.9049583953147218,0.12954123432453077,-0.23442898976971777,-0.7732835356265162,0.46856698026811655,-1.0476823585333446,-0.04758528523743101,-0.17475376173733265
-2.9690258312510367,0.1001890595805607,0.3840031291672776,1.260539711333321,0.21802139679397559,-0.8699088248592727,-0.20688555838078382,0.2666793334162059,-0.022351554441848952
3.1765345204123645,0.04137471050657018,0.49235110043211944,-0.6511739394817609,0.3602281474783687,0.8175618839948285,0.2706371463371602,-0.2583807182357769,0.9041479307747959
-2.534486367022313,1.0185552375619993,1.2751599064505357,1.9554734426813838,-0.8366775731842708,0.3457870795978789,-0.1969712070300881,-0.21527829233732756,-0.3611114675709917
-1.0393342140070947,5.659830051482291,-0.649727320977308,-1.4019962226999167,-0.9807600495203577,1.020928479351937,-0.15311956680699673,-1.8164411208844076,0.06300014399393102
2.921010395968546,1.5393392835775421,0.11280008631089075,-0.03721175705812833,3.5992732366929534,0.6389155967670741,0.5909283146420655,0.01874315205381891,-0.9658111395481227
-2.1159241197762118,0.9901251306094977,-2.274953794859187,-0.0814443974474858,-0.4538090834616201,-0.8741507453293237,-1.5442131000185129,0.9789757850509271,0.2687814858015309
-2.2326270440677956,2.849173290432232,1.3193880812526941,1.3242461906848864,1.216664973050391,0.035843256043390316,-0.9977711603826932,-0.017549449001713506,-0.04033625524831692
-1.4290951450329494,-0.3194557863623467,-0.6735108281793106,-0.9814021252955708,-0.8365643428372604,0.8302192870165122,-0.9492037599221028,-1.187720376616902,-0.06852175552319102
0.14541383495734383,-0.7203339673560257,2.4647768229127403,1.1339194758266191,0.39730029881273743,0.49561147450525106,0.34318210517223235,-0.663793033826984,-1.0673373011517873
-3.8307311738198013,-0.055053430236932356,1.8928654875441597,1.0853650710807434,-0.3229418973496665,-0.8345538428005691,0.8724657349566982,0.4818505860199235,0.4931342877884412
2.701262400354899,0.0885672387292803,-0.615552997437664,2.028929736421995,0.18796733969600152,0.1980738605113008,-0.2929110102015252,-0.4524143328936112,2.8881307586503544
1.7988379597864572,1.1427480901305973,1.4193965255201269,-0.35450399532618815,-2.061403968665059,0.6222741578958818,0.7563703442884805,-0.9517011028486013,-0.3102605130750308
-0.930845091258697,0.7357280160020169,1.3189610787070207,-0.37370858801656,2.896303039603109,-1.1299724345314492,-0.40088055878530476,0.7801238800904353,0.736093569628288
-3.059779894275252,-0.7497441512158547,-0.27528529461924706,-0.15740824309570647,-0.8220592577185971,-1.3419529906408834,1.8411948297835838,0.39625498263897035,0.19014278977974924
-0.49213062560122084,1.468357420974985,1.1436563324922149,-0.4118396735293848,-0.2441098507822648,0.39168177074551835,-0.20913404784731393,-0.6477785461349345,1.250467943368014
-1.8962547518645385,-1.405658800334688,1.4489351179255896,1.495477357447511,-0.0791800192001674,0.27473282120204384,1.3376361975727427,0.18592994119792533,-0.7755057411403528
0.857226081592779,1.9351447227070544,0.49725018108690777,2.554026694499409,0.8127882495731065,1.3543877781763063,-0.7409949600466712,-1.2735566655850037,0.3721064099979394
1.846662241754837,0.22697996758688213,-2.1067343129329332,0.38705177227017507,2.264123670978389,-0.17945590298293068,0.18826812903405196,-0.39045448660411747,0.13265350910619533
-1.925482551557883,0.05566261583138741,0.965698449867092,-1.178798120858907,0.6354779141585916,0.006866919315542935,0.6988341671531485,-0.9045136295993863,0.01862932205320017
-3.4202444846658784,-0.8957600103417687,-1.0526770083324184,0.9445098766289173,-1.3627817134691655,-0.02762699342490699,-0.0613094084563019,0.2119870371431773,-0.4924450555612734
-2.562018806180653,0.23259440700194983,-1.4172102597422054,-0.2478095108432724,-0.2184540066995603,-1.7053886682506256,-0.003991265592565844,-0.15567626332460505,-0.076539108181412
3.211678738098967,0.8847880835391612,-0.135902478241355,0.12247224366192282,-0.19392419052906204,-0.9570664898287458,0.9991171779161218,0.4485053825941885,-0.4969131908826423
-1.3315955595385596,-0.29881162604596373,0.9561175474260742,-0.8722603884679304,-1.4597230195661621,0.9297677407272772,0.7261148113064612,0.41675941356876467,-0.2867547246565332
-2.74844428716095,-0.9232178530635534,-0.939482976019685,1.431426721203379,0.10277363217542484,0.006935587115725288,0.4400340782189059,0.23606635027984418,-0.45302809320665793
3.234386189773542,-2.2047587629348175,-2.4861385058039924,1.6506997298093582,-1.4617007527512964,1.0572468720605523,1.1746044482466875,-1.3154257601122537,2.43176169435492
10.571670786078261,-2.037653564621319,0.10263253377477147,1.278855723109164,-0.896145228002224,-3.1301241590097195,1.0509711898132155,-0.80753229891752,-0.420886037792664
3.9141260894449084,-0.09184980948846688,0.42191241755705555,0.1445728723626212,0.20939705786867793,0.6994117662173571,0.7245469809807672,0.7136987008447607,-0.41011702234237724
4.696853927467692,0.036904633386499,4.746465622195673,-1.1378558695688,-0.2664452745938792,-1.5466511285339122,0.14228962039315238,0.3660071152667639,0.6291351505521882
3.628642274962017,-0.2853697002156298,0.12687721373110253,-0.6316166368019044,-0.9206819066816672,-0.08509696639359156,0.1747860209796943,0.22603890836654597,0.5414362793992661
-1.8966917229689624,0.6647598396200011,1.5836083388099742,0.2640251426306172,0.060459832008712903,-0.4764117121237791,0.40288601062641016,-1.4435965072676789,-0.4836643753517669
2.8639658434822497,1.1835731728085892,-2.685447445740029,0.056577074765885464,1.3009230538082033,-1.0388490779540562,2.2599005604414764,-0.1118494793946374,0.4219672631468716
2.487188737213119,-0.5188992007374836,0.37787080881595814,1.175536583199817,-1.1281239776038112,0.33685031659338016,1.0566816283088547,-1.2178336580526032,0.19722230029846993
7.2666120432317225,-0.5204348129976203,0.1801851841931161,0.5655375800225197,-1.9016580483211831,-0.8953545293955123,0.5381528088932459,-0.2199739785863432,-1.2389034185112715
-2.6992444174112955,-0.04306541380440881,-0.009238518183618918,0.8687885055664276,1.6514521131568434,0.014512485353010645,1.8060038057638395,0.22678999893231203,-0.2530105253588319
-2.8503906173372675,0.4052901922845924,2.1450937187373587,2.462867522112416,-1.75751052461778,-0.15064416911342618,-0.22197490725376032,-0.4919401020405533,0.0022197313064294764
1.4375564205013505,2.0512572755032914,-1.160268597726538,1.1627291360162086,1.353212243468725,1.217556434392565,0.45292825581696444,-0.2179896231425628,-0.5323165754563469
4.881720729365283,-0.7113335513489674,-0.5693719450230654,-1.0928194308872932,0.2597326035947912,-0.8195644279639711,0.20062144583971075,2.6335264642795644,0.5623116913832928
-2.0203402704535818,-0.5826125410454461,-1.1733005833313377,1.8281446521602316,-1.402658159845524,0.47280434643139313,-0.3023543896394024,0.6965887715313364,0.41977132870496253
-3.3801414024140803,-1.2345639568855917,-0.5356521607907976,0.5254200991555814,-0.5354721676206591,-0.15401134487298976,1.7841617335031528,0.495949345564158,-0.17554282454795023
-1.931435366391576,1.0008599854888176,0.23869578160914132,2.2370279165518476,1.9410799155240677,0.7595584545483329,0.11756798372329733,-0.18239200951283618,-0.5301730237572477
-3.7387905685203053,0.08317491884075576,3.897536058869816,2.487950577343739,0.45662573038237275,-0.4295300447877445,1.0938844238797947,0.2624271744591841,0.198828893190341
-2.241357842920857,-1.7970755664000109,1.201390745675098,-0.9207158084492578,-0.09879098564986613,-1.1741300884173924,2.517846545515182,-0.6316807916997553,0.14689243492459197
-0.835360571157548,-0.5550218310068687,0.6158230774585177,-0.40230030529549243,0.06094588869411467,0.8344929299269829,0.6041002742172455,0.41999821846131935,0.4266835630893191
-2.2200332595072165,-1.306691918912648,-0.347565915544763,-1.2907606614728053,0.1410274374542508,-0.9007312077516262,0.23177465371016384,-0.07516015384882635,0.2898843093009743
-1.2218529737356936,-0.3587574757883451,-0.18956349426299543,-1.2101719645060232,0.3591766312955863,0.13754025946246126,1.5330782567490264,-0.7986191086984316,0.06893770938975882
0.8973462463122706,3.147610705724018,1.3391476319631452,1.1334719643471962,-0.191872198096922,0.33255425369708247,-0.20412969269988396,-0.6764341465524455,-0.4968996997958703
-3.006125504486927,3.767914339551024,4.460641017912977,0.013002766902866954,2.771952719218916,-1.4373409722852806,2.4538323527391888,-1.7613362059411553,0.3457145764821924
-3.703142835203887,0.44738876386181364,-0.07974325574535787,0.8865611838599908,0.10331904455920042,-0.8875386751506402,-0.97602662487729,-1.7460745409790437,0.9394415423730541
4.15579576053162,0.6780261297107227,-0.9411691779096991,-1.1883858327055932,-1.0031448586365612,1.1028530980381612,-0.03137649199836553,-1.3039533715410008,-0.522305125009581
-0.30554522981057436,5.8116442760505524,-0.7213602330077051,-1.6416895762851964,-1.3494619245081996,1.8699118949025626,1.2783573658099834,-0.7098251930495962,-0.39569482963457037
-3.17965135228196,-1.1118487443563132,-0.030647936472310688,-0.23783496562893464,-0.2959024086439839,-0.9955853689995654,3.3474704076515263,-0.1170787049585567,-0.165984319929982
3.9750886399026597,-1.53374180085764,-0.5542658685705097,-0.23957249875063727,0.3318385462171858,-0.6256935494317335,1.5809926808672794,0.12090060076905267,-0.5597744257653439
-1.5373150692142985,-0.1723312904144721,1.6153328418734627,0.8510092596483645,-1.7543984155685215,0.0776428984925137,-0.3771042327230828,0.7021649790914054,-0.2380597581162096
1.7759784495416608,2.855044681797626,0.09752762185199851,-0.3039007280081435,-1.9509183224395399,-0.8992760658371651,-0.81358322077826,1.0547489398828518,0.195130568101892
-3.700445247729026,1.2019489676972617,2.5606742743817184,2.7780064601581502,-0.9600659265212569,1.3231250901883034,-1.425930191093648,0.5402294928690671,-0.18442653721517313
-2.8272356161005274,-0.25385518336750995,-0.161966020466243,0.9624862942010132,-0.2640988215482764,0.8259184671481896,1.7763096283154953,0.5657193525673837,-0.4231015020922065
-1.996008786509812,-2.7128678209273667,1.5956768083354174,-1.5175403656590656,-0.16886475441192825,1.320920037422499,-1.8443604093824442,-0.032979678104819526,-0.1547243593644236
-3.522238055818425,-0.49001496671143935,-1.9878040445061356,0.5050717856472547,-0.3938847936083966,-0.6406785945229779,-1.2403280676231458,-0.19866287480010092,0.09022249721554734
-1.3662080646185142,2.263876003508631,-0.5724953848182857,-0.11337865845664806,-0.9209455241861647,-0.9095977049184146,-0.17281485315883824,-0.20225371123029556,0.633420156752742
4.108641659386776,-0.5307916881409298,-1.7568880290284223,2.178320091029093,2.7226959109372286,0.7517225099100568,-0.0659706202144838,-0.45292065845133317,1.2615194284911626
2.7346764154972782,-2.030499544739137,-1.4648100223698184,2.297662421260046,-2.287737089703912,0.882035306190436,1.5426807611180533,-0.37224090556740447,0.5061381677083244
1.2469004483752997,-0.009063676395422118,1.307562269886027,-3.2370790917461005,-0.325088042900555,0.9176348171384889,-1.7750611253822477,-0.016192046940385157,0.7610772108289652
-4.101930906525114,-0.18870072372562394,3.022374853999659,0.6616723734131683,-0.3071737456494624,-2.6535490928642402,1.4151818371591296,-0.785190768504166,0.43029990617567115
-2.4763397065498367,0.3197062939995789,0.24665935301644445,1.3794636509215268,1.348390377428918,-1.120475354975161,-0.07098545952833418,-0.24076427875330217,-0.01952699062344994
1.6742219572828725,-3.0140808366219503,0.4314122841458308,1.3689997557515,-2.2309298063378487,1.817364812053597,0.16439373471553,-0.7975651412244794,0.47945715939711414
-2.5118921755514263,0.3495539194858345,1.3707948845935916,0.6714570743033429,-0.785270980077097,-0.9597329741034581,2.006847773769639,0.009358600501354295,-0.1344933316152421
1.4653247216972076,0.6163351357617338,-0.34001981687962457,0.05740965453138664,-0.16080643680848491,-0.20057418193539947,0.44579061912779605,-0.00973456779196064,-1.2883537117263908
-1.9986668394465075,1.6258514156019868,1.6567269739961528,1.5507666547961216,-0.9355360314004614,0.7704708524250757,0.496623102781707,1.1124950984165807,-0.023214780971115578
-1.5570192489068764,-1.8850116439274405,-1.1426578281264612,-2.309460462495811,0.22506656047920684,0.33057834101272593,0.24777391821079586,0.48910696367551415,0.0697336377816728
-1.8544038626547004,-1.92452888437348,-1.164872650601171,-1.1822807693657011,-0.1925525348784929,0.4079192818323149,0.7097491991525475,0.2832884368186265,-0.13218391182393965
-3.0305094479251786,-0.8747829082542321,0.12146732252621162,0.21011626684863402,-0.11974853932846782,-0.8257484575839001,-0.3299777660711167,-0.2682898839366909,-0.057609030094836554
-1.788073133679238,-0.7793428858253466,-0.05311379106286945,-0.5752608764847077,-0.42039927536627797,-0.16532035647724536,0.539620639372688,0.42848895592597463,0.019200914016918758
-2.2891075638224763,-1.3842266848796323,-1.2316347222330115,-1.4378208757902584,0.6097587045595396,0.04558851172130487,0.451178668197525,0.30470053554116905,0.02381259132209709
5.158650545940295,-2.2268285418638936,-0.966732445448502,0.2945167644710115,0.09246652562245297,-0.488984766820028,-0.7972474447271819,-0.3162018173909691,-0.6066257129027776
-2.9793759456979303,1.879787434784464,2.180290585703334,-0.5335520483791739,-1.0114090557575035,-1.6095038529065389,1.7345842977574522,-0.807668036779961,0.6632621008196141
1.4089832211777202,0.839924345100501,1.9160125761305566,-0.03340235528828547,3.182836133715924,-0.24717848911938148,-0.6207905764990705,1.501237264602311,0.366556438451721
0.5639998897904476,-0.014317195954844944,1.7842702505332335,-0.7707919419341651,-1.3305278916580587,-1.6337745775834114,0.009321979435767598,0.22326452836597224,0.07513248472957695
7.468256275098661,-0.7765338713741736,-0.6164822360036122,-0.42844430913739884,-0.5435274510174004,-2.1077027020914465,-0.4619653276134276,1.2612482158474472,0.6102796552872258
-1.6895692903260406,-0.2264004399167072,0.6380371665191767,-2.0785571742051703,-0.21751365802842984,0.19912133323410067,-0.01976413724625858,0.043173416631952934,0.3637664419538734
-1.3833687840970452,-0.902011280107174,-1.4889450330814664,-0.24364589196764533,-0.31475559325647406,-1.2496418492033927,0.3441783315600458,0.06690546997333734,-0.3584628561516216
-2.0181239141984832,0.0962038349689915,0.828785148984737,-0.20979739719910187,-1.313442462365673,-0.08262541486738748,-0.3054530604585074,-0.29794568685458034,-0.12852699517560992
2.1933491694186524,3.0238084175121283,-0.21985597926629658,-0.45959316534961503,-0.34982368620348586,0.39269646918799733,-1.083711212259368,0.48938633745432353,0.031004186049645083
-2.8820077644460502,0.3974902683783158,1.199173707254433,-0.2698327755807649,0.5017775226879008,-0.7280298461073538,-0.2430555830204115,-0.42683811870778116,0.2962689501711242
-2.1175055565962198,2.0014089972895555,0.0028121874913696544,-0.3169196510049184,-0.8500738393769084,-0.7193371257856047,0.1585580773178531,0.6044704096743699,0.5389763938195693
0.18134960606100733,0.1887491578356767,2.690774618308004,1.3482679918402811,-0.19678225366588198,0.5438790655210544,0.06334994675705741,1.2139813845930063,-0.19984546230703867
3.384622213236229,2.4756829764891397,1.1368591754648236,-0.0785634294347829,-2.1760199636698845,0.17421055122566062,0.8835173284495264,-1.149337780420792,-0.4157160858258097
-1.8502687893295533,-2.272271159172803,0.43039114935678985,-2.344056826361306,0.5390941727147402,0.04734057951081649,-0.7037232304742289,-0.6971414226351151,0.526397992107108
1.3438158670882985,3.8836520098647207,0.7366295236510655,-1.3623858540932146,-1.655712486470959,-0.014586606768984576,0.5129183166879049,-0.054202197064250376,-0.11111854788464784
2.88732832441154,0.8995446085313675,-0.622621840056042,-0.5248611974084647,-0.7058812416564645,-0.7891345330063714,-0.7183432542419941,1.2446395491028743,-0.20005472312799472
-0.452783290201516,2.997673960478419,2.063901403228224,-0.5293794606568303,-1.4347317672054059,-0.18676315828611986,-0.28917903492144914,-0.6030756249951512,-0.28411048730977534
-3.0758998432419116,0.7256415466775121,0.0854332368835048,0.7638044677202358,-0.48018673867340556,0.14806905203246268,0.2615231203116604,-0.236763873767373,-0.28616642379998514
-1.8549131809684016,0.3454448240363736,-1.5334267150958847,-0.6280498561690196,2.9026024772180907,-0.37827503143234464,-0.037616722718712345,0.0774425301113235,-0.00408486538285676
-1.0611229157311766,-1.4862842324978955,-0.45349074749807206,-0.6488231650312324,0.086260887901961,-0.13428629997598335,-0.652196957231132,0.11219118879728758,-0.5068152222456613
-1.8621688118043949,0.4264003726170793,-0.39612271560048395,-0.5083867104327643,0.05193171188866166,-0.5448510915287412,0.5424875503812078,-0.025976984561609757,0.2675239792127158
-1.0919708893403801,-1.535543024824419,-0.49508523652178427,-0.6755982168073787,0.6784236848971124,0.055372184235279856,-0.1291482082233355,0.11711933652254938,-0.511884488374116
5.222748232233415,-0.5000075582552711,0.7453760584501775,-0.3887750704599021,-0.10510882777257903,-0.9520866131858862,0.10628330389007691,-0.8689611785502765,0.5512978558540336
-2.4713440287001065,-0.6564091053559703,-0.12994265822920337,0.19498478350598078,-0.49526632074248056,-0.2114626472734994,-1.2008743537203619,0.2360425764248572,-0.0009371402459832891
-1.8291307971551358,1.5134227608019921,0.6046754317224353,0.33522206392237536,0.2688689564636182,-0.22824172185695527,0.37234095928291583,-0.9212293566845637,-0.2908994164166643
1.2289454631657528,1.9537822337393278,1.0772391756897446,-2.2694042444887135,-1.4311528973409107,-0.12306851051604581,0.45958029292483343,-0.3247360491368973,-0.54755299127662
1.133558811244981,0.5577714849384199,0.3928763374774629,-0.6141672471275859,1.6622738482094832,0.6067226641169766,0.13827790240795815,0.6245949875250393,-0.22154838951208913
1.3495191131974105,0.29520699033148706,1.4062961054622791,-0.9096240123931887,-0.5595871682577551,1.0040142797723324,-0.40397853503438697,0.4403347727369983,-0.7562298138063456
0.26621861997907353,-1.4107547126144784,0.18380504473224593,-3.0362801228494467,-0.4884980639274977,0.6733112762326624,1.557171227116822,0.09462076072515586,1.2766713953462663
-1.3617807598945886,-1.0991759233216272,1.5778559857250143,0.7045372250283228,-0.19793407658115147,-0.8151786207633053,0.7862698792285632,-0.8977905038770755,0.21219027178962824
6.74909566642361,-0.5002046159783698,-0.5068169609918757,-0.9465526729020329,-0.028249708863100118,-1.7562266546631047,0.040008921525289357,0.35401920212614973,1.1136727503129293
2.071823797749939,-0.4289616176773845,1.513493391816121,0.1603249387799375,-0.48925463342804104,-1.3403651327097414,-0.3220013235824465,1.1539222409817125,0.5577309877296778
0.39311066399486244,4.89721355289682,0.9073265842897058,-1.9019798819284082,-3.5000408922943884,1.7376377674435022,0.3570934299867785,-1.6676067504496401,0.6866392471556781
5.638483388592179,2.574598365560325,1.933003210463629,0.00950091644527835,0.18877521333519864,-0.16028494897209505,-0.53225728448094,-0.3242527596272925,-0.7548971709510722
0.629579668985429,0.6715349412888374,-0.03262671237961573,0.025439330120168135,-2.268694623295316,0.5753969129585205,-0.1880483872639986,0.2442412217265963,-0.24365970152355373
-1.8327318816395057,1.259104401143402,1.1841290813608039,1.1448852350657992,-0.3449457800755264,-0.865856461201598,0.6269931636174988,-0.22079457769548452,0.35220350524649524
1.0794105274160013,3.814752717949883,-0.591775567700021,-1.2428232119460878,-0.9138792161933411,0.4022149850484017,-0.055489227605913016,-0.8255079967196328,-0.5384057726946643
-0.86727332137991,-1.5944574597418157,-0.23233193815586145,-1.5043491613619868,-0.7503897636050104,0.10656685714477508,-1.003306263402753,0.7845805745700082,0.16568982631015045
4.7806883925927925,1.7213925962121537,0.8468601058629052,0.056467438880387306,0.32567973312309323,-0.24134530490213835,-0.3122283834193943,0.97461290130806,0.03841469627551335
-2.138654821260973,-0.8157500848184281,-1.1544179606882898,-0.9378988669478268,0.14688055703017225,-0.5565121336607923,1.0975183265770558,0.22211784436306267,0.06517733864660817
0.29968307352250445,-1.9428505365501345,0.93250453219951,-0.2863235006439021,-0.2429509448542215,-0.23497767437572545,-0.09970340190638088,-0.41436732412911376,0.42345544112505834
-1.0646637045966718,-1.3691158054058983,-1.4255187914603396,-0.7891852022483918,-0.3135455968385574,-0.6776307250787609,0.4442801158955489,0.048922576149806614,-0.4542703142775826
-2.2251340941335567,-0.34208712358313825,0.9760189362691322,0.35688518008706643,0.944895622550346,0.08930298676895766,-0.006050404578649609,0.8853040883754723,0.3052505733325205
3.398770678019502,-1.5181374546172526,-1.2891040272158787,0.8090436977169263,-0.2003556393012926,0.7414062762142124,0.04755235117347054,0.8892559526871909,-0.45433768460416474
7.477574515799531,0.6978351759921193,0.6189537053842818,-0.8429640755517038,1.0823910092471074,-2.122215687081603,0.01696316824751123,0.10873395916178581,-1.131794868907521
-1.3128131527677127,-2.3348754409379167,-1.1554398518726416,-1.8580090048490154,-0.3915265390101627,0.2066746024360306,0.5897246457189208,0.28715134434503514,-0.3558892675382601
5.805863382095097,-1.789837146540162,-0.9612188676846248,0.6041439013586789,0.06769916690185257,-0.5698297561819957,0.6640789027303923,-0.5290073468639764,1.395700474172658
-1.2855329792463301,-2.0827978446891438,1.427499719734161,-1.4255110631776735,0.5938491221732094,-0.39428088398990846,0.45985378278876116,-0.4532246459387384,-0.13617535052011392
-3.1030647048803117,-0.8182206545454298,-0.2923789241703271,0.5436039914931787,-1.1458607431524952,-0.9829063528497736,0.9129557775561695,0.36952313904408507,-0.07507727098421874
-1.5338747096106549,-0.8991680949821681,0.2826522481144931,-0.019972769303736565,-0.3051298955626975,0.1367246089544289,0.4179554566604202,-0.5973352216178778,-0.3028730209030116
-3.3981283141785776,1.7475295653491278,1.8144036260011303,-0.17127042397657044,-1.4052871452067575,-0.7816049237153119,1.1229329735463505,-1.1914758802783076,0.0968876631203879
-1.6031648256756303,-1.225244447062456,-0.8188363939382585,-0.5786495726708565,-0.9597845046762373,0.37659336057066345,1.2043531950942472,1.2423567379059786,0.12620244785956475
-1.8296259990552102,0.9673995910346258,-1.721901215306495,0.0171073212073818,-0.7573835913822464,-0.5288070563839088,-0.21858558634295458,0.1389895472387481,0.7377624262052698
1.8817983210915377,-0.47995880387388035,0.9245248112484847,0.541709492116346,-1.3303877689221222,0.9163669521089879,0.4199601724468019,-0.3433774512300636,-0.36511361938030185
0.6392558681242462,-0.8584341806061068,-0.3325598822727759,-0.8941385510192135,0.6959422766643121,-0.24562764602430073,0.009447970385828322,0.21787251871896227,-0.3688722551080273
-1.9555287778196262,-1.1572780647532979,0.12698160408788717,-0.41154084352948284,-0.712999630793577,-0.5624608546895673,-0.267181662035806,-0.14897927081655477,0.3087810366209683
-2.007593118546285,-0.5338701744495069,4.004621027692395,1.3115917751297275,1.7472784750019659,-0.9649607643935187,0.11292374211197546,-0.7324143644635644,0.07042219991721313
-3.543380165751513,-1.2127882063383824,2.3524383523399623,0.7574840102157608,-0.6702530127215186,-0.04213909965160813,1.2994210182329888,-0.19587672709193596,0.18166532520337922
-2.3326674555830853,-0.9944122674254137,-0.7723744177308233,-1.721041823616117,0.9820802807425395,-0.8320342907027437,-0.8217784497226034,-0.4926343569849548,0.5613514627580538
-2.3838561179999718,-1.6305264978069334,0.21501573247421202,-0.500333481706492,-0.36385949521654976,-0.11223989070604691,-0.30133785577453626,-0.3287201191159219,-0.08105905388031943
-2.4623025447184075,-0.6557332708379492,2.809434740569103,1.7372767872868338,-0.14672037322616213,0.9475924955327168,0.12251138525516406,0.38323671577115276,-0.1937176740528844
5.287944612857361,1.4410316300487178,-0.7020893688301485,-0.4639893280785356,-2.3698022488946777,-0.7607048194987002,0.2239559750349032,0.260076842653952,-1.5432646732052897
-1.8960458255300117,-0.021839838442605633,-0.4092808785820273,-1.0398390770454655,-0.7514161545225106,-0.6234128676397139,0.5993030891784538,-0.054840368649099684,0.3738386925668034
4.813656724472293,-1.547217342020954,0.950888357235958,0.6535574419222123,-0.3903525865049071,-0.41907134317235456,-0.4897467929606351,0.6676070666027724,0.6545725388535083
1.3068251813379559,-2.480154099330534,0.15553970373535242,1.0710059410234,-2.133091091521808,1.0231360169964794,1.0345755645296821,-0.9331060948372429,0.8524967868923532
3.869074946237364,-0.7371942919753989,-0.16779003446950436,2.512396159945472,-0.7178429705197552,0.2856464745031249,-0.21541018146310847,-0.11567463634246969,0.5517360037973355
0.3314469341104681,0.8001011802271734,1.5980829195164168,0.7820811935060245,1.4628487720801073,0.14411458416606254,-0.739413946999651,0.9537021264248644,0.6985104323359291
1.2316778547486629,0.4166205244610949,-0.4395212751665497,-0.04661964948584706,0.5993926963062611,-1.050210087465337,-0.304004297679366,0.19307520584569995,-0.8312126570993182
2.1309089706439863,3.8856636253144208,-1.4913678390339502,-1.18839375223999,-1.7904644097574756,1.1281800975143372,-0.00898450536898176,0.08984375342639311,-0.7649991645988863
8.063881337295532,0.16072313591515391,1.3587925651715604,-0.7505132463077184,-1.6085792844907927,-2.4957769094543156,-0.4579088380142081,0.4975678802797556,-0.9486844694311679
-0.2630437051949397,-0.15436184410101048,2.906953960089625,0.44503885956395656,0.39989206592860055,-0.15862298953533976,-1.3756403260227374,0.626943791693851,-0.024080630385255323
-1.3557334809343735,-1.4286769906802357,-1.7343499988374205,-1.476928818444525,0.3688991150516759,0.3187707433920414,-0.6705511339746278,-0.13094402019292023,0.14445812777636372
2.4680202976907712,0.912404070290363,0.32959721400068415,-1.792460445924693,-0.8579265437203782,-0.3449530849940188,0.14873362353736036,1.479502440993443,0.49583013308538254
-3.42935440164145,-0.5904132755734274,-1.171959259007019,0.16533875409309567,-0.19224608513029007,-0.9603294147039797,0.403174411325537,-0.35518427890560444,0.2312486663957446
3.6920141761086747,0.8781868237491836,-1.0692254223785067,0.9020785860178917,1.3690707945166323,-1.01206101172141,-0.3541480849792568,-1.1339513931872751,0.15711839291132143
-2.619717818288293,-0.5739639912237405,-1.6079718600864634,0.08083255110713757,-0.05976917269412364,-0.7035255978281427,1.2743531454525927,0.005433818798866882,-0.4318675092133154
9.844062941296196,-2.4134749029996168,-0.16935793341267802,-0.07597195918255234,-0.26454994824170786,-2.867401491808547,-0.13739556831761846,-0.06977296308806016,-2.2584990786840633
2.2185855079909866,2.6483410304265202,1.354455079056371,1.0821566442616264,2.642401235075221,0.793997527015829,0.40574899112023355,1.0313839159302736,0.5973717882874979
8.73857092300969,-0.2089500400354354,-0.4840415591130201,0.22454733128846935,-1.0930846928308247,-2.627852020530639,0.41865893828722617,0.02024404932937989,0.28009105741689616
-0.9087206512065837,-2.129810097363562,-1.0462242064850986,-2.980430545311395,0.10874046661510671,-0.013139890134076376,-0.8960991516222114,-0.0031223957328497783,0.09383554563423885
-2.31467901516193,-1.1677323061774496,-0.563605038698825,-2.069693907304059,0.680752811086626,-1.4456916400797335,-0.6435426953354735,-0.9622918672198115,-0.037698224159839526
-1.7422028488006795,-1.260477611473761,-0.8197597904607742,-1.4533437852988351,0.6475819099866637,-0.11135284066642401,0.08559968431140634,0.005923764024947746,-0.16528708917355425
-2.772538424647744,-0.38285321392883787,2.548298796537926,0.6572443769545206,0.49697544418038075,-1.1693502043315238,-0.3712402528789771,-0.9900462190135901,-0.09506688435877475
4.76347748924402,-1.543142438199047,-0.25010892063896106,0.659635651618456,0.7386291899534047,0.2414360743831777,-0.4098378693167604,-0.47659069227744555,0.6599460854667732
3.518579647810001,1.8493454629536186,1.8860199225963368,0.821559331321772,1.8164554756902926,0.4569984857232676,-1.1086334942652427,-0.45552564591641737,1.2024391647064996
-2.341323640002246,-0.31788064755779166,0.45849271801639346,-0.9004263124799583,-0.5734484039631652,-0.43394022963949,-0.5658032218797611,-1.1804743657452108,-0.40792211719229093
-3.291493139849769,-1.8621527811462373,0.5666492884639031,-0.47654823900769905,-0.7481046161143069,-0.7333486572134612,0.6929908010259397,-0.5242676589100494,-0.06817696301356455
-1.1097775065498046,-1.8243009139197424,-1.9618057764727497,-1.7524443920399249,-0.06128587489022733,0.6367000399601773,0.47526870877440447,0.4118542520375406,-0.10639960663709222
5.546076355057828,-0.4073515469055647,0.3824793458263899,0.21726181574309233,0.7020848020526457,-1.2366826041294305,0.5628283075518412,1.2899096618736317,-0.6486561436218377
3.588754278647516,1.1946672684321524,-1.213150664911163,-0.4415075866509153,-0.5341712755991149,-1.1435768748680157,0.5225354354279036,0.3313337957282661,2.1784765028529454
-1.0400851514451048,2.4761154741331404,-0.34997484402895823,-0.8415420458351895,-0.7712923867453298,1.079522172575795,-0.5087429336934208,-0.524181975040384,-0.37626366703450814
-2.0494809059259795,-0.730776378465558,0.08488598953948413,1.2562107696010771,-0.3343105107673589,-0.2952755025292915,0.12646323044098387,-0.287937147955669,-0.15353931721820677
-1.269772012508575,-1.4176642064808593,2.2149495846661402,-0.5818775019667354,0.1789255615170382,1.0897067884514962,1.2184055361778625,0.9072241710766628,0.6245855924439799
-3.2695305242139687,-1.019589362196637,1.3317653940971796,0.01276433687049102,-0.2516966890646476,-0.9849077412258928,-0.6257888346865219,-0.530165582354575,0.1750052557631817
-2.8647974198749604,-0.42305812527112036,-1.3897619417091522,-0.21979997069309193,0.5914694674755551,-1.193707056911799,1.3352977843153382,-0.12067932395836761,-0.14380463802231788
-0.8027995043018853,-2.7981584975919223,0.7216771787252076,-3.9052969819320795,1.1588413184829218,1.1688521528217983,-0.674697531795005,-0.02577979964767243,0.38114811105147256
-1.573648171178427,-0.32120718820827576,-0.5387244477944374,-2.5055263822724507,-0.16735188131047518,1.2987684298254354,-2.352828361330678,-0.6280675784466939,0.030876505390262425
-0.9070409846260157,0.6500041855160016,0.43405885958212487,0.1567107721028975,2.3091951347857314,0.44374525113818136,0.09838898083442135,-0.5721530859043693,0.9986241381325238
-0.4410926341969117,-0.6029117576796341,0.5117659027763694,-0.7822263947526739,0.485179563111264,-0.6869397838832217,0.9562383671665652,-0.4924709115745235,-0.29634709324787484
-1.7229089301528697,1.2065921594042488,-1.220538084576936,0.9150646335671786,-0.02181671327284942,0.2235229901494911,-0.3681750686069111,-0.0543907630024861,0.38980886455735586
-2.300167453204042,-1.855323743295643,-0.12611763864665732,-2.18238482444472,0.4351259185582603,0.08958098687740106,0.45775419585787813,-0.19132199186942944,0.4448794905435721
6.766746294419047,-3.008366049399037,0.915979756640585,-0.7068079789241207,-1.3097692609480367,0.455065445748929,0.7912461904162433,-0.13450933805967286,1.7516287026021093
-3.0363301298724563,1.6026010587561725,-0.18081232198352,0.5424585408942907,-0.4876228311834095,0.6544281537282373,-0.14838434209700446,-0.8030318623568398,-0.5515587333733225
2.7320225470428388,-0.5700684293926608,-2.039237623345658,-0.24665355253401128,0.030978417007661307,-0.3936230173959824,-0.04673597179965627,-0.7914882554332384,0.12808180504571923
8.18917094008283,-3.2465071918596506,-0.8247836619947189,-0.7281534762468403,-0.6378382486132232,-1.5355774671870062,0.5449392417608996,-1.2942113180002646,-0.493094816520752
-0.5968943521700028,-0.38398196998506395,2.0081148539522555,-0.33050396571566015,-0.3961029485603031,0.10656748028612688,0.4465840613223809,-0.3549596841029163,-0.278442420148003
-0.3092547006115167,-2.109560339421311,3.317290910927581,-2.484604476773433,-1.356378507327934,0.7052096103143086,-1.4414655766254387,0.8977841605252149,0.5281032714187127
0.6236667831436032,4.6166695726172335,1.699061552256726,-2.646338147846096,-2.5136046327361834,1.3285716772572862,-0.8708097652489584,0.5962488952834207,0.9399394608905349
1.9516910913280492,-0.41106528770528605,-0.11590358036394076,0.4442340604298239,-0.9893899512926052,0.38428959271975843,0.8759088757672815,-2.0649107582556914,0.661676844816114
0.4974326994561339,1.2697787971117815,-0.7100239946272843,-0.8434363556275154,0.26228875097783644,0.32843744408990133,-0.4881958217086689,0.15620496480519278,-0.4759884646044966
-1.6329628988680942,-1.0077557841007962,-1.6759090207773732,-0.27827607322155107,-0.011898146031688928,-0.19014993949613193,0.19158045530317824,0.27376411928957406,0.3040538511841356
0.2200353852070953,0.18449264408920132,-0.29764569404958946,0.7694898205054242,0.11642666621962702,0.08741837017163527,0.3446715973166089,-0.11602554873067064,-0.4602105624150251
-0.1682190574295165,0.7473663302657673,1.4951085225405327,-2.0635377266602237,-0.815782578874718,1.2646988426397887,1.0010022565264582,0.017679916093516428,-0.13464712448479763
1.4277239682592522,0.013883998351740421,-1.3628681790480959,-0.7288235224810646,-1.260110517596957,-0.6635430838488503,0.5000746402655799,-1.1370782284397751,-0.3668875951209968
3.9440383481143115,0.4237595857827335,-1.2440853298643673,-0.6685621166432735,-1.46844512810226,-1.2708906198743062,0.20555699881817227,1.3173962925504497,0.2665686211448617
4.005151188902684,-1.6029505550907899,-2.134674218108539,2.0507535171266555,0.01238987012489257,0.28973837675709396,0.6168987402556515,-1.117995607923106,1.2826753981593022
4.559473868442168,-2.439970108679066,-1.3803865387028065,-1.0188553599532324,0.5725139149890548,0.5263630131788604,0.6441454860525662,0.030285099441275866,0.8064393015360026
0.31309325697956364,3.2405629206356372,0.6703221590371923,-1.8770276261076988,-1.638640905494545,-0.5985671468259824,-0.7540638131288384,-1.7643169021326048,-0.6080270596865418
-2.958206885426104,0.792777097471287,-1.0720429134933824,0.6536528229655606,-0.4319616538390954,-0.16457283637889206,-1.3813184409822843,0.3331086643388931,0.10792223954130668
-0.7514762345813073,0.018569161530658542,0.19835487276373767,0.38121481081143366,-0.2866210092583031,-0.17298719401792212,0.7896944386622438,0.3007472718931716,-0.6187680549760328
4.100039414107323,4.721504927750909,0.5128723718193894,-0.19778113216505855,2.2155863524742427,-0.2735129675801679,0.1614348243518514,1.189780829419669,0.011284650929174514
-1.6471264237716818,0.7412323140019087,-2.1842921967683844,0.6079254406942414,0.702628263141303,0.05263124255932541,-0.20918693424160958,0.44030525005303517,-0.5429533294707112
4.94090056450476,-2.4987527077413096,0.21056940926845472,-0.6215801403315087,0.07811852768648343,0.39913089727501894,-0.8069512805334291,-0.1537303846049827,0.8087661039574722
1.362044577940705,2.4053158954060896,-0.0464251304407596,-0.03855017487909587,-0.9774654703129209,0.19609820904976796,0.11371152055620559,-0.29724233224762364,-0.6558348547451571
3.6019467152154574,-0.9974832989059029,0.10533899095277088,1.4799093417796951,-1.1725689005862467,0.33051845049720563,0.5176928344003504,0.1284397348056897,-1.869491085316444
1.1183515055682534,1.8584167348201857,-0.5314086732243851,0.48066830687026313,-0.5739050132603337,0.6227149157225681,-0.23306832881014736,-0.8856133869114925,-1.2652360666356166
0.9358834455659445,0.2475745991340616,-2.280115172448369,-0.4721197325722061,0.22609352787738418,-0.737688351736483,-0.13345633953213254,0.09647595095700195,-0.8507866263378169
-2.3966843116384737,-1.096918355757977,-0.5410381197471367,-1.2384293914407905,-0.10771558956645857,-0.9518615631594466,-0.09443415947108792,-0.11324301569762603,0.2769605572637184
-1.6738675754775698,-0.5805022339451634,0.9884922932778489,1.0914810521456122,1.8890612302196983,0.2702414362370178,-0.7243326830187494,0.0023421825512389663,-0.291223155057263
3.95642413111594,1.8755211673177705,-0.6829764432693796,-0.3145797109449834,-0.42796826794580345,-0.8202229300094527,0.0831458969219181,1.1015036477960247,1.5868245344115983
-0.3787986978482498,-0.5400878339389009,1.003099969581506,0.27618861569957287,-0.7942421472213446,-0.9093252810883904,0.5829793811211336,0.28218419932052347,-0.5305755639441302
6.058291863457281,0.6691160078451645,0.5509373673514552,-0.9612511700398082,-1.6210989497778265,-0.44734108411791157,-1.2237377751683631,0.975054459160176,0.899581429107018
-3.8686162293964887,-0.08422113737628113,1.984004449201107,1.7786622526504512,1.0291318909908602,-1.1363248313723202,0.2420259456054596,-0.5750468130828307,-0.09567210513496102
-0.21557610482896358,0.4454175424142081,0.06944292814596593,-0.6506102836019022,2.226154984677515,0.42429912238340783,-0.42106532741893365,1.0517195892987277,0.39824351812297665
6.309553658461797,1.5480675412109401,0.7871869230402551,0.7138633768819614,0.4853096540114621,-0.2719741132470011,0.19100864835717232,-1.2858804062524836,-0.7672130345173175
1.5301850234962384,1.2570644009302887,-1.8717846804054483,-0.9522749121564197,0.8478021431084614,-0.09418033253364148,0.6781395993881013,-0.19249687997575088,-1.0049011454546066
8.677224686316066,-0.9655667240931295,-0.3417598730596837,2.8465434375373055,-2.544357325153289,-1.7629484375579565,0.2750703258226208,-1.3782301552474239,2.5208383253344158
4.54212553727924,0.4362354215123545,-0.591552419698316,0.8661378025605395,2.830087835368234,-0.66908284783906,-0.23788679733981682,-0.6062053282494118,0.10015133631052626
-0.7034148200253972,-0.5309898367421917,-1.4408902734632332,-1.4004715147419189,0.57666869384076,-0.624361872255459,-0.6446209692460894,0.4718231446584783,-0.05981861144861512
-2.723698917754545,0.35208794669001986,-2.5060060308951426,0.19112455188840277,1.0817635787603863,-0.8320887016986197,-1.4102390394142317,0.46017520969636916,0.0710880844556007
3.5630088468752055,1.6246366369446978,-0.032377347028504415,0.10589140465252983,-1.1105005449904737,0.3749112529045911,0.2937216000511584,-0.7999679722225204,-0.1185676387998099
2.1209353749808257,1.465504298588644,-2.043934127622289,-0.9880554476883661,2.5679086337386643,0.7600116121122971,0.4770832466948009,-0.6700349766967341,-0.07184265687370692
-1.7070516767557857,-0.06907227069163006,1.639626464139438,2.8437656756357,1.8857848725013948,0.8489158749150333,-0.4775360043730899,0.5666159189815541,-0.20677303290810353
-1.4932589652367088,0.12025662172196933,0.6962960696671261,-3.025841173534755,0.2887257668426228,0.6249943746973385,-1.9810220900378614,-0.7587471303456641,0.7848691608242098
-2.0419434072308715,-0.1840163192245246,1.8564902521860225,1.6360899340952524,-1.0046049154793795,-1.0486175102502318,0.09635365034215519,-0.6659416595841681,0.5864717850154848
1.106514403748991,0.32325964010358327,-0.7587950313579775,-0.42577982604650394,3.9798449151811917,1.2526554967871226,-1.2112447409781324,-0.24560114088318488,0.02944596544195683
-3.2349903796213866,0.17129730053468137,-1.2988516676411572,0.5751781568059974,-1.0806616151245507,-0.5583140759110163,-1.2879692260199194,0.10495504236446415,-0.21078489597925992
4.53441978061335,-0.032973704117430135,0.12221160862299785,0.5385875965071433,0.07408660876807803,0.594608258788395,0.041145854661658314,0.15871094909818265,0.008023073154290534
-2.162702528975324,1.0397779823393345,-0.8580871631215584,0.3911371266380715,-0.17323827167453876,0.23808590637779364,0.6802491245140158,-0.035712563997126114,-0.33421304543042374
5.086614508018209,1.6749367708283225,0.02992096784563889,-0.8907709381747113,0.33224235046796974,0.15864847202717006,-0.5126122210620752,0.6926686609147339,-0.4903511167892494
1.749517412152183,-0.6886625506600127,-0.6595078958608318,0.6163511857485168,1.7812841144446259,-0.44766750383199494,0.8371978418745049,0.17284348158850849,-0.9248953709792078
0.5211754165632598,-0.3079383767610599,-0.9995034542071642,0.3772021702603158,0.44263127070327946,-0.3061700023322248,0.020127554728350885,-0.9726639149367873,0.5890413895632683
-0.6520655616877815,-1.7459214999681367,0.9575876899111012,-2.429455981894081,1.292951709854607,0.16896704514055425,0.3857263106024398,0.2703471018217194,0.1730797862933604
2.664176709746524,-1.7590587388942662,0.6585161485203294,2.0970150123911755,-1.1001963192535045,1.2411576569745009,-0.30602168341428176,0.1353675660122275,-1.3980337436297923
2.1194090981630853,-1.9863286074569055,0.6404267583689756,0.3535585121313392,0.0007688547773827185,-0.5149168311094714,0.4169689334967218,-0.4085387271219245,-0.4009610466179914
2.666459904552659,-1.90909309716902,-1.603041122149984,0.20954248840630374,-1.2548736226843107,0.3576944688006717,0.7970112650271118,0.4464006298820405,1.070356977404228
-2.8051524597125885,0.3031025403305537,0.6242994538514831,1.4659109878185907,0.18703788931599255,0.7171398416590151,0.9339648670058212,0.6191194288964359,-0.01949452296797705
-1.2894211908850437,-1.438524553400951,3.0294227707591146,0.06740348276155879,1.0962024356879454,-0.05922691249032417,-0.6663133950429997,-0.5757533672161779,-0.4662912318992236
-1.9852051191325288,-1.1158752952462856,-1.9160549268644622,-1.0430872459686982,-0.07785087794502668,-0.5805424510120452,0.06058974822109233,-0.048654598198167566,-0.3673884339339001
4.170952279139975,-0.19693036407728987,-0.9443906825071382,-1.3121124355107,0.6611304337693424,0.7109429463261785,0.9229139363695292,-0.9877316404390162,-0.3235241777589352
-1.9257473633812243,-2.448662363672633,1.2640378731666961,-2.175929915251666,0.40925471322897067,0.572636464526295,-1.7340237994345202,-0.5565654149750655,0.13665997180179829
1.7998030007931818,-1.2293549441589469,-2.3144471812763685,0.3557471684486401,0.31241222566415877,0.1399974773903433,-0.6426867181870853,-0.7022440917550746,0.9241430028113564
-1.4797386352079436,-1.419185067630265,0.6633796865867773,-1.1900847424566463,-0.637459826521157,0.42251162751779187,-0.1564325846123483,0.03459634891350367,-0.06559800822651288
0.6047303442715948,0.5414766226898547,-0.4088077508265345,-0.8615399193930199,0.9682418213400809,-0.2238549245947239,-0.0309265317103737,0.6618639609349138,-0.02713971232369263
-3.130173926625227,-1.0046500940018748,-2.044779709870855,0.9726080537139269,-1.2865429379936455,-0.051103262100385315,-0.7552566841760141,0.3001335815988575,-0.3775758234457304
6.645287931005626,-3.755964503230087,-0.32510047784575885,-0.8618817424910855,-0.875364425399617,-0.463129039627281,0.21440197579707596,-0.09956626779421143,-1.2213946660892867
-2.5370024336935146,-0.8798648493973773,1.2495316354025578,-0.08311144591947536,-0.1802630222707036,-0.2849039396662118,-0.07349154637900308,-0.45588417282740473,0.7152757097692957
-1.3751920542442162,-0.24883798483038833,0.7411860733654503,-0.9545994307980717,-0.35010222296844307,-1.6454276485910955,0.20542249192748419,-0.7565499686008768,0.20200648488648493
-2.974470692688575,0.7629377823680944,0.17280596138846177,1.120594840497715,-0.6416280899230214,-0.2607494320554477,-0.5965960767967806,-0.222178865993502,-0.41731065025904823
-2.5258452182045805,0.8825240851243231,1.2272745401843077,0.6845006633411884,1.6810475571103534,-0.5957241642156357,1.7942295783897633,0.650235949408833,0.6930885216729897
-3.69747591310476,0.040116273874788645,0.779310766296746,-0.22632865791199908,-0.37274184217886613,-1.988594964935201,0.9354624327558982,-0.12188815288640258,0.535956597692441
-0.5291408797870871,2.8218674433380757,0.7101380083466636,0.49840826691551193,-0.21530461322219777,-0.4795888426626894,0.5168494552938961,0.9080539868675717,1.6765227155881137
3.8612402354906554,3.695230432875978,0.15286045605030513,-0.23356540203210666,-1.7038271786684969,0.5659150207434064,0.3817913715882926,-0.09803795345042879,0.81738837592107
-2.3226966759418555,2.092487570574474,0.11353275128007011,0.7606614096816131,0.2711027850825598,0.5691126306469363,-0.3240458448323768,0.15337797341499687,0.282487708204816
-1.8999528445291116,0.5132231914052056,0.1998352123240146,-1.1565452554727482,-0.04945027469209639,-1.3251639887625926,-0.6617424663948677,-0.4633255491299843,0.35519202164341696
-2.687995374417627,-1.8139193733342716,1.6951732570614038,1.5430133130174042,-0.35943190097694955,1.6713914340702563,-0.22687108837086115,0.7307996892493255,-0.5009538151468502
-3.1706527068584838,-0.7800631839469139,1.0167616868949212,-0.2641122117086015,0.4565225495884067,-0.06384881584818523,4.98711625474016,0.5308125381015534,0.1951606094194789
3.442271263874514,-1.3219474038032157,-0.8831504101899427,-0.2158881524396311,0.2553551020615701,1.1252102264664485,0.2141268845093063,0.3547713672214094,0.37711479531001985
0.9312027924129934,3.1899028691705777,1.2541435340858529,-3.9364070953596713,-2.1265955251897344,2.1834661631596624,1.8712765193985204,-1.725268297414458,-0.4664342832170618
2.168483828319803,-1.2470109402387026,-0.8523139611282416,0.1349263498173723,0.8214318653722231,-0.8208543469590089,0.36165829195998955,-0.8016189413861323,0.42584280928205237
-1.7474567588937104,-0.3628994333466786,1.0417273642237566,-1.6087541634284377,1.2797656164348425,0.7195253273879113,-2.4354405699276103,-0.5035487438846148,0.5362985818957032
-2.018480244497426,0.631816903767463,0.29072340648456896,0.41023206035121845,-0.8154710674436947,-1.4664584272040335,0.42537630785062747,1.176256936056004,0.5531029171380313
-0.9563455198705568,-1.463324821321116,0.5078583723094303,-0.6417117351675102,-0.6072144060374067,-0.4285131595496087,-1.6699199782163294,-0.48926434306352357,0.9838235694581245
-3.4228794249371735,-0.0946491857488813,0.894982832497622,1.821693923744854,0.6731933743481062,0.005734346938472392,-0.1836625966071625,0.7476768963964971,0.12871920645211682
5.742049767469239,0.023430600324070554,1.5174070446137604,1.6611840408051108,0.5196931318624883,-1.4028819419448366,-0.45128222228355597,0.27065937548772434,0.04063740792558591
6.392757345216966,-1.0003555250511962,0.7523711551190638,-0.49623626428282874,-0.31653392298926086,-0.8799549084971569,-0.563853569618509,-2.0066119366071886,-1.0240716444606834
-2.7001979373258744,2.3145074743335146,1.771536399177613,0.9161302697917286,0.8611998533873781,-0.03950011902107529,0.6757363720948562,-1.23234982005905,0.516124137401114
-3.6695012957677293,-0.7446368728308984,-1.6427737380331495,0.7916807362480521,-1.036182087119367,-0.5163689806753583,-1.2799881158026,0.08536251543789813,-0.3251607784155736
0.9253738702014603,1.0223925891330363,1.2405540536884054,-0.8941844076907797,0.2952199372923102,-0.3059263011144768,0.15608858165187858,2.265348595921742,0.8321226259585325
3.624364861853624,1.6829675843729754,0.21294982558493808,0.2858547428374331,0.9555086128936734,-0.5085542424347137,-0.6100401390447856,1.3494503537651117,0.6927512299011724
-1.5742675400439619,-1.8256952954661378,-0.5815979959976321,-1.6791173325710995,-0.0030230886331967534,-0.8864151489105797,0.28559942779718683,-0.4472722398068557,-0.35698080737624
4.48532379814731,2.939632956607278,1.106430211119376,0.6846661631158035,0.2191614845046573,-1.7523773694306184,0.10749486612518164,1.140072064057028,0.3257055002350189
5.920299138518346,-1.7267952451125588,-0.6143150133377134,1.7638814816830077,1.0890019467876941,-1.0463799738811568,-0.3516960807777325,-0.3628036071063201,-2.0272766206940496
-1.8318395382343065,0.23187579995824184,2.344290946791361,-0.8314049220274238,3.5558909130562633,-0.017801744005279937,1.2739655222908586,0.26954577698833987,0.9367331254181629
2.613403804221469,1.0887815139846515,0.3300985509695998,-0.651777005164553,-0.025594518319229702,0.7993059638499477,-0.321525791889634,-0.2037663889400527,-1.25762962279498
-3.5091685306748714,-0.6539067458514939,-0.2515445409791364,1.2309211794807102,-0.22389579841751514,-0.49404646605089797,-0.12089603400792902,0.015921876013470004,-0.3136471126287078
-1.2485463519704976,-2.578926770306869,1.194381446002873,-1.637806964916874,0.6770826953897396,1.009953864317385,-1.9569091051302878,-0.21246879649445122,-0.34448704736846264
-2.8156665751915484,0.3653360263507751,-1.0572593258305618,0.20973014765866185,-0.18055554606089383,-0.30210271117266124,0.21436721511318688,0.45578125027375155,-0.01198334761892093
3.6899037856638612,-2.2844813675397018,-0.15377384727296045,1.7621649250268436,-0.3128356331626361,0.4588016257691614,-0.13117202079064905,-0.9522268592132266,-0.7082830042546963
-1.9562637172969086,-0.7012825693664454,-0.46670213656704446,0.4245946518662436,0.5922091406016867,-0.5717434982805192,-0.23044287705106534,-0.08007081177032742,-0.47673941171760487
4.208042206738585,4.775211622535872,-0.6642488657372274,-0.9359790779648929,-2.148063049241961,-0.16705590394673842,-0.3450582626128617,2.1099049104147327,0.3554196924139191
0.33063422877415377,-5.821519970161587,2.403572287136036,-8.15868657588887,1.3577191643192377,3.1898763808394466,3.3377583602990093,0.45633097687283003,1.011562430652381
-2.503105267945388,-1.3355179140699713,-0.18212338804775074,-0.6662101169341226,0.2294943666721518,-0.8081412703220714,-0.2378664937598616,-0.44111445762953055,-0.251413361878112
-1.3739016792158258,-0.8242694182021848,2.2231878891462564,0.7653798856146957,-0.42502385621689187,-0.4838481004470572,-0.31420822450266683,0.19870662971079972,0.2789473378661322
8.08739576847305,-1.139754265921465,1.1950434279619275,1.0295680524157365,0.2579557715467241,-1.7891354496816074,-0.5094753575303476,-0.5715736896772531,0.42124265270761474
0.17649373340791644,1.0936698228649588,-0.11656261485515461,-0.3132784507319905,0.4673703947525215,-0.7237134901232943,1.0381976606226129,1.5998798822985256,0.3415443367050316
3.2827187303644085,1.0871858700047907,-1.543520412825954,-0.026940146012256427,-0.1324004879547756,-0.06805867877951502,0.605111661219982,0.5570699614924642,0.5822146907809876
4.291268931952499,0.1906382002283644,0.899230217948795,2.6280472353168665,0.2234662678722163,-1.0782455763501222,-0.06706340479902989,-0.3774224152103027,2.3566029785746947
-2.2619740555320558,-1.9675675130413144,0.8818641168629365,-2.8302315061127525,0.043956046248736336,0.6129464176230366,-1.5956837244922109,-0.5258267548254997,0.14991149049005215
-0.5271686612499165,0.14347396853299693,0.029181768695377936,-1.4763272041337527,-2.0134679550392325,0.38685369834879596,2.014052736070989,1.187263424329289,0.02207096627502061
3.7117052420550967,-0.3284738621943366,-0.9109231682371124,1.7840390445998426,0.4888145231080625,-0.1856136883884833,0.6704810831411039,-0.2904199213547039,-0.4852368326276199
2.646949507674348,0.743361141287082,-1.8021561937668797,-0.08262213333676925,0.35482119048915406,-0.47149049254111947,1.6839425190828416,-0.8540991711632732,-1.2650123887335325
-2.4067218539318644,0.6435448627986095,0.862782844388756,-0.5516292963796792,-0.4324695843613876,-0.06990782963066534,1.2735167408485986,-1.1057837451693893,-0.6383832045066403
-3.0811908233337135,0.5692099646172063,2.53510489878198,2.0878706631347828,-2.0136768361648385,-1.3712889091803606,-1.3353977315502172,-0.03252365484778791,2.483661704745882
-2.051565118943028,-1.825323024721345,2.463437649224358,-0.4557107861899712,-1.061936115077615,-1.1052738360789562,0.9157976841393133,-0.35981406848499453,0.1605678650170367
-3.5241165773187815,-0.9309153090906584,-1.3380737966129885,0.45591063510218427,-0.7927488255308334,-0.7088728317952774,-0.0049511804358361375,0.06130126230399269,-0.26490361777299415
3.4891055122706827,-0.4309625726887831,0.463106292189614,-1.0790013853401388,0.7064009767907691,0.29887104924598135,-1.7699161133192,-0.1647278528404445,-0.23083428324960872
5.860050320104605,-4.393123477833875,-0.036972759370128595,-0.3442868445203588,-0.8293979800847952,1.4700960523972963,-0.5363687400909217,-0.9519609925818392,0.3808658339054275
-0.3095645439152798,0.1749467908428957,0.950354359578489,0.2670473684011411,-0.7050262248008632,-0.9896192085338261,-0.21559737710646915,-0.1315569761967239,-0.6533115676246825
4.339294768276446,-2.206558776759637,-0.4957909114243056,0.7888555663388971,0.6041065703914269,-0.04962029914723104,0.15259800316452965,-1.6101191570366051,0.43644429520755806
-3.7334499065216282,-0.09354190681703602,-0.553538351372196,0.5937483801588378,0.09621665085202542,-1.3693441633402321,-1.2696650147019641,0.08833470170062883,0.2540473092994166
-0.19237427157972953,-2.1104541610264533,-0.25172405306827894,-2.8787231148061734,-0.6342469529933766,0.11315615407351919,-2.072382305504601,0.6096236411338138,0.4888727443879423
-1.8321455753203257,-1.8255367366545154,-1.434932662230134,-1.6562238097550799,-0.1628481115332842,-0.23519566563681268,-0.5744541246804903,-0.37514789517154007,0.20039659808490537
-1.8585931532870787,1.8946563912301924,-2.650603030321927,-0.5534082363550036,-0.8136411734307418,-0.3063868183981145,-1.4152508125075907,0.2607993059332042,0.1225699560715167
3.91960004986556,-2.4709921269540924,-0.7788793776118563,0.8203378307736867,0.8829675013362003,0.6304627680255686,1.4346924850367118,0.11525940094355372,-0.962508126174787
0.9313321730680212,-0.8528500479434972,1.5094184300011986,1.6435440294567643,2.1659814201057737,1.4734200294413753,0.2538132822193488,0.9525864152130332,-0.04632248858063872
4.052717420124873,2.973013315945193,0.2863661287422027,-0.2807194308674097,-1.1748024508089832,-1.9910730375456933,0.07489793659122763,0.8921658272820197,-0.35455757628604867
0.2501293080598192,-0.8059265904008586,0.8017729215726085,0.5417035618392966,-0.49765403563918414,0.20342498813723875,1.670515831682922,1.3468120930176812,-0.4560871495783511
-3.361511152801742,0.01948129940535836,-2.404079900472253,-0.20040359668041255,-0.3501287421471794,-1.04374033059258,-1.1685629990907556,-0.2643812128229047,-0.18583653213947304
-3.218501176443999,-0.4758263584897815,-0.7188587835414342,0.6284180535377855,-0.8250411516223277,-1.0039615203444925,-0.2699118710030396,0.18560993855869187,0.23362332556381785
-1.0934155092018798,-2.1412400446828004,-0.5955305462037027,-1.2128588855729954,-1.030752652610949,0.3247039426755643,2.269559607834864,0.6751134233195825,0.595296991252515
-2.22967360997178,0.23251808459705572,-0.3599189273782383,1.304739906600195,-1.5159528920825551,0.2966843764365772,-0.20636458704824137,1.2550339826134442,-0.14916710915551065
-2.9066094465149104,-0.7569369273890004,1.6964261429853906,3.414148326626832,0.5157363404272288,0.6374934424773268,0.21512380517114124,0.33819002341069876,-0.8290614522233987
0.5242491151427363,0.7666962134631558,0.39705129356773256,2.105095145324498,2.086347265250332,-0.6977144097102497,0.9369976373207728,-0.3821779804204223,-0.7173685974051986
4.951254103303729,-0.9993456194437713,-0.6843499026952938,0.7874813718843089,0.3665242099628752,-0.44119595316115545,0.3813867286113557,0.7936919736894755,-0.17346717497560057
-1.3419819402492466,-0.14314333168654242,0.5583926152414882,-3.1093219925672924,3.408206603009199,-0.00289508473320065,1.144050386943294,-0.8150920048802175,0.5534882844224217
-2.3817865470907997,-0.049616729127768926,-0.4083182652204768,1.25206090731088,0.4288921422645239,-0.2655561748354742,0.7487610726118531,-0.20174274566530953,-0.7410269283218338
-2.905011283488379,-1.2408615632781617,0.8522731584377392,-0.4220177524588767,0.1491046859057567,-0.41246422110332737,-1.1838559484938407,-0.303997012667349,-0.011729696723192585
-0.5636733897422699,0.7456976484571097,-0.727447737097926,0.07580571854401386,1.7649484474539836,0.02194942009580924,-0.38554805404627324,-0.3294179837067069,0.605107593993207
-0.4778879484835673,0.36094724138111167,0.8072089106794347,-0.7322285559872639,1.3803507230354286,0.20635623276963877,-1.063485776501252,1.557358554062795,0.6775761429732893
-2.6850982082607477,2.0089659344807944,1.9860471646620548,0.9476693856938984,0.4473762177411624,-1.4264107919524838,-0.7372969331912974,0.5232341751962218,0.7532504130463502
4.6636294677456975,-1.018858738308887,-0.15309612591217317,0.3500238573078098,0.8784955252975686,-0.31881930751206716,0.5121002414575103,1.2146526390531038,-0.12981061815567255
-1.0411427326308058,-1.0977736296196188,2.7992343358486615,1.2442794152028485,0.6288152633458396,-0.3289439600707554,1.1432890692280195,0.363452292139598,-0.3970853704407783
9.668810219154341,3.8885152689874776,2.6206313122498517,-0.6748984802057835,1.3046506563846743,-1.6103331133678955,-1.0196393874090481,0.20460362572096935,-1.2332146908154549
-0.9844684265200631,-2.3731797720939762,0.006186489253235404,-2.850622471650993,0.031827719048840755,0.19941073471149703,-1.7470283676400904,-0.8428909902933507,0.2523510426878462
4.327065217933909,-0.3762749423171567,-1.0969505843671696,0.05003430900211723,-1.5517330697646161,0.3256096023057781,0.22989194377165714,-3.081403576953673,-0.31140036536636745
0.8403831418606608,1.109006747289679,2.0603194696575304,-1.0104988678147906,-1.0518305935362655,0.9980350556526065,1.3065886249535317,-0.12564622677699472,0.9669135945527504
-2.5524141769182322,1.3967489214003754,-1.140146189498035,0.7450492198717952,1.9639099089794136,-0.3392465280324075,-1.3795862160195111,0.2644250882039509,0.7822050324894668
-1.006983835414164,-0.3152311116293392,1.452460435144534,0.879315256910489,-0.8886325430132159,1.23043052920616,0.4593786757038504,0.7590624582533915,-0.007600222918801196
-3.7018571803869187,0.010864443810061155,-0.3979110670457773,0.3955310979556224,-0.31354133954611496,-1.7947764718002552,-1.197203096709619,-0.08610942434990618,0.2942764976485787
-0.8209417736947464,1.5670853497805086,2.19431635987191,0.9149870564655856,0.1535358413837309,-1.4564765845929035,0.07016692061452734,-1.3660425921355226,0.5636935054158697
-2.701921537459831,0.3408499419348671,-1.3615633260918902,0.14713007696556582,-0.8274568820264112,-0.5631430440849261,0.21943283881456585,-0.6639618244310393,-0.7362599987337473
7.662884470732296,6.815565322398423,1.5241672792942682,-1.5094476984878944,-3.9614295313635433,-1.028539107790184,-0.31002136663385854,2.1169944505070526,-0.09364755826097466
1.0003667226835429,2.8542263036381716,-0.6496190844909444,-0.5651398511258315,-1.3530840889338427,0.5845018299441705,0.4225311634166949,0.2679405529350032,-0.1445517673211079
-0.5852040022618665,0.4765331061456625,0.08666883607382327,-1.0787900481293833,-0.451586582088776,-1.47753485252341,-0.6239929646429578,0.6200497340830894,1.0983973028239278
0.9403711731555877,2.9366333325459966,-0.7425069506732338,-1.3102792623996986,0.12352317768148686,0.052243106264403455,0.6935364345814053,0.07221966423417807,0.1907479075914452
-1.3282900150133137,-2.9164035257433327,1.9904571408912677,-2.757169583088349,-0.0459601485322349,-0.06753575255076066,2.112338370340363,-0.13266462932205503,0.07673105350429066
4.621584029083316,4.200233526940707,0.7690151524503652,-1.562414313470771,-1.6343581105481844,-1.2890622473627658,-0.5404438380442531,1.7589136570201538,0.4417443730243595
-2.2306280571703425,-1.8026427507267138,2.0351584292579554,-1.9009709938824866,0.35256014891984266,-0.31695717058935147,-2.1129728256688383,-0.35519498497619306,0.39383784069839345
-0.38207133939657956,-0.636266371846254,-0.8053668747420952,1.0503823076646808,0.11076013241238848,-0.0029975950477244685,0.20204112870114838,-0.028429882152367775,0.6841599268849257
-1.6870903439435743,0.33076595586853125,2.1963629532330033,-0.6930519223765544,4.470853124184255,0.2747461318787012,1.2835342345133662,-0.12963173472236555,0.32449868193907483
-0.470519436697157,0.7646079996560381,2.6194856637277892,1.902583029760279,1.7243956833374605,-0.6932241006884238,0.9859877169337756,-0.2518403563673158,0.8338943938780786
-1.8936619932269467,0.3812766094600037,-2.583221581338795,-0.5020940308856964,1.0374037572461356,-1.1903649060265782,0.3695106430836527,0.6771430422724437,0.15302830174698237
-1.3044191213874137,-1.0007330854917103,-0.2575806766141506,-0.35705385202999523,0.27349999381458695,0.782434572687945,0.5026678903346141,-0.610888428940795,0.8999115217406232
-0.510601220577374,-1.211062492829005,0.407649266014888,-1.1327026870416073,-0.4691813183351533,-0.4204043096411954,-1.5490525501367103,-0.47884403925142344,-0.25653556837433794
7.975784261978199,-2.270475086248038,3.4190111643562204,1.1118322469593611,-0.8134625477471307,-1.350004049899704,-0.384693062953208,0.7325400895660055,-1.3108827057842516
-3.558311593304203,-0.6185810811397778,-1.3249860354045258,0.1596375529420874,-0.555182868071694,-1.4737460689732793,-0.3498148939045684,-0.48762434112826947,-0.2550626723104582
-0.19289052480964497,1.1561384130916992,-0.9957463132287115,-1.351281309845022,-1.3433080999174571,-0.16695265834633777,0.06650458222273632,0.22817916629827958,-0.01955316459865628
-4.278994196474079,-0.44511442096352644,0.929440709098819,2.073307265122452,-0.8199803836407314,0.001627413993636497,-1.229090217512466,0.035172778236759024,-0.237513430951121
-2.6430356682818834,-1.7162853403092144,1.8506201666035442,1.3174637247031933,-0.958097508952202,0.4760623375791208,-0.49536673665547915,-0.029485035272324097,-0.6483062894862744
-1.2640866759337814,-1.0370771513718915,0.17369035910913935,1.4679252776861447,0.25363335187191755,-0.27614531311854096,0.6064278882583475,-0.1712035117264771,-1.113902177682999
-2.9940000805194535,0.5133541700484573,0.1542051278111284,0.3455324593432475,-0.07886966855481595,-1.3300178597681982,0.7952780804934825,-1.48013092142331,0.07555407432685685
-1.322972766547367,4.498830293920162,1.3385842348708166,-0.04077824991205216,-0.015393688978756622,-0.5271754630833947,-0.46248768284726277,-0.8110344781778493,0.9944406053423851
4.601383419373363,-1.45812255613973,-1.3857084617108817,0.8723060151097096,0.6132671184507863,0.1439868773173121,0.906075739724839,-1.0147119383294112,0.6304857613436216
-2.2173394422748536,0.34801716788120113,-2.8086585676070124,0.36173547940074213,1.0568866678724487,-0.3849805459792369,-0.8349533098426606,0.02384265916380446,-0.5496475955035828
-1.522998686824249,-0.13794406331623071,-0.1818386274853274,-0.8403087307938627,2.1394183091649754,-0.23111850118138771,-1.1356479682559266,-0.43064197839986834,-0.218514847234093
-1.620669438588612,-1.4523111064340088,-0.46134652723504926,-0.9945536228131449,-0.1832960705204526,0.3047165938938716,-0.5628342441854465,-0.7083279242773746,0.41806530502123557
5.169654766044205,-1.168636794682531,0.3704016008318933,2.2261390802301824,0.8312733816047161,0.28442258263084147,-1.0040782623399496,0.06775651476019828,0.4793098405989581
-1.389103292886502,-2.9377507980367144,-0.5956783663486739,-1.5981705804572777,-1.1290967997599888,1.8276439297537797,-2.1921382998206957,0.2893276477051174,-0.19631111882520322
-0.7409159840190681,-2.0987620331764885,-2.088707003495504,-3.2101272769051357,0.551485043831977,0.42150093517872445,0.8485930474128772,0.3015595631962177,-0.19504998483660366
-1.36807559561941,-1.5880599589214313,-1.7257458145605868,-1.5877021274230376,0.020712966904061568,-0.3891005840088631,0.41769588214802367,-0.011718151405664195,-0.43251122507594236
4.498814548405328,0.13272814666627814,0.19285894417307362,-0.3306568818868257,0.9622569849620259,-1.0716684312780473,0.03188124052837102,-0.10294131759363125,-0.4275242779636896
6.717320363130645,-1.9699529521052994,-0.28668109199383934,-0.6567033009570197,0.1545984577916596,-0.3664075421521539,-0.06315312551666769,-0.09369582825306888,2.9813208326308653
-4.172178456530405,-0.5769476523534873,1.1498306965867513,2.2765884667481826,-0.6890341567467099,-0.3361205070366885,-1.1708563665252427,-0.6163509929046825,0.27162303277888705
0.1376888676409833,-0.3747641841188324,0.7779232071238211,-2.065259493594352,1.056581879972328,1.343391799730479,0.9415891610843098,-0.8015290093681603,-0.09032100820230554
-1.134282201828891,1.2130901046297038,0.9992308217354446,2.2047880169331258,-0.0027872633739744784,0.04639344758262237,0.08685263018226648,0.8805382286883097,0.014231872252023417
0.6312901672612632,-0.9872802446727524,0.12477138658216706,1.7817608583900622,0.8166106550695835,0.5144591490574668,-0.22866108526291787,-1.1738728747769016,0.320622456621141
-0.5794173528425093,1.4624775763336848,1.317365945260801,0.7913139805212742,1.3499039489672295,0.811725617940457,-0.2436603146521423,-0.1142122058636072,-0.27628282587972813
2.887917434516292,1.1365880109009296,-0.5365471323444975,-0.7923596796351081,5.433505544056553,-0.02653650761033622,-1.539943275803792,0.029135132723016637,0.09667385758700983
-1.3338346403467685,-0.19710713681603953,1.7942988154414117,1.3133387580445217,0.47838219195659737,-0.5658225367780817,-0.0536998923009793,0.08174146021749494,-0.4605382260947114
-3.3142088579370323,1.6747557588644535,1.902031986825991,1.1480421746079024,-2.042360734893544,-0.5218318909674406,-1.2488463584224296,0.08056356128138753,0.6187693868434101
8.162172638437902,-2.938030322960881,0.2544860327429386,0.4554175303061334,0.2342066211521484,-0.8064540693652806,0.7782748758388957,-0.046089465759609614,-1.5910077974039336
1.1834638811481069,-0.008856503609458012,-1.9312510219093753,1.850868844487337,-0.8877667314145508,1.4953504969349012,-0.6569032861968468,-0.6127803165063964,1.0200949345621244
-2.749923980708416,0.7789288179837864,-0.8522069992617677,1.2348457835974678,-0.26683528406632373,0.3823997869326261,-1.494134296080378,0.5437848779310185,0.19983027052218627
-3.1859043179717963,0.7456510304197332,-1.7825559529974482,0.45372866490398145,-1.7638554542802662,0.7858925465995773,-1.2425295610441023,-0.2838056318857325,-0.7942960155294012
3.013994336307978,0.9866599187169314,1.2272900998396876,-1.3532717126940599,1.959749943143609,-0.13572203713127978,-0.2776614984188491,0.6016312983657642,0.27374632552006484
-0.3983605616156742,-3.4464320478109096,0.5708360299933706,-4.686745983472644,0.8426274816884785,1.2041583988345061,4.06097118938494,0.791763467897209,0.38665712182923634
3.822331669273471,-1.6712001289489091,-1.6372670121722284,3.4990132928521036,0.14281952207730306,1.0590296094030593,-0.1687444402543895,-2.037166692318123,1.073888788530584
0.07223817294262821,-0.27378832473327464,0.7846321076322456,-1.585661773720803,-1.5384019136745597,-0.5157593770538179,0.7930673509596712,1.9734442349833559,0.7375899786589866
-3.0865151065070267,-0.4891052267881152,0.961297631719183,-0.4567357892427994,1.277797662256656,-0.30575464816963455,5.001084548247158,0.45377563255742254,0.3302022125520127
-3.8531005028589163,-0.5406599408949119,0.16690042389989687,2.3536018787395325,-1.0018896662101338,0.8882277210900928,-1.4095639313633688,0.44516549382572645,-0.5195815055624816
-3.127367633200509,-0.10875959698795541,-0.5861876350878125,0.6019004919417045,0.2798090525314793,-0.9422668610750498,0.2275882906290607,-0.5011906747579277,-0.41563982588145815
-2.2251175685070073,1.187753952742481,-0.814380875880017,0.4647266898767077,0.9452567802232357,-1.5404213748353806,-1.5861792022094683,1.1243350274697639,0.7329795158207746
-4.220385421574755,-0.8617867885482783,0.9217544231021886,0.3356711277584395,-0.7100066821498154,-1.8569302190004822,1.1559192144152912,-0.8536459064089646,-0.05159959555534052
-2.7849178294267527,0.5070326501891976,-1.3839877599924209,0.48148128965912274,0.9337698315601749,-0.27564336723449856,-0.2388459143780628,-0.1505554923620348,-0.3757155100573792
-0.790217142414986,3.2173309784500392,-0.3162149650949077,0.7453606779863027,0.27485079334044626,-0.25783540899683394,-1.6861534298238419,0.988172124549893,1.6583176824901056
-3.3364069370347917,0.48886374473629457,-1.3437713853221318,0.5829257390262028,-0.38460965354902305,-0.14579014288384326,-1.223293775683662,-0.3171384998091236,-0.44517606225098455
3.6993199050854253,-1.4810297106901298,-1.1908564330055451,1.7092220417457331,-0.13719149298563402,0.5499622874915323,1.2256713395469838,-0.9098198220804079,0.6791918727725526
5.36173192045198,0.46808759012340584,-1.3412899781021805,0.2653977098467509,-1.821711536849222,-1.1487662673628267,-0.0703213799807702,-1.607819757395064,1.9894834563179284
-1.244742914955013,-1.0093177137425609,-1.2038826731880705,-1.1373196112166257,0.40560929228320514,-0.12830416393591654,0.15689127811613324,0.4457051107724378,0.6184698171408496
5.4411728335069265,1.0356129203595996,0.6574422264097958,-1.8929795914100827,-0.5806682630458142,0.1250601597809439,0.3677189898725888,-0.6552692566058641,-0.6601509061500995
9.62882530026166,0.1039983398910232,0.8029191114241728,-0.817315121907457,-1.552263319050895,-2.574189941546353,-0.4689251540702243,1.2101479625629508,0.412168185269216
-3.191137524171908,-0.4039364092669791,2.20309190136309,1.0676444034197647,0.8681336346279832,0.026094985740295965,-0.9675799901248341,0.207118023629085,0.19597150200877161
-2.9220422787470053,-0.5063211874740996,-2.084206864801275,-0.12094871457907011,-0.2665526153543152,-1.0265748724593657,0.16275609612019606,0.085836566951679,0.07297775396091916
-0.7533791921307288,1.5103005038518482,-0.23192170690263544,-1.6442376160792465,0.4763522335480703,0.4854057851483206,-0.4592384664195791,-0.06229218740581595,0.24509185871985642
-0.6260317760109592,-2.013019554077464,-0.9126248982087813,-2.079795322366783,-0.45739736215552157,-0.26404204723119457,-0.8300042593580343,0.16772496332920245,-0.02228596171497264
-2.1081212590242115,-1.1649280315215949,-1.8396741461502126,-0.10628041735429873,-0.644187401891141,-0.18921194272393932,0.03545919846960637,0.19080793889149272,0.09734669980313988
-1.8243663683609437,-1.4692615972498926,-0.8549067078680023,-1.657062714937789,0.15469308234312387,-1.1987987718718485,0.011526963326714048,-0.3439360857382512,-0.14196101874905684
-1.0590191809971206,-1.0424076149643218,-0.2278093975537233,-1.3708247902751207,0.854799200939952,-0.965120968161542,-0.07520316477167853,-0.8678025321968756,-0.16062555557414798
0.621474591927339,0.5226437004900865,1.354446799047221,0.8951005871228448,2.7947963364369146,0.5248365236792498,-0.3880380094216779,1.4288143026635576,0.22187265146669016
-0.9788205257242627,-0.22330884729685718,2.8459977292662577,0.4697438955634461,-1.4590238350032965,-0.19058385702207936,1.4440128646058286,-0.6219019427464747,1.2346040248578325
3.595249349715297,-0.7965132003930686,0.5974152576998222,2.3991646438326293,-1.5976385178005472,0.11528439669861462,-0.2941657256265383,-0.21070993483254172,-0.8282866136461084
5.799602266618934,1.8953370846784965,-0.6379237314515497,-0.4207104291563426,0.6297127334393581,-1.2016904852553199,0.2321705176238628,-0.3594328389769041,-1.153896093006243
-2.4615042579394686,-1.2396429569929046,-0.538894787240455,-0.8315725525048168,-0.46279175500789244,-0.6044051674127275,-0.27941954878664355,-0.38084387494065863,-0.3169848209744572
-2.1148201521258074,3.373803970644069,1.615451095549308,-0.3905880906099195,-1.751318880090273,-1.3685808616239925,-0.4211960094746459,-0.4115308494443225,1.2931003687721847
-2.7378867960083006,0.2825548498042626,0.3386239901241255,0.9030352816399246,0.8996805116906351,-1.1536012349380218,0.13945416763109425,0.5816640970300918,0.31345581747963913
-1.8591115212032034,0.4372631496029676,1.6500025408003467,-1.643121119434377,0.10113332701484343,-0.9740910630821947,0.08943335303320869,-0.5653930952129512,0.9775418218420561
-2.017615758065522,-1.6086845837030646,-0.10255749673720913,-0.5877882899819066,-0.40336649973507005,0.5683416780730159,-0.7828141780691659,0.08394951357606802,0.16466987430745822
-2.6822676954751588,0.12521328720522867,-1.8097622227052743,0.2050673817871837,0.2892899297953398,-1.2702469271487378,-0.7419756094270938,-0.023500577508336173,0.2770785845972378
-3.037284571689132,-0.6939989219887717,0.2636449852325307,0.12808683077557328,-0.09712111006614002,-1.3534060809131379,-0.19080358785808874,-0.570161630498394,-0.05011752434970049
2.8202927875452666,-0.21376292184521342,-0.14962881790119684,-0.1528130576692211,-0.19130645694095058,0.02875865595968366,-0.6603837784018899,2.358741700925089,0.043137327006530654
0.27176688211929734,1.3058576321347275,1.056363780935339,-0.7654221491834128,0.3637053563009832,-0.26739786306244806,0.20549176413005285,0.3884455371519279,0.7499659207057896
-3.5321350117816066,-0.28296835822459504,-1.4384227881371616,-0.07154131259495121,-0.4519312646611803,-1.5440792399206298,-0.6441722855222598,-0.24803476991397086,0.006310581147056346
-0.7698112119185653,0.7651332311655887,-1.7094457519307251,-0.702639848043957,0.2740942587923332,-0.11936856817103789,1.6460357221282174,0.28436536214504804,0.07593354412984951
-2.1202872154000514,2.016992411992475,-0.4389087909274958,-0.35028532192072026,-0.5075139759447126,-0.4633280525208162,0.26515303034681187,0.27828233034838756,0.4273461911491248
-1.9669661383802592,0.4078051408950025,0.4631546454456807,-2.4416420759442614,0.6829375484515738,0.5743507546872636,-2.4060810043289544,-1.0452664681509043,0.3825150005192813
-2.113922826545064,-0.7863142827088688,-1.5490251849902685,-0.556704265077229,0.7767481378204683,0.14543221897962558,-0.003599674111133934,0.24917828622343427,0.02237185051207362
-3.5204643077941573,0.33720415627995376,2.150346620262102,1.7194061136282508,0.5859598384664059,-1.1243641072949728,-0.08491476738313866,0.17239016683361857,0.3122619453502129
-0.9892487891165592,-1.391171347867368,-0.2853572894237697,-1.962996921253236,0.6487069353138889,0.09401154618139852,0.7390479421324893,0.5212934966841216,0.21961858569073792
-1.3545094780772022,-2.7376833023357934,-0.03712171755613327,-2.9590623503037334,0.39709655840316,1.4235070500003009,0.6153377722930892,0.5105152410171556,0.21726622875450935
-0.028595983260096335,2.1369360024697195,1.4401688618999324,-0.08043592128333817,0.4356002010282321,0.04486596243589085,0.0270328536352446,0.6998508553995779,0.021524260569774925
2.6219158314749773,3.165063219787304,1.9114860314444366,-0.2549631865816862,-0.9871201129585727,-0.9270368212728124,-0.1500226475139086,-0.19914891693018885,-0.6167073884568839
-1.5463526800711338,-0.7820567144060347,0.589528671902695,-2.7866290886507983,1.1289569911243136,1.0007800374988065,-1.8083108598157953,-0.5331312606348563,0.34822157142505317
-0.4871289612829057,-1.3467342553408297,0.9148665503571877,-1.1407054642975976,0.7988461787042107,0.5456248522077976,0.9720003631152248,0.1573523028168397,0.023006660989425432
2.9022714210386957,0.8640601297441239,-0.37978851099639166,-1.2480822109385108,-1.2499061820608521,-0.5158053545466076,0.5100105730260122,-0.1401162309139292,-0.6352157751584934
-2.4207996106750556,0.775014876718622,1.1492232984881523,-0.5487864630502974,-1.993637169286454,0.5592904775163169,0.18177262508093267,-0.5976533228962798,-0.043132264352335095
-2.1952288827923443,-0.7105726690733194,2.767631727607513,1.305646495789094,0.19483839983393839,0.8221598125826434,-0.8836424631228444,0.06389058306982619,-0.24979019787374854
4.935856253163807,1.0955576847531185,0.24260950906488463,-0.7137882515797643,0.37398684190510484,-1.107090375513025,0.1863948814742946,-0.06622106571239296,-0.12387096430405417
6.064482189707064,-3.3197023552348646,-0.9855575674232059,-1.0638776675869626,-0.46056872976278407,-0.17028230515766474,0.18805167612834534,-0.8290671061464404,1.079099927255324
-2.1152494013961,-0.6565689229887369,-1.3710976024003034,-0.537541194835502,0.3389447373816981,-0.32117703726552177,0.12270625062806194,0.3567637765939317,-0.1311080986791857
1.8876963951058918,1.1986273958307563,0.588306852013778,0.1328819188957958,-0.2355976386782672,0.7974646860428298,-0.03179839201235608,1.1177494120651144,-0.4528767330340365
-1.0441339901513431,-1.0307557048956215,-1.6553467284361083,-2.2036790142183524,2.4668690205148276,0.20399756534100846,0.7424317920900474,0.35734435231338496,0.19234892457946456
-1.247446709298731,-1.682042348454333,-0.4380040703155694,-0.3870458507115019,-0.3827032827005705,-0.490654614399255,-0.2486841835206675,-0.6792503894308464,-0.3888599747975491
-2.676242504634892,-0.8817010550764727,0.014704353482568057,-0.14830243186403577,0.47630929567924346,-0.4455662860157644,-0.06370631839909364,0.10318740625318863,0.14364825093597883
6.42458741979007,-1.8807549017519065,-0.11910734431746522,-0.012517531803145403,0.6210539672287166,-0.8838621075858981,0.06184065470033507,-0.13397129480174777,-0.519249088236838
-1.7630748569170733,1.080693342185241,-1.5416519098114456,0.3456263217859918,1.389957124136535,0.0077586408025082905,0.449838233692195,0.47886191309812903,0.06710468234114651
-1.7116171495397061,0.42455827267732404,0.4658762350056559,-0.6643092912925783,1.1459233289971635,-0.5122132698446468,-0.003724943343020348,-0.44113331791153126,0.1373262149117278
0.1264471930974964,2.9731222553402414,0.6829854399184582,-1.277898650193326,-0.974439021831896,-0.8302988234230001,-0.7308330949934245,0.20928056510110718,1.0572751150070876
-0.588537144524073,1.7595882375812324,0.9508404877486709,0.6254631467793658,0.4232122135336742,0.49314450308721874,0.440299906750027,-0.02043144723808182,-0.05884679531087234
-1.85176879368989,0.6734941634619804,-0.29000627369944226,0.8567410733946671,-0.8014507457415431,0.38803490119120543,0.9489273452698032,0.7949183876073386,0.2847382580325466
-2.4956549858407313,1.094157898911931,-1.7367331896911133,-0.8235835676258781,1.38559455097903,-0.8072430188086571,0.8845095258791286,-0.16850818186297098,0.34653195743057436
-3.817495109332718,0.18042392150804568,1.3158750811908484,1.0231001912183695,0.0417490338241273,-0.875821216248718,0.38562529487765723,-0.48397652744719405,0.5882018207555347
-2.2593735871313836,-1.2566406378141315,-1.2838196778097237,-0.04187994304228997,-0.505581970767,-0.04866846096414434,0.9362736992256725,0.28091786774583705,-0.5165276622733967
0.9715895605579853,2.208771276015737,-0.17478195334904684,-1.4415403696693356,-1.654692159303647,-0.32491836638266636,0.0031200950631203933,-0.10845051768882245,-0.3636203223273744
3.3110423651872267,-1.7370214278575404,-1.8272989476082806,0.08695062049306833,-0.6370471452039214,0.1531939396918234,0.45379946427887385,-0.4783914127788927,1.7319418854833704
-0.6597066373551763,-0.940584888471045,2.2379293053858285,-0.06627657579847235,-0.25357150823265234,-1.0377715623870283,0.5774646321535631,0.1839026020734872,-0.034414383115203825
-2.2618241649760376,-1.851004336606853,-0.8972572977111432,-2.029306643397251,0.026340223724125072,0.6296247031744385,-2.479181338222652,-0.24387667205858762,0.03866738709741428
-2.6556312718126414,0.4987717750811161,-0.11166682598499442,0.6723588523929503,-1.6607888180015977,-0.4803531301911065,0.05336484411488321,-0.20916751145499948,0.13504421575642406
2.526577167617406,0.15600067304146872,0.19189468928389075,0.05868736040229149,-0.3593390087693214,-0.6686307235173318,-0.22854529967639048,0.9810977636647532,0.29324062578600507
-1.4024255780598616,-1.2948908370557215,1.9769020921261546,-0.3774108846271666,0.2452124982449578,-0.12926659927947204,-0.006368099492271871,0.13614592376213705,0.04825159072499074
8.032503629439898,-2.6769070501819394,-0.37350367690281516,-0.1913287850883139,-1.771303505594882,-1.4681778751000558,-0.25266818987400486,-0.36284752677752385,-0.12063905633328992
-2.6075514530824457,-1.0169806689393812,0.33882704606078784,0.20401516447386953,-0.19045942932795407,0.5114895608025699,-0.5330617048818961,0.4202455876535176,-0.14981092376523822
-1.3645173331972962,1.9282368939229255,-0.5182667025480093,-1.4884191224959429,-0.27375869267073205,1.2877002092434326,-1.283669577616461,-1.0310421429999683,0.03156218680211766
7.364459996084629,-2.909489153636911,-0.5379759669299178,-0.06482322890101584,-1.1558488445322925,-2.1660840486867934,0.7756309318442417,-0.15408522363827995,-2.4044430951895346
-0.7051328941227137,1.8555507638744684,1.9669774141296517,0.7299281726039197,0.6394048747998714,0.014838563524497504,-0.9442199076189375,0.29835865434372577,0.530504840817069
3.9129350719779987,0.5615788766849299,-1.5018842034689739,-0.7212635916884454,1.4502123930552446,-0.5071432622940152,0.7441695389667602,0.5180709253941506,0.46392501297144767
0.15457564788392936,0.22536895469574575,0.28568016793596396,-0.8701812782863461,0.09741964289951885,-0.11283468580149572,0.23959005050995408,0.3287855222011643,0.11415355514715472
-1.7742311758722193,-0.4527002366236212,1.704005829817387,0.6087501546695483,1.4898107044896791,-1.148641962138208,-0.193681853051243,-0.5703255887037184,-0.341059979581074
4.944382978262335,-2.0883247406129746,-1.2064926358995183,-0.05828873613436417,-0.21970829357840455,0.13814330488137277,0.41906749260873233,-0.9256581705261531,0.5640485146526835
-0.29670605223909635,0.08372635722319068,0.7574241704236105,-0.2072738513576216,1.1597558964073504,0.11933335970706792,0.08818964569766688,-0.09267950680468484,-0.27216828232519547
-3.043568908998501,-0.31482720587516366,-0.5146481542544923,0.1353340927840354,-0.12294471910804909,-0.668451145609202,1.4650550388707255,0.06722968341653215,0.57554485596084
-0.3327805588315545,3.928418428242869,1.4710359503789598,-1.0672191409034606,-0.8041013693030529,0.06337556439451644,-0.40284174021840996,-0.8014724769989682,-0.2371973992472598
3.0840900209789024,-0.7015451220821601,0.7367474925651831,-0.27524591220285755,-1.2043933821672528,0.16705745433391608,0.5211150200358131,0.21785213550648652,-0.7941638121483242
0.16547885994188755,0.48162938032515484,3.2408292471615683,0.7347432885977013,-0.8407293684032858,0.8634869820737467,0.052527578773764266,0.5965425847529191,-0.18251667439568503
6.871374564094676,-1.5358424173839726,-0.33108487594914443,0.16360034306183271,-0.6422399455629906,-1.4280508702967225,0.0013015966002492736,0.6722493904410493,0.4330111068106293
6.907689030947838,1.782532300722112,1.5565797989759351,0.9467202299890125,0.6750368312228027,-0.3107679832501856,-0.12314840627842781,-0.6373002723231226,-1.4859998211725776
-1.853959581423396,1.599965456556053,1.1643382733162582,0.31070967677941375,1.22022242117883,-1.043914888489125,-0.27077516583490646,-0.48493220445592333,0.2805443471988607
4.2064493325498535,-2.6509707736172508,-0.29282744060557386,2.119234064402652,-0.3469733365432522,1.7723803286194704,0.12179158710252601,0.6765445249279816,-0.5263485386992746
2.679486818705935,1.0852389724741693,-1.0669810967145892,1.5527053824792811,1.2350753664412728,1.0449548864085043,-0.24705871798619197,-0.7029483267417724,0.5774328844811074
4.689776134112343,2.5156586030851202,-0.569051092366151,-0.017754848707253565,0.6791184572867363,-1.274410402154211,-0.5373715603068305,-0.22421734620754483,-0.14876257027131
5.238040092736871,-3.2009527095666512,-0.22369794930899803,-0.03933200738925303,-1.6116936060346918,0.46832472670099723,1.0856182437827495,0.5820405894088373,0.1824820644842119
-2.749346972233432,-0.7870796371495389,-1.964884713527376,0.22099968114734345,-0.7303548837236821,-0.6398058157803037,0.6281205219489273,0.031808336948101236,-0.3547939228900831
0.960597894441615,0.7723285582917626,-1.7253124852537205,0.19427578795518133,0.701170551274783,0.8941027442880605,0.8237971328327008,0.06928704078593578,-0.44404272463334127
-2.6683703049663587,-0.3740999877199184,-2.00087422759904,-0.04453870365895153,0.26053614793225743,-0.8947062324125382,0.633755198471593,-0.10607354259356565,-0.3855829700514375
1.5866669978258388,-2.2696414688792994,0.5013361578229352,0.2198320355900143,-0.6163095914015793,0.22302758076228546,-0.6128974632776965,-0.05903466090391716,-0.9627508966352095
-0.5817765124062657,-1.6677004073401744,-0.4940727864319814,0.7108979327623975,-2.1670332969839246,1.0199340752053374,-0.06858082779163689,0.22511295854610458,0.33045887152265024
-1.945016072614415,-0.7225582920266996,-1.082329661218561,-0.17132505904541134,-0.004011469137003344,-0.3844098616240652,-0.5914765245193679,0.6672409598296951,-0.03857758120432443
3.8115841735043157,1.1590205499464628,-0.2663966833967823,-0.16132971817923802,0.2113153007938227,-0.485950502036207,-0.7200461330253808,0.5808354780349491,-0.21820185652162968
-1.8982296408325297,-3.416646327981759,1.643905207799738,-3.373845349289362,0.24859717651045615,0.7520061087529737,1.3808372868133252,-0.10787579099625191,0.2076571222782657
-2.54969403136157,-0.1554781165895314,-2.197562000867046,-0.337735531752951,0.45070738383885967,-1.0224209796786217,0.5752924400692425,0.18601281406561362,0.252083920399972
4.99103692506599,3.910848491355814,-0.6911634919579327,-1.7673869879512623,-0.23997902353430695,0.3790297418273823,1.1587173663701384,0.2988459296328384,1.8955782957674898
4.389275174650419,-1.1478118634830123,0.20453814029579123,1.573355142811335,0.1475242117636353,-0.5576080508394897,-0.3137095926938761,-0.8193094160613212,-0.21460815876639808
2.3795026509958626,-0.2682817221813671,0.02806210293243772,0.9709428977439164,-1.472795108351414,-0.21915152989871534,-0.22587002493588096,1.056783901777648,-0.5535849680318444
-3.8996751317041647,1.9745783741246916,0.5730518738347504,-0.15548309822496223,-0.2775099355170339,-0.9586746594677414,-0.8474520675967171,-1.515448665995272,0.36694775321638184
-2.107029407790234,2.374561966669892,-2.012369058242429,-1.062865366416657,-1.2303762332092614,0.22001786388275876,0.20335064026962968,-1.1942604550396683,-0.39995428622061235
-4.250694165479596,-0.021639827140300407,1.1265260703589193,1.270787557377807,0.9977840039321144,-1.080234408397627,-0.4733017263260136,-0.3876005866747185,0.16180824893606163
3.425837476540576,2.882087743180614,-0.9299038127294188,-0.4505849301814227,2.1460289703946596,0.7187597212907362,-0.31501973188601057,-0.08157533813180186,-0.009780566518077422
1.8132034017749652,-1.130946415709429,0.519350912012943,-1.333619949786059,2.2994988330737547,0.4874058051871361,0.38437177276276674,-0.5167017183268875,-0.33442480286629506
-1.7854148113969883,-1.893642835704197,1.5885630500674885,-1.7001373318260207,-0.6014472934917178,-0.47245100007244284,-1.2029970625421227,-0.5233125542261446,0.29780469638839124
-1.634744774628831,0.002167527495407774,0.1748251044582268,-0.038195076956631484,0.22353912519813457,-0.03153423524041993,-0.04749592346523621,0.17077074497284792,1.053365880180434
-2.3417244646542112,1.487411093010494,1.6145578813552,0.18204792433712116,-0.9715880556222283,0.1370717398733814,0.8528322556254994,-1.458884875901905,-0.3829720788850744
5.026400879620332,-1.5245168487964684,1.445472850153621,0.9172958631851775,-1.172846088380521,-0.20216896868162537,-0.2596819420252708,0.40215588954532056,-0.3918616994845938
0.11586700186595701,-1.0603861057481625,1.2805075391036245,1.782633158723263,-0.6613227046010345,0.5869680796053502,-0.25406004734261156,0.45602865780004675,0.07801831233946865
2.476061026229167,0.08321101027747078,0.5557239618888424,0.2554829305902023,-0.7323525799049804,1.2481539302514937,-0.17964490709117972,0.5514800214516133,-0.5985937196160236
-0.5196354096726561,-0.6240637013177924,1.0256265652307226,1.0006336187974372,1.9490060993557266,1.7582459402952122,-1.8471017569868646,-0.21865762658974924,-0.21211030481568743
-0.20489386532434184,3.110664191312211,2.0044895207595035,-1.686932219612918,-1.574236280582677,-1.2456990743819625,-0.7167092290413363,-1.150965851396357,-0.05516339703208541
-0.6445964387493603,-1.4369420048138652,-1.3314487339860213,-1.582506895403192,0.3551201645722243,0.18911069175310435,-1.1634293065553876,0.32954843249855537,-0.35025294063915235
4.435680522328903,2.082716071267296,0.5944898484064666,-2.734952780220522,-2.071096935604529,-1.0628144931762893,-0.8883752469711182,1.594906227708538,0.6042080821291519
-1.7444944353976264,2.9647852991534687,-0.1990061176561191,-0.3860850946395929,-1.4078944003112708,0.1578018566785567,0.28027834245138333,-0.7409856716913359,0.7155687467978924
-3.009789129005199,0.4313698896725868,1.2186432888878742,2.263204285765468,-1.7177395084834919,1.1490916753154137,-0.4192097992321666,0.5251084138559727,-0.5940065616858302
4.572650861825626,-0.0920481736172446,0.5941029658015047,0.0786514118304465,-1.3918783180943473,0.6783223700258931,0.13511378319513317,0.689705011002371,-0.8053640786463605
2.2649877120428967,2.103439980726972,-1.9495007239080167,-0.9634635724486635,-0.8381746920627674,-0.6730245845984333,0.03394474460363094,1.4432057715006759,-0.1693700862386077
-2.1559229605881076,0.603235224858151,1.4450277726366951,1.1745204045834499,-1.16171920289613,-0.8374465938031668,0.883641095875854,0.7823773466254021,0.7143799542764531
4.795756385625227,-1.8396555292961128,-1.3871892988362888,1.7644734873254224,1.3702105326958562,0.4881597148914507,0.2976297578316767,-0.7276470443036573,0.42855447236800076
4.332987432239076,-1.0376067303082586,0.11229524118683036,-0.35778207562679043,0.8786414360840736,-0.18263228993689548,0.6037110053599534,-0.7210872822609543,0.19278668578014058
3.8037099893491453,0.5105628936364137,-0.9631920251698002,-0.9138942136615184,-0.8010703826242614,-0.11110192956155548,0.5303321506031696,-0.2860433948095514,-0.3980564862411968
-2.477605648818784,-0.01045720751414073,-0.22004430130698263,1.086777263444364,1.106836334762085,-0.7565121421452975,0.6028570058717526,0.03076795687418778,-0.3380247593964246
-2.235195016557785,-0.6869710516309786,-2.8869772505646814,-0.2176910216018716,-0.1316211910358423,-0.8745243132943417,0.8011540256163907,0.1267820750737732,-0.5179869434188868
2.8186982548899966,3.0725847136024473,-1.164245030385956,-0.6447089646724947,-0.8030565509828055,0.43661021888526386,-0.3442608089541065,0.1426747819889763,-0.7811375729332172
-1.766316664122257,-0.14243772613537448,-0.205526993103081,-0.6252317318589687,-0.580527347802095,-0.4345543739715769,-0.06667328741599808,0.4346654369253273,0.2219776355312151
-3.5600353632232666,-0.8679716867426116,-0.7200448113190706,0.546064117456219,-0.6144729607395253,-0.2455020786645505,0.796159887085225,0.3801366856012345,-0.11596349003900572
0.006383494534251938,1.9251494056320209,-0.37199553756711,1.3277828349603324,2.0569186030562205,1.2230982535372517,-1.1892192531326085,1.1634729346951733,0.16666800240347887
0.19522815285284775,1.7699133813091723,-1.632633954681736,-0.7130950213896047,-0.12489696443457343,-0.5980270605188206,-0.33352604851385964,1.2112532693821247,0.2638965681910394
5.78254685457483,-1.6982795620569122,-0.7680314921033489,1.795819918579315,-0.8620366592348346,-0.4422243890323513,0.3841591021825208,-0.2930268314554963,1.311443769043699
-2.036174308385893,-1.1132571292763571,-1.180699251658959,-0.99332269645261,0.9321178733613702,-0.1868237414992475,0.7487171400302621,0.1798582426457403,0.056338312156481066
3.938393801992744,-1.6184274685024795,-0.8909653315813382,0.76951638231155,0.18289567599418197,0.12374507964687523,0.03175185963838479,0.9848412311807924,-0.8810797260525978
3.490033662909515,0.8280635079538583,-1.2442452731018028,0.6567568113913027,1.6361927535459984,-1.0751910865103902,0.4314647744306991,-1.3722481194725835,-0.48337546608052046
0.4103194038090814,-1.197822021342156,1.4947071788768096,-0.35457885956894863,0.6810962686423182,-1.256704931946008,-0.7765768393231408,-0.07562634427070183,-0.4841129351839807
1.7869771657844056,0.49767154727884605,-1.0740655898760938,-1.242569623707011,0.2047700847418724,0.13658578000239904,0.9291937348618382,-0.7542249273251452,0.039505079466813385
-2.0747566110069533,3.30793780132583,-0.3120723909308267,-0.7611188650747756,-0.26125893922541193,-0.7623896369939073,-0.6151605036484451,-0.30589548808580735,0.38576352934641067
-0.382283127888441,1.0352445321680117,-0.3414336652876467,-0.23932195910614842,-1.6154470971736432,0.8781413270886044,-0.5497629490904519,0.29316631729734377,-0.5774133391125313
4.461882056465539,-1.0576019135128394,0.47864190412487145,-0.467438153256404,-0.514800597018549,0.1617817656129634,-0.5818172044175434,-0.548022862077538,0.1264359155394071
-3.451802793456333,-0.042679199191594255,-1.580523344392209,0.5711671452700129,0.45806404064390005,-0.7258160915360995,-1.2650472746576382,-0.16385886628629268,-0.21277511243995811
-2.6290696481880045,-1.3807911998316593,1.0794920096949736,0.7897574687808875,0.8453439022407992,1.041344175492992,-0.16546468533294673,0.46615114174830746,-0.2645899370854084
-1.6624730742933311,-1.4685674910089352,-0.21537262181800904,-0.9993297445097257,0.2675626633167475,-0.8369434567394027,1.9504359626650205,-0.4158579484428887,-0.06073712745285024
-0.9297864698703994,0.36751959828379854,1.727267521061622,0.9859615592894075,-0.2792593686110267,-0.12269714938867791,0.5433900020330503,0.2266096035111284,-0.3173616876846983
4.324952914713579,-1.2156639424627262,-0.6551622681403221,-0.7556728483772484,0.3158198410294333,-1.6633941698365042,-0.1936394844201534,0.5018522653437122,-0.5249852953604304
-1.4653218093048272,-0.12419051065098416,0.6008241201215462,-1.051909316265679,-0.6596446795530276,0.3924270848007186,0.9890630191561542,-0.21683415682048965,-0.44541921953106445
5.419797775002604,1.8426148811114895,-1.2148713284691677,-0.9919491589360335,-0.4794978202338706,-1.2272518105170402,0.41972041592715936,0.7695163226851212,1.2088555359740647
-1.2904727048068811,-1.557939470208945,-0.1136332707393934,-2.2640286782565315,-0.08432516025842662,0.4763207097867885,-0.6152595559496786,-0.10207573201372205,0.24396602197914802
-2.62723702505765,1.1640344847329303,1.5560129771535143,2.709353421623368,-1.7063914851944872,1.3674541479082565,-1.3205676572100427,0.7682719479010974,-0.5544631215453917
-2.2721808500058565,-0.36005269252505206,-3.382933472231664,-0.37145081743548786,0.269756513371781,-0.6957264732411335,0.2473256986397758,0.0943148371464739,-0.05292203513242112
-0.724519973618606,2.6340225614416157,-1.5983498903805056,-0.7016273303872493,0.33176364899600264,1.107391207380166,0.148078137387123,-1.4542731958930895,-0.6439745871226129
-1.9654539551996726,-0.13334140283829235,0.34746908596965204,-0.28006356054557763,-0.05517765548307822,0.2346758057324858,1.3113737450718401,0.09360599446291935,-0.09341488247455876
-3.279924856081563,-0.46694404258123984,-0.4694373182212138,0.3238510754980446,0.4977139204256832,-1.6485686239932305,0.6985574067503496,-0.9333226044332134,0.2512141803987721
1.7594934669007007,-1.2854933679286369,-0.2855159150099279,-1.076263125645488,-0.44763390412733356,-0.46285797558918057,-0.879619025754354,0.315376727624434,-0.04945702312812187
4.053253238199472,0.4122918820720595,-0.3232149411323371,0.8082944069799334,-0.5425387752989367,-0.902574037012623,0.5283612583125402,-0.6747885594317614,-1.3801300109266583
-2.411468611661077,-0.5600637181507764,-3.0576318210624587,-0.5377873784774385,-0.01015017139276752,-0.5351415665053028,1.0074786265197777,0.48360468201923873,-0.24958432471076894
-2.437499092793947,-0.3959285690498888,-3.1494073192141814,0.24024509005059663,-0.4626347281312599,-0.21390130915084335,-0.5680269678330256,0.3198696085843672,-0.5907502725312556
1.144964064406435,3.626202114630346,-0.7522028729821482,-0.5700864723527831,-1.8232775124582468,1.7432083315011953,-0.5032157734858193,-0.24597471265872486,-1.2105787903134761
-1.1229605844821648,-1.2541915021847387,0.8393626224978467,-1.1031482634355965,1.3776386182435154,0.0024723236850469595,0.514896338881544,-0.18496386669414636,-0.05720369192099062
3.6240849880535233,1.0750599224336048,0.42196016163574024,-0.14632843127962722,-0.9811741203750735,-0.6472756536606322,-0.1532408613810131,-1.4584959414026923,0.5089154523955922
1.6822526712753403,-1.591441413461174,-3.180927360993436,-0.06203449348480915,0.885328024935193,0.9554624127908626,0.35163593732189274,-0.3558686061652473,0.6641934749398459
-1.1025459873911017,0.5977239579703493,1.1094475870321654,0.5971898105174056,-0.3896571000417314,0.8305366469564284,0.03789652929353364,-0.6160167592071745,-0.4243914689372625
-3.9595651235609504,-0.03522796128319435,3.2694436332260186,2.102862997381877,-0.7534830928479923,-0.8793462813249627,0.07356850253441972,0.7174231965037636,0.5840550450409113
-3.2450516165385386,-0.30277424320972396,1.9508759257309902,1.4520467629461487,-0.142673477089208,-0.9134592277796637,1.6022619147393846,-0.14610834505979073,0.07280307678318895
-2.1893085805950068,-1.2608526853458184,0.6671552027348355,-1.6409346382054069,0.7935784426829846,0.24217627499476577,-2.521096242987219,-0.2901695411146445,0.15057685150470407
4.64334977469288,-0.2567269855170191,0.4933541262870856,-0.526755021767496,1.1112321765415543,-0.32127874522424865,-0.45695209437217377,1.783267357483239,-0.25880549578758694
2.356829270413313,2.4005407720708556,0.10317125104672878,0.995846069380344,-1.4126446597687286,0.8144074691632716,-0.17046278312280708,0.32714079649592875,-0.6972224366955004
5.058894861535661,0.4169488773933284,0.9095211336892842,-0.6745101300049792,-0.03480453246966893,-0.7609837518589534,-0.1646888076768133,-0.3448328612672862,-0.774226071418879
-3.327842710562361,0.8809283195368827,1.052269448324851,1.2431985111224602,1.6181929653928788,-0.35405575475061524,0.02651390093383932,-0.054868849459860564,0.7979304550362479
-2.3044709062275524,-1.1464984768494597,-0.4884012259717546,-0.9507038145473358,-0.045394247900979026,-0.7396928842681101,1.692969696054494,-0.15612048360992833,0.030074041683901587
-0.6978372718210247,-0.8808816037356358,1.063714265287147,2.6286007270062104,1.0070392326087543,1.1470790878275603,-0.33839367301702494,0.11034150018836568,0.19941529807684047
-1.3124558817918635,-1.9240411357862695,-0.7989846259306802,-2.4499180216107024,0.04496893615808961,-0.3269775701604534,1.9146571013648754,-0.019000909941288762,-0.1908024465151162
-0.5174514991040384,-0.3169649167234935,2.1223930837371587,0.9608710143690548,1.0011906860768571,-0.7169704715755878,0.5704849040532446,-0.03360810323939122,-0.07970126924994131
4.127755106914902,0.33086935950431257,1.7711505617944205,-0.41736976842151013,-0.1799173482790024,-1.0969599605010991,-0.5126466338695478,0.2477980312210547,0.9617180370630396
-1.0652408173740158,-0.10053741584761137,-1.1714570880207025,-1.3683953500939194,2.058152716439039,-0.09245991072510754,-1.1723191412351806,0.798593380215012,0.3650039078375466
-1.632238347576296,0.8145898557696654,2.4976180995282045,-1.26047604742526,-0.439335419582537,0.8284514287896262,1.21937640017242,0.3498530993452998,0.2893650023634401
4.792808359201889,-2.225244747175725,-0.1897137522401175,1.2374671415563252,-1.202597189155458,0.4332740998391272,-0.40386274608393585,-0.001627400327208688,0.4142512045830006
-0.15257101053617314,0.25919047928866007,-0.8074547385233286,0.936159342789956,2.534971538209809,1.1999546254781008,0.03031491503428882,0.3270041824871216,-0.554612721460477
-2.5788212825235868,1.3150952392490052,0.22981957331961295,0.5041289085950511,0.0775441245364105,-0.6684874348146633,0.3437755467385305,-0.874360912136402,-0.06698861847797585
1.2056026272107465,-1.739832501524685,0.4102989358377001,-2.323803364410619,-0.6615567116420857,0.3931607294565456,0.9450083617443222,0.7269846975662221,-0.4401706348104366
2.3177316669779984,0.8593280739109195,2.196553669277712,-1.029118513801965,-1.7094233341690104,-0.10582328114626349,0.8001441513408072,-0.553790569944319,0.1788645689664709
-4.048015932400603,-0.33768249759043556,-0.9432086369564381,0.3404394283682901,-0.3841257019786102,-1.3605708977272588,-1.094589108101703,-0.47733305088870304,-0.050519983431991905
6.032826960584658,2.2920717505183754,2.5007092689266477,-0.7233430283481308,1.7929338965827928,0.6871277714697013,-0.5854338251019309,1.3697124043492008,0.12757365655395042
-1.915468685453687,0.025128692942026062,1.1360324781792472,-0.5311796403129118,0.6253787069620533,-0.2492467066897956,-0.02533913224079131,0.12865266196688185,0.6565365318138463
-2.8114240680488445,-0.07860874122172831,3.570621022854219,1.6918897459245104,0.7135827023515511,-0.3713391440753331,-0.4726438794005799,0.3202300325706254,0.2602792915144637
4.162720097141287,1.413141133307872,-1.3325744608731642,-1.3989168316891185,1.4399294153287185,-0.5034602594137301,-0.673164370682203,-0.9254022872722557,-1.1882587724389413
-3.3211317547386385,0.8566905550017259,2.0654110600566766,1.7074591736606635,-1.0635657069757154,-0.8334851179295997,-0.681511246222819,-0.49540823803224693,-0.022643633382635087
-3.1425987167062286,-0.5858374036027516,0.1220809392106622,2.329862896988154,-1.043455055317752,0.4526415479035828,-0.9282488074914663,0.2943036830736161,0.2988740477241999
2.6921935183223664,3.391300706184796,-0.6975534907011524,0.011237499482059468,-0.8205646787948678,0.5707249743651864,-0.365147831926884,1.7692418955788187,-0.23676066476129762
3.1119698411036474,3.5654748633290603,-0.6174436649507785,0.544285443573039,-0.7932563151088297,-0.7693641745077635,0.5435249594169299,1.4663770584176554,0.13674199349034905
1.7727004771852743,-0.15427227430709026,-2.355051994128221,-1.5181907463825333,-0.5180430370230397,-0.3463671697556258,-0.36790650816938114,0.8720215440492289,0.8376786057087386
-2.4818276144767895,-1.3540106009313946,0.15011994253436858,-0.31920640931568706,0.11376943978248776,-1.196062452463402,1.581258864681383,-0.8632518349130772,0.18968423059143144
5.5852825624722895,0.031578089423872455,-0.29129716245960535,-0.32469302575844866,-0.3721137825032126,-1.222649204118072,-0.7431778719822967,-0.09247927055113352,-0.8593607966228105
-2.0020654364940134,-1.403046546959556,1.2445124578354665,-0.6645853792742219,-0.6337600542682735,-0.9741554641769842,0.3842461211354096,-0.33757393037673106,-0.20255315485813882
-2.1690395670808904,-1.0322011445929282,-1.7940633599228686,-0.9287714127636572,-0.04724874143094194,0.548244540165835,4.734330591640154,1.1017955356518985,-0.15587878575886363
6.757565907297267,4.492388455633139,0.5412741597144239,-0.08848118715402015,-0.490153429654713,-0.9875042237527244,-0.4915221890881535,1.1267582102619034,0.5752850933620894
-1.9862519846114945,-0.930430091682561,0.1366586265928197,0.27126845995652704,1.8107354007217868,0.777479580844297,-0.1865045525226561,0.5600899424926425,-0.16871806233004427
-0.2953769520658419,-3.7491014124921946,-0.7746927535471001,-4.689469388514147,0.33662393312175626,1.9410480927901756,3.939321737089582,1.131514642708169,0.40213674995326987
1.0881452496398267,-0.15015970062425393,-0.2828732718057655,0.21032879461453202,0.6519698783826114,-0.7672569023376248,0.28355426539841305,1.0069347479032953,-0.22320878988114876
-3.4731311241281824,0.14943138068421669,-1.106051222492734,0.3388614254331554,-0.17634835305481442,-1.164715847899388,-1.2506510753320614,-0.02537693299582788,0.07016423132426708
4.550689290590836,4.124342843422249,-0.2564024094669331,-0.554991139758058,-2.4002178060061503,0.048088259604101374,-0.21720221897063194,-0.013587458516899572,-0.45096180138392983
-3.151295208942834,1.0847180408801569,0.2591332362879843,1.262237452769655,2.5319660607154058,0.16397949806385556,-0.2609921725173955,0.034940905750579884,-0.03691860149607604
-3.0194915409243652,-1.3866764289985294,-1.01844512307177,0.7288317828044507,-1.1341028926580219,0.27823025634872167,1.732423224287195,0.7967360333491784,-0.3727703206506184
1.5698143310371304,2.0928080757880982,1.2548772555051997,0.28104524201994996,1.0108732063348986,0.37482288573005323,-1.455797078311068,2.5734065462956615,0.8995962375962976
0.2339187088140762,0.8991829454086443,0.9912143673949722,-0.17174853625761896,-1.3424356799293322,0.6137773587392487,0.508717944288107,1.7188358449799548,1.720656961873783
3.0019985745847118,-0.40447893217515235,0.4862554611582745,1.7490563489346267,1.4796449721061917,0.15194210021588592,-1.3244146585723822,0.45588550908147274,0.19114988589276863
-1.9061784101663186,-1.807341845504842,0.8214269704501117,-0.8401160569175549,-0.23270038784382635,1.3840314605389128,-2.61489897848609,0.47796567989064004,-0.06311891384624206
-3.2455704063667876,-0.1860819169242489,0.027064784363476972,1.6349274986104727,0.3767093434174181,-0.2942546877676308,-0.39354631013898683,-0.4218538108616961,0.19492549033715087
-3.2497388832500937,0.6422660438864469,0.5248986031901384,-0.13312632528021887,-0.7505860132099964,-0.9653847257605037,1.3123210831795848,-0.5422766400989323,0.18735874905272684
-2.587167586033742,-1.9598509945737084,2.172743599465884,0.6660728166084963,-0.8918495866160074,-0.7132875205455177,-0.074769099252585,-0.9348774992901715,-0.49154633851105906
2.1151751544589024,0.5534897876171126,0.25445060933001323,0.515849585867225,3.1179904323582273,2.0644175397876166,-0.6881163390972089,-0.8152841032012069,-0.20331869199385855
-0.06860029532943253,0.5466532409965879,-1.5039800236825713,-0.05122159060669065,1.2215556412258008,-0.3542101765002881,-0.7946821527354695,0.7569729822573865,1.0803611345443755
-1.3632169350052548,-1.73208701441363,2.619481551803182,0.024571135836271192,1.3942254238713245,0.23474536249307312,-0.074354092002728,-0.16827660841863495,-0.3552978025008618
1.0580098863001886,0.3755941545806078,0.27938726573889305,-1.279424745172111,-0.28404309767871483,1.0192603346961382,-0.8094803747419355,-0.7832661969698658,-0.5453952933837898
3.032659962221187,-1.5580776977402284,-2.1226337850893047,2.989590624353757,-0.3384305336167609,0.8903156713720827,0.8307393769186611,-2.3209016359120733,3.0417429271085292
-2.9028059081272,1.4319887239925924,0.9434243507035384,0.32572790429593546,-0.34623315565214846,-0.3165160680554585,1.0123863470844983,-0.5016908092663289,-0.23360265287713633
-3.2971416135238205,0.4899754802947324,-1.7676046380873787,0.3755937033865697,-0.4723835065408769,0.0026762304199402244,-1.2402292156782322,-0.2553843704502066,-0.4655446372478311
2.539520999422098,-2.06891345933876,3.201420713368241,1.4794690997017101,-0.8463894965978045,0.17569448008293984,-0.19803683067299827,-0.22570235980419476,0.009679437828804639
-0.34025529140166283,-2.509139900109071,-0.5708079004467993,-2.993592253584482,-0.3785590494256722,1.8233874292605652,0.5700417972061861,0.19039253851536578,0.2790570649133236
-2.9050164843392428,0.5330625981161888,0.6066463445278953,1.658340797725327,0.09774390893669273,0.13220014214623832,0.09337042098007359,-0.6851244089957111,-0.28686447432848156
-0.6888107992878526,0.9953152962003985,-1.0652953364130477,-0.7848020752477851,-0.9921650740349103,0.9709614078222399,1.1278978192417957,-0.5336106966389482,-0.026498864432310826
-1.9021013524457682,-0.12480820066982062,-2.4042663146273,-0.40350287280645064,-0.4954920998138549,-1.3458533005277806,0.4406038337406222,0.8239095141276606,0.37846473233185957
-1.2488312021605221,0.990319774938915,-2.420006000638872,-0.5765180754056499,-0.10657824609690923,-0.2934925056525206,1.0126350053402153,0.9178600128289132,-0.10095458392703092
4.995033230481637,-3.0188647740785335,-0.5243158351146381,2.2070748665376274,-0.47362114115731435,0.8665911052839799,0.4794240578004311,-1.4208759454708986,0.39689327672740654
1.7217665560606237,0.1756050735045877,3.2989104211707865,1.2946926886800225,0.5550544789969165,0.5664754260896575,-0.3639126170438462,-0.14406414595208167,-0.47498969333126945
2.9950226060718825,2.8136544925144724,0.4229434634101791,-0.7607534769239451,0.9316289561622834,-0.5385526438277974,-0.5514833314181042,1.1214691875664184,1.2939557210053043
-2.350749421627172,0.4128933604320847,2.9965023154908192,1.645737723489373,0.8079225768454753,-1.0769804566235048,0.9284054753358911,-1.4996147428467297,0.06909127185328888
-2.162650321734831,3.281569040546128,-0.2424293432062503,0.1833752031438572,1.194680695467528,0.755675848263392,-0.46465439711892004,-0.5589316720174918,-0.434574348196041
-3.371882842572158,0.11755503197288848,0.15518631289385373,1.0043995623120248,0.02343425492790537,-0.30655237529089935,0.268332863801985,-0.4395747429583765,0.1919244240943223
0.7546575880005617,-1.4091205103649707,-2.566933106021661,0.8781195038886116,-0.08265226523835062,0.537336989344809,0.5744383789433125,-0.44758474602818443,0.2707713421169474
-2.7638819610164886,-0.2955983235122258,-1.4131692001044056,0.2574735498323408,-0.4579303903229196,-0.34767275266006076,0.9004645189094596,-0.2227461400609768,0.032847443735146434
-2.0205795011626067,-0.8773894725870678,0.6977375381490438,0.21391583676410852,0.5387093671415152,-0.807431742246648,1.8242189815765406,-0.47807211738717026,0.10453671473566895
-2.7657216133542977,-0.9376942034225513,-0.7155699268587904,-0.3131674523372859,-0.12914487149478504,-0.9482480537972813,-0.09450550200967299,-0.4082333660053635,-0.12966256058247982
-0.32155916933271284,0.23274374978633544,-0.9049451620328585,1.0535976711709758,-0.43120647627092806,0.9070455843036022,0.50499268166948,0.5516227189819863,-1.1529462412019291
-1.351688558421268,-0.9528331335265537,-1.4517073661291517,-1.179044831830706,0.28400576095229974,-0.5396064034025337,-1.3453923982724814,0.18519677195466214,0.16388839207452685
-1.8484263490229302,-1.9963452689353676,2.3932354638772764,-0.010719609488436865,0.3675190255580206,0.7819947405289724,0.014908392372977398,0.15773173302087243,-0.283326444024909
1.330441881811591,-1.1543314772730904,-1.8615524204197889,-0.41574479919983065,0.37251115703118404,-0.6665509352118331,0.38285169095630633,0.11249538426404294,-0.32058963349568265
-0.4082517547749132,-0.09916763997676226,-1.0202054840773938,1.2024264602207162,-1.037024831765237,0.4405459781622026,0.04068713817590178,0.0012062810071096011,-0.48683572385854673
-2.7327203812346728,-1.2585298646738419,-1.8083523525076366,-0.4762971185840532,-0.3823401533517484,-0.36578287889919076,2.8085606892258372,0.6488581192765464,-0.15124945182230057
-1.8609909870962211,-2.403400865614471,0.2549096548706774,-2.133580240420293,-0.13481457272701267,0.663246309570966,0.9910591218954683,0.18945052937221193,0.26751183829459196
4.329876545426553,3.623966885005013,0.08272493422294813,-2.7686186463370013,-1.1018804113258858,-0.08315126576696015,-0.04691845023444257,1.0342378172847406,-0.02219489165888093
-0.03339184008559481,-0.9275111086445472,-0.20793958969961152,-3.183201546967863,5.233075658824922,2.434849283223546,-1.215461718251484,0.7524108750546906,0.4180376715141908
-1.968948301184697,0.11300455990920656,2.9316567575722448,0.41579712134694446,-0.8047990170141296,-2.1306354008995827,0.20016131193448128,-0.47056044760457455,1.4074809918454354
-1.3621655143808185,-0.49433553155521787,1.3478332376039492,-0.4360940005748589,-2.01756687090801,1.1558879247432878,0.5995962283008275,0.7428271197386603,0.0639109939204914
-2.7345551550372056,-0.8363988277923985,-2.2821567972680556,-0.17243053170793807,-0.36055444043792706,-0.45588919703205166,1.1762907905003857,0.4719707437265148,-0.25060553986009604
-3.118635487977001,-0.7282233012245907,-1.834021554473538,0.5627005068138002,-0.5907759357904255,-0.1928852721018008,-0.10250098335895146,0.32298597244340754,-0.38743981793803617
-1.6254277996254014,1.8588231157303878,-0.029103495355265595,-0.07429468341997038,0.8227418300639955,-0.865987050683771,1.1150116125411433,0.1549148421200311,0.043338646777708066
-2.0260444936189144,3.5781955976980937,0.23566433344500387,-0.05041060617103162,-1.7250431998157256,0.22073558072423574,-1.2829323715622023,-0.2110051717501043,0.5077652020457883
-1.6049004974187182,-1.2203401330166466,-0.31430824770070465,0.8730974445635202,0.1719812879781331,0.10041630681982694,0.5371718122218662,-0.27279801399144504,-0.40524080615422464
-2.7709296507539625,-0.30761863892256996,-2.799270011385726,-0.3287277139842791,0.681886407316142,-0.999251172928776,-0.051245766123893734,0.0768882759049951,-0.1826967861226865
1.7917737250634476,-0.8296948843286016,-2.4881891678656687,0.32193023397505277,-1.4780281847998749,-0.02417022121296544,0.12880905077149093,-0.21795599916567937,1.131821164973879
-1.2670610111753613,2.526147133140739,0.8560062582341872,0.6317323199682913,-1.0906963154605624,-0.04576602094717489,1.3390031558162894,-1.385417969640209,-0.9365413142239858
-3.351297911439927,0.2440383672753318,0.9613287466914657,1.9624483400163693,0.32827423640212955,0.3838209015464531,-0.143004313697648,-0.17265037165763977,-0.55002894992747
-3.0076005717609418,0.7706789185349591,0.8428957115333308,1.1322445959826095,0.20693033981795383,-0.7593852057124044,-0.2151865226807571,-0.21115932877870047,-0.15133692078806352
-2.387180163626941,0.691658737166501,-0.4602952135036752,-0.015804295021484473,-0.9072580830370073,-1.4974156898717172,0.08430514419896705,0.20173608047628103,0.49026194985301685
4.82560453465857,-1.2256734644808625,1.1674390934858982,1.2897065716441916,-1.2960375024094306,-1.4391740181230246,-1.521778571757147,0.6841016624521211,-1.5026555013378415
-3.865668296612114,-0.5330137459471695,-2.152755337587733,-0.43166872417092644,-0.2559724337329492,-1.9225539532656346,-1.059729672527257,-0.8417548174107826,0.21317129101869492
-0.4281852458344299,1.9975360031150655,-0.14961580820705572,1.3710568681483626,0.5051348595528241,-0.8859204349468096,-1.0854275091309877,1.5809847555843153,1.4192357176516457
-3.4693766653010645,-0.5635886347991678,-1.0643936685895403,1.7484650624418736,0.05448274515250382,0.36736800171187745,-1.459934480183721,0.5071134850025649,-0.39041588263366805
-3.5214975564857314,-0.7516599253426698,-1.4216451670770873,0.013506995391589331,-0.5529174856851312,-1.3233299574377213,0.1233810149033013,-0.4992756665880852,0.07719734160474963
4.664892527270106,0.4048627537639414,1.0447600506130184,0.14904962292250978,0.881744350953169,-0.9853903901442076,0.15264494787958444,-0.9851455698640962,-1.935239198673752
-3.094363696474216,0.09401929592432455,0.35998336408214593,1.4028792382889865,-0.17223072254867242,-0.6708036339148145,-0.5267531662564037,0.06618965889748828,0.5923304987589102
-0.7553768686516782,1.7986266503367607,1.2618522595722643,-0.3848628170869611,-0.9184590038462177,-0.8911758092869742,0.13198577355343868,-1.1712630501197303,0.4074333700481497
1.300403547861056,1.3772322683838436,-2.193057704415109,0.475638947302295,0.1424929895846619,0.20635796727586106,-0.6757560477605997,0.28280251493095626,-0.17423921470235318
4.050598996865992,-2.105800134767278,1.66805892191327,2.4539965959814536,-1.4273788154642708,0.28125472401189616,-0.19398826919957893,-0.6920126845531354,1.5953603158209164
-2.7875214862100273,-0.7537879138212948,-1.889970554003803,1.1932985396830948,-0.22008818678015013,0.5417066502797435,-0.2703416382710194,0.6393374348090182,-0.6068829632479245
-1.876732748600891,-2.438025111080146,0.9830274635712622,-1.6508127919479691,0.2628326532621554,0.7722580334855849,0.9182709739979374,0.2772872046704987,-0.039886030597559706
-0.8174383135720564,-3.1524635568276507,-0.6726641303859261,-3.4785108896500994,0.014323541055606378,1.8980341176696696,-1.062611866528634,0.3205255391279932,0.1968365634526734
-2.323001695565792,-0.00018780763151239136,-3.332937521408119,-0.12908593454828174,1.0302343191849683,-0.9059815975638903,-0.6659347049679133,0.12757484335977204,-0.32468338867818475
-4.538688894039519,1.0003649674824178,1.6229140081088314,0.8626379719267797,-0.20845565205423855,-0.9471180916329297,-0.8953662488864533,-1.326484652586482,-0.14311297401028206
-4.199913031455653,-0.3085866281494429,0.38204766015727665,1.6225360161070752,-0.9799032132933628,-0.015028495489693535,-1.1772237024398133,-0.3514139581769779,-0.03336986918744822
-1.714626261988806,1.4539949672874048,-1.4631376398616605,-0.712009590472338,0.02724700279487349,-0.4093689346306943,1.0831255319254185,0.7636770915982563,0.19314484179084743
1.1896110504560926,0.9320829133001216,0.5858765256572677,0.47103447364077644,-2.008610203922841,-0.7013703960512494,-0.33596062617199696,-1.042755836165865,-0.12123285645292262
-1.3930706080385153,0.7473723004963038,0.24158801014466116,2.1485891245172066,-1.0125750309322201,0.13354882377761754,-0.5278698905538569,0.6133714963626286,0.5241780375220098
-2.1801643305195886,1.2993834848482981,-1.9820507593351238,-0.7897920928934692,-0.46051098107169347,-0.5175814313491504,0.2766975105735237,0.2475821648233429,-0.03216859236285929
-2.722702796998821,0.5899736770404601,-0.0913711827293227,1.4504361977893367,-0.06966010532055995,1.221176571335149,0.43368785002452115,0.2232629667001751,-0.695207650411531
-0.8669275456250825,1.1378969387639657,-0.2603937644537406,-1.5068324264130606,0.024984397689213345,-0.11391617138691809,-0.16670015069906444,-0.5594979014011514,-0.44914833790501296
-0.10119327715771245,3.0075782858910673,-0.7888878486301627,-2.1529917484175543,-2.2828555166811855,1.105781284783655,-1.3575657884677739,-0.6619697457784675,-0.8093304435623234
-0.9222205511940595,-1.2784623449086454,0.6044951182603585,-1.3093520044549374,0.8347532424435239,-0.5310581102407984,0.3132598903870883,-0.1538713147610857,-0.001887960912405209
4.46829288756821,-2.614620421538184,-1.0347774947756505,3.0536138618681354,-1.1921101586330656,1.3648653749329418,0.28126862186405605,-0.18407406096835413,0.4334667092797168
9.795640338628903e-05,-3.2793009806128497,0.7753962260035995,-2.8245939642679256,-0.6457385593199413,-0.1378015392704138,-0.23291725553384468,-0.3716853923750409,-0.5507059359936516
-0.8809240894541106,1.2045852497470368,-0.18501032966075065,-0.8993444496289243,-1.7366999583715572,0.4413962333300349,0.524496086758879,0.036041923929970444,-0.5625443700034836
3.849246590483393,-1.0470461297629658,0.11940766839079912,4.094627425598447,0.7379297281212707,1.1881002947876156,0.025648076905286015,0.3184867598374594,-0.9800487150475745
-1.5844745818597472,0.09662911628670477,-1.6564765984065544,0.13260793765934661,-0.21770726981382782,-1.011385286373988,0.42768890662371933,1.6044786678974579,0.3813479814228472
-1.7879452834937088,0.20727646801519134,5.423994126094153,0.8571540623780658,-1.2691725307265063,-0.8844150300143924,0.9342577589022002,0.903592669825049,1.183577480246455
3.4698427932497,1.325122858351496,-0.5403424783264447,0.6563730340086937,-0.5395840974728524,-0.5227555779293822,-0.7437628654971019,1.736512697206592,0.557646003809573
2.9662931862028836,-1.9230539611282593,-0.06436925137038,-0.19464917606027896,-0.17751581336643302,-0.04205924970118415,1.6186674329307238,-1.7505904083771275,0.7166365168725446
0.12345117771766353,-1.59364398217967,1.656510354287141,-0.5362305323489713,-0.8932993372361151,0.36454965025151115,1.7230144513490482,0.15503563871157622,0.5511430148970902
4.214302770303696,0.2762766115600359,-0.317982289143197,-1.110741847994193,-1.177763707853334,-0.4473970192781435,0.5398858752250099,-0.7276634807025284,0.36705329085259153
-2.619281558756132,-0.6675033200529301,-2.911116101224949,-0.004092112839917931,0.009196644460948799,-0.8049178598318681,-0.030526082274057637,-0.2540228023992691,0.2770184769779327
-2.8320411720670924,0.07043425745828226,-1.7378012283175222,-0.06144540147697767,-0.33219633730497455,-0.26612525911733853,0.5772581022549838,-0.13974612805567402,-0.16812646041839305
8.330870092244107,-1.5160888019126917,0.8044876400442961,0.831267475180993,3.1680252829215254,-1.8737695493370459,-0.06479716196621632,-0.3452040789510049,-1.5715519004100154
-2.860079586763331,-0.24804371129396943,-3.2823379962927235,0.30787120248139355,-0.09277103829138755,-0.03884387909954468,-1.4197756915418505,0.4840055849929736,-0.3656819700505307
1.9328737914737955,1.4431547204258015,-1.0283511843724316,0.005747903657945743,0.7822682593917197,0.8862936754711099,1.394787029041774,-0.8790585026290327,-2.1348200128786803
-3.7392927208513758,1.0083489662585963,0.9959679677055682,0.6082532104082927,-0.7764976064408257,-1.4366442547879097,-1.114964190469427,-0.5543235662839687,0.14670959045396345
1.2875980014894866,1.7326146453753075,1.1036695243452719,0.12662502701432082,-1.0793280332827953,0.28495481224382485,-0.016425104483252215,-0.5127228172928883,-0.4363300241319541
-2.019841862212009,2.8661055949494214,-1.0453682016201227,-0.7887195163207386,0.3106753837288889,-0.5896487165209002,-0.2682759778970264,-0.6332835049121741,-0.19169967192528134
3.160734841152364,-1.1056002014084971,0.5949467059040888,1.0628535008409652,-0.8312862269790714,-0.7528469280449362,0.7342644862319815,0.5956609793541566,-0.19494471388376147
2.1694641125637673,1.0189293285610377,-1.2039946603969593,1.221152840079342,0.008842694872156307,0.8342284144762947,0.24623108112989414,0.6380851402074574,-0.9228686600318031
-3.4533187461731027,-1.120203852189873,-0.4996281339519969,0.26279691838764024,-0.7698143941928193,-0.4066279566256092,1.872939348548115,0.4060357114852935,-0.07585292103746669
4.372556206226965,2.329811275789572,-1.0271882707031568,1.4019960965723532,1.2336753191659,-0.8109952589867073,0.85354866081787,0.6453931005930744,-1.7260193056011939
5.886280603029758,1.1809615846629822,-0.430797000928823,0.21695124756492595,-1.7030217011125848,-1.3503424373637165,1.111191297389972,0.47641567203195373,-0.43351371092518876
-2.2496487035109394,-0.8648355919560476,-1.8131285639547094,-0.8060203481292304,-0.02055201138702979,-0.3368145697682884,-0.9409384872126084,0.12541182854884653,-0.07371523558138904
-2.297980117333996,-0.9720104649129491,-3.020855336052643,-0.06043803818281949,-1.0025156018658223,-0.35129882695172465,0.637832800457569,0.7236136735751861,-0.43079633720911925
-1.1076270504355135,-1.1653250697382056,0.4028579236258178,1.3919075572274087,-2.1485206899230063,0.6695707406746724,-1.216927706749197,0.6738457882080798,-0.37243879507390737
-2.805055946303922,-0.11227275790618013,-1.2125964204834712,0.40939066572832516,0.9372119475751735,-0.6044944722830121,0.43323905457001616,0.4640831135331157,0.0165615266376942
-2.2326636963429394,-0.7565741240378014,0.19755774615284774,0.05745363893194608,1.1280806248729316,-0.2718381592341281,0.40442208176065086,-0.07978473087202886,-0.26872153554470635
-3.7972478724458734,-0.17091146688731076,-0.3879394875039084,0.5230624937603711,-0.2605343493880455,-1.1803570409112167,-0.4717450461318947,-0.5724342099569025,-0.18903488293447995
-0.7247465436418831,2.043665935036315,-0.9242491577537262,-0.3226209669871127,-0.32633816637731805,-0.0858175819385319,-0.548850313698882,0.12640525443480946,0.27846608930472033
-2.1736705883311163,-2.581172576475394,1.0339804199562737,-0.8065116587926011,-0.7159178728745034,1.0890706343629861,-1.2824970302934242,0.003678655241091658,-0.1165631928032201
0.09129357377036239,-1.1960756704545692,-0.42921791342368676,-1.8127760931059798,1.1831426465296104,0.4091663293289375,0.6375027540322592,0.8085871140620601,0.025132298650779854
-3.5777981726374786,-1.0847131763899411,-0.6516866173769168,1.0664782982689995,-0.6776780948451595,-0.31479221827769754,0.12011971011652586,0.1577016524379126,-0.3740052536967406
-2.4074827955694147,-0.30738757401396416,2.6225977859674168,0.09391309103551398,0.08797234963378453,-0.9494657497963751,-1.3803759274427998,0.143083357303273,0.6135053268147056
2.2886441386890866,0.6189234890094898,-0.5680794825199076,-1.0323064644923483,0.9083938609940628,-0.4583570659843071,-0.47660647961103764,-0.5806240053285872,-1.0914175306257492
-2.230039681974927,-1.008012606627204,-1.0317884150625967,-1.513445257959348,-0.38343187770120035,0.4220994475939897,0.557359794284041,-0.2576241156236641,0.18149789700894442
2.963203359043249,-1.2363457170294554,-2.33759487704809,-0.3591426102922053,1.5356340407660876,-0.06798996973393955,-1.105774798392406,-0.18199637715367828,-0.6244745148753488
0.039182856889111134,3.5555888362777153,-1.390420515347254,-1.477519562376655,0.6027120730163612,0.3805996934809817,-1.5239743778364732,0.18792555033013159,0.16350084962829767
-1.2600395022687092,0.1069627950145047,-0.15032949854634634,-1.4582730349639283,0.7880857994560719,0.19393368166752878,-0.7807784313519089,-0.007455947605850713,0.3854599927828909
4.160283372438895,0.7333570989253602,-0.4036839185079079,-2.251024409363441,-0.13066224592916564,1.509222290619736,-0.2715489819953683,-0.6915323228058726,-0.43879799447288576
-2.122323614866473,-0.36851305928391476,0.13451078841794215,0.23407901663408132,-0.4359762838263242,-0.4194502163197402,-1.2981464209576463,0.5770183176621376,0.3722337394399024
-1.70790526155434,-0.5166808652917368,0.6186120802282632,-0.28620448615603933,0.819779999135782,-0.8584464152425288,-0.5063454284721896,0.5708922438073252,0.308006057504119
-2.967580553283271,-0.45454632581480164,0.5090832606743005,0.6467185982959303,0.6933057543147687,-0.71903105853032,-0.27902297596876113,-0.4886963170972959,-0.31538020190287264
-2.9067975240895216,-0.32532730650282843,-1.202813081880617,0.22684164580606286,0.43262244218455875,-0.8488987696247178,0.6128797879360074,0.3586952313833481,0.009310912973000853
2.1153669323856232,1.8822383288625428,-0.7126153633329929,0.411489346572078,0.4753395802344748,0.18087442753969982,0.42507419448592854,-0.384924105698748,-1.1053580606455473
5.40336287910682,-0.6283513438059604,-0.9041334797577025,1.731562051723762,0.7001618552327054,0.585082309992932,-0.11050125718478562,-0.4973568986375208,0.10950039669655229
-0.8518069807277253,-1.4967860298215812,1.9495443850764538,-0.4697568318379765,0.39982843757582226,-0.20348415524254415,-0.5672639407866943,-0.2905078639358622,-0.465112738142846
-0.8221227393867331,-1.9914316267968926,0.29833513638287124,-1.2101487718148052,-0.005257910019668064,1.136599968904229,-0.26106853728693835,0.47966532327898315,-0.4362714433261364
-2.190899069552737,-0.08573447963572255,0.05997827128048407,0.5407175241315745,0.7048321645664696,-0.7786786248517364,0.4535193839831684,-0.5956884667114278,0.031650680751811926
-0.3714074402286967,0.28533720652577155,-1.6041332725891546,0.028602275793922927,-0.2129811561805041,0.09645773211534922,0.009145302400717615,0.5034453352775862,-0.2563673772871031
-3.9367944288850825,-0.14556939193823693,-0.9389847720647899,-0.1758795432213871,-0.09450558572526307,-2.3043907364003715,-1.061984551529887,-0.8455604165767591,0.08318966653535721
-0.44784661539245063,-0.08526469156962255,-1.2256725105804946,-0.678014839203317,-0.23407698881399114,-0.5597139915071491,-0.8121308809268597,0.16002089635059194,-0.3624451889768494
-2.821034895311565,0.3707988183615967,-0.6685598896423158,0.9498872228923951,1.815642691781813,-0.7316911030485284,-0.41833632329781095,0.3053024084237432,0.05628254193418781
1.1249581574560188,0.5885315671099242,-0.6358166331123891,0.07904057769700133,0.5612325897694685,0.21590071327817204,-0.360834857527187,0.42971110964764603,-0.6534219374336376
-2.222417955618131,0.24916643267500377,-0.6628408944636326,1.328109444001416,0.34711842251268465,-0.3580917077311331,-0.26065507264045973,0.14974236566821877,0.12008572777142394
-0.3818011420865621,0.5658462048881093,0.28049476484132085,-0.0190989994564991,-0.5989933399624675,-0.9505248681739072,-1.3519929453508461,1.12045445363757,0.7008414322519946
0.9056240927950899,0.15615557040156836,-0.22839154038379486,0.8384645527645115,1.9104876082380975,1.4986525145033625,-0.4157826191815249,-0.2832242507596593,0.12285709018943612
-2.0276050488400688,-0.3905462144697763,-0.7526186711903733,-1.5128804111799503,-0.836935556329449,0.27995493258674825,-1.0303365053590436,-0.04965391737551355,0.006465021527906637
0.47937642988160545,0.4755400373613696,1.2518692897361867,-0.6922435204324262,0.12840131545571623,-0.6722635311907924,-0.8009836435047109,0.2838589822933322,0.44300451941281876
3.51721556474182,-1.3060789471244973,-0.953055101299973,0.28361079359350005,-0.31850899487222245,-0.883851862953252,-0.2675446353613738,0.45880471839601455,-0.9338941219958088
3.5547530740649687,3.5251515902157826,-1.7202469338159827,-1.1580319296800292,-0.34297235469329257,1.0236649311439585,0.04405054908981777,-1.5704870947073704,0.9192488258892713
-1.8867397829689414,1.770206407183221,-1.6786447302324001,-0.5858345470437067,0.605924042647349,-0.7946105067345519,0.004207604037596573,-0.015289856954873511,-0.07303094485591868
5.73420858884923,2.0260548354755117,0.04524495694827918,0.9567847515373229,2.1967574320509664,-1.344131861417182,-0.11209782388065409,-0.3283874130640995,-1.5378229943204278
-2.1170163134423223,-1.985385169751588,-1.0170278773650634,-2.125765629258901,-0.36603011722263706,0.39766887808788254,-2.5593465875424632,0.0004734098966144682,-0.01176847363149956
1.6670958017880884,-0.4916437559575613,-0.18731409053385567,1.2408184767230737,1.9086318075169821,0.47477071314481983,-0.3205893413335643,0.9281701661347016,-0.471566690482138
-1.8570513082846232,-1.305014963038316,-1.4624354495760894,-1.2013877649046085,0.6881401429974424,0.9361416247589516,-0.7302291669625188,0.42675002037029497,-0.05607025483244865
5.640604173836849,-1.0345292994795734,-0.4405487906186313,0.4433666009437114,-0.055365388614691674,-0.3664975328113988,-0.6614532417080405,0.39361794084411517,1.022163792842103
2.8671325888673116,1.0984937398532275,-0.7050931887111103,-0.9065316982410555,0.45526715977983273,0.12593418279935323,-0.7086513992773942,-0.04002394476895937,-1.0386362356690835
8.103679191389354,-2.3950949720271755,1.499612747537747,0.9962419771371441,0.7704797010935075,-1.3695365555337655,-0.5564757395822136,-0.6878455804264728,-1.4243941561609037
0.3496587001475682,-0.4928929299198075,1.1734472272720313,0.21707520572139652,0.08891501612783366,0.2625722974313745,0.7499375503614883,0.14289596856468992,0.10311896717803572
5.003157118586086,-2.4560497820158087,-1.7485228863451228,-0.2814373875723542,-0.9664870532432424,-0.0010129833707416174,-0.061589304376244894,-0.7595730310292546,1.115308846597678
-0.8289395398383468,-1.821187276327905,-0.6830530183999316,-0.500017705489428,-0.6904571329962627,0.6919549173041876,-1.2919910069609912,0.0715096430366716,-0.9129540048646844
-0.7015486341793961,1.115178143087379,0.6387416961403883,-0.9957941574009184,0.10889962481251457,0.0906485235179,-1.1686090058097158,0.3080030620930184,0.03551546612070588
3.4840404841489137,-0.34838205958635016,1.4983101698567907,-0.7278445939380168,-2.156458632697391,1.391032393930165,-0.6989280597492681,0.2838626175691877,-0.8866177742867903
-3.1579904285352933,-1.149974427989617,1.294808400589798,0.3186186092182105,-0.6694779539251847,-0.21746566752240465,0.1093300931485865,0.09306861105875844,-0.024540414704959983
-2.1756320403935754,-1.4296357217050462,-0.8850067995427706,-0.9502765131522388,0.5943513759783438,0.4552095422247359,0.37764318070117703,0.41883209174357205,-0.12442057509486633
-3.653680872010625,-0.9999223472346488,-0.8424875952952925,0.5914508020723787,-0.8917672777980409,-0.5870553789198352,0.31313073175804784,0.036664043028348144,-0.27447784716379287
0.45338489288923706,-0.07809249512540442,-2.0626745942114693,0.15887397334969902,0.5801550798258317,0.3106447725500883,-0.5836627059964016,-0.07801135429297032,0.18707506356149925
-3.245694812653794,0.5151338112697202,0.7278348465000937,1.9082857146927694,-0.2541433558517285,0.5866843908806318,-0.6630743088905103,0.25217919064748984,-0.3776455936743792
5.187978206001053,1.1538789367537734,0.7202508460870268,-1.2893927639327145,0.24813338917933986,-0.932554166758678,0.3005672209303369,0.6857277469951777,-0.4022736902206642
-1.307166167224804,-1.6760607821327371,-1.1044161508822807,-1.0941980166604908,-0.30291933377289926,-0.2810232630482541,0.015492549027881213,-0.15623378104863087,-0.2630286378566246
-2.715902703148505,0.3889627420847218,0.8766645543884722,1.1643101163245118,-0.769670193170836,-1.0364471295575963,-0.26695070605768273,0.707330006091767,0.781636115141175
-0.969019954816247,1.3349061339594772,-1.0117894464543733,0.014877322908240209,-1.47666815592378,-0.8495215388813915,0.373768987773702,0.9195099490208872,0.9936289135544512
3.659714661126491,-1.406994878653176,-0.9992467853341472,1.6845957334382125,0.3773569011515486,1.052988840700691,0.10187074455929619,0.3885867406067792,1.0878295722156859
-1.475058299437805,0.8854182244874872,-0.7711375410702299,-0.876372269267178,-0.7349790235850134,-0.11791428374697373,0.3422339209582755,0.2152689421921745,-0.19480428384275428
2.153793750868548,0.6799526235274111,2.180141561579993,-1.101351027832377,-1.5022134472049817,0.9613959755370667,-0.12103150707162841,-0.8635147501045326,-1.6507465839723123
0.042050569905937814,2.851227130801665,0.23985468489286804,1.9504748723414087,1.9048205284153163,1.4196512545438662,0.03610529916452667,-0.7407086067732018,-1.1555046788005885
-1.7281449251440335,-1.445349007862615,-2.1104871792295548,-0.6701628327088285,-0.5575209902159314,0.2878822700105436,0.13814921082439996,0.7674176046991542,-0.17895108697616788
-2.847397989956322,-1.2312411790211024,1.5059102959856954,0.6345154717862236,-1.4018434610944652,-1.015532647938081,0.3905981783173411,-0.10293335842020006,0.4978756564830636
-2.525790006855565,-0.3530110982353197,0.3584395178404582,-0.5235103894918987,-0.28793416426673485,-1.7411354285123262,-0.10791030431913293,-0.14894544552934438,0.20917956687177655
-2.8333871663532126,-2.6448137803004435,4.2736520801482865,0.0019994234382814716,0.37466946844020255,0.5252087092073251,0.7630237419009666,-0.44542320071893565,0.0009015575919021073
5.393941492168069,1.7563219116641449,-0.48956911976950945,-0.17240099101151243,0.05067711565792926,-0.1190488151869924,-0.4852823511222056,0.26081797422532804,1.1152191356972379
-2.925062864231857,-0.7131174537075187,-1.7223127839403871,0.456742651398544,0.23939652559191774,-0.3293561825420623,0.5053816040351569,0.4035181108526538,-0.27234040451757424
-1.026427570721441,-0.0758867507098487,-0.40255385773962415,-0.8615723947832985,1.3264689492778674,-0.17497323977842044,0.3805319126556026,0.2893527807257517,0.24496699247176448
-1.7809844082776842,2.82743455197444,-1.4699567956494406,-1.0737394356736416,-0.6769657608769701,-0.2812190688475388,0.10726478610174213,-0.7459461561863925,0.07154004089668686
-1.2063786320859906,1.6474725253317577,1.2767227547889564,1.0365395089201341,0.09758397547534006,1.0949334446387462,1.674523918169409e-05,0.7518018459128124,-0.2957197048011711
-2.8220845361829237,-0.7831861641711209,0.43595726198337037,-0.7235851950120139,-0.16257330688110977,-0.6099622756966402,-1.3102840219171255,-0.5603828589182074,0.11062569936947617
-1.5247630283686078,1.6354808849633715,-1.7004229852078931,-0.6902164923853387,-1.622733185137254,-0.017030443662776628,0.6860759196283227,0.3388007707541893,0.020032979119619567
-3.383530975523717,-0.16074764110322565,-0.9901961562290659,0.3406133309006281,0.8365354808668297,-1.0350001574639573,-0.079452083988551,-0.362152460160137,-0.17812183985424634
-2.1122648341104964,1.4818242249130018,-0.9767513633902081,0.3803411240669193,0.02961879019194431,1.0963486369254476,0.7577999924056188,-0.17863273484546313,-0.05976827172260118
-1.1630113737116647,1.8321157155580519,-1.4588582403788035,-2.20472254488629,-0.8333341421831565,1.5178412343629542,0.10708486073128787,-0.6958998776318734,-0.5934824902094897
-2.814407774097057,-1.1076209780269897,-1.328837349052315,0.5793306755896094,-0.20254091193728466,-0.10054417203401256,1.4687276594415215,0.4305447220553193,-0.2575429760181991
-2.3131078888776124,-0.07425808535510589,0.417521466977321,-0.031278816577327014,-0.8965257493054953,-0.07389525368272166,-0.3405303211017695,0.11560228251667143,0.015957765414647985
-1.0546590473159576,-1.752381343155279,-0.5658612357208511,-1.6222360107432336,-0.5711140486045624,0.962467760107942,1.701089288966436,0.7951523769508908,-0.08655364956004327
0.8176273453803873,-1.1020755666841775,0.1281313875888381,-0.13121247885641232,0.7997194314565536,0.1955459253324192,-0.12538573118534863,0.1146740532697224,-0.8917256288636884
-1.2298454908816683,0.805907110604525,-0.6341326326486054,0.6023326073953257,0.8941671190279122,0.37303710389122274,-0.8108393788365373,-0.00018625137552349784,-0.13338538679179948
-0.7746625656472212,-1.6634419423620153,-0.4914435048164531,-1.9588366071856038,0.8247100135199159,-0.0025050485720531836,0.21144547771863226,-0.01936498796597134,0.26364679169567556
-3.1519006525100988,-0.7535828278686634,-1.080379251924362,0.9773994610506973,-1.0921605930301348,-0.22150156597860476,-0.2671919381511517,0.553394040895957,-0.283221496210483
3.259957835924416,-1.1966768532467544,-1.7256716046195353,2.440473894764304,1.1254064171237228,0.7008279856487083,-1.0148446035970873,-0.40897014406585575,-0.3875275608918189
-0.5014645374981818,0.7093735449415595,-0.293264959158238,0.028063950894031547,-1.1676268973659953,0.8598697121177226,-0.20466611927780093,0.1811353147474084,-0.12830887322391799
1.6470578883322664,0.9829961761788032,-0.6959127575858937,-0.6532021505621488,-1.3956572783879937,0.8313072422362888,-0.3019424563470159,-0.4973492870492869,-1.747163889374297
-0.4298622936142513,0.3218758075415802,-0.9806984408478445,-0.3955317376161005,0.600758432145334,-0.14374172997187187,0.03880248919163872,0.6508765592508818,-0.31099636211749354
6.607939720932337,-1.662322936693751,0.11763818164977043,0.3305143883310619,-1.2669239740142308,-1.382128023746017,-0.0829167546540294,0.9074978634756177,0.4790021254250614
-1.7941882458269005,-0.260784098968969,-0.28129606610559815,0.5002614237051322,0.05412358088948649,-1.1898687255004095,0.038503733621558935,-0.018332273939820617,-0.18017428419800005
4.067019307359203,2.652179774350502,-0.6064147452554094,-1.3674578078377009,-0.0367738438637701,-0.7157975414322842,-1.0258312695960659,-0.026921383299811145,-0.8535753984781307
-0.019672494044693338,3.234963898258048,1.1776792113824548,-1.3745177835226603,-3.1694725248833358,2.631692332058401,0.20884921147612046,-0.1111664802837403,-0.7227985701283183
-1.586173320850317,-0.5752492911495126,2.1380104147158447,-0.4882250885544509,0.0003645990211006673,-1.2760592471657177,0.16404137334634794,0.49846070070218307,0.8703269011787804
-0.7028953021028905,2.0115620873798172,1.5772190625122582,0.42162461052498196,-1.4896615276184666,2.3513188258923012,0.08145291121293685,-0.7123747439159851,0.31612029223673455
0.6545717128179468,-1.3173180718221627,-1.2869555270863333,-0.11125113738201658,-0.41815516857094626,0.867191041483185,-0.17095443803595445,0.6988858867261775,-0.1787355485407818
2.9430018694353337,2.895099366595213,-0.49244536385529136,-1.1367322384888012,-1.3812860362047752,0.07251884257244272,-0.6248688995543149,-0.05252627794072108,-0.07864423610946705
7.475215663077487,-1.7875320749146102,-0.743172646930865,1.3511039191483638,-0.27928646252706296,-1.413936747871785,-0.7675748775585609,-0.3999683327363993,-0.9727804984533712
-2.425704083104513,0.23645986876492656,-0.8478312161207524,0.3026729153683539,-1.5295995914869829,-0.013593580590553687,0.6184880744751046,1.0072048143819103,0.19864191817044316
-0.8191731109973314,-1.9857665835499743,-1.3051746757134122,-1.898922363385379,1.2170972294252766,0.9029230557463356,1.2747770191772,0.5918941105750635,0.07733877916643367
-1.282630147446757,-2.370201660407172,3.163579823387902,-0.7810499710576211,-0.6424784278961534,0.0855837852158708,-0.7864578409831987,-0.2808730183737765,-0.09695578243527321
2.8567474001343527,-0.11988114483293935,-0.5167598599260422,-1.1069067665810193,0.6117269943754713,-0.27445111003254047,-0.8196487373582022,0.18807556900790348,-0.9845028391141276
-1.917810768907358,-0.981040593174695,-1.5510992871663136,-0.317433783603394,0.24109745763521911,0.04140417524058379,0.6643503548745971,0.22515385048604653,-0.5137505217749262
-1.4448102217366439,1.1263467443311637,0.594796701902994,-0.36286265796989103,0.04023297799280006,0.3213135076994389,0.8143553403833976,0.40241660899081394,-0.06828163807804231
-2.0238432347965114,-0.19811677732380958,-1.7075608987398074,1.188186641495819,0.22375341527725012,0.4946914511196999,0.17321069823714333,1.0195707677890817,-0.45515139691448575
-1.8319902896656186,0.5363798135477154,-0.2029384027733511,-0.1604168432389906,-1.0621013447225216,-0.2640031262378139,0.6381859255604816,-1.1552256456878174,0.15561765982252032
-2.9370076758901864,-0.06885373098599441,-2.0046741643544066,-0.02668187585487049,0.8055371841356055,-1.0193898243044668,-0.0826929229601027,-0.0450935851548695,0.08360010271895885
2.7670904333575543,-1.3436650587533512,-1.3759660816121968,0.926067700352792,-0.6104041884844428,0.3868887144084821,-0.13534106482186523,0.5663659527233826,-1.2248465917992277
0.45974157028499785,-0.7717771615080695,0.7501251011431118,1.084955924746263,0.2207159513153912,0.6247392962866717,0.29117171593562247,-0.31688881654714807,-1.4233526503225171
4.497142764381858,1.494471264139159,-1.1416845396676203,-0.5313887210661793,0.6890518467047354,0.08045100638200195,0.07515529376391986,-1.316090863723755,-1.261873323970358
-1.7032230621402267,0.4195855900702406,0.6882655902970027,0.0002628948712542746,-0.2691528763643818,-0.6676571566057882,0.8268373213037412,0.4650091619368319,0.06795750552514795
-2.3706232636396933,-1.036948247186114,-0.12507742748107728,0.013092387673204883,0.22125376183804618,0.17253509735283992,0.7522972712124083,0.1683191307671731,-0.12690169076778884
-1.788827849577394,-1.1383843956930264,-0.7222540021269993,-0.711026356062078,0.4722966963433969,0.2547797516853871,0.8727872547581365,0.7536307527444562,-0.04355002672954891
-2.294960028187081,0.15787275765233721,-1.8097468928773905,0.5032065107038893,-0.6587690531424009,-0.5279806778132964,-0.882544494813827,1.1433012093708346,0.10048160515057662
-3.593068145264588,0.2919316071571118,-0.5530515221325623,0.02245802007152249,-0.125404807445318,-2.084038397661148,-1.1833908629690073,-0.4734274387773738,0.20813824940141373
-3.74301274933532,-0.8022385803644121,-0.6848507397834697,1.0745501281701326,-0.9087876788571786,-0.4113988084201007,-0.5676027305215089,0.08571207805850597,-0.3002792563241358
-1.9665999716495934,-1.4159454387470363,-0.887257311799672,-1.116993505549057,0.12233057203776411,0.18701501047196747,-0.8987461820304564,0.2879308054489213,0.09234983372892816
1.005793432499278,-1.1036720172381114,-1.6118981932983427,0.5794512240673907,1.088087114247765,0.10120827511296628,-0.2976025024449308,-0.09360334771553717,-1.0018806609407962
-0.8051397195938104,-2.6436237360768566,0.5824923175380631,-1.6028042626906571,-0.35188892307081904,0.23887722763108757,0.6745627131422672,-0.04110242131662468,-0.3347464204706259
3.6481515659939983,-1.4387115228946268,-1.9540113927308573,1.308941980757952,1.3557242125438156,0.33056790852523726,0.7791572313424912,-0.5811226125060491,0.4398078725146561
-2.451843834776996,-1.9956197042220318,-0.5238634660331724,-0.9595352339979633,-0.46838890165926417,0.48583184602319224,-0.6518565726269896,0.2086399060373516,-0.21833799466281198
-0.4106019464769768,-0.06383824792774259,-0.34024536237514835,0.9237077861211095,0.9871294041189117,-0.08367010435532886,0.6870545211086182,0.19175331815327049,-0.6940875423493833
2.0998365662673075,0.9308158315578151,-1.9051446967160939,-0.5471534195572152,0.3050394771352864,0.2260852344679748,0.00565317496568222,-0.0023251272045048,-0.19542981653955177
0.43459921755893705,0.8200027739940176,-0.8134236586237584,-1.0588358422383202,-0.32285398835921086,0.7384334142633308,0.5819601151117482,-0.09198961908009172,-0.8083634349128626
-3.2209926315177584,-0.8055403119248411,-0.7071842381284963,0.4675748439205191,-0.8451854334964753,-0.9267643713875344,0.6011507211057706,0.1728533969259282,0.05203270237698241
1.6415554407822501,2.0473211873792696,0.53865693359747,1.3806766673292141,0.9923407230932579,0.7275390782941061,-0.2380606281223361,1.1961594742267008,-0.5590611338449691
-3.5545623484295,-0.7871079140914066,-0.7998865705850913,0.9179213854878717,-0.8394204086510683,-0.736405985426892,-0.39452571140617826,-0.09844132618549378,-0.3619198149105664
-1.1537487581697297,1.4357716868545167,-2.3431215413176445,-0.8863158688317873,-1.2776913775355163,-0.9792069023138357,-0.01205136377001015,1.160554039571485,0.2530897625802127
-2.6719250162915515,0.2072528632528597,-0.32285570039030703,1.3382877262941073,1.047505114662231,-0.0035385009190156674,0.018647210867175655,0.5900504069433573,0.07934396536381604
3.312470833044286,4.317891406007988,0.3544982103738213,-1.6211825666285478,-1.6738096179797164,0.4574250605585164,0.46609055563945084,-0.8659982216706188,-0.503453652160767
1.6192948698217586,-1.255884524519008,0.0883931093117627,0.5628594702449815,1.2988526409052914,0.7806638748728819,-0.5056721223163743,0.6686187451075515,-1.0305498827316895
-1.368148601676189,-2.2570285375264683,0.0036632811527422143,-1.6022777880447745,-0.733755456562483,0.9596966453126172,-0.7673364487587844,0.30812663974052845,-0.11853798998951287
-1.7081189405515973,0.3502095834422479,0.01365538459941787,-2.0276763664363604,0.37217331966229444,0.6618487906822617,-0.25734492661577046,-0.49502308707039006,0.2678668112896327
-3.0752726087987265,-1.0234357222589863,-1.135903090290452,0.22550355568625133,-0.5775699012585862,-0.1276664198471208,1.8227596843836622,0.4173138591929827,0.165361722947667
2.247329795328645,-1.003208978499893,0.009985800490531733,-0.6723835007723162,-1.5393836227696884,-1.3253429758047213,0.4426902403765839,0.9565200384380336,0.6139779638145614
2.1717217765626975,1.0857794522239157,-1.851272247369507,-0.6260908045252409,-0.38928934096498713,1.1848025117011787,-0.35537939958795955,0.11700653610231934,-0.31855241010994223
-3.4331258822851614,-0.24013045075014136,-2.08884842172525,0.269074399836706,0.23885817977196266,-0.9334974846837781,-1.255946377004507,-0.1321889484852178,-0.18219178745972706
5.910814274767519,0.7920563578676688,1.0633632396855204,-1.1259164322316222,1.1514515608448301,-1.00922603964531,0.5552588140686526,1.5908257509539332,0.646881717568726
-2.593666684927243,-1.2469751207905404,-0.16310246181090562,-0.1699285661319314,-0.6292315890289834,0.01979820018738372,0.22729802616920722,0.09792520419050152,-0.305031595776578
-1.2430560619873454,1.1875267853968967,-0.8966310467200829,0.8672438759718233,0.26421537308788523,0.4264766448136286,0.817369006464641,0.4711143340791142,-0.4190240769501273
-0.6021164203020604,3.1627593819608366,-2.3549584645726824,-1.0104667346004244,-1.7511424551955848,0.4165343545442652,-0.03753036321518798,0.21395149567811736,-0.3514950653382138
-2.547676160238652,-1.4470615773390145,-0.10332191162490549,0.4085768595198608,-0.28793549906803867,0.10697891268427175,-0.1135171483680232,0.026558590568161435,-0.29058710255077047
-0.07972453354744605,1.6697579610159086,-0.8042958962476165,0.35071157835626204,-0.6696397894866547,-0.1239077865954418,0.17604083452968886,-0.1436888948787016,-0.8181619469660742
-0.43676182033553607,0.34918165113577493,0.6403525967645981,-1.267670223057889,2.653531333548627,0.05013275931751053,0.98423083709487,1.1154670847349688,0.5673064351909706
8.638012893170107,-2.303990874427044,-0.595256181964699,2.5594073259527064,-0.6690338198788341,-0.4050076702411604,0.2584984126579636,-2.4733973408460534,2.1004257883035864
-1.4165493261856508,-0.4978400190927627,-1.005174118612465,0.3804836499401291,-0.8195349914406362,-0.8427645816008484,0.5254474046511715,-0.012128296505069741,-0.7388596441775134
7.205410298866177,2.2730272565065848,0.6137295788801364,-1.6725331695120318,1.107207259289107,-0.7989847006366059,-0.8964854708130185,1.3180674981702196,0.20100580196402942
2.6346470154902173,1.392791018800094,0.6682429755192318,0.17988939755258307,4.3510340552037245,1.032501757064759,-0.6108298814110912,-0.8433628889180338,-0.08657167484724217
4.146350065690656,2.3668183907424516,-1.3713633821791975,1.2256408252617121,1.9806871862161006,1.5169940852751786,-0.5158544693712583,0.3697589960963298,1.0863123050060373
1.2747908069074305,1.2512160485333519,-1.8962315589282657,-1.1196349225667255,-1.256497061675533,0.37322553364640004,1.029458538188958,-1.5913200586284513,0.8542066795768228
0.41108276302995245,1.2662841150974968,-1.003257441486796,-1.3046678540269239,-0.43981402262263286,0.510064623435207,-0.14328218272165627,-0.1994454646918238,-0.9062644120072534
5.964951034151267,-0.45060506486078367,0.8696994572476056,0.7672391889215588,0.8560922155257977,-1.8320776073074487,0.07694093173327538,-0.9045089827651052,-2.273874108285187
-2.6374401956485363,1.1696956623737313,-0.5659114462017906,0.7097201762385899,-0.8660509448770253,0.46846687553453703,-0.32008080312134235,-0.23727544240745857,-0.4229190455575621
6.961589341924751,0.6785985607955786,1.3509706203175331,0.33669080974492865,-0.8429174352430089,-0.8300164691188332,-0.8598515243570676,0.08922962756453523,0.46822327517529827
0.31148764095011744,1.144168075885241,0.26315983405006116,-0.4677124410005543,-1.5429421898285494,0.34587822294183124,-0.6349141577354175,0.8662049309905128,0.38366341146480537
1.5768718496580634,2.1564599710848174,0.2919876842875351,-1.1010730267655644,3.1223653731882104,0.6762345530976942,-0.11675105512281882,-0.27691849414616626,-0.27301643670810966
-0.6894679895132084,-0.7478846189979346,-1.0008103743568115,1.1950508826191661,-1.0118765039632496,1.6153883118080141,0.3402186293728347,1.0798462890598186,0.37724913783253855
-0.05032299558599308,0.8002688539285281,-0.9217695948550827,0.3384010753647537,-1.1337632178949595,0.9440409138632615,-0.07595217232485983,-0.36642238739325306,-1.0514125225143127
3.385716521406442,0.6196199514017864,1.6617746480563453,-0.43236530958320596,0.36289131504646505,-0.25742012763924965,0.258366469464796,-0.4945100578494461,-0.8856722323085887
-3.3545470011516194,-0.7719629431435208,-0.11803764753210005,2.480480525513356,-1.4123032323654785,0.9302604331734796,-1.0510386227019015,0.07060914172016262,-0.558016410028457
1.6562792261884678,-0.41086420608180535,-1.1120176665522876,-0.4439313250720948,0.6960147188278397,0.6701677062966489,-0.618024334516499,0.7535479513752601,0.4621524897989
-4.587908054631094,0.09791254640118961,1.9236935784327986,1.5541364445718728,-1.143973007032343,-0.8061184908231791,-1.0505317760879787,-0.6069627469052079,0.44803229853779114
0.636425648341232,2.839123750049998,-0.02698345509735587,-1.7449830843706142,-1.820775033039936,0.8254318243670331,-0.40747690761743793,-1.757446042902464,-1.1454979834251098
-0.4310260008441369,2.461413502256931,-0.8693787598286079,0.8366697681788655,-1.533155772129717,0.9045457371069401,0.16720545989879748,0.23460797898839486,-0.8312805516205709
-0.38390881880211836,4.828717107362503,-0.6928011984645818,-0.31474930506676196,-1.9485424800171232,1.3370261649440447,-0.36464980309350437,-1.0216622119490064,0.4213991468597883
-2.824407471193493,-0.24078714789691036,-1.6241570501871447,0.5144693390729457,0.7772276041937661,-0.29894691381472144,0.2231591541284919,0.12314754678532379,-0.10797296368164029
-2.7401694787660515,0.28259025156391265,0.0883473329357322,0.8626614097652192,1.6771961333718366,-1.6123822946602926,0.11876710723219279,-0.37223943660803727,-0.1072429160212335
0.21040583503320706,-1.434798033227267,2.095130365152254,0.4377488056796819,0.9235273697052653,0.35526236719378607,0.2850768814933441,0.8632391935207081,-0.17135132824109814
-0.7485772449523436,-0.33697928642782704,1.563196034505158,2.1283393423055648,-0.46373318645569084,0.5723830548128508,-0.779697787279961,0.5984586862321594,-0.620123680724167
5.821950469058116,1.3031503254317176,0.10206511987420684,-0.20870018072783886,1.0201329112745954,0.3603496976985806,0.30949495079517336,-2.108365043055814,0.05014794868279308
2.5364317931009,0.7249708712216308,0.4276959913836387,1.6979386989424947,1.6253272268181556,1.2659048472931544,-0.3364940767606688,-0.0571745793588853,1.2755585062065045
-1.737524336844833,0.5432510141533915,0.0030339920032653525,1.717386272534555,1.276776551826257,0.13066102626204049,0.42170617579433034,1.1428243890343757,0.14790020138004922
0.8797061858012039,1.4370707654827317,-1.1230726333802479,1.869664075221999,2.7145752599805073,1.1082271107509618,0.8576038516333301,-0.24348854041965282,-0.03532222068132639
-3.241864951611489,-0.021731433823092127,-0.16671734193391818,0.39090478536222406,-0.16247803543786454,-0.4602552827658889,0.7763785017740463,0.3976852082219158,0.10825951192995757
-3.8566672584785744,-0.6751000581230876,-0.6588861971063213,1.4919185807431323,-0.2617783545843562,-0.18880798808809138,-1.3366179749972813,0.16060927120322133,-0.28648967227619154
-1.2684218301509897,-0.14834543950554033,-1.336081952796552,-1.4271317025984043,-0.6452783064545933,0.7289964723925588,0.12818774400035024,0.2370207442355785,-0.15869331215524066
1.7956628626116815,0.4151064985901717,-0.8554018160187467,0.1603571994218178,0.7253835409480854,-1.0633628626408513,-0.48438886547843074,0.145008157343234,1.0154454966374002
0.12723554211542895,3.281627058537457,0.11457653364200354,-0.9560827706944048,-1.812541523756007,-0.4462922671171853,0.8073412932524735,-0.793654057788261,-0.3448162416383069
-1.570344904221245,0.9745526180141109,-0.7853922199094217,0.24849116201367316,-1.4132336926920923,-0.8320453819874852,0.33951276867810093,0.4177950892637493,-0.004386733661459736
-3.328272795497125,1.7240696816303873,-0.08441609729693576,-0.08417649062979504,-1.4149960113672309,-0.6427090639213412,-1.0894888556445779,-0.6595630843453743,0.3910112728985762
-0.9217248996536362,2.5727025487462174,-2.0023141610137185,-0.11461858034305733,-1.186804698304167,0.02082887318657695,-0.9389039529169484,-0.0853239367523896,-0.22352770000670028
-1.5169135211122398,-1.3749294361834485,-0.5923076526995001,-1.15287533238864,0.39513325615516,-0.45049752463170306,-0.8833064305890217,-0.06323952122355307,-0.024378306981852345
3.5451260921919885,1.4377998627785333,-1.7293280751728437,-0.49227058304118687,-0.09027936455240733,0.41789751128831487,-0.39176430104215487,-0.3367984549607584,-0.4877111412902235
-1.7170034584241314,1.3281421108330724,-0.9104056806715645,1.3507985542394305,2.1379359310194346,1.244912306481876,0.5222823122782138,0.25722502342358705,-0.4955850725928548
2.5111236195641236,-1.5653577132719358,-0.3385158148462272,-0.527820554242707,0.6951512100245723,0.7159945967033841,-1.4144553475365003,0.7380394009433898,-0.13114321508046875
1.3894794254963232,-0.941704923093871,-2.02829891700312,0.46970922861172554,-0.11562799745510852,-0.12485830210355507,0.694636673336827,0.031285791665729264,-0.4254549891929547
3.7620890037344035,-0.693505035848504,-1.1164669671689098,2.7454029551386814,-0.27967986104916576,0.790677603444468,0.17461849825554124,-0.6843309507370927,1.9289291502007047
-2.7214724748413937,0.37380157466366737,0.8704150536599204,0.7333342355126484,-0.45705539721050564,-1.127943227322316,0.8773129144176364,-0.1953837506381202,0.3728147634429937
-1.8560699339487803,1.7969388008806588,-1.2607866837314183,-0.1620544214348694,0.03929758908435346,0.013772149044019754,0.18645443712975132,0.30343929021527666,0.09556726505054142
-2.699517724989056,-0.2048875180661173,2.0151456810036303,2.4108300424512725,-0.9214109492295932,-0.14566629675670414,0.602656514572549,0.8061372452344658,-0.18296595788166314
3.8350025722386123,-1.5261767021097008,-1.5608925987502154,1.2484270217452869,0.8921533466063024,0.48764593089255337,0.7724798358729449,-0.8394241205657873,0.6476998442849362
-3.0060250887545465,-0.9039938364995912,0.21576474562625772,1.1134014212262917,0.6441394177026107,0.3923078686946427,2.348222268396659,0.6064441131540536,0.003562456013880986
-2.6071345180000822,0.4161081198665028,-0.11823612112238914,1.0660518335606288,0.20410018676811614,-0.7574258638568779,-0.4922425694048425,0.6125578019317811,0.08818385047458047
1.9257244281510615,-0.18048122003758493,0.40396099515356015,-1.095862998758698,-1.0593081160248525,0.7390285867058352,-1.5049714306972102,0.5781312140939623,0.5068883632370865
-2.4659362407082877,-2.730357782992107,1.7984944187231784,-0.5724788942499651,-1.2504550693125582,0.2722790909907341,-1.014218300475979,-0.3744505736522585,-0.42193897174764167
-1.6487824516854157,-2.0158013537937944,-1.018131551541802,-2.4687007107166004,0.6992992905299815,0.7512986816665068,-2.172881692970048,-0.19543055097093456,0.12546980426341528
-3.264428655896674,-0.9846415810972952,-0.684346094873718,1.2736164391659217,-1.467099993547869,-0.010534366174474185,-0.22312836219831647,0.8718435059013776,-0.19924524008540703
-2.706470478467647,1.9223734746769727,-1.081505679544556,-0.2288409877957182,-0.9802828958761106,-0.3895105684061228,-1.252513093521489,0.0353234500983658,0.022067474344325554
-1.6236528912591441,-0.5219579891273807,-0.6829780250964886,0.87117573132194,0.027279076864597972,0.20717288973811246,-0.18272419877066484,0.03927870881585441,-0.8656839196730569
-0.14202783760542842,-2.7533713051109623,-1.474161083941719,-4.026126393791021,0.2674297520647454,1.7814650712023299,-1.1294392879959736,0.4299547103782419,-0.2004345365975245
-1.3849061602438593,0.8598027699517795,-0.7622510916514906,1.590282108063536,-1.339258136323048,0.9101767485998198,0.2399041564685135,-0.3450427354794217,-0.377790338087961
1.4877236016126991,0.17622482057256672,-0.39202520427683374,0.22334522142470967,-0.15462028087807111,0.33137650603704805,-0.051853832857574965,1.2076937631325695,-0.7746181487014645
-2.459856501530711,-1.5487506643439977,-0.9060919791376962,-1.5183736053668426,-0.16841196628481797,-1.1237205143839293,0.13457898085173095,-0.4877945846418205,-0.1594471346727178
4.324788396933947,1.042976739106087,-0.746493417391772,0.6732921137064145,-0.8485685190098486,-0.4918315016960327,0.4532542206501333,-0.5372605963850237,-1.118597959242109
-1.960674756156502,-0.15771191787184227,1.1514953427071912,-2.2037712371127407,1.1374976275602113,-0.16099077054862576,-2.3454555540575437,-0.9037898988632174,0.4865787911471283
-0.035182232779771595,0.5413743545196751,0.1804699961823338,0.4541695767199231,2.637044613288975,1.4041413862481589,1.096231335313307,0.08404333535851284,-0.41279315386109877
-1.5474903973564613,2.0015595889478117,-1.924837209077344,0.2795127003628459,2.598389851688354,0.970634769869155,0.49354657462896084,-0.0060937139189127226,-0.3458999102034232
-3.027294446691769,-1.089110666195193,-2.22812796642456,0.9464229664885864,-1.1168779110569929,0.1463541766314394,-0.558370602519323,0.5894758049643763,-0.5568708145854893
2.3872464311348525,-2.0800708438950912,-1.5304554926783587,2.507106834346872,-2.9531017136040134,1.7773788532492716,0.3317494402952359,-0.17392352464246819,2.7561504539674897
1.1287549861933297,-1.0672448254682334,0.5750635299296118,1.1370881434705138,-0.6976325016520307,0.3024066127261771,-0.15541317191790965,0.37228969590449296,-1.456826195682165
-1.3352568901203044,-0.950710754432362,2.9469063075591597,1.9753159668246985,-1.5223802893788556,-0.13852005822181745,-0.1827486825604998,0.20063060192079984,-0.15088942948054254
-3.3235008724586574,-0.13552368321721273,0.41578140452053297,0.9688465981451667,0.2615276722999712,-0.8118059791732072,0.7069948779051531,-0.3805554968260022,0.013776322921139462
-0.8245724359795215,-0.9804297569177752,0.3767977246994197,-2.806728696635016,0.5338577483632556,-0.026026519153505144,-0.3337264623763809,-0.49434299000223164,0.48440625097963064
-3.3971726377973535,-0.8579141399506613,-0.6965266675808149,0.7847818302080156,-0.23408558421586842,-0.489944328084524,0.5003322636665248,0.0866998019776911,-0.3052509255759715
-3.8024982077178238,0.40050112622619305,1.6451872514842283,1.2332808239997073,-0.24460479755629078,-0.4209064039908863,0.5594355437353099,-1.002333391362034,-0.20181784079175955
-2.264947961392677,-0.44929534511140784,-0.22494583527070855,-0.42943194777647686,-0.43857137596274165,-0.7670247792866173,-0.15488841495605965,-0.9218820744664715,-0.33932496285888486
2.3521330149607524,1.5037608062218657,-0.3147309272274423,0.20114928827732761,2.462138703552538,0.30995753316267405,-0.322835431614749,0.8259714019983663,0.11804580545143815
-1.292466166370829,0.7595795980139819,-1.0706267235342801,0.8833535577076366,0.005233339510881328,0.25981590619091344,0.6950853078000695,0.84625383990126,0.15237437334300846
-1.546485675995167,-0.9504642345818338,0.14559996455483187,1.3266903127098646,-0.2109878284181958,0.7949066709062571,-0.6036031612036175,1.0756068225675062,-0.44825959891230394
0.7007527557076284,-2.109289209835003,0.017385137852991426,-3.625818825332275,1.1352433637196406,1.209227431456112,0.9085353368027245,1.4372449694611202,0.7309421195421605
-1.8340946271330976,2.235142707797234,-1.0503225971699077,0.31441581748767805,2.604670093619845,-0.1606535402136936,-0.3363954668071477,-0.019630362176563984,-0.14576185972186542
9.433120406068271,-1.508362079628802,1.8429872659291788,1.3867319644039926,-0.8519746823554487,-1.8678124982970936,-0.8784542675887996,1.1434401124360707,0.09917752107438838
5.536904850656377,0.7087281757719154,1.2302831779198606,0.5262918194561944,-0.6318741193083486,0.360530826639422,0.4568110667991404,-0.4672835110893666,-1.4907405448193176
4.1078709247854315,0.40447472579224286,0.03162337070697637,0.904996141067573,-0.319521147623663,0.8309548724152942,-0.5598552416394607,-0.28863236255819674,-1.5370868203605033
-1.1276342580111967,-0.8988656132912352,2.0403818885756873,-2.507141042391132,-1.388860941392933,2.131135592360858,-1.5726285931635757,0.14068259480323017,0.28049859905937
-0.864425109392367,1.816699282546444,-1.4241196029481964,-0.6699409107779656,-2.0257872088133544,-0.011241538701422797,1.3859401333614128,0.183151322313839,0.6894355961760245
3.7069938805285965,-2.334754117488358,-1.3357847771565794,3.0745025341575936,-1.2137267842908153,0.6531392819202338,0.43516733013108067,-1.8493504961369793,0.2771627697119107
-2.424362938648052,-0.4807680587428873,-0.1849093649659856,1.6151466965443024,0.5779202429412668,0.4222518740678023,1.3212973305051194,0.5374762280774721,-0.5693349577900085
-1.8037032082870372,3.3268040012195645,-1.5925995617827495,0.295499658275928,-1.4927752051714442,2.189670387362383,-1.323640502076937,-0.6230893214647174,-0.6355261038807527
-2.033476159501295,-0.6285851269334717,-0.3416089978324061,-0.9542258779657662,-0.5947164900592042,0.3905490127151552,-1.0832558835893689,-0.684837637782005,-0.6726919680054002
2.509725439286747,-1.478496102013873,-0.9047858099255132,1.4681437692596064,0.40715747499440264,0.7608748586200194,-0.9706503108900069,0.2401750950477137,-0.18988088754422378
-1.997831575022119,-1.5088287916120244,-0.9258805862175912,-1.7073366161182801,0.6621525868670969,-0.48587979158026867,-0.5739903371580675,-0.2540412953646842,-0.10399395447324351
3.5296989941604706,1.7329799008421731,1.3792122521776005,3.2428708740879344,-0.6512774175670751,0.7820274637373735,1.1383860225330467,0.12791995097521122,0.4934228932705055
-2.3129067519482596,1.4232308883317926,-0.8782997701155957,-0.014392055893680799,-0.8800622964964127,-0.028203409976684145,0.17627242991838,-0.07703215727015934,-0.1708287104900995
4.225865433142196,-1.0889580882034806,-0.20593454190501295,0.6458863288225414,-2.115223597611236,-0.2494632330957559,-0.1663672857602026,1.4836059798869594,-0.2588970880206734
-0.636060251324002,-1.7503650549611776,-0.622405058854421,-1.0568073210198186,-0.11279648254533071,1.1851454416430034,-1.250152697995491,0.10613119169946553,-0.4699215006388738
-3.6028746730822987,0.18845398820268483,2.671701228695073,2.281589690216056,-1.431949391456217,0.15781625378537695,-0.200188422901943,0.7828305900505427,0.12302829808391068
0.26390810759019634,1.8970503894676147,-1.8066145183836961,-2.4334721875883556,-1.5327989424227022,1.5146604356105122,0.30223431227568087,0.1797606546179482,-0.35133734922693355
1.6900563522035812,1.7673831835034384,-1.6775937397167573,-0.4978809377308636,-2.032256040962796,0.5936607285106101,-0.10679933333402636,-0.7953297780754575,-0.6457254016163303
-2.056718643890875,2.527062252357605,0.3110294363552747,0.15078692985201225,1.8695685973812721,0.2960078244997115,1.093355027893301,-0.20592690864847302,-0.1603785015098785
-0.4201345646003923,0.44592937985112513,-0.5767584905014457,0.2875566118354423,2.708829039163297,0.48294333035628034,0.4512577476852019,0.9517622603957786,0.14959019293213166
-1.553039194765917,-2.3159037823283652,1.2979162575267664,-0.20631290147480771,-0.9668562312318587,0.8813983243992854,0.6099898597089871,0.9002900873469152,-0.23889989093994746
-1.7659270573291244,1.2064700190829,-1.0056294268312118,1.2588831542455383,-1.5063362387768748,1.2378229145144946,-0.563893982591893,0.5450914162714242,-0.043143131307138906
2.6406847241794726,-2.1497677737299896,-3.8528835839217854,0.6783335609458518,0.2889739747705633,1.351763216079884,0.7292132142050016,-1.9647055991151612,3.199189638208525
1.6701284578175184,2.3782803223183135,0.8943299162647365,-1.7610284318616385,-1.5626661188921553,1.2114625891872635,0.7110873895315869,1.6810217136561005,0.09980508097719656
-2.125772334425469,1.1989367848657901,-0.9843779441006137,0.6005081958640145,-1.066880497115233,0.22777913927013618,-0.2430290275918261,-0.1796700721678428,-0.0182269483780837
3.1566443427433524,-2.181474598323807,-1.2337906437977237,0.6970676652257214,0.3126075172450547,1.3539881430747467,-0.31014285704947697,1.105035586288444,-0.6608639729820264
-0.9506095154194566,1.9747319676901365,1.6390354754260132,1.0563271009849546,0.8196083333329127,0.8461752274178598,-0.7162051065884792,-0.5830662749658432,-0.5329129842301412
0.11378076142698017,-3.4543642939809422,0.9076906828399851,-3.4128732095984406,1.5760764747259033,3.340301397569289,-0.22029240364141378,1.1796370037668154,0.013613536830825803
5.016271422685101,4.223655525223763,0.48661302510161414,-0.9861074358753352,-0.875001789349589,2.073828659701824,-0.48398155249888697,-1.4422313290109123,-2.0808958781705993
-2.8524612462842507,0.8804452508937448,-0.6511267893722564,0.5799377661612263,-1.3919737751496,-0.4487187921404206,-1.4406727326542084,0.9012677354577839,0.2826922064214003
3.0504972362714264,-1.5266770620911543,-2.4777358373748215,2.2705216898385983,-0.4328051340239908,1.3554800012164838,-0.2588783824199406,-1.110915141339329,1.852248546778251
-1.4791174591513403,3.0925545393759957,0.36832416368385595,-0.01862008063155822,1.1702903580892325,0.5033781738517594,1.103254513932004,0.2235958477674008,0.3241454203173029
-1.7392894664038667,0.9371081956267747,2.5786868244331127,1.8789319557626014,1.7167153001688433,1.8204203089441031,-0.7722747152376858,-0.5462250371930095,-0.23689321908939523
-3.1130187228997124,-0.260680304698738,-0.46943380282534297,0.1014638245736033,-0.15733937331002024,-0.14710238699792538,1.962703338921453,-0.5025819193378238,0.5682578865966187
-3.191572317494869,0.5863321143170405,0.3724435184531046,0.5098880537216753,0.11849529991713582,-0.7375372720797715,0.3167475096964888,0.38797730393408375,0.32372208469687636
-2.191984240687413,1.5777948311750825,-0.7680202651399537,-0.06776998610677092,-0.47145962873003255,-0.9665414653527632,-0.5839915415474471,0.44619736097126317,0.22863708967808447
-0.6821659217876243,-3.166698543774093,-0.05608379478658271,-2.482657513917933,-0.6205455993624299,1.3370171824960175,-1.6861637802822538,0.2142289692785956,-0.43317152880099424
-1.5778031502655658,2.7657029281592806,-0.8213915257346539,-0.007725902552975648,-1.3458463930875024,0.2675827188275375,-0.2245032572964901,-0.9529129375928773,-1.035142401347128
5.990424760784667,4.148774531297892,-0.22765550695048803,0.0010697160027994786,0.4369576481280622,0.009393891503341457,1.5835944700370939,0.8968240687095523,-0.44071610555198676
-3.366090724662344,-0.10395900751825281,-1.203966979897114,0.20846581388486748,-0.8291521819129927,-1.6520071052242649,-1.2585785100433422,0.07049909068956225,0.14739534313705174
1.423434360615233,0.15145429329378532,0.40786787060169577,0.9313080465162539,-0.11263047865019814,-0.006274093224096243,-0.5088071038952731,1.2114598698173067,0.4448216950466623
-4.291797327802152,0.13722502582070095,0.913448151601175,0.4011020029285396,-0.9553823557166842,-2.2177437068202366,-1.0051789972934044,-1.0949725630108853,0.4547448130575013
-2.8382565388847967,0.8964659866523172,-0.9366438282406986,0.7097908513063881,0.6294357645508057,-0.2977392300305831,-0.7087218920420995,-0.5662991660177511,-0.5661883822321473
0.9595359810800048,-1.9732487592309322,0.19266285523829269,0.9293174108186181,-2.2840076593421164,1.6293665392647048,1.0189837934001589,1.1732726138857894,0.86907981385924
2.7644719408429395,-3.08224898891634,2.906721523031858,1.437527655887734,-2.342092517828255,0.037048148648689445,-0.8631600498376489,-0.02632460490685959,-1.3862143433462846
-0.0025242641477431524,0.4283567395653077,2.4043065975173428,-1.47693629405237,1.5554763186258929,1.2365715095077108,-2.2749311158453924,0.25776189385882625,0.507546174179476
-0.3840720006770984,1.3973269473551224,-2.0424151650643627,-0.8776039477454163,-1.646074434787924,-1.2895033305009413,0.5851145318386669,2.0772276105686034,0.6342724344056949
-2.8615333239205403,-0.8142599380508391,-1.3011181040797482,1.8767119358126896,-0.9564633232112065,0.9200185754459135,-0.5736727222267158,0.383744158687773,-0.17036715013109957
2.703654572491162,-1.405134753610824,-2.175268624146396,0.05666216800849471,2.1076365204899155,0.17522580099734977,-0.3502455196715922,-0.09774164727214156,-0.8015617777436602
-2.0163350331993892,1.9050378465264874,-0.9472527105085783,-0.08924403169822653,-0.8713610473654855,0.332943734958478,0.3201173693851045,-0.4035143495705236,-0.28133969891783256
3.6061373977453903,-1.1933182513981087,-1.29245528678682,0.6318291209049489,1.700284940426386,0.5309931481380232,0.1686244852259495,0.8085033624954847,-0.6494439138533027
-1.4470905250089274,0.5691598763811623,-2.422672673800128,0.38485592508568184,-2.0958903638854545,0.8484997232813999,0.1916458199555879,0.6888839874860018,-0.8911841198782374
-0.13972720283496523,2.0530797476409615,0.09427545906398511,1.8681727211298809,2.961648710452078,1.4499872587582918,-0.31881309572305594,-0.9270191583162081,-0.4933995886146232
0.6704758344060111,-0.11705755754778506,1.350557294093485,2.37743467511888,-0.11741754201028137,2.5405731521271773,-1.2777370486357265,0.5547123522545725,-0.9183805325181528
4.276839770427264,2.9285690629294194,-1.7335378152092553,0.5435695029522281,2.3713869716020035,0.04777576061756335,0.3366916117563878,0.12965220748661735,0.6237600342276645
-0.3484271222100693,1.2189560601779459,0.5280510995699472,1.1763932452912789,1.5404106944143339,1.1555888787253137,-1.2924943364907173,0.18499547990126022,-0.44567123623761623
-1.845687667199891,0.950002463515,-2.329975967190968,-0.10925230393195905,-0.1501294134764208,-0.19856902515737365,-0.10329695499439503,0.008149098496366703,0.6844715386345409
1.707517907505323,0.1832405264870996,-1.7810817176650529,0.5873096408489198,1.330613579308701,0.9549805013041066,-0.6016629083745587,1.002179939178438,-1.2317610850514569
-1.5222239534069646,1.5441557138511475,-1.1130594265288836,0.20880225283132403,0.06683893888389614,2.472892232057673,2.7804214511629355,0.24073047551811674,-0.23264480627484832
-3.0290794043211964,-0.4222092106471171,-2.2293430110864554,0.13110235787053443,-0.29863859358899847,-0.5679467547585705,-0.22807568521728144,0.034156726075578264,-0.08499168364725826
2.793772133810744,0.02096493313854184,-1.0810429510422421,0.3178501022056901,1.0006642477453742,1.1950900090601335,-0.00788867435937566,0.288640791917645,-0.621404799773622
1.3167421585024564,-1.7767504350586067,-1.7950368215846755,3.800132591164612,-1.1046972104004524,2.8813600890073965,0.07071505439833757,0.8241833841403827,0.8737031185878272
0.6112106649523282,-0.9405452219137508,0.548891295066674,-0.3121070210558326,-0.9900492700683178,-0.06092971326038107,0.3602306814180131,1.0057826380060153,-0.061081082733898624
3.9824847200474838,-1.3735382551637891,0.9214470755916172,0.05341670729317152,0.36292550590417655,-0.7844373957386347,-0.7623390192606528,0.6336507460575622,-0.5392415502295307
-0.42362045566965845,1.0653400632138676,-0.546262716451616,0.36501319647841945,2.293437960423204,0.07035858217774826,-0.9727337196305389,-1.567310123183183,0.6648716393337869
-1.6549584584891877,-0.8510300774199757,1.582447722964815,-1.232148397971714,0.959854754211928,0.84106579112809,1.9153274561935567,-0.11056897035861321,-0.21181353637367642
0.2481028343505647,1.0732206346156208,-1.0008416095689576,-1.0151590344080499,0.3906582243687168,-0.2256167137593224,0.005856506553537343,0.7831172314778987,-0.1630598702997246
-3.319185779273146,-1.1698468033242337,-0.4602097190039169,1.2335546872739747,-1.261110283585411,0.16293864867320926,0.7470572979727708,0.3576272974473435,-0.5343496121206892
3.093154830107336,0.19633513589838725,0.5708245886718183,1.218413791317615,-0.3910713875314549,-0.8873728770998977,-0.10289753571806287,1.2864150052125436,-0.6035600803372935
2.14100128016938,1.2807071139957775,-1.549422995908299,0.633785416627478,-0.3821698874647105,-1.0663940990016454,-0.062495414797387565,-0.10163457836851318,1.5684707006012129
-1.8105470856323962,-0.03779996712519033,1.2603425460154523,3.1545159473178854,-1.8262264382791944,0.719267275778104,-0.5627515605569868,1.657672035684741,0.02411052972833924
3.9407754204133187,-0.9700874535326434,-2.3460116222793013,0.8883358922677723,1.2657400102835834,0.09824591594638504,0.8977026396646819,-0.6480184095810989,1.0731008941299216
-1.6572359083178962,2.1323952515983793,0.9008974400433925,0.27475031499317176,-1.0338678350991763,-1.0223187212763836,0.07162627606709362,1.1458000457625503,0.6334478960855555
-2.2466915939419874,-0.8219361386439462,-0.9065578375620923,0.2628452095917055,0.05793032652887068,0.36952129935580724,3.3950507221619057,-0.03691388191891147,0.4884428995833773
1.2314631937206992,-0.5287492159592684,-2.345829804482014,1.5230548472950936,1.1335500082326497,1.105867929548832,0.533746072143987,1.4343433755058956,-0.4475880799201137
-1.5224822629715358,-1.9774340102246653,1.2152437128240905,-2.651428066854718,1.9452511095425307,0.8708340552536439,-1.4537689932258862,-0.1385860867415877,0.28087360591764565
-1.241886947212377,2.897050479685297,-0.41717105772917656,1.2882555826601678,2.061213755490772,0.46553198278590874,-1.0940401684648455,-0.1588610692539452,-0.16857048293196447
-3.791186372578001,-0.579267768328347,-0.9749863741584149,1.1810051423310373,-1.3458651803724895,-0.05720562480668939,-1.287140304005531,-0.03378382714477517,-0.49416131224806137
-1.7274065699479557,-1.3620537392023015,0.482712734196156,-1.3735712037132526,0.002577298096741693,-0.5582479118466326,-0.428196236747577,-0.07731047269269403,0.3985418130372436
-1.0466072417129597,1.4016380816379672,-0.50793904614437,1.7204371085786074,1.6089581898028429,-0.2828032596714356,-0.3102923025107603,-0.6984700840996165,1.1887917136387802
6.586588920759674,-0.7500939449923362,1.074376436144697,-0.13856010946412187,-0.09642987949910498,-1.8508236280155224,-0.3791095477786288,1.1591763790332252,-1.0255177511935651
-3.1246222276986204,-0.48311945891568864,-1.3213045090471147,0.8547777154866112,-0.513914431961054,-0.1890553637905853,-0.27238483431849836,0.163076337264036,-0.443490674258031
1.2470811642999673,-0.03871209683886743,-1.0246274293956306,0.37327574608945935,2.052999720321124,0.8758336046218536,0.17786728204193147,0.09143438286923258,-0.964778661439006
-2.1599583822488424,2.0592242528386135,-0.5998506082679022,0.07570956171704914,-0.8581443607819282,-0.9931307042875928,-0.22209961025989233,-3.104109099992169,0.02646479183522214
4.475829327920114,-0.9197001508736098,-0.9601344722119716,1.8331778708924225,1.933438648736454,0.7846829636135466,-0.3927616044881952,-0.32195633880337937,1.190252660836265
0.25757968834047157,1.9356763337463663,1.3732774522454976,1.3758595076503415,1.2583538964134016,-0.1187299734580397,0.40168059992614646,-0.5831485890000788,-0.6815433051280907
-4.831877750878157,-0.7315627626377251,0.45803519882274857,0.7421065282291387,-0.7699135113675603,-1.6587927133575495,-1.0017117192014178,-0.8629138674248763,-0.010865967765412085
-3.0031654593244497,-1.067635645069618,0.6583855455714929,-0.3705932486019464,-0.7984712024049659,-0.10286819685800735,5.069105586483464,0.09122528263485755,-0.28440325951318157
-2.95202622428207,-0.905492286096989,-0.44720386720114463,0.9533142914369844,-0.7823679664494662,-0.27991865793916454,0.9669907465892265,0.5235873782642001,0.2165790200182204
3.525651995343692,-0.5284713860510584,-0.511284887533129,-0.4393715897185543,-0.6468361416544082,-0.8234506796121647,-0.8523932736043229,1.5926733514567142,0.22511721032071988
-0.4226646766339223,0.8762272518197666,-1.706854673020233,1.0819070341933763,-0.1879718095356388,0.22916822121709493,0.8356399054207483,0.016207318613298518,0.15483667468949666
-1.5038477132505284,1.638366915467805,-1.2909471242769255,-0.44844628723615315,-1.4581002738604207,-0.04448676069323528,0.5939732541358281,0.9799558255795215,0.5226226414782646
5.284282923337316,-1.3318853235616288,0.09943376845007519,3.2667283493297914,1.2728620648137696,0.5077061477181466,-0.22924721641623794,-1.3328051493269037,1.3257352767110258
0.5659991256830206,-1.4898466929009893,-1.2687256337889061,-1.3446714681339382,1.1553418381855978,0.08493520469010711,-0.3081612798273664,-0.38224800059906344,-0.10979342676897014
1.1593125470931975,0.7939260410787844,-0.35022820562079215,-1.4264247781156065,-3.001415646856244,1.4763537580122152,-0.6881851169690151,-0.9211025439716536,-0.8584312737512622
-2.496927594903559,-0.10423156835144715,-1.5516284361586274,-0.1137133548189633,-0.16890929623757883,0.1660437992951585,1.83005279583406,0.232308641819667,-0.4475073110619062
1.2788438176131154,0.3513544289676394,-2.2605346081362203,0.442882140375284,2.4564024801088253,0.5032726450511426,-0.02120969183274317,-0.282464064453749,-0.6158069798383211
4.4545005756445955,-1.4713189159130924,0.1782861156491241,-0.5741541014436731,-0.13616956704703195,0.24398087589788686,0.01665075471227419,-0.1613877826075714,-0.7424309821106352
-1.7021673565186652,2.298478742264513,0.43210084445451896,0.5816094395502692,-0.1386922067535916,-0.322703499499006,-0.18556478290727202,0.48875587390042463,0.05122763941244051
-1.8433355132332336,-1.600287817391506,-1.8017484837492612,-0.814148886622867,-0.6275172675011446,0.07021193190802852,0.4519091008910541,0.3845437818231274,-0.4581832438203872
-2.7489836556983938,-0.6540247422324493,-1.7749766545502623,0.3822775336815304,-0.15880655496544754,-0.5825998602895033,0.3676787141997824,0.4052838850607871,-0.13559693108772192
-2.097979124453918,-0.8707555976430257,-1.3161998288140762,0.07931166183077455,-0.7945982874211123,-0.3495156451225527,-1.048898872913084,0.6889008055042327,-0.16481573563354807
-1.1063200600555316,-0.34856849694400593,0.40702689280364257,-0.8400823872226378,0.841748630402985,0.9652213162153152,-0.5123703940569119,0.026825281328296955,0.28290174672143986
-1.4192068133769502,-0.17267735758501515,-1.8105587442346462,-0.30931679108326343,0.4441992601624681,-0.5627037768770469,0.40288749698243526,0.6338233678582431,-0.05556157922788043
-1.9204647600531757,-0.47019820118819994,-1.5025987362185238,-0.6226324434117511,-0.03868664422013049,-0.8143199830303156,-0.2769754299535827,0.48772792353201216,0.15271732844082078
-1.107141053292351,-1.3200526589405048,-1.2821716411287554,0.4645662072120715,-1.137344257513177,1.5607061793013424,0.33756594919009963,0.16446150791561637,0.5925497263306864
-2.6947980170370474,-0.8716639833802372,0.09433913900524715,0.010306540227862832,-0.7382877918393094,-0.21597282302576226,-0.29675624971309034,0.1912439732973945,0.0033690011476045687
-2.8576185034302775,-0.047925797982862325,-0.988268876474499,0.6234680697259335,-0.4298358513849953,-0.6956045315802566,-0.4531387284429702,0.5593950956502867,0.14594521574962319
-1.19808207794701,0.6392519677667422,-1.1192034110326536,-1.0114580401456892,-0.08920743694533313,0.9225000647930608,-0.3151788498772239,-0.6108202768733287,-0.20576632489542188
-0.8516604111502274,0.2386083394972651,-1.0268451267143115,-1.9538630693702514,-1.1747540030149357,1.256813358774001,-1.4515952429771635,-0.4213997082464998,0.4108011036563079
-1.7374526720939405,-1.0977386699218343,-0.6761381636985623,0.0364893075877442,0.034746017659360785,0.7872597270124474,0.09986139917787905,-0.10734594603475264,-0.010138401451847016
2.071331761890174,-0.917204304331833,-0.30505752558596794,-0.7386231955125652,-0.5887255471916606,-1.3409630249736455,-0.010046222596840522,-0.2141796088308384,-1.00517900185728
-2.6457638884560555,-1.6640433579163043,-0.8759245072103075,0.10590632945268744,-1.0038415605440243,0.5799592135478923,-0.7007222867871278,0.155984876226448,-0.1536616474668521
3.1764546841590886,-1.8269572583357676,-1.7191852876276883,2.045157644341407,0.18133313583787222,1.008776719486966,-0.4574116367659997,-0.5379216484153788,0.09263034694655294
-1.1946893278885802,3.0582279574183833,-0.9408953607295798,-0.32004670371905286,1.1933228298000924,-0.26149595032534245,0.034605544889070014,-0.11932520267151321,0.22553364731906456
-2.8783695453984457,-1.1470836847899788,1.4907962518938942,0.6631011420894315,0.15898419218915047,-0.5075865626991721,0.30556854841794173,-0.3784256360605798,-0.17771052678785174
-1.037161033892506,4.4062674429430215,0.2525102904694691,-0.5282122165601505,-2.0501909679965773,1.0059731356768367,0.22288276410130037,-0.004550267356191258,0.20685766979283138
-1.6282629344502797,-0.8053095126607369,-1.2492682652059655,-1.0399232594291012,0.14086206465989595,-0.2734429449150567,1.0041662527751343,0.935043359279166,0.3003676350314022
-1.3661306999511733,-0.8196766233933834,-1.0622529344005227,-2.135531184743283,-0.12524748089266638,1.108125513265061,0.8315824459202289,0.0603001515124642,-0.40124341011249914
-1.1275948382263181,-2.107231940104623,2.7537687909501805,-2.5361582767255975,-0.3216479025943631,0.7723324791619313,-1.3673785619084915,0.23655104381144693,0.5219273179533124
4.7326242427474945,-1.0961187443022111,-1.32550143999565,2.6074039225476064,-0.09757487719073463,-0.1762252356613825,-0.5577548750579275,-0.14175486417946076,-0.2569898511138862
-1.9707284210319136,-1.0945525070009163,0.10438476742379171,-0.4758264386939022,0.8049981264351775,-0.8856198485169887,-0.5152062848233538,-0.680584794068281,-0.2910237405117053
-2.570865803704182,-0.08417685033369113,-1.6731539128362243,0.32146540284412534,0.8201366752727272,-0.5946313985862526,0.30897451295557615,0.2993785114511088,0.11311709694798909
-0.5259906223087846,-1.1575591864938122,-1.6720633946986425,-1.1245593616574854,0.880986445411944,-0.2842389459600545,0.4300607863989222,-0.02828283777497783,-0.5428372135046695
-2.73330142534406,-1.7278340258578049,-0.6802299825634476,0.424365379168146,-1.2315478741526222,0.1054981174267933,0.3440080613820646,0.1292470799824407,-0.33296919503050415
-0.2926345971255622,-2.6737299451573553,-0.9287555877896305,-3.4904226697703806,0.4519052422802763,1.4190320879748148,-0.2579162925030988,0.42017156277165535,-0.19966023146193745
3.3908773660352978,-1.2158407688219777,0.5316784928284768,0.4691680410242911,1.0997122942186026,-0.6659347545814065,0.10636669068513259,0.45938621461602,-0.7332924580418404
-3.2212902061451087,-2.7050478131931364,1.9427871670678212,-1.4662851440447189,-1.046602777256554,-0.33846939374019647,0.5439831130955559,-0.5797808416468624,0.003671098221004428
-0.6805479685981276,-0.38706955780654845,0.05633912149816587,-0.33320780083233337,1.7960978443335833,-0.3681977136337938,-0.10344866580051744,-0.05042817977186925,-0.43235738656646455
-1.6522723771297019,2.5889567787767365,-0.8514010629823666,0.47743898541743435,-1.3657267855204454,1.6993063022595982,-0.10555470818505147,-0.24271948085936726,-0.12060142013629067
-0.8001840238104916,1.7931964921093648,0.16732135776455462,-1.350028184629018,-0.8100091789045728,0.09135766232572483,-0.9679820807924432,0.16388807979224326,-0.01901267412282533
-0.11501593692894792,-0.043110974933419394,0.27134921786934785,0.6163011400572249,-0.24250697986988637,0.3002478917366636,0.5303636350878507,0.06694205818812103,-1.0879248493014062
0.44366310522814,-0.9105882662016533,0.5728653521231215,-0.5161476260992247,0.16751352140456136,-0.44618632073138004,-0.6451267977050312,0.4032592222685843,-0.18031346015741193
3.586588369083932,-1.3165716255338948,-2.5109130212563873,0.13688235611634703,0.9868341662300938,-0.097366935037837,0.019846749298849425,-0.5466983978652898,-0.21322446800508765
-0.22418345668409959,2.451213728296893,-0.4839162328636291,-1.2174308194440133,-0.283373543456691,0.7743207698044002,0.38647053942452725,-0.5909214519636465,0.10537002814280783
-2.326270446795328,-1.9483731056889169,0.05783176919497943,0.16327783026947376,-0.683290465444396,0.48135954799413994,-0.12083301599539835,0.25790129516160104,-0.5195757797579138
5.671029792725658,-1.8309713747677676,-0.7472512944161576,0.0043207980291197975,-1.2312475798887161,0.36245268833956046,-1.1425251937753247,1.3664993633640294,1.8073621369797375
-1.3758900100595162,0.38316980585078164,-1.147628536405117,0.36480070313368507,2.4384433324181014,0.46803078907585727,0.19478285991058794,0.6401963053527516,-0.2727346911365554
-1.8951450883879755,-0.749605174333364,0.5629730971539497,0.37208300447017323,-0.591561331843358,0.2847206708116472,0.47194536504884876,0.5283419405423354,-0.14122983051016985
1.245962153585554,3.6135417851270843,-1.6888529430581851,-1.369554912922742,-0.8140355185387471,0.9247383061524213,-0.14020383249282098,-1.1912963547492796,-0.6972398685178186
-2.6708951824938167,-0.8490537946556376,-0.23974181495912192,-0.14635773596937154,0.7379080353928258,-0.1982622840129815,-0.04763005343424486,0.038642164247893164,-0.11629450502512291
-2.8190323785810842,0.5666971689791207,1.3621589645432113,1.177173496435521,0.015462192500691615,-0.9591916310782999,0.5680714579352868,-0.0692377369859338,0.25783933605533915
-1.2051719547243598,4.2817390713264825,-1.5393065292031627,-1.2292868203121432,-2.24295614586556,0.22666568731240044,-1.3278060144860473,-0.13616922347866464,0.24180856582276852
0.8999586139508879,-0.10629280410996991,-0.4330619841573452,-1.982230630597384,-0.9188374576252255,1.4024029707880332,-0.6783443085019044,-0.19611057417730318,-0.9457291193831913
8.526599689226064,-2.6880911407179338,-1.0706175200936399,2.514546646761343,0.07608510147162033,0.1170426737656661,0.4613529536282716,-3.0396140265293954,3.44843015503999
0.806902887478884,1.6004098949650538,-0.6206979388840513,-0.9418401448182093,0.8665550352487187,0.0666333581639105,0.5994245988009486,-0.3058201040440709,-0.3998845223124318
3.0335639053077323,0.4595265090542021,0.9489827340442241,1.8887659267989023,-1.1280556008731653,-1.4825933763887678,0.09988340311162425,0.7639737707779614,-1.054404147933681
3.0529391436688194,2.8945398121116916,1.3880941642481424,-0.8075162518424625,3.0020240890372625,1.0284869939852386,-0.3583014425259677,-0.33007508231663474,0.5872353448412363
-1.8598748189256527,-1.6172945576967839,-0.7982129463603721,-0.5468883641611151,-0.13542293166195984,-0.17161835731496936,0.7437210253074077,0.04399565189049478,-0.16464518371730413
-2.089225217099418,-0.8966613382383717,-0.3750764501200118,-0.2639299192369631,1.3289039355460062,0.9968542289389878,0.05425996156648467,0.6328120230303544,-0.11419409515268546
-1.7963644443620017,-0.49075782565604076,0.04140309240253078,-0.08144996446779461,-1.9161058425112716,0.8368656429317594,1.0945751495504994,0.9365988249778198,-0.29228362030501787
3.9072163822410455,-1.5070019878973266,-2.156333125354267,0.5306712412431689,0.37964815942350805,0.3616416414023499,0.051568470270566595,-0.3400253229564782,1.155436134463304
-2.581249556901397,-0.36463071856885987,0.06866526227165491,-0.4827600628566605,0.287458983899035,-1.278714314398094,-0.42916634332755005,-0.16627432451424326,0.13703704438178818
-3.1409833365693056,0.21268765750921317,-1.6642173289043305,0.5177230128491005,0.7932029676743373,-0.8119913006010773,-1.3382063415453584,0.29977181583818147,0.07178312709541464
2.0424027247179035,1.9573740394543095,1.1503484115814815,0.528022372956029,1.347236228670595,1.0323148246136933,0.2441516161533437,0.24308686664823664,-0.8470343513261407
-2.848771957389235,-0.38368775716197534,-1.9484469269329403,0.21932304281722836,0.3384556033791656,-0.9415948939988884,-0.015175074204723693,-0.06819374780664755,-0.3302680415681473
-3.0054235567569707,-0.22876779877817807,-1.6326710769479535,0.23606838389214724,-0.05384841050685774,-0.9607504696200607,-0.34148660688911214,0.2276429566612949,-0.0661421041807395
-0.0036200197550663093,1.067977279135694,-0.9021169338199979,-0.8593853303630686,0.04488120672541258,0.291185753010176,0.6267497942134518,-0.22457210845731843,-0.7148354587118835
-2.4282966466339198,2.077121473726613,-0.6661584631121149,-0.8678086901291214,-0.5086804246792787,-0.2600104195539944,1.0177144359885129,-0.6459305255867679,0.23021384735782716
-1.8322355869578917,-0.08011980782293288,-0.62465008483077,1.016277331785278,1.63994372177096,0.6142023519389862,-0.29313049553251874,0.09700898763920332,-0.17756588466056925
-3.2325651696561213,-1.1242376570261614,1.1162913394636296,-0.7273938653972535,1.0781709069525172,-0.604169167850035,-0.8375864767387393,-0.6522872441933313,0.3095082526465912
-0.6114103723223507,0.5288184946645903,-0.7343043911813295,0.4970438613412828,4.364227684166529,-0.20478315234125113,-0.3008620340130093,0.35607312601107244,0.10050834507316374
-2.292481344446637,-0.336956014971378,0.3476454328145409,1.0259798926656223,2.2123912661073915,-0.3058656381766171,0.3825551524265835,-0.11546130900017589,-0.025757162824181494
5.090746945375022,-1.5842255371680667,-0.4695023470450256,1.9026525719352838,-0.04918125153139331,-0.4072707235664989,-0.4690820756933344,-0.9663344127279001,0.22610082756401648
-3.6705275855398933,0.3470677658244313,-0.32478900294244273,0.7374760410592935,1.0219369619177296,-1.1871392579411462,-1.2024711811702085,-0.16751646177071414,0.35725250166256667
-2.0942524355943815,-1.2550415676302755,-0.4536553598562994,0.3503324836712463,0.5895651394300917,0.77846230150109,0.8207750758179695,0.28944851126569704,0.10504969473615063
2.614223628163033,-0.1248176979073586,-1.828411306255991,0.48147690767582496,1.3283572434456217,-0.29219428456659385,-0.06913822046088043,0.13815424570842008,0.8018314998754744
0.7485274588698057,-0.4137088934391309,0.9302836751393517,-1.7581333515889073,-0.6458836520088453,0.5312921872999287,-0.589247925513842,0.10265693538105512,1.0171235298396213
-1.1202641915449398,0.027522909278041376,-0.9471860998858688,0.20554721433571183,1.5889605553649548,0.13659144540880278,-0.662578672545475,-0.43296157450186884,-0.15676428734647266
-4.049990521431921,-0.08189542823422909,-0.8255450960121774,0.18368905464397037,1.1000461346815054,-1.8392672412147943,-1.090313273349091,-0.7532137808570882,0.09598435440900804
-1.0656663897622285,0.28583652353945516,-0.37686430016570804,0.2996946605143448,-0.8273618086553155,-1.164808612077154,-1.1480628724741293,1.255670298531884,0.2715166253459266
-2.43971483075899,0.8654423017531341,-0.5980652342320578,0.6825587508190144,0.26524514095834006,0.2951450579737849,0.5250583784803371,-0.23704544141933734,0.2775297516633378
0.7001284124098645,1.268315695049272,-0.23618775937946127,-0.3212237243211859,-0.10999178670158498,-0.2719149581622504,-0.9750577349753026,0.6563489120648683,0.34235672113480997
4.687381969538941,1.7696510621582666,0.9384186488147686,-1.6209849156710314,-0.4492400407705662,-0.39961496130442586,-0.1740675077269365,1.005897501622267,-0.18204335457644982
-0.7695845150773113,0.06700325939762243,-0.8786083405155312,-0.7535532769277872,1.5728534025732848,0.24280775196444374,-0.7356276693691391,0.43846848304467634,0.18215250628993132
-2.1982843156948055,-1.8879426404912434,1.1922178663766378,0.18276382883704373,0.6106347751932839,1.757753749203089,-0.3969290558841427,0.8970088087199112,-0.15182619949321163
-3.939085599979892,0.9049954883414527,0.6539974113857399,0.652922313386612,-0.16109496188621358,-1.0514300624371105,-1.0514703761642679,-0.9827224915165398,0.0229228544724763
4.632283352022814,-2.8851817207703783,-1.9165864863857687,0.2640599442027964,-1.097585842867205,0.29903352945670064,-0.021539076209419337,-0.6910061940933777,0.7790162253987567
-2.5371551912274124,-0.7641707467805707,-0.1550918639379708,0.028460929659452284,-0.20848068815637877,-0.5246453311651762,-0.49061271288008507,0.0480484164845725,-0.16794651654092982
3.060018387913767,1.7588989545801463,0.12761173597655967,-0.2753439111348987,0.702582614105445,0.2751447558645942,0.14369839739565368,-0.1412336791701733,-0.7652273571748519
0.18088532499179735,4.2642173536753525,-1.4146191147968097,-1.1542902021182704,-0.7694390793533524,-0.1601616175245905,-0.025466529344451913,1.2065087884177366,0.2965304663693292
-0.9894382146967724,0.6829113263825382,0.3676569618139675,-0.3059275647379356,-0.1433741786257318,1.0112881221893533,-1.6075619782009676,1.126948398570892,0.3084665879575063
-1.020012850873303,-0.1420483132459517,-0.790403941198377,-0.0691720666170784,-0.4677762749272236,0.37597915221127937,-1.9657703043708534,0.6933371606461572,0.6398462321828088
-1.232648120581745,1.6407994674869018,0.7033716956087096,0.9177313244562779,0.8030388479701038,1.1346284112073348,-0.6754605207501463,0.4607213081310522,-0.42383169495718204
5.276816920466526,-0.9496050949410247,-1.2365204647112336,2.2654443599025376,0.06640947429905265,-0.393152828453403,0.14266705121701256,-0.8874222866793743,-0.4262850705150347
9.9474878132033,-2.0335891040319627,1.4430676144189376,-0.14326581424060314,-0.9015687945997449,-2.3564756774438367,-1.7638418494702595,0.9337383311735279,-1.4135152548473628
-2.880644884240815,0.41663557354708075,-0.4337477532430276,0.744544889279135,-0.09188616568639354,-0.8141014596296048,-0.521023243201682,0.08201727469903028,0.27470319605839033
4.572288511629649,-2.727380658807515,-0.09779437666101472,2.1677974469296175,0.32452512100725045,1.7402568987251552,-0.5579105347902475,0.02466134691989759,-0.2676154179754832
-2.600379019735404,-1.5230821831932972,-0.011138618953044773,-0.47395265072849524,-0.6701470758639748,-0.6347743622306278,0.977348390668315,0.0840731753208781,0.04434558486132077
-0.16770042859229692,-1.0047125073356007,-0.8581660048457277,-1.6570416655079718,-0.27785810679075756,0.6609316603270001,0.6437276513962124,-0.3286401260367096,-0.6072661964482859
-1.7964544385558978,0.7943118094244296,0.4328487551722756,2.852753065035159,-3.4113861818522087,2.598599918788463,-0.9562510321023611,1.3433528191255626,-0.7321950924794508
-1.8955805929094705,-1.2401265347821393,-0.8166627357152848,-1.1090664472907121,0.18767494808345617,0.9072851928568066,0.7438888137985757,0.28933273094326223,0.04494016063651412
2.2800437723038147,-0.517534411542813,0.6357062656046554,1.3723331590093144,1.2706314117252082,1.2470576350540261,-0.1751545200161042,-0.872688306083262,-0.5692620593226716
-3.5892126329759506,-0.7703752268400648,-0.4226177604955621,0.9320401100329514,-0.18599798254583721,-0.40148646950633743,0.2831838247820838,0.17310220214240257,-0.19314356751699915
0.6926369407625957,-0.7295040273270661,-0.02702228207466742,-0.007815702934871686,-0.8105230720695977,-0.13564547017104087,-0.609876222841827,1.56386078361479,-0.24334908217793247
5.1411275788981055,1.2430339558951615,-0.7335042209009166,-0.13388422461605437,1.0154959743537026,-0.9821340676721835,0.1252997303042477,1.2009850565156417,0.1636218416824206
1.5450063938296814,0.8326293427316895,-0.9405510914987316,1.7425069426379096,1.763506581234852,1.9163851609258036,-0.6405215736859927,0.5811494223583584,0.44546103971211143
-0.26018487473885193,-0.6129577796239756,-1.1682266089238522,-0.3348039749512536,-0.7485634093703702,0.1370267349986515,0.09065211188847437,1.4068280552053853,-0.03388569828427902
-0.44429159754397946,1.0715812214414828,1.0191164915339728,1.51163535750053,-1.0329612716632082,0.9014915047882923,-0.3183285297939254,0.20371277290947473,-1.1038903802049729
-0.6929099283295094,3.018538467492797,-1.7978564075061496,-0.23125615133508684,-2.5390720742078323,0.875109673802555,-0.8412395200906173,0.7933583243245205,-0.10788177137067326
3.8177438932081262,-1.113837484585745,-0.5584384079826403,1.5692290409267629,0.6181818257933699,0.7566191192119868,-0.8175537613285175,1.0981458969758675,-0.20140983902888224
6.098949971444373,-1.973765560308579,-0.20395803591237674,-0.043055202638609125,0.05597716357980334,-0.3985406229433898,-0.5791773441199637,0.18256782970699426,0.03055851968831363
-0.37961585935815234,5.06620502742747,-0.25375005243134297,-0.6790014086729445,-1.4205835783362364,1.0265353704561222,0.04864355168367301,-0.26687368866659417,-0.22747166741479327
-2.546316159284862,0.3607246623574655,-0.514044638307995,0.5656074622035103,-1.2660238523229674,0.0631525689351688,0.5644480426039091,0.620919571106821,-0.19601226368598662
7.53311393878369,0.1272997963723786,0.5193016685828249,0.4035119798361736,-2.3809276022991397,0.2398428883380894,0.008453728174720232,-2.0472444673615464,0.8362602586168337
2.1873019805320317,-1.2662528851838197,-0.8103741088605332,1.5647628741500808,0.2721774445029364,0.9375759566147834,-0.2133540150409974,0.764942898564607,-0.66951019199229
-0.27349073127616186,1.5092999013649435,0.2734464321439859,-0.4753012641850613,-1.3518979795655832,0.22295107082715723,0.17374101769478395,-0.3165532456316096,0.17517707762370413
-0.6058443910313264,0.39862887496608146,0.31214805103148124,-0.6965232699285053,-0.43463363798217686,0.691851139322494,0.1937699676878882,0.05135812736384899,0.638412208972563
2.363807822925895,1.8141396038330664,-1.4789076167831874,-0.019343596495369587,0.9546519248700494,0.748739002853826,1.075469915261539,-0.36112042998137606,-1.276091159671265
-2.2244430699188102,-0.8326297566330121,-0.29342236592494675,-0.35158209542305807,1.3251311196285582,0.07938414003445583,0.503220365950214,0.013057455342789308,-0.03642983186764086
-2.0247524278734548,-2.4337293756860743,-0.07158841867874605,-2.1669253659324488,0.08188154137254214,0.874425578751071,0.9265592881927392,0.3903996568855993,0.02693305797332517
-1.7277721135900337,-0.854453512112844,-1.50937602196503,0.14805592590948363,0.4519196995395689,-0.42546146182115946,0.7353207591270118,0.1235061372016833,-0.3998132457041503
-3.5013474859591898,-0.021130735711245827,-0.3139683191198507,0.7184997405018066,-0.2882901510536167,-0.7499163647251583,-0.4718504403598451,0.06053657464858344,-0.019497517840275078
3.106065790112026,3.7269454228495666,-0.23719008225204985,-0.9884158901467514,-2.8864591696459785,0.3303903909237632,0.6859892921752815,-0.7732160395655411,-0.23579182778451216
3.440465603303575,-2.1328636110696886,-0.6028083259524976,-1.1514904898074905,0.07465534560547887,-0.24988344521909805,0.4097395893178122,1.0323337774028851,-0.541607658181471
-1.4720639430202607,-2.0413926530411204,-1.3792512318997152,-1.4170332133957122,-0.44723156100941175,0.3493312573375915,-0.49150099663280183,0.14788096936096962,-0.28233262965531014
-2.5217904959660458,0.034720643651540754,-1.345472850006223,0.5493063270029693,-0.698485188009433,-0.6366249610008284,-0.6505301331071931,1.1331033693632755,0.2053842763944103
-2.813683548391123,0.17354820797798592,-2.1743032280638492,-0.2084398506498703,0.8492811738185732,-1.768985426335658,-0.8845500090640499,-0.21857868813230355,-0.017528560844459307
4.547136099435279,1.6360347222406726,0.00504192357949041,0.47247845702514896,5.537324417963113,0.4398915509243998,-0.29620764962053825,0.16312607715840213,1.2113870263397848
-1.2364279939252283,-2.9456551205017845,0.8186907776834614,-0.7447566746041602,-0.83280825432536,1.2095342054264353,1.1158269177781266,0.4906672001481894,-0.4286293335880211
1.54148769295585,-0.6845529513984444,-0.5352169682994122,-0.45212828471103633,-0.2115068182024508,0.4618002050583848,-0.19637379233422517,0.9301063707117363,0.4152086809739762
2.015929578051252,-0.5637834203865721,-1.5916648355591636,-0.003980332720370978,0.4485645273801647,0.9543488363894574,-1.037610481505067,0.19421066412388666,-0.2053148492719454
-1.7537686835163429,1.4628571515522213,1.046915253106694,2.869102170970082,2.007052322296088,1.421680343501194,-0.14523875127166463,0.36861118803860443,-0.39448341372729767
4.523555588382416,0.8876364173857086,-0.6055182009510535,-0.62897025664958,0.23907910627305834,-0.37499924987052513,-0.04381089314617487,1.8187463094895056,-0.3177634918231353
1.1994699357818914,0.8058614037365787,-0.9965719558622425,-0.8392000960997842,-1.1478494015425622,0.59286009276754,-0.11198069078552826,-0.809237424144781,-0.41400777870537797
-2.7990867218849926,1.4393925347541792,-0.23589799581825135,0.2564204609556793,-0.1590592707167751,-0.19869245816426845,-0.24785397448123914,0.12930927949948004,0.011108879728904468
-3.4857540007362533,-0.33353579896523644,-1.8382197413819366,0.10307055224219394,-0.5420794622518108,-1.3108285680267584,-1.2628258508676875,0.06107385835262061,0.032954942353957795
4.702375537778724,-0.49150783758321664,-1.4424122170530527,1.2351402083268084,-0.3802949087039889,-0.3759072841320456,0.04466403801908006,-0.8529284425969195,1.2436913485541492
-0.4916672283625425,-1.7022961811971187,1.1898821038399907,-0.2103927622320487,-1.428886219177317,0.18108052779006772,-1.15666812044576,0.378124237690339,-0.5862317034174945
-3.254761692407645,-0.3009008144565059,0.14526273492579805,1.0766874185085658,0.7379102833426214,-0.30740400201178036,0.8253392761414966,0.04686293892748435,-0.23154050281274702
0.5330795088112156,0.3995102774368629,-0.7547716338790689,0.06661178125279137,-0.2662550576417107,0.15136522460823318,0.013921597667321371,0.1790972471121708,-1.081722365110464
-1.1986037922147963,2.2616687756879714,0.9194620622404212,-0.9472175233164205,-0.8634412116196237,0.1939002774652777,-0.8211332489751264,-0.2716743089909843,0.06096928232871581
2.4769823984820127,0.21664490081203666,-2.163100093704931,-0.6052716668091159,-0.23487739656102974,-1.1357944171301118,0.530805926910728,0.4538138488183991,-0.29521548257423036
0.9175371695009038,1.343533908404309,-0.45992425766982203,-0.02543551567899901,-2.563254432645015,1.1643916368566178,-0.39584994813951946,-0.2568983973113695,-0.9893718181837511
0.8602807439841379,-0.4148187612651734,-0.985917608321924,0.1001096496455601,-1.0446157699818368,-1.205050082474297,-0.5211137222879723,0.7168317624535779,-0.2567402152688091
4.578717340902409,2.906421121340403,-0.259962641143363,-1.7239375541535094,-0.511627353714893,0.44148584226119114,1.1584210489219333,-1.2671412527329877,-1.6390739734574788
2.5440985039633457,-1.6252156953272963,1.1868419590101005,0.9245962735760592,-2.2779668148333734,1.947810278836489,0.6918027512105762,0.433999784475263,-0.8601074163551372
2.169706784795211,-0.6072124454580792,-0.5750496971452258,-0.18396899566350616,1.7914761546634124,1.055222497714004,-1.1500670160249662,1.7481951141886818,0.3986509453728018
2.532903261110953,-1.0875707235868513,-0.05739942614148672,1.49258903031943,0.9060089129937055,0.8870181924247152,0.49962329835468355,0.3550081201398173,-1.1281575926020548
1.8650752769162176,2.44517513907183,1.1291737909025272,-1.0783657216746687,-2.085568441719328,-0.3015185497144017,-0.09494236671576119,0.06763104693427396,-0.7585988367696133
0.36807505322055617,-2.2236236817074015,1.1229811331082296,1.5505957788118294,-2.3394710542235027,1.8049110651344844,-1.399857253246236,-0.053354162012182994,0.7843628483420534
-1.8619143109317393,0.4766497928656584,0.11677128444610584,-1.1047580383704425,-0.47986490224508366,1.1479118405734547,1.227605834971833,-0.7583652275678511,-0.09291575255552335
1.58468770505647,0.6061248695826432,-0.5548712077358974,-0.19025735018960704,1.271947349333086,-0.12055805786792699,0.32224414620033354,0.5085056609704105,-0.3895117466309437
-2.452590701987841,-1.2507697564103435,0.3181713859337834,-1.103282178357682,1.1771057752656857,-0.5967697387544202,1.5028269449334122,-0.2446804465064997,0.24640108234519295
-1.6176861625506775,-1.0656163436647603,-0.09638875112422507,-1.3263471122291561,0.08734170692219805,0.20442734515897723,-0.5294140867699354,0.38952191103177813,0.5080713078560303
1.0248448691296748,-2.7182195875453576,-0.725077144741371,0.8513891325109344,-1.2645738590655633,2.566891172559271,-0.968826087816754,0.30013207576481377,0.8928170468465282
-2.8592821216719027,-0.3386922168708519,0.49202252077200137,1.4760247014132848,-0.6532288886246499,-0.1900982473150591,0.4510968098430103,0.5242127073995305,0.46892025869402976
-1.914422311301302,-1.3791658162467577,-0.2915626876976063,2.803762482476117,-1.9371169563251622,1.9668018113366292,1.3538038392464478,0.8425476453247112,0.6442346361246456
-0.2287808815756368,-1.164126078469097,0.23945820194790918,0.07237341444867205,-0.7755867614610515,0.09803539894585385,-0.012458539731828732,0.5691887566412899,-0.20477326489974446
7.862342621319601,0.10606426759084037,1.414091904291797,0.3903556118807649,0.6688685682978457,-0.5605813991878356,-0.8277281126465021,-1.0109996224068956,-0.41761339108223067
-1.1797377750973421,-0.929047661067881,0.4211937322717119,-0.44559650171562154,0.4014022003945465,-0.2313824004518522,1.1642220873862625,0.17767175551221442,0.14820880353137597
-2.6649203635105247,0.029418479695830245,-0.20820773855876137,0.7783122690497106,-0.7725189454303707,-0.9908634944490319,-0.2358599859037326,1.0219109809973703,0.3277156579120579
-3.9720285498753576,-0.9362405935722588,-0.6532852763182916,1.5506094490600721,-1.0596915836662117,-0.07412912960804917,-1.3282304550263888,0.21807618268489048,-0.35922301007686835
-0.3083859210611212,1.5232331500227227,1.043313093576931,1.0325329965897807,3.0135610986123007,0.7396043709524427,-0.1945747068635822,-0.6464128973807528,0.1530666554553967
-1.8311496271664363,-0.34172317857481443,-0.0020508734249774746,0.606948091537334,1.200610117066684,0.3057379887811548,3.354114574722374,1.759977182492848,0.5428043573453023
-2.4647560224333946,-0.2406112870179976,-0.7034667066590884,0.5060731567561799,-0.09521482914145085,-0.9546877128469892,0.6572328573873322,0.7886592390190548,0.11837009487516686
-2.2707517150455843,-0.6906032836567938,0.28368630557265107,-0.16047961456689286,-0.0756277140778643,-1.0166137630649743,0.683432585762623,-0.004773383934668936,-0.08999929609258718
-3.2561652213802916,-0.87933786866136,-1.8062128391272427,0.7287503887275977,-0.9659487956990584,-0.23643191274204456,-0.4361256387997654,0.17639167363647712,-0.24828140917133554
6.178755777101468,-1.5574460352607475,-1.2606984489052853,1.6326162419739292,-1.4314218081213068,-0.6202424882601285,-0.21879305984124067,-0.0030318333241164024,-0.30098058341661155
0.4261627773778444,-1.4992917117598576,0.6258315374040886,-1.9279084299539226,-0.1809209586576031,1.7689848894762938,-0.6595599002503127,0.4367781125627852,0.6895028590905626
3.2671542507324163,2.4400449131747255,0.17282482767626556,-1.200718076149791,0.7998498965031886,-0.5488304226652652,-0.36009789209300813,0.4046676725745394,-0.45498895477322354
-2.255655691446487,-3.0669009591343395,1.121882944876435,-2.1475331976633028,-1.1423468368544631,1.8433978519571572,-1.4520333926705455,-0.06532812657267985,0.017209199027186227
-2.0156610948680838,1.8328330110504374,0.17231692982226285,-1.3482631963163514,-1.4279508234743838,-0.365801744479525,2.9400336733595838,0.04118790444611061,0.5815144932571411
1.9868996710421183,-0.2001975523867564,-0.6590517322570872,1.7117420608771197,1.2803043717223268,0.2779604338706534,1.019980048221022,0.3811455041481668,-0.2273148719053833
-0.701535628042727,-1.418161736157427,0.5625572226193135,-2.208423640036661,1.2948050357257828,0.24747065284581016,0.01792375185041263,-0.37935046554454016,-0.29439448293288834
-1.9162644269134883,0.5511231780077699,-1.9690978023173353,-0.053433825578756394,-0.2685721135923146,0.4445868267342361,1.4397466463851352,-0.1617807656240442,-0.6232769109437575
-0.89467269116596,-2.733331156294913,-0.0896577408952896,-3.272219768944193,0.26021556029912357,-0.07114889285909312,-1.6187012470054278,-0.5540300822715177,-0.19205591578703238
-0.029507616475917223,-1.7197504112503152,-0.4588170094238447,-3.3039919095794885,-0.14343385679032966,1.4908095255668337,1.8222244128640395,0.6616525259853262,0.061381344945603294
-4.275997387442824,-0.16498538902466328,0.8806929576658987,1.7739880513601562,-0.07292965897704735,-0.3130646673776964,-1.1934962711735098,-0.20885663982416858,-0.15002077986414306
-1.6066276501606531,0.7077492624986026,-0.6329497263971355,-1.0560880183117705,0.2260039206420822,1.0537310793962678,-0.09776685328510885,-0.5857232864519574,-0.448397811029403
-3.084558923984169,0.29177596790714994,-1.0106338480898447,-0.14716431739388122,0.8202618661017899,-1.487723838413635,0.05545451335816692,-0.3339770161412456,0.5771469832011716
0.49379366901092375,-0.5874510306269645,-1.034528158114246,-1.2957649984598214,-0.09064420343332852,-0.49933901091478816,-0.48201403798609677,0.06546116043218754,0.11390512239476953
0.4955858905172731,5.4487140274059485,1.1190518127731928,-0.29102467538206445,-0.8680017143890643,-0.8216487368452465,-0.5170149410113796,0.8344376608717454,0.674249395951015
1.8221643713057154,1.817201351867712,-0.12165905466387913,-0.4652033709880598,2.798788067009052,1.3702822270641364,-1.2011644675999902,0.7372565213404726,0.2038786822889537
-1.1416406730586908,-0.6425894944861046,-0.3394076233573535,-0.6139845233135168,0.011380379019965144,-0.4252944348045148,1.9207756282740391,1.0181746466585317,0.06928791461868862
-3.408671617358052,-0.5037994730599632,-0.9311785982065746,1.0443609572116157,-1.5265847623430877,0.41952387104538447,-0.2601012593861036,0.039128108716032874,-0.4213504394883133
-2.8930480820699813,-0.6159756894451481,-0.002460191447884433,1.2655849559631807,-1.3472895549116883,0.12477030217998454,0.5577579077313662,1.351790148216308,0.07873758693461406
1.6130895413694675,2.0787507799552745,-1.0517172281583493,-0.36840561391168425,1.7278309282679996,1.3325512315570371,0.3552700015806669,-0.22869601671229628,-0.05524807893102485
-0.20780825868120956,1.6097583163262768,2.877234605072326,3.0714538632281974,1.6318563569595734,1.038102762964929,0.3916908292026659,-0.4880341921692062,2.420656124906304
-0.09403441824039384,-1.4249300907124947,-0.10177544484295233,-1.3957346924111012,-0.4785730174682544,-0.5469814849070369,-1.152698166234261,0.23454153480108017,-0.0765440039627105
-0.4127737103381033,0.10949119939217891,-0.19008633800178706,-0.7017297073700786,-0.408071349729011,1.7380406432933897,1.5903577180075805,0.7223999204671913,0.7481347958842168
1.51764271517656,-0.9367926293300075,1.1277005888860172,-1.7072549454671355,-0.6148889752156342,0.43602205844883896,0.08652914738680265,-0.0797363332965995,-0.11577521789904445
-4.342524486000172,-1.0358607617137086,-0.04686117710861175,0.6525492508182815,-0.8484946042932586,-1.313742763241792,-0.22643636833534983,-0.5601972737868054,-0.17115528527509036
0.7096556529144729,0.675704298743886,-0.9590261424259671,1.3084813882130615,0.08776548910838354,0.8632683480494463,0.3950006027138032,-0.33230728616319344,-0.7875152873473472
-2.456311125289998,0.31120617893125774,-0.9189450963961218,1.9083009885804025,1.7380083842130605,0.792156594672254,-0.617459063029826,0.6710953694695452,-0.20408498760253885
1.5870555391837047,1.190158702302737,-0.9105017122015309,1.1915478893030287,1.4586073003291757,3.245118976751896,-1.7030194906476097,0.07709693872787579,1.0469818906386072
2.6560643297402304,-2.113003688079658,-2.5233891078640833,-0.18159690506879117,0.31171305655866444,0.16100402706268716,0.6401443904284624,-0.8733637453778508,0.14885769857139539
-3.7762710850783363,0.2763306587132551,-0.7274425541195381,-0.004523724022215954,-0.03815593869462111,-1.7460813207847483,-1.1231651802596014,-0.23254761094855583,0.3348785458868383
-2.849260418776687,-0.11103707964257546,-1.4259290434207887,0.5544776412179504,-0.6433678128512282,-0.6202402579308854,-0.5522297135558256,0.09528735975292309,0.22546411059177518
-1.5182080808740064,0.1550577878558239,-0.628062796429039,2.078049224437929,-1.3380456603981883,0.892432309790217,-0.2373235490547147,1.1663526072308228,-0.4744766334924475
-1.985701082385719,-2.20577678875126,-0.7493166921433497,-0.8330978140789743,-0.7259067370264715,1.0027551634195175,-0.5407789850345507,0.4907937028408635,-0.41073303568780317
-2.1746287322317817,-1.684058009539981,0.2746713100610021,1.7107221292107406,-1.0864680527924124,1.2981763661669061,-0.5231619654064551,0.7137300271335996,-0.8598246599191652
-1.7944788953939355,-0.41035496164904195,2.2990425294440633,-0.21366789027183813,2.9754177290421375,2.4986640490259906,-2.425992047578815,0.1283880582470662,-0.07834986547106601
-1.564749022488225,-1.4619893328412021,0.7140339239267772,-1.1253156592914968,0.7247793450221216,1.003416150852034,0.12666280771882893,0.8425570094866922,0.16056372088882395
-1.2297104880024305,1.7722901418922048,2.134614974643406,1.2599729801114339,0.601340337505448,1.889430837651887,0.7258732033310171,-0.3790646643982007,-0.13512318443213067
-0.6505412981625924,1.2887409701016632,-1.9534390942130972,-1.710964312838804,-0.13624905194102976,0.415085799654291,0.18314177950521987,-0.37784371999143224,-0.40910173444239245
2.9781246903056924,-1.6564483410551059,-1.9843995606227287,-1.2113742413041173,-0.15089716510111362,-0.6232049822713357,-0.8920282958138797,-0.6406296516066369,-0.2236284719272202
-2.403185926215211,0.44253014750595715,0.3002686003710211,2.096554987050156,0.644907045558344,0.39441216050701533,-0.37853417509362614,0.5075533507475851,-0.16343929992272224
-2.7848780055803495,-0.3824252907428253,-1.8780319188471963,-0.4315006869011417,0.6665311318114199,-1.2403374596123116,1.1700776149935037,-0.28614302592884444,0.054898077472952396
-2.2645527039302187,-0.8663297849758581,-0.0016774913330707577,-0.1730821102978791,0.9750225389067322,-0.4503624149517768,-0.533846573788153,-0.3448549380673586,-0.3181966658650021
0.8807787657591991,-0.20120929139802812,-0.17433019094952348,-1.4972642130692677,-0.21734706829962488,1.6012057834749196,2.3471565368733485,-0.8765608340700285,-0.19598173247197903
0.43676307145718213,1.3291674912263014,-0.8188335797425185,-1.8375956039731958,-1.5887896479853958,0.21188723830773154,-1.0598480872198113,-0.4456399636883361,0.40351378115605097
-0.33241880889830633,1.609483319989856,-1.1479223891314587,0.04746715898653279,2.8667973217708855,-0.3431304537948531,-0.6709513124439176,0.037406283814025415,-0.4157755472059861
0.9022547944485227,0.2441476940745444,-1.1933394155827335,0.9143763030343198,0.36407650266874186,0.36019030373457533,0.20424763032532386,0.10960593261959514,-1.2258312907965898
-1.123566219231243,-1.4622861344958562,1.1298072555118746,0.615918901830587,-1.2872378754861338,0.7673524327170639,-0.5470703295641745,0.5333229365446737,-0.6940910818088414
0.49715168238485036,0.4042805337973311,0.8964303757791552,0.07701075711861258,0.17460337246923802,0.32139811248292816,-0.41296909413956023,-0.7820808328471772,-0.745343470520305
0.533188063759789,-0.3986389369040648,0.4114407182667385,0.4272761932487112,2.6397149621034313,1.171404207481369,-0.41957701717991425,-0.06328881998648894,-0.5350398954201985
5.781272375909711,3.1358387007949844,-1.3174462994661964,-0.0689037390952995,4.763861807100219,-0.018821216242055083,-0.04407416027806704,-0.25293453616355616,-0.07667663525359436
-1.3210478460565225,0.14750389396170524,0.26111629988507207,-0.32259418138706525,-1.5657122732689541,0.1472822407123236,-0.6605649584487572,-0.04965677270697754,0.08772688714763968
-1.3036949574533987,3.7141445792601124,-1.2599409120036498,-0.6599202147406067,1.042408544005347,1.33793074534978,0.8237457959476826,-0.4366085041275577,-0.3282359422613605
1.1325163681286676,1.1269576646394608,-0.13870596802235727,-0.3227012421498272,-1.7573974260112601,1.8963903298888451,0.4901178951775443,0.5109386298748156,-1.3036132227919337
3.9678056272814026,0.6969265061749415,2.1350676356328173,-2.339612935415094,1.3860487368033871,-0.04605418441671335,0.09675426593671618,0.32443364681667736,-0.6111142306728765
-1.9659917095323944,-1.3168509604637584,-2.037986528553114,-0.5500480420247309,0.4822008417151136,0.7421971163943641,4.619932449818218,1.5724800366154084,-0.08802297850676653
1.7955633535419544,-0.15107671447888912,0.8527062617806188,0.25831984835073385,1.4236951608117059,0.937111011985378,-0.32949700961697026,-0.15596794865834607,-0.1697055576286561
-0.47424686219376233,1.101281004756382,0.5746787918640192,2.1677060652359037,1.3435485042949176,1.3502030162042435,-1.0501578160120892,0.347162110569726,-1.1059382811915812
-3.1448720972286264,1.3829107210775773,1.5889097545821187,2.1255053240972908,0.9085482600886507,1.3150510451428614,-0.028891992038083073,-0.15202734097629558,-0.5773119828434822
-0.440313986215834,-0.9067370278711989,1.066470509684493,1.8858074975167725,-0.5411374281802662,0.5030287184723191,-0.4166377935323345,0.6303080761785175,-1.0134960353880835
3.5155011029199827,-2.599965141296544,0.05503687962706363,3.7893571268445374,-2.042921045010117,1.2231630842515893,-0.8841648229425086,-0.07883817023100934,-0.9907041402220701
-0.03657841625586467,0.8245999860030389,0.6771473709518896,-0.8720253785400216,-0.03395288642993549,-0.13771725661514234,0.34643522666027116,-0.9581999075066642,-1.0237786397822501
-1.0791827599404498,0.19139849506165138,-0.8536646227161669,-0.41731198760958904,0.20257737852778404,0.22478659292422895,-0.7754103792223295,0.10147940456488,-0.1719954499925063
-3.0583553805457377,-1.4830270233046199,-1.1394626575443276,0.8999614295032363,-1.1245249349416373,0.7216879646605,1.6161406532917495,1.0384842909674272,-0.3945988312511434
-2.128821078010494,0.6716621773915025,-1.9236782331822666,-0.049410618950452304,-1.6256762753382559,0.9012177861983994,1.1878982916832381,-0.8930833211180191,-0.11494906462626732
3.0714635575338978,2.2280540648503924,0.562818749250082,1.2524242993258088,0.8902429867968048,0.7157497126076021,-0.17971993002770464,0.14920003047368807,-0.3738732806511993
-0.3358113185908972,0.2709531637970186,3.523041298439484,0.5760381974495202,-0.1700960902200341,0.6986393012872039,-0.5944110824964649,0.6571141450795763,0.1720560722684433
0.5514538236647957,-1.4861319087541398,-2.4394617133220295,-0.4327232356826654,0.06516140754602899,0.746855414422167,-1.4286409540068932,1.0767532927005854,-0.5175035084637845
-1.5166243857080137,-2.044769072385412,0.7192489792759703,-2.82591609798982,1.3985648882894675,-0.26952307157452576,4.605002140140244,0.25422008922373557,0.31123000348780233
3.8100834911244235,0.3198009983494502,-0.9522028254117101,0.48604158112610035,2.8313990901213457,0.3416734464565219,0.13378714223580213,-0.7128357777237594,-1.55450640270702
0.344389824304158,1.7601973498455645,-0.6642086435454778,1.2236719378309633,-0.033779277778268856,-0.39763930088491883,0.6990917576350183,0.8933405876825853,-0.2978702630424097
2.1452003339164696,3.115489793295833,-0.1603898889703211,-0.7205378911245774,-2.2696062257906657,0.4645980367782747,-0.6321367738901191,-0.2243706483040578,0.05989359272056827
3.1873997511948335,0.15688187653318575,-1.4085670966246793,0.2658974003523087,2.3060898414261564,-0.4816984448576766,1.5374426893113515,0.6331207140376504,0.0298353564784547
3.650057424450173,-1.2807076618573316,-0.6650997561133795,-1.0134027969962909,0.4709930296825106,0.21771128533374687,1.0315885684649795,-0.01108330023930273,-0.8307460067976807
2.8092115950729504,-2.032379838526335,-1.9449613490384432,-0.331437917547428,0.7465457999218956,0.6732624812501694,-0.3029355175908058,0.47591397856508894,-0.055671996979813544
3.0010094104144778,2.173747898313969,-0.9962961256507137,0.5294445680998034,1.0633840057137554,2.2826126050290707,-0.42704325896896883,-1.2466468017902632,0.005987545848284523
-1.5037921542611203,1.3325724432351076,-0.8045746636001264,0.4339791389676246,0.551938928730898,-0.33449589558882564,0.9259309595054548,-0.9425411593003277,0.7346740117123518
-3.2073031559382406,0.5283898638465943,1.8322280013663905,1.0053285121218032,0.027388101067388572,-0.3808901882176102,1.4824567533316013,0.2230209985562303,0.14394779880808664
5.955921658225298,-0.7425264969528194,1.360379255424772,-0.11160341436898574,3.042751514150949,0.4870181589797404,-1.0032962447338731,0.6593281793610227,0.6371981609322172
-0.8223029656528759,0.6829342365635733,-1.8627831536252393,1.035267495643145,-0.13859936729543912,-0.07618904614974749,0.272359795970429,0.16659181079193597,-0.7066577133312453
3.836419775210284,2.0906106502113926,2.524615087962118,-3.469648781063649,-0.18018250694560842,-0.002669449370722701,-1.279475109964034,1.948956444753803,0.8724888576326849
0.1413924151676907,-0.8140129748321797,-0.1515915307113242,0.7575688123961126,-0.3145682654956998,-0.3549128609972466,-0.15528607754214718,0.10700313124312465,-0.7685709311305136
1.1645090407179362,0.5443838407999477,-2.644615072729549,0.9410178644864152,0.678877209975138,0.47829653892416313,0.34247476547937744,-0.023077574551330877,-0.3749126436456187
3.290203759165548,-0.7472304163722355,-0.19653768764097435,-0.7542578327286578,2.8581708254151157,-0.14488569807581714,-1.2954697864790172,0.2023640209373819,-0.4589922707153539
-2.652194780542116,1.3158188994708648,1.4894756334720947,1.3474918615292077,-1.4874193407272829,-0.3882330706034801,-0.4366129351676528,0.28280996773865247,-0.07013883451770947
-0.3641952934332466,-1.5935118271226814,1.078498898281346,-2.872768675172296,1.119195584062332,1.3966465732762898,0.6295986896921366,-0.33964724688583,-0.019972416364888147
-0.8902430965905707,-3.5837802733903574,0.948085078570495,-4.616898446209284,0.9642618485055154,1.9107253967482853,0.09115689693584765,0.2139675891197977,0.28336652611469126
3.0522884865532327,-0.8281527316105264,-0.03814886853834618,1.4288368168646255,-1.671714102868231,-0.05911963309775674,0.4801205490856702,1.716041671226278,0.9667319987908984
-2.9870724941955342,1.456111130958687,-0.7622829152635212,-0.23220624792655303,-0.8479642415404857,0.3717445701650444,0.5157955312114539,-0.941771998187636,-0.3459720269276658
-0.34093753660579446,-1.0654437820946046,2.66625099385361,2.0211716986673123,-1.4053251565056288,0.018610165880192132,-0.05985629059049401,0.921149103077909,-0.6960191550021054
5.441018728201324,1.9597202896044503,0.6982093712638928,0.4783798997710477,0.9855126224586537,-1.0132203518193956,-0.05778621437285644,0.5857514417594484,-1.5502446565924433
-2.421176478708263,0.9795828124231467,-0.8871729200790642,0.8575810582995994,0.6367622359510776,-0.22528686055279878,-0.7960066101327153,0.42269173483543593,-0.11960920982153093
1.446527522759855,1.1780212658713938,-0.18957459746790092,0.80263353703635,-1.6167399691911308,0.8910825811145611,0.8148245338824099,-0.5209366740887895,-1.7095837261954538
-1.3793035625017347,-1.2069193652735137,0.7609358123819462,0.04658733127838056,0.8387953356970711,0.715308832352522,-0.9106443462167292,0.7323264386266439,0.256991462849922
-0.7556890997739233,-1.8427417003302533,0.16133018999300777,-0.13046688362624348,0.5696625570343208,0.42465631694144296,-0.7777300869477833,0.08816805237054058,-0.7766641011710232
5.603587990877697,-2.575079392755867,1.0335662036172464,1.0077483204413085,-0.2924665609654833,0.551346568930989,0.09616125511089495,0.3112590064531799,-0.40764341049149144
-0.8229894606163101,3.142088700026191,-1.063250147791385,-1.6738418234144836,-0.42534239053221967,2.0075511414065654,-0.401357184971075,-1.7915670436398836,-0.9533486851450441
0.6845900596496138,3.5072622402215194,-1.6182707971112469,-0.4652720444446082,-1.789055793645734,0.14163386069183273,0.3181255207086674,0.9813911527110142,0.35389838269176555
3.0713884899831205,-1.4237975165487677,-1.0940459266411142,2.0123360752608197,-0.7366099179279694,0.752036461681326,-0.26180017519331705,0.5586003941798091,0.6891346656476375
-0.9193678950143211,1.3961759837503487,1.130011673897608,-0.3057707357621119,1.3283836211460645,0.9403904880429942,-0.08513854145208713,-0.08922716362459071,0.03615630103572317
-4.326724931435197,-0.5976215080248544,0.7920335340672049,1.7521580477066359,-1.2476220789428094,-0.5444890694819111,-1.165936898665854,-0.38501958232049943,-0.3502422106984935
-2.499883670245091,-1.2448606514064273,-1.0827101470810871,0.3262731956161194,-0.49077671214267804,0.010371222430092638,2.859122706272919,0.42728237990619866,-0.14712884736224274
-0.6011372759194824,-0.9186998708776428,1.9656853572292854,-0.9033871101894709,2.754609474420227,0.5880122272500826,1.3673324958445527,-0.00774028050518665,-0.24026306950569648
-4.092730624796426,-0.39458759414891265,-1.36638605123224,0.015487150180807607,-0.5189851862517251,-1.4176054997989713,-1.0702232941936316,-0.34492871239781897,0.06990453337455896
-1.3002827195442728,-2.7522697298791163,0.44730901297128906,-3.6562044447336053,1.1616256390063262,1.0858998763102143,-0.9386308997199541,-0.09343818199082699,0.19165016583777464
0.8300012049092029,0.26417452139176767,1.9135484579600897,1.0601702502937003,-0.4012053596582409,-0.41885848746066684,-0.4638757058821982,1.2919651945973334,-0.28103685983833193
-0.6733537460570874,-0.09755792712036254,0.898205363273697,1.0665569171580407,0.4712517282099279,-1.4352130955521527,1.040238293100505,-0.7725116647108043,-0.2325274470149776
-0.8604985925877602,1.367462872079156,0.5160612759797254,-0.8598391563527228,-1.077787586653941,1.6002241140170455,-1.0863125081570002,-0.5423120764847666,-0.48021449480194983
-1.0499532750180147,-0.23361924119335395,-0.32132465935906634,-2.361286094365493,-1.4068356346898865,1.6737595935113245,-2.424938415140754,-0.16161491805485398,0.08665430790234217
5.400914086419839,1.369196971995692,0.3578734863692665,-0.383898928189237,0.09608173469069542,0.052801437720686836,-0.49983084539724115,-1.2232080277739614,-2.372665824402856
7.514709855808228,0.2851295164120063,2.4462815143761505,-0.5983124160463172,0.27266576957235,0.21672002440934746,-0.15550390407206693,-1.039341509925709,-2.6579084466050684
3.49729410278734,-2.5169174587847616,0.50043648607633,1.5466525446389063,-0.2798969760228055,1.5155694322094455,-0.3695073301586685,-1.489010600082837,0.8859101805973796
-0.5986557079879947,-1.3343092814124051,0.3263026213197648,1.8091764865932036,-0.382583858137952,1.9373661579534371,0.6465281430831062,1.7165122008926001,-0.396370967010034
3.4864511879046245,1.1808332985213796,0.5674563001998233,-0.39904847427266715,-0.2827446092274706,-1.8519231277317352,0.5080724316513855,0.3089006151228295,1.105689357346164
4.504265878329231,-0.874571748040154,-0.2855652623916357,0.12032316980952792,-1.8286804006909207,-1.2774665281037896,0.3732620742697873,1.7625497226005813,0.10166820306771596
-2.2785585168582774,-0.22326230022422983,0.26739310558259555,1.1957367048180525,-0.3884339226583448,-0.24574539724816405,1.475084594877582,0.13664682275597692,0.670336388010931
-2.656566594910919,-0.7744376543808931,0.10391763755433417,0.7349999451689841,-0.9684068824717442,-1.4717418994730846,1.366921913361946,-0.24383972254876507,0.279555664745
-0.70957049584369,-0.23184894771460407,1.4173622744742194,-0.7799582956932094,-0.15089610823615143,-0.129753837590062,-0.7236774201386706,0.5427024112782455,0.6500181679879863
-2.7414817028358893,0.07556767365329863,-0.9514143007401895,0.5638298749466986,0.24902114615786838,-0.7407667053431296,-0.13648133706024645,0.4012160200832374,0.35258607679347964
-1.9627141451812355,-3.9004676120194013,3.001087469589322,-4.466047596882203,0.17782713487525154,0.9658960890254109,0.3489611530316611,-0.4804048602312459,0.5029851484905202
-2.4704757572374274,-1.3199979782425322,2.493682476580891,-0.05835984554922213,-1.095920085496746,-0.20571913712296064,-0.80831208770388,-0.1435423937768582,-0.08365072598916913
-3.3280833181985927,-0.22490641505799833,-0.939002362019622,0.846514673746925,-0.9058389102440609,-0.8581570406430816,-1.3876157858290659,0.6179804281040597,0.13502113152870163
-3.672325315112134,-0.47831698809626727,-0.20423438517176426,0.25402950812553565,-0.27062451448298747,-1.5179595087085536,0.5171039407364,-0.7647672009982965,-0.25326906659937753
-0.4221492186857755,4.345687506733401,1.3179505225365638,-0.19350753808791654,-2.520837758067989,0.09150481045102635,0.44967960362609566,0.43412241697232423,-0.11299677406829081
2.144847523586352,-1.7368816538472835,-1.5899020537908495,2.555895574515723,-1.2856239385941772,1.2031465685632767,0.2794068456810937,0.03891587655767896,0.4656202956164991
-2.2510970072001353,-0.9825652585355215,0.4982624151194673,-1.017185123838591,1.1615235031607791,-1.0694319770507883,-0.9031385607514171,-0.8177347907692893,-0.11864601571161816
-1.011173552741455,-1.0066783675123803,-0.9846820378420882,-0.3220220670090007,-0.8056187841917748,1.2516699098005373,0.9020468311508631,0.08573573758218621,-0.6920026196058242
-2.745864451869878,1.9947631589185177,1.639605417400098,2.292878948160186,0.808277352953258,1.9206469065243112,-0.03288381034199201,-0.05203058605506352,-0.7258895003802524
-0.4705498002754619,5.5160434701141785,1.0112247045007705,-1.376235656395798,-2.7660587984287055,0.25204458527993184,0.7907779883334872,-0.24464152789812024,0.7220168717567297
0.2919343812810939,0.8733474941846232,-3.2210160997787662,1.2476568509885062,-0.06825666911743243,0.5054036577420106,-0.035102945866013806,-0.05731827357543929,-0.09184632534539762
-1.7453139879492705,0.11557694297882369,-1.7807444547303461,2.1549616602440187,1.758143452785624,1.6699929885609766,-0.34046408441420556,1.2814171386634945,-0.7204283322304947
-2.3006066448504727,0.6312309699389617,-1.71354096348931,1.132284356816057,1.1005275916532706,0.451560135412556,-0.7135868088193443,0.06106041265345743,-0.26622714214573184
2.14510994872779,-1.250809701280424,-0.36503262911818707,0.4681812180086347,0.8358943875053096,1.3434669246353768,-1.681377120788672,1.0816471100677276,-0.8362678899056006
2.6054182802939585,-1.4313741692253839,-0.1920347827621837,-0.2812129411271665,0.11528097765829567,0.8138299164043629,1.009978377350909,-0.4732956244344073,-0.9172034861411896
0.013265434284500477,-1.2089415193311344,-1.507914674218429,0.48136683569674216,-0.4426942308815674,0.3565582276835607,1.1767051232084982,1.3933690935549579,-0.7367106322054048
-2.2394579586626446,0.10263964952741064,-1.855982523106591,1.064674028440091,-0.958753275976109,0.3077237798128323,-0.8982525609105929,0.7578838118412815,-0.16467034192966054
2.858877062016973,1.0609634272345205,0.2793467810646079,0.8378430180417925,-1.3596651010308802,-0.7539111435698678,-1.4235595596757988,1.0625770681947426,0.8067441417786683
-3.0787284682952873,0.8484153460714889,-1.2176277631389443,0.41174732371587414,-0.6736415526712269,-0.2845147301447629,-1.2245426359559421,-0.26173386848051905,0.11289559468473372
-3.5507620876878145,-0.5532375265007476,-0.3646609381787867,0.507304362595265,-0.9215963713701595,-0.2650200309799627,0.8937791747597994,0.20818976694070684,-0.14037666239861638
3.1887711961422136,-1.4670703236586435,1.2661913195689685,0.20849951745161657,-1.9119421496216236,0.9003441547255091,-0.4758404560882148,1.0996713776320803,-0.5665172151820158
1.2111881608011126,1.7151045103752158,-0.871736383305072,-1.3543519259697092,0.9036964984168881,0.5112123487608349,-0.39275113980707227,0.5757319432488044,-0.45459745970994253
-0.9327768530777525,-0.6877307254342498,1.2120243308303928,0.5646373597641237,0.28924902518053963,2.7237349529005916,-0.5038365374934698,1.3638012884650679,0.059886421121878565
0.8957037527925226,1.1074785051512337,-0.31232855074241145,-0.8293940935601283,0.7050025589727507,-0.04289779321817383,0.02607182988031341,0.784601794066976,-0.2893570468463066
-3.2657927259943693,-0.4854597828737043,1.4185416101388004,2.022528517573275,0.6602109729940513,0.9527430240453365,1.72548612500438,0.7444309554569256,-0.24085669383456612
-0.6789898501056718,0.971279430354903,-0.5560513835107809,0.15676305154906905,-0.1087463820710516,0.200438466252583,-0.46228305953379084,0.5299712820384331,-0.4436496225921979
-2.029194083481677,-0.25378315082904235,-0.840657215372813,2.0666357940031914,-0.8668534529189225,1.136467486248729,0.2251281848904664,0.3183690142688359,-1.2408106412201771
1.726359730102272,-1.7664701596019385,-0.7031012761258555,-1.6377977442624605,-0.7304997779259224,-0.2286934446737808,-0.9073816285403158,0.5741761388588879,-0.8124351754308697
0.0852562350545799,-0.9685547251156792,-0.41152021872782024,1.6673165084177048,-2.1783864124005174,1.7776672593713105,-0.07166550677574514,-0.41294862149602257,1.5405972383729167
-1.8868285389716457,-0.36869000670810076,-0.9902488229944776,1.755807417146128,-0.1079534442255296,0.4158572359271361,0.5818808638904049,0.17442570796830498,-1.1012948005389713
3.7849837003858218,2.164870057144576,-0.3626630771359686,-0.844217448539016,-0.47537203778987164,-0.8465407897475077,-0.7389935383018689,-1.027070010875596,-0.4445727953901649
0.5791797341601604,1.5541586265537144,0.4561248394355421,1.3790449461897014,-0.433823654015174,0.7908202798091442,2.6626298434357256,1.7807374313386637,1.4920535806324813
0.28899763424371805,0.589849930276839,-2.1131718728253532,-0.31454769348295586,2.0526136392322174,1.4656644328533366,0.2540421953487981,0.09893822690058826,-0.7213190832461471
-4.559554184533217,-0.50035209340946,1.1172114906656716,0.4733082686432457,-0.19712697873329782,-2.477603449963099,-0.09769502551550682,-1.4727723006638107,-0.06771555712904216
-3.1411218965615895,-1.2656893527183963,0.5327314127387442,1.4981199887107264,-1.384367548222156,-0.22332916544222048,0.9950929862845312,0.8755180963034275,-0.17440316954916493
-2.4067255171497983,-0.9987667028237913,-1.0640248450310548,-0.13302177761636122,-0.3283020522536459,-0.15024761534446127,3.466457535569454,-0.11342305703975325,0.29028025631757587
1.8262782464780445,3.5259938371438393,-1.6413244981557833,0.19360578879551146,3.947875131653976,0.7816012130043711,-0.3533997900619303,-0.24811201028951044,-0.7730995724043255
-0.5211172340057577,-3.0268646702838504,-0.2980171180016547,-2.58190853922553,-0.611610484384791,1.9860098548443093,0.41964857274429596,0.6293880067826002,-0.49136295795194235
3.864903870139243,0.7247066629644748,-0.6765017161662755,2.6160030423962035,4.564260001461308,-0.2002152123684253,-0.5346523936600526,0.0956290460182336,-0.9474926200973703
-3.238057068470634,0.19514231971829601,1.4640582250909397,2.0129557131655904,-0.15063501774177268,1.358487616803913,1.2034565588158617,0.2448789489347501,-0.17328721453831902
-2.69046542825082,1.7034694682961384,-0.03308776694367582,0.05712203535035701,-0.36867856639919927,-0.5889852767983383,-0.16077786780396408,-0.2846564949375656,-0.0893143826884704
0.7080168527525554,0.28649533968059937,-1.2597316568387735,2.0846208001252644,1.789520721325618,0.8792037893076092,-0.6755924913826971,0.5195054952449526,0.11856156118532922
0.24983068621408966,2.4507191911032877,-0.3456875938309436,-1.112691236764848,1.9400137709052956,1.1421474812103338,-0.1614279436405637,-0.24893350689712768,-0.1695240624423134
-2.681542689672351,-1.1003437787990888,0.19518996976076583,-0.5126787785768188,0.24116391298937664,-1.264928840383388,-0.09231109312157255,-0.7837285576742132,0.02788746070106654
-3.2237548208990647,-0.0028805056867983615,-0.591628545981974,-0.08471487630554843,-0.27108500583109696,-1.7397285328510692,0.01593586216449908,0.09783800732235107,0.4626769715174784
-3.417724822099862,-0.4944736690050901,1.9298599521206754,1.082992860520173,-0.17610164133166384,-0.5253323004585987,0.43299999594323657,-0.7178937330369333,-0.250684673830477
-2.0771539882991834,-1.9063834522953294,-0.4368295220469867,-1.870286341856273,0.5617588851438372,0.10111604510133003,-1.013435475326158,-0.2254407840743187,-0.09782084623521048
-1.6774930533396,-0.4932877754378547,-1.4693013001285735,0.39804941127717386,-0.17356350019861466,-0.6807567244490161,-0.3741640010311096,0.20788040859527188,-0.23674094464166762
-2.385412059537676,0.20804460836057875,-1.075245342796295,0.23037567123555663,0.1988591605722069,-1.4131828879116244,0.04114924029196586,0.2859568815059134,0.02721696892905622
5.352338404148022,-1.7812949675154885,0.5854781731804508,1.0337617682151188,-1.5909803508248477,-0.2507433248781406,-0.29472462091209384,1.2095386888306578,0.4303811107020626
3.1968051901300902,-3.059642016195601,0.3253371426677282,2.4026677486376853,-3.295090202716716,1.3831864927495277,-0.06558657812240806,0.2861014812432976,-0.7708343192832473
-2.464945857261695,-0.3565652944011476,0.7552258054035133,-0.7890602268756023,1.367340022536628,-1.5272384052523822,-0.31571779208410705,-0.6436317795445406,0.1662956197798503
12.30216240744502,-1.9026732520432197,1.095087325787203,-0.5568604034813244,-0.16930050925276874,-4.083934153252052,-0.727997752244358,-0.7085423098662909,-1.631399275011475
-1.6702596581067781,-1.8097533260442142,-0.26182500278923326,-0.6895187981232247,-0.08407058783250725,-0.3889168476418672,0.9530482596605419,-0.04281367803427752,-0.4806721447880993
-0.5461656642856138,-0.7032325856132813,-1.634765033302272,0.19578082802982513,1.2704221008442522,-0.021713235496826536,0.06396721954361587,0.25036165379668046,-0.8503397701231494
-3.150138008773913,0.980798948093584,-2.0284918079067795,-0.3545679665500438,-0.19181918807163592,-0.7462895902006567,-1.0831485392330635,-0.983658687524537,-0.20475586509813265
4.647964357365952,3.4492957888768685,1.1707440914644778,-2.2356255811362775,-1.8424207602490728,-1.187186706112382,-0.6727354830657234,0.4592979841109623,-0.10576316565629348
-4.078939650252479,-0.6281808043685961,1.2084240294112802,1.2094434052747776,0.027030440196935544,-1.3085065738606225,0.36788610416226586,-0.7368695295953925,-0.05382330471414636
-2.3347548298765224,-0.7342201487691679,1.1595710194944293,-0.5834194482456295,0.560166034627049,-0.911505874042929,0.10031173182601019,0.22824959510729878,0.37496434959641295
0.2404252354977307,4.419417969079887,1.3657833935595076,-3.106650482126408,-3.0515102634312674,1.9102166119019783,-0.3283868053483286,-0.8278760736673343,0.10956378094602578
-1.988398798190877,-1.3272376814679838,-1.2524636148408967,-1.0582286827443088,0.06059688872981844,-0.5618688852384464,-0.6905295182271076,-0.27694526217116744,-0.3733659057744304
-3.3319787025863494,0.08219694948273236,-0.04954704038350107,0.7337234649913292,1.6260396951099925,-1.2570775464076263,0.20917314770511505,-0.7141045104054521,0.44954044579722524
-3.5345556170282375,-0.5856651744931167,0.11057525069628964,0.8339098183946941,0.4882845517657866,-0.6937937447309507,0.8747718478375816,-0.13498554010589284,-0.00505688844775341
10.60611951838533,-1.499913647882508,0.029526699691549658,1.6589503073405245,0.424732600033894,-1.2557749322050444,0.15154477296386104,-1.0244665842317877,0.864528048807127
5.846015011834058,1.8900940597953817,-1.5946647111445704,-1.4925471649020434,-1.6531305150010338,-0.4745248713474626,0.7000450493318002,-0.5626436852772324,0.5546098758768461
-1.3896639188402362,1.191029041081128,0.11136326389073717,-0.408652798844356,-0.32383626521582554,0.15848796903892906,-0.5513460337892435,0.6546238216291417,0.09234820765643503
3.3199644802240287,5.128284583924247,1.439723038016007,-0.8331972633250219,-0.310721737814671,0.8854880427621168,-0.9537076641147041,0.09036139912365888,-0.7605112700385445
4.612967749916273,2.1375914021171205,0.4441005181337386,0.262915861838199,1.2307653736024644,-1.184347254304459,-0.00917900219752581,1.8136171965501298,-0.3207124804161902
5.0949224365232055,-0.8535522904511441,-0.947803407609179,0.1865738590376462,0.3791930189969991,-0.8723758959842263,0.28921043173269945,1.2859398109737115,-0.037668952836240346
3.1477908934720147,-0.4724954154507898,0.06723241837755735,-1.540570023494003,-0.9716461151291523,-0.0025105386226332393,-0.0437930559684062,0.5804460914520608,-0.7567802658294599
0.633474288077436,1.641694339720737,0.44569904167209745,-0.18788771461292603,-0.10914809353361908,-0.5300833306045493,-0.18103632618448273,0.6027834345982197,0.39715930888048423
-0.480189818597725,-2.361475824398302,-1.3678659046974377,-1.0187746233613115,-1.2170333579737125,0.2974052284659779,0.11814289956927382,0.5310429551521437,-0.6166657484942123
-2.319431333173834,1.345092670154637,0.07190055675617646,0.9151609545288641,2.3983152304352453,-1.2604106313496628,-0.827411673330177,0.8524482310958197,0.6579585645305596
-0.8181949096902813,-1.1526043018375416,1.7230255143287472,1.2946128141614017,1.0631098015605125,0.3115898994745525,0.49591864014687537,0.18533409558700578,-0.2774187549409266
3.8790583672954644,5.376849238819132,3.1133285096871104,-2.039861404897278,-0.9698152483396054,0.7654841858591258,-0.002558991109927777,-0.11732012294548716,0.03576887271345349
1.2756402801522526,0.9634432067930668,-0.39428085985677996,-0.5092366962766972,0.8765132211637265,0.44150341616394806,-1.1870842351361164,1.1311686351687906,0.2012881123661995
-2.3076973931629086,-0.6665610609423518,-0.004765423161153378,-0.25810059089910814,-0.24585437085628895,-0.8416643964269321,0.8775926185708106,0.2978521832755932,0.0186515463305081
-2.603855757453503,-1.0272665747348213,-0.9339189306471437,-0.315087960028423,-0.5420491863379489,-0.49373823961161456,-0.962045654949632,-0.7710292278214481,0.016235292865875533
-1.9518432853814165,-1.772277383217733,-0.4014499000775208,-3.1869631824652283,0.6042182580147949,0.91312792139217,-1.6604844830038508,-0.4039848875944144,0.2384808440696787
-2.0042835245932675,-0.6577873311637802,-0.22932640101058063,0.8219310919374373,-0.36924160874802797,-0.27991266297771744,-0.30601295238489995,0.17021982275005673,0.3476463592075331
3.4546293463587676,0.9450900545237183,-0.8535415575063929,-1.9546416159338422,-1.3615960809067253,-0.9512655616297819,0.5998240889346419,0.530584720371443,-0.3957958241061241
-1.1769166557516761,1.6202532403636727,0.7625173832112787,0.18298319381958902,0.1691626204803812,-1.0321929570218673,0.004792530741951871,0.09251801534746251,0.30936812858988116
-0.9254742187735029,1.469211530284418,0.41344459969646347,0.05591071406044609,0.7166578813717458,0.8415936088332127,0.7670064929732289,-0.43216181763813016,-0.8640298337186492
-1.151911033581477,0.35006311848950894,-0.09107492177961772,-0.4375755563790047,-1.262456531537496,0.07213720948087955,-0.813235318717528,-0.011715361767558856,-0.5328111453665398
-1.83666849066868,-1.1488093749282655,-0.4659381541525424,-1.4279359523405815,0.6249860491389676,-1.2611637596920908,0.6984689985052585,-0.29112648492041504,0.12200431955765723
-2.3674439857762812,0.7768198322769039,0.5674926428841212,1.1485666599641593,-0.3800372734389049,-1.0557387488868109,-0.5821368016764132,0.947468150327734,0.7411135563731224
-3.0972635576480916,1.4956083677541292,0.040061771812130664,0.27250870836666347,0.11430543351007166,-0.6827296312620058,-0.6109009742040795,-0.5661082909630513,0.04385944491043493
-2.693802187546813,-0.3098546711724636,2.0415330944211645,1.539123586258528,0.5750855227951949,-0.21871275079993452,0.6445652556950237,-0.2377512468270498,-0.05169206526612206
-1.5320494716372122,0.31843169642338576,0.7579244410751036,-1.2183236755656548,-0.4337418407302063,-0.6582477214848752,0.06121194440761316,-0.30174179834787485,0.3165439273366299
6.112460697989429,-1.839586844226944,-0.322934788668075,-0.11216685142952715,0.27264052407069345,-1.0176263796237108,0.40907380520865366,-1.3959882472050094,-0.937235399168408
-0.023895606453538793,0.6983911814627505,-0.3309819308409155,-2.356972473370633,-1.0487547281057488,0.3207144545376089,-0.44962658008763146,0.04122479745525217,-0.10746232195914235
3.1061719613039025,0.07382933846881208,-1.181042623227021,0.47982081847633334,0.24044898702276724,1.2453069143145787,-0.4746533148779001,-1.863580772303603,-0.1257427676098555
3.057775636720311,-2.0882859436384176,-0.6942681099735829,0.6501159191335368,-1.5676866680457238,0.4441577182760617,-0.42485444243748677,0.29581976503348817,0.809146955626519
5.887636317723268,0.3271569181168758,0.6805179534620469,-0.3160557359793243,-1.1384266115541601,-1.9958983351167514,0.19270858119547235,1.8102481592416493,0.2748735398476514
-0.3617899373364657,-2.6158020012430723,1.074045484076651,-2.470322913466211,0.3997819965844173,0.7426074059915293,1.814225933180439,0.6913151053865159,-0.003826069151093486
-1.05629624408409,-2.3247764903179706,0.25473712522641073,-2.3953249940773973,-0.32865387776660704,1.1976258612969837,-1.8067359392512807,0.27794904484388233,0.6694422636184902
2.5088027391630625,4.800942558092914,-0.8399996229207295,-2.8336409860197453,-2.4683940080494025,1.0455999616187295,0.12120944423124194,0.057235642196366086,0.3748479647027505
-2.4957762262440037,-1.182323098214605,1.1824340530430433,-1.1927187757058857,1.214649981397493,0.12924864159133684,-2.6195486898343754,-0.2991653132504288,0.2574729253220412
-0.7490417511393181,-1.0212406307586679,0.5004784953829237,1.3494310698323537,0.4244039921828845,0.41294023727275847,-0.3490287188188406,0.27569550159991413,-0.5930231404767912
3.2327471796507767,2.906648393284132,0.23271021544250817,-2.2740827393575587,-1.8830960662618093,0.1261799827461327,0.12051406079579846,-0.2042235966454516,0.07137469541020618
-2.256669409030209,1.0527362970091902,3.0861422109897054,0.10331724399339584,1.3084732436665838,-2.180470067048731,0.15310351156085486,-1.3127715711073695,0.026830808932443485
2.0065779983356524,-1.1197455712842104,0.09122169889640651,-0.6770209836227397,1.933167937734849,0.21475184226533803,0.9326041781149037,0.3180057148360817,0.3124056925216454
6.292915862696331,0.3406218358452008,-0.05276335801972451,0.7284380744971899,2.5658260510607773,-0.7811119814736555,-0.17795594845852697,0.42908335528070096,0.2557020109152441
-1.9366406362781943,0.4377985664507732,1.732115093835641,-0.270247411725178,-0.12085168047824411,-2.294936756720058,0.08528413309653524,0.48922621887639584,0.7572660049693535
-2.5617679983763924,-1.5140124317151233,0.1747735420773077,0.44376571776087287,-0.9139096028333155,0.43627492222773273,-0.6944372590992093,0.5285131169509754,-0.2884572808220645
0.6820286703170494,-0.4540767275511622,2.6509983031695876,-0.794210009769156,-0.32529701725903176,-0.08675366506248539,-0.3898933894041937,-1.7894561050493478,1.8620671899022008
-1.9287778189941702,-2.511028576661994,2.316811641418459,-1.587812735734885,-0.2824384980907937,-0.5908782368313574,0.2638946111343365,-0.7627725919413173,-0.20843419941708963
4.852954020290525,1.1286352729234925,0.15188782894898528,-0.8250260872141106,-0.49776178304939334,-0.1992649153801782,-0.35262010413702727,0.13746086637657604,0.7029870697798113
2.216981924277493,-0.30906739665196414,0.1981715151327358,-0.9299970593975121,0.5690392476493337,0.557343402918692,0.8869215874726055,0.28289256289929554,-0.7765580712121247
1.4500300934524097,-0.2059527588088227,0.39652718889799704,0.18799516991597012,0.030071312685999052,0.19791163257060876,0.6791814135585569,0.7629805774884482,-0.11314668904529304
1.844297104813115,-0.4756259657694623,0.9630494364267156,-0.40907357010501544,-1.1001695653758548,-2.28681001871246,-0.8849660805358505,0.7653579723267334,0.10401333515603507
-0.6643218384127589,0.7458345795509613,0.11259158067643202,-2.275016881563009,2.0872040659444835,0.5766347177471115,-2.69341136305462,0.5088476071470119,0.795052619630604
-2.538880744878097,0.09257738166840772,-1.3821162329004975,-0.07840586980499928,-0.7024740222395554,-1.3506371110437116,0.13497097947776227,-0.16496581805216623,0.14185438412915025
-1.587224213504812,1.5409671889880632,-0.7827815206131112,0.06924643898571775,-1.191779841705673,-0.13137077222225743,0.39927581836174486,0.6221800424746244,0.029657248782336786
4.7073365013783075,3.1128399063791097,0.3547608872847322,-3.2853159502479707,-2.2177094493701905,-0.13167566512292814,0.28086308811920235,1.1863297442169654,0.6942861971217299
-3.465815980661637,-0.1709759606876186,-0.3355908216586534,0.6894098367830213,0.21207862888713205,-1.0099155347069346,-0.033320682604867986,-0.25143943983266864,-0.13260611979808576
5.976998531151836,-1.0871974495718881,-1.0136668249643983,-0.22396668687136043,0.2978660390171707,-0.4066425543998969,0.05637851984538247,1.571163945544893,1.0010646128609293
11.64567172710156,-3.0332994151618706,0.800968459448412,-0.31208304430519235,1.8399528968232393,-2.3110507638418927,-0.6757627416506993,-1.0965827938320727,-0.6895982060338651
3.88183831179873,2.3677422758320144,-0.974017525326315,-0.532568141935027,-1.6100278456670556,-0.2914400791794107,0.6516980929156159,-0.4357640600940414,0.654368012934735
7.1773805051005315,1.1241485975295156,-0.5135299231788892,-1.8370682868139965,0.017094883998395594,-0.8575998791232531,0.3312766122738892,-0.37016231292175517,-0.693662798254038
-2.8322010286114048,-2.1444905598300075,1.4183264706079801,-1.6793074865522368,0.31249436698543964,0.6718154033916041,-2.0062925557986584,-0.5173537694665052,0.2701307097889486
1.0968179584476672,2.7106123114791876,0.21899475118243186,-2.5329471606569918,-0.13028962654393078,1.5792474624714308,-0.3586775561962166,-0.40425380923217524,-0.5129465496042926
-1.3633077142157672,-1.1360727122462588,-2.301271592145125,-1.914420355373757,1.3820995560915026,0.2598175429219589,0.6925328731266883,0.44337184450301337,0.08429734466252391
-0.14231579199702782,-1.7826911777151382,1.572460179728294,-0.44842989596209026,0.6068940755103956,0.05591934740345022,0.6248517344389184,0.07531900682316786,-0.4352385572930012
-3.282590414046772,-0.6790755495503287,2.252388653951577,1.3727890304059849,-0.11946054268302815,-0.3906690719237024,0.36786320172168047,-0.6734836865222975,-0.5017380098326082
0.24394840235750834,4.9090837987239775,0.11656929672903613,-1.6638408906590416,-1.102623240274842,0.45054456591802017,0.213243191330693,-0.40094286268830265,0.02937923156983086
-1.4757297538098184,-0.8981284554345534,0.3507364446879503,-1.0620086870305905,0.5456652496841754,-1.3805357211991172,1.0782155008799095,-0.19860787267386246,0.5702494502023153
-2.1280146096637447,-1.649823202678431,0.6455652688591978,-2.438442776931803,1.3114894342268775,-0.5097074118907767,-2.1052841977459837,-0.9631054011661601,0.10320021911312628
0.6710868543821417,-0.7800834140552376,0.8261438619422358,-0.5967339704448874,-0.03632047336183321,-0.18088062795287035,-0.8276099513263124,1.4175882703194123,0.26890583503935606
-0.9341788209636256,-0.334279288188125,0.9769682040864409,0.7011176990330087,-0.22840206137548644,-0.5178597196168905,0.5137163506815356,0.3417095918035126,0.1741387010848706
6.177433950727814,1.6957657845272227,-0.011990612038652622,0.09101890143399954,-2.410458299494657,-1.146295013747947,-0.3519145317380596,1.309801167891892,0.5458338574101297
0.6042888150224127,-0.528899871846571,2.863972309919128,-0.6502525235815733,2.035819220948572,-1.5221151696709432,0.32645664581054196,-0.24055676142000376,0.25995226802018123
1.5398051435148514,-0.9332454039454208,0.5246892955686909,-0.7722432129828292,0.5414317397541204,-0.9834613733286788,-0.26567343799033083,-0.5541657787829615,0.7818202540552647
1.5001469716074791,-0.9816823657193948,1.3864687973513177,-0.7312252322749699,-0.32382375660940765,0.24147364003767438,-0.42780773016556933,-0.08264143950443743,-0.6754031053993986
1.7848044517631618,1.2461238362646136,0.5343111178579351,-0.3135894920499675,-0.308798783980609,1.03491406289438,-0.6080397068104282,0.9491792373315542,-0.5262969900544502
-1.6178498223056978,2.2005889729855035,3.72410847790731,-0.7566319804203238,0.0057166957123339695,-0.6180656811380378,0.08374359136330174,-0.9064097817234164,0.3418114846210137
10.437116347226864,-1.0087302224246872,1.9505389081809772,1.229416192959015,-1.553996180496075,-3.7428676969414316,-0.06971592481982505,1.4892032278066845,-1.5115406939903901
-3.4552966834341343,-0.5131118363525512,-0.876525333500958,0.6607752427155172,-1.1342738927424931,-1.0427437602297644,-0.7270618354212757,-0.0667497815511799,-0.004129818033769612
-3.7395220274245516e-05,0.20196684351524777,0.9234469236929718,-2.232113767604178,1.668391345900004,0.5393783017020678,1.2102934918702726,0.2912430573589721,0.2844589289255808
-1.7781560496791136,-1.1257342981330902,1.6673415763863115,-0.9721800547127845,-1.4442988858573702,-0.6360812135223008,-1.4618193834915545,-0.5474930991391511,0.8773982203352884
-0.4834437722566375,0.0983658226855956,0.6377931326851511,-1.9653415043597955,0.06323233173265186,-0.6945993816355915,-0.5234649807410121,0.9611967107295905,0.6678488804546404
-1.7106116063050285,0.12115251803406157,-0.536036420158242,1.3207356884522492,-1.1490071758069922,-0.4521840548203387,0.2938873323208853,0.15922602872585034,-0.5782417022340074
-2.9380863892522906,1.9213300436116219,1.4251563147656063,1.1152827664017055,-1.1894076759367747,1.2516048000966087,0.2858836662680713,-0.07142410817275169,-0.011953671937384835
-2.364123656046648,-1.6115019571352953,0.01692661547482948,-1.8583358754630661,0.6702148183219175,0.2446750515027068,-2.4175166777251134,-0.5633345703624776,0.18378955825878204
-1.9395631551592833,-1.020983475304436,-0.27351467621413406,0.8780791268458448,0.05559876498155391,0.7587046278206091,-1.1360078731895369,0.8150922420021249,-0.38033082890320613
-1.4342689222324403,0.7730502222041494,-0.3836933045278753,0.38668781042124045,1.1973108393123741,0.18995422097033013,0.689924101823645,-0.7831841284816099,-0.3437544834160815
-1.5446012541363177,-0.9459000174431567,0.3440438518206766,-1.4400237109959568,0.12741186417878594,-1.0405229113041892,-0.7247477419352024,-0.11271487475450594,0.334939359214254
-0.8443390572799173,0.8951916851806682,-0.6234577931944495,0.24267031423941451,-1.8379314819683263,1.1094485280747752,0.7445138042296026,0.039886570674555526,-0.7013402247411784
3.882819750318606,-0.7278156814641946,-2.6005513130634563,0.913196141934432,-0.0898048315745163,0.05006194742428044,0.3982862020232346,-2.1847904185956777,1.327412014937744
-1.1513660655429752,-0.02292171114999128,-0.5841104605482622,-0.32169534867663063,2.3607787249692262,0.20035153646370002,-1.3627453552078908,-0.5208876674278659,-0.1723181307065732
3.5016827878737904,-1.527046164024832,-1.4203473790843604,-0.10051806893731538,0.7067030873610899,0.47185238137402424,-0.4109346684687208,0.3557602015807142,1.0271069801649864
-3.056501454627249,-1.506634582863719,0.7998965386737696,-1.0920486344601792,-0.7000984639659611,-1.3937091666050614,0.19190702811345867,-0.6148540563778989,0.29300085543183113
3.150038235441782,0.6822034977063124,-0.82586927947765,1.2590369207233656,-1.1647859799862788,0.8548371139214843,-0.058340437118778454,-0.12679919407587356,1.4669310083125464
1.5255939774215894,0.39221945218892584,-0.5065392334000517,-0.0710956990690556,0.740494887980217,-0.970630637980358,0.7894372628625169,0.35123409204127287,-0.6353270920739148
1.4154199159022223,-1.3225138511724388,1.1797065591728588,1.8497996561544792,-2.117108242999983,0.38255329674216126,-0.30610137821492717,0.6880428140569473,-0.9269920341507647
-2.2157483505923894,-0.8463184107087759,2.1204165209018067,-0.5617311934292564,0.6615005029577941,-0.1442071035643662,-1.362616892166195,0.23600057607693395,0.42228579680477835
-0.563915475845459,-2.1225648929392915,-0.5134079807546102,-3.758711557438011,-0.04874940152075285,0.8931596114079154,0.580801718671634,0.43896999249606916,0.10150998726775737
-1.9118019178376169,-1.2711898514506117,-1.1130760502961574,-1.4780510056728522,0.5410080152481331,-0.14822118217980684,1.4012951757716359,0.33585986191716066,-0.03179469826577109
4.262329879589506,0.26068639678077127,-1.5954246203867604,-0.2732886374666429,0.22161293751265645,-0.46669738721002213,-0.5737198659242982,0.3347136941468559,-0.3962282677772091
-1.8274520874251357,0.20567774899609975,-1.8780231103203444,-0.865084398985556,0.4062073219258008,-0.8677891869754384,2.14800874842201,0.9183108353739214,0.24209485666766012
1.9752581558848181,4.010864547172449,-1.029020297381325,-0.9279718519472065,-2.6100014162707845,1.2130194801670442,0.594053897745518,-0.9860358250406276,0.09999880129853127
0.4834693123155636,1.765950500888143,-2.163137708054935,-0.4429019132569106,-0.48377682915511844,-0.011117859135315565,0.5155692998437332,-0.10429668862462924,0.05928316495598343
-1.677267751808399,-1.9984825009250788,0.4009281123568476,-2.109654120141996,-0.6386264416060314,-0.4215487696005299,0.36563881354435135,-0.17890264702434194,0.1707819359946118
-2.1343327025493104,-1.4076219725714534,-0.4621976875478313,0.41260198839080975,0.21577426533122399,-0.13542926311984654,0.7222884339335696,-0.19257391727315581,-0.03529932922390435
-1.4089054272110468,-0.6179043389964834,0.7963753211524984,-0.8413322316528038,0.83414370886277,-0.13087476631281797,-1.5897547492128699,-0.6912327994651013,0.3140521226169758
-2.6131313169471255,-0.6761020556550298,1.0421254888247387,-1.020815012693509,1.3165332240566974,-0.45289737106736594,0.6883649817843869,-0.9830474374455421,0.5261525340700213
2.5326467469373912,1.043927255247137,-0.8780115962740166,2.284183614629394,0.027378938282477384,1.8553122200272365,0.1668764483657494,-0.5047826458536585,-0.20799781557624314
-2.4367414575381443,0.6791912112125611,0.3235566177207183,1.2960894601773039,0.5691899834419659,0.04977508006645082,0.2329164997088925,0.6631407155894544,0.1689259371727066
0.15212250800296775,0.44520273210323097,2.768743732232609,-1.323704473672588,3.8489439549540125,-1.304770887112899,-0.48585369049790866,0.6456626808871532,0.9398876811312171
-2.4328944730622135,-2.4315624076801754,0.6804173314169953,-2.702756312101539,0.14950996486410897,0.5143475710178655,-1.643175844183359,-0.4255003405508355,0.16528783217832085
-3.062841062386132,0.22173843514718852,-0.6032765108699889,0.813652458512738,-1.2724044572844182,-0.026409587516600413,-0.35472803530120073,-0.38965097165020496,0.312667482655038
-1.358072291564041,0.5405122851211094,1.195754784896089,-1.5347703105843897,2.5629954042719434,0.12223128998216398,-2.7324464496527954,-0.3698209696239043,0.5713932116482366
-3.858264385807669,0.054497879374299965,2.659709981131124,1.4471299529668646,-0.6620401801194391,-1.8403125084075378,-0.20858428922156283,0.15136280299488453,0.5433980356719758
-2.1411641250082525,0.0376959316209571,2.5184850352326382,-0.6265351874142312,0.21012473882825466,1.6216493216131123,-2.5295126998354167,-0.6786834382366632,0.1988354397231683
-2.671387945587587,0.7034788356539597,-1.0905350117062962,0.28072861037938024,-0.8351027343037645,0.1485311274619031,0.4960760316765238,-0.9695838849319238,0.24059780124100721
7.264287779685249,-1.2967374608787159,-0.6421531898834161,-0.2820119088811195,0.36607591792223476,-1.6127599583028362,0.5782927479728156,-0.9136294133576617,-2.4729446095573038
-2.1243843058376775,0.7343967004649186,0.6306934804936565,1.119918528150577,-0.9502280423814421,-0.41508407224381816,0.44369535221942313,0.6441935377194832,0.41174829914281574
0.732175021410081,-0.6702933102250214,0.23073417620585213,-1.736026206187343,0.8601759973031334,0.8630084423282534,0.3245285194528896,0.36258890094594254,-0.5353571890738221
-2.194972840064722,-1.563583133012064,-0.6009281445482217,-0.25480842788753916,-0.48104316565190025,0.1440966962657629,0.5260596083226547,0.04778382809458535,-0.028465045296103768
-2.733675402131135,0.921661312527975,1.9116530981385862,-0.6209044815764175,0.6172527351474979,-0.01615838083871385,0.6928513521043232,-1.102728865063487,-0.22485337360918878
5.260157732483664,-0.5915005190568003,2.431535509024581,0.4347391622910439,0.9917129465936049,-1.8772571115314107,-0.8256135280926091,0.8876263425476796,-0.596992877885356
-1.5847788192891645,0.49193507909091055,0.12274814152377526,-0.2293043108122526,0.4122500341774048,0.611822801286639,0.1368830317905133,0.04184007687436983,-0.13933555146891263
-3.9393103120368838,-0.6502373356947727,-0.2800018293354943,0.9917068878125461,-1.4097873499128013,-1.1151273002225384,-1.2507721777784024,0.028494035263626136,-0.044972199194878895
-0.2155750516864058,1.1705698210919595,1.138323843099583,2.120608240788002,-0.4225415818403183,0.38339683698810867,-0.10328936982770892,0.21175918561614843,-0.6186131469627346
-2.6909941576696506,-1.922102429125207,0.48429191519237663,-0.1295006423938917,-1.0616695811436818,0.629670036063009,-0.9325994315400554,-0.13025766316618198,-0.24154269948006052
0.3514667761872089,-1.423171858484886,0.9488966768337479,-0.900361550076576,-0.41929820002521345,-0.4200460556672239,0.05031837234280344,0.41859108410816886,-0.4540238943783363
5.274855199426718,-0.6497280431663499,-0.28423117681605764,1.1702016273389348,-0.48646327575555154,-2.104894720410268,0.49056094803403877,-0.031986502773929934,-0.7654769524427963
-1.2726845801748843,-0.7088635750643518,0.19347489247934474,2.2127553358510097,-0.8454212053113129,0.8447956887926854,-0.5783561585104696,0.06012957304274183,-0.038633364387429855
-2.77196978593315,0.7713707562411262,-0.12512933039903454,0.37361133855096446,-0.6105707867857654,0.40050715470083875,1.4299514164761247,-0.8124311080281629,-0.0658701954670427
5.344799387932335,1.8486366891930701,-0.12889138648340048,-0.7523414682200829,-1.2136192213066876,-0.7243717293100697,-0.5493911567462072,1.1918457713321435,3.005018540716912
-0.7612157057747254,3.951358168722026,-1.195280698291876,-1.8228846891669015,-2.630755394272562,2.077754108870748,3.029594748864478,-0.7757357518841382,-0.40720927902529575
2.93549255595657,0.9540818522932684,-0.11948730331889613,0.586164107054439,1.6317013141722243,1.4353826254244315,0.01811439016080549,0.37331224846045535,0.802363264952504
4.31136075854207,-0.4708338869946377,0.8789487155822,-0.4564654548875126,-0.9674320940622869,-0.5106991393231037,-0.6966432734898735,0.6064828151697724,0.5067601988286139
-2.675484167652988,-0.7423512160527669,-2.2536671312564986,0.9421017684330003,-0.6655033873580986,-0.15141880380626746,-0.6432538548344878,0.23325365175189638,-0.7207133073231163
-0.29102922578821466,-0.4294782921354284,-0.47907668110025353,-0.3634720221053837,0.015035629410872452,0.3317035187474873,1.1419889427422167,0.2654790640670086,-0.2285863357304464
-1.9996884487670517,0.27593054961958585,-0.39919158966686547,1.0780312168023747,-1.0863889265181055,-0.24128719187973413,-0.05835592073600872,1.4117404530081454,0.09356642130839889
-0.8915028859904666,0.7750645385629332,-0.6737622805113268,-0.25545463872799007,0.7032571352908423,0.05276817819645087,0.9128275172188984,-0.53352876199028,0.22274052674850786
1.839531953981253,0.12783328402988348,-1.7021407862520892,1.9632719827929859,-0.19366545838906657,-0.1779169078399031,0.5158596105619029,1.9403249695684721,-0.7394164440540026
-2.6181551771321248,2.3903833310192213,-0.5862688786348903,0.7793161675586685,3.0529405293497103,0.0426999933201178,-1.1985482864239312,-0.7441734661429902,0.20973799667362703
4.872079525062932,0.9649993687348339,1.9367261276898766,0.001040503175472195,-1.1445469637924708,-1.7315269854162914,0.28797220434895243,2.0086627570799056,0.7628214141755413
-1.3569267499403488,-2.382108659925857,1.2044391349117292,-0.18329194859314757,-1.276555070897927,-0.16751727704533087,-0.03195476557541021,-0.35605335653834136,-0.8479910340404219
-2.92889118051798,-0.7275147192357476,-1.9509354745632121,0.23783962894439867,-0.07395417004380687,-0.5152059550017742,0.45720257180181334,0.2877788761717435,-0.29570395964314933
-2.047761596523824,-1.700366941891659,2.878288514346052,-1.590024932730731,0.6182985695519837,-1.6429345745927941,0.4722119314846487,-1.2524667579220403,0.0038421991316000765
-0.18136482174965188,0.4666022800070178,-0.8118008379827071,1.7993919324398315,0.4180702322987232,1.002245173160953,0.5826122400069966,-0.8562563211570124,-0.38964653918847286
-0.4484590453861903,0.8824848954204841,0.052501613047388034,1.6185941352384468,0.12141865469538836,0.9289040244772543,-1.0275469437786429,0.427538056155848,-0.4399109096182846
-3.119426629877823,-0.8914797170163904,0.3437507951476159,1.7718899943805393,-1.215220007994215,-0.4845568108760968,0.30855314010370044,-0.3891546801558902,-0.8653736945130217
2.5919722328290065,-0.9509430731198016,-1.6908059579588242,0.5486266654940637,0.7269100813749004,-0.2365734431456729,0.06257532037315292,0.6862624305346166,-0.41442752080718925
-3.081022908403161,-0.3029199384206177,-1.7383814685319259,0.06554317092975444,0.33226006050412205,-1.311642225766374,-0.14889625588879343,-0.3055620337636005,-0.23810047450766594
-1.3895194287579118,-0.3466667441966938,0.39212881589156035,1.7384862305040976,2.001089604914641,0.2895965386619182,0.4815080367618267,-0.05472467063209429,-0.046166436921110394
11.092894853641374,-1.1712262186588733,0.007301010702060851,1.3479402716873468,-1.8873036441168634,-2.8819216060953354,-0.6843490932218178,0.3082894575034954,1.562602780208651
-1.6552899115363282,-1.9205833506851797,0.648678220365755,-1.4987832461561428,0.5784933012076737,-0.33745219038652263,0.14441585950003072,-0.5125936626595288,-0.011332355033938405
4.930766153247309,-0.4448354832786125,-0.24370219228735376,-0.3541881757193366,1.47294885067488,0.2111137271672024,-0.3201504900514757,0.39230498097561844,-1.0053283130859294
8.490619190911872,-3.6085368336532917,0.23842382555664046,-0.8095273918580854,-1.1220141724257078,-1.43642349269619,0.04068407987055726,-0.8807811786184712,-0.08006771117523229
-1.1419297476076635,-0.8175822617228699,1.065200720815779,-0.19104623906402368,0.6332701305084979,-1.3508080880684148,1.071346878240759,-0.41149169679124975,0.1924889519563483
3.9773022284128783,0.6681702696841467,-0.3906203920265677,0.9169155314624684,-0.6890019044644482,-0.000636147966941742,1.1382277882192464,0.3221093264373198,0.2689367939801012
-2.302761523694327,-2.3265527195019517,-0.34666558087699734,-2.8837779967557586,-0.17484867780959085,-0.16286066182926767,-1.9983727386635988,-0.7356819681739587,-0.016908642094660087
-1.3809202944640273,1.2410989135150952,0.3127957631795992,-0.27738618899498024,-0.2936211207218161,0.12077401330338342,0.469206014225558,-0.5612273690164973,-0.6795291484366748
1.331208007467195,-1.0100529618754674,0.6215207671446348,1.5810029925048115,-0.11591994324065161,0.9388879558904113,-0.8169573928488592,1.1029824402611095,0.5745396484205164
1.8771831877218612,0.8391096092366964,-1.8110601278556056,2.729504025502555,1.403353019252219,1.659187287149871,-0.8651377608059779,0.29753164735852816,2.2571119197655847
-1.2965873038347737,-0.2676546426730844,-0.0009187764775595333,0.033802902031363796,-0.3053988077692903,-0.9026014177798496,0.35274616794371694,0.6447787881354394,-0.0458005750436924
0.18035106915899013,-0.0480022086597086,2.425848034503518,0.15008086804122206,1.9552084803957877,-1.004825025280506,0.1566684575033388,-1.164079677921971,1.5279553043459206
1.0484192170088331,-0.028003474632265938,0.4479719062144934,1.3754886272949,-0.38529444947342834,0.6910388627702452,-0.40634913469900824,2.0144305769491764,0.13979338929718835
-2.6187046853219322,-1.8841972084476102,-0.03192205437272901,-0.7795304832246814,-0.6830209457609674,-0.44766094666999307,-0.9478173098106527,-0.5795211340596901,-0.10252645820099753
2.918872335252465,0.6484900000624673,0.9363414673477881,0.17495186390909132,-0.5508888954109223,-2.121622163444197,-0.45482361025391826,0.9539078448427285,-0.22159647480220968
-1.7128503755048081,-1.795390980971057,-1.1702295388684223,-1.9308414434435006,-0.1635274162246242,0.36216801798742815,-0.09489243851718686,-0.06856419140159527,-0.03192894728162966
0.4757568612754109,0.9708123575712331,1.366753261719276,-0.7197715937606194,5.127198412451624,-0.16607869298401723,0.7047974285897014,-1.4233509883938023,0.7017310778314718
-2.996138333722707,-1.5054784678578566,-0.8240454849093056,1.2144178299453217,-1.388275099891412,0.11742730991979108,1.1580978509055881,0.3141434033809543,-0.4319931044553203
3.5733726961554297,-1.7695682285852121,-0.18212738168038184,1.7420811911637861,-0.29146585645720985,1.2341923105514747,-1.5216174359665071,1.3703151941799758,0.2307242233473676
0.596912155089075,1.2412436955183574,1.9098637983323026,-0.8691268980984684,-1.3286945432663966,1.10642916326988,-0.02047526511330633,-0.45025335064834515,-0.7036194448135336
-0.755383109298292,-1.8296623558936462,-0.9182140745676575,-1.1028991440183284,0.09254023534635633,-0.25088702907137006,1.234209866862435,0.16508977558287657,-0.6072786277136797
-3.3259315792167894,0.4692275148507122,-0.10863859461865699,1.476012850698843,1.8361794635189765,-0.7347125415520832,-1.2889763264152052,-0.2347511406336764,-0.14111141779462114
2.739672151704261,-0.3432666377085384,0.8801821228340379,-0.4540303658791917,0.10198647543467229,-0.4219084359614045,0.1322806734926613,-0.4715180950782669,0.3897294040033855
2.6086172123588853,-1.6270571740571311,-0.8293374846125918,1.4374547236136446,0.23647834700735348,1.793471082116514,-0.18040954632703873,0.5039413660730179,-0.03310271806840364
-2.023779593442337,-0.037001618067223796,-1.7003086607825006,0.8602465469784651,0.028430619248976413,-0.0606253219080076,0.4735015072152017,-0.28988648148460927,-0.3577268241518091
-0.3680170192046275,-0.24852509844153284,0.6354776583261896,0.010693531856816232,-1.2028387835547625,1.1417523396175568,0.5640176617543219,0.21801240174037168,-0.9971818486208462
-3.753676826104177,-0.42144751211611736,0.06093650025085667,1.315139988915067,-0.42406738839148495,-0.4677937733393842,-0.524622045303142,-0.20205683703522156,-0.33652653660113324
-1.5051009208367734,-2.3863054655481077,-1.0180617684360689,-2.373669038199069,-0.7594686240828001,1.5088140453494006,-2.104835751453426,0.0856734880205564,-0.39840584421078584
0.7852493889460164,-1.922176755157323,-2.227563429490543,1.7815747603807583,-0.7172729817882626,1.2657582374085525,0.2793567509541037,0.21849200129621937,-0.6813790534538932
0.9457913714340815,2.85447707731722,-0.5131511434575184,-0.5529956771597666,-0.9132991484040963,0.06641084892468822,-0.08292318298783713,0.20230817019160133,0.6191393975145919
0.502749410762325,1.4572568310144833,0.07034460020514298,-2.181738987968553,-1.0763638546378642,1.451515135273411,-1.5498395721755869,-0.38280064795120805,-0.786640245852718
-0.6067602524368485,1.3529614497290363,-0.27672787959105827,-2.22520994286564,-0.5562666075533458,0.6105005953581024,-0.6168182072307232,-0.23983734954996058,0.42164713477224314
6.943316880725526,-1.0233198582337808,1.7067959820411815,-0.2846499921439148,-0.15687784641349062,-1.052073442378664,0.47149043346627717,-1.5777685164674988,-0.29249621942441234
-2.375188942536454,-0.552097086096012,3.2905663686719544,1.156345816886165,-0.5516973322905381,-0.2700624306797372,-1.6306076255667847,0.33032942000836923,0.14296587385041198
2.6154239219259465,1.0030835245565515,0.13984372958131588,1.2860986571680195,-2.4462364610388945,0.9212274516483563,0.32171979799885103,0.40973997217877317,0.35307340592121883
-3.7363100374185505,-0.7295428185168481,0.4192218569406728,1.1873170339074788,-0.2586689443930877,-0.060395610284943786,0.8273736266272612,0.04077016149837576,0.052581345346104424
1.118144762155347,2.0419555586214115,0.6724379163447335,-1.9594681497951545,-2.952250895213038,0.6585087580347136,0.05131003822359523,-0.3084796855691315,0.7979009532141238
-2.829786147616817,-0.7726878051113472,-2.3249257707758457,0.1671287521633065,-0.0904543181427616,-0.0035768468519330595,0.6618807216200111,0.6242985286155296,-0.11109951140242251
1.909983931044951,5.533064293363344,0.12282941375539685,-0.403036895114359,0.723800914638893,0.21559559941539505,-0.014128473079659653,-0.6059873152192575,-0.7099370046265671
-0.42747143550402883,0.005782936155081103,3.666225875588067,-0.07321585814839544,-2.774453336319382,0.08177448578671229,-0.12506161446634395,-0.4416695507907332,-0.750878535518681
-1.2524709174414272,4.203212075786582,-0.9657620586926177,-1.529429170205299,-0.9562087264477547,-0.034248191159584565,0.4831018745299632,-0.9705349979860954,-0.5078827193112834
-2.5486693946859176,2.2198028949862936,-0.0063658628023212545,-0.15322133205820998,-0.9574554841976083,-1.504886921796525,-1.1307062461548836,-1.1838345192617605,0.35521239420538325
2.5940928336511364,-0.9171435500925118,0.6152283586109637,0.8969016898803055,-0.6318519205786716,1.6934832817795145,-0.8304347244384919,-0.8405235921643139,-1.3269440244026718
2.34450011211141,-0.4108981163298327,-0.8674400804100517,0.40910879296460545,0.4138200984658293,1.019015140709166,-0.2454824781501692,-0.7455106026816872,-1.3746675278387583
1.1836385740862643,0.4625025534686904,-0.33221928280782437,0.2109311597772672,1.1515080768321724,0.516233556012619,0.12279087674299174,0.49881400298622736,0.834464298090139
4.220702913666135,-2.9581683876243376,-1.5299804445195129,0.9239593719815509,-0.2807822691545114,1.4316606970462091,-0.936442974586873,-0.6616882214318592,0.09348944801109034
-1.9056440784479851,-1.708759108692584,-0.40745580047910296,-1.2173860250062682,-0.07535511475362212,-0.062482107262284675,0.8271871385293994,-0.11758158063299003,-0.00905550651786712
-0.8596951980367238,-0.40524077217708393,1.3833963005691474,-0.44361932705506907,-1.2542329887381454,0.2183757526081577,-0.23674084584780178,0.31756100556555117,-0.3367639873337881
2.364252965423257,-1.4981164937484135,-1.1959763118000055,1.468467332090865,-0.12129303972234527,0.30095747030399017,0.15780629063739005,-0.6451334289112944,0.17889158204287328
0.5099565095962256,-1.5734700434925986,0.7460015427066558,-3.08790442517152,0.3213489490514377,-0.06169954818289667,0.6615919036338722,0.026925321001792544,0.20173960279482153
2.47639225710885,2.7146310281514143,1.2916001315888224,-0.6821639163714226,-0.6198745823820194,-0.2551204629968586,-1.184034747942273,0.20647532402639587,-0.35416971406213016
-2.681919402449069,0.9417235558321132,-0.20395150731227724,0.19494145604609955,0.5708442852163197,-0.7168197814933591,0.5282585350452268,0.07068254404933567,0.053148597101019865
2.1897651324088945,-1.0440151543307403,-1.0867756359414944,2.295598164584539,-2.2067661173434137,1.6022516018614303,-0.5432433330209121,0.8491866917637144,1.6322285742022309
-0.4065527450269076,0.6990521594584826,-0.44963143614611417,-1.1999618982987095,-1.5892664365592706,-0.9014152430491384,-0.7147113305991689,0.04725704052230429,0.7930964588464713
-4.262364824243824,-0.660270462767687,0.3143385106026274,0.7682137506938063,-1.6292510922197294,-1.7250883783900108,-1.182046421232997,-0.41691636698097073,0.015294349564602376
-0.44413879871348794,-1.3104249612354497,2.736245315600958,-2.1972564943048076,0.26150036961002165,0.8219366472760746,-1.7387937934590267,0.4847480958415788,0.3742138959382064
2.514815231516842,-0.18353752997324807,0.2527587947163475,-0.001533398558147647,0.9358293071561561,-2.0710006764899136,0.6366613141350141,0.017153109299970576,-1.0575282752783999
-1.7428207749967652,-0.20536943799181182,1.5120266805424463,0.8517968665107265,0.03852398795771401,0.007691951594258606,-0.148991357378758,0.07080299953659114,-0.0356150731023562
-3.95008782832031,-0.43156181614091105,0.27084580073384856,0.5097600929017038,0.42060180700275007,-1.3127736668723002,0.4972449260308691,-0.540306013023732,0.3595954496931714
4.400581750109871,-1.3636511554543504,-0.10387494742201035,0.887893992284485,1.2065506505002037,0.29352047744449244,0.8006277891070062,1.1537835503834242,-0.3160833738931164
2.801317768907635,1.2691511721973765,-1.477358115451869,1.1217242279337347,-0.6337075594747481,1.2274984857724156,0.14369892857169322,-2.210536984717142,3.1231315635299848
-0.9851510591439491,0.20863211151085198,1.2144329027716119,1.0146511132014726,-0.2223459689587352,-0.6599543812594338,-0.34962956016726965,0.014221622555967244,0.1760184597562993
-2.1908675950009973,1.4884864909647861,1.0211747671648805,0.019114490102456114,-0.1916274132240822,-2.2661200840995557,0.25429211292384096,0.3980748233728562,0.6833569164648322
0.13255994342136,0.01459079645067744,0.3699110359646737,-2.3944429449706317,0.1825570220932776,-0.6026321641015946,0.04608347324165291,-1.4865608255464906,-0.9295943670628961
-0.046876656843337416,-1.0988403514700005,0.4200636110683059,1.603326212153359,1.1735838786483268,0.8551162541528944,-0.38435822327515184,-0.5468974407656335,0.5528756342438161
-3.139731230511298,0.6132079366443586,-0.22854059198423005,0.25337935560831315,-0.941549460334013,-0.8016207548613463,-0.17534723594472504,-0.13035679101652134,-0.083607518650702
-2.876217706045763,-0.5289822105045876,-0.20724823388650396,1.4041416613463402,1.199282478084089,0.2725963082384278,1.1185155028955274,0.22819357964401482,0.2784798506622627
0.6353425967162293,-0.039914479499264174,0.03695083195276071,-0.5961557821969207,-0.6989173477001523,-0.21478250349178737,0.5214667701323996,0.5554538410064007,0.18060871995005107
-2.015754504270388,-0.622186069528289,-2.466661207752731,0.19991172760192716,0.06759346714749703,-0.031176597377727985,1.4574414225981185,0.09546549850994043,0.1639868672556398
-2.260870960943963,1.4952201322704655,-1.328181472682896,0.11656345025874111,-1.0813867638749994,-0.004775800709344703,-0.581485726165791,-0.2837345386475038,-0.20430030139234143
3.2028612096356337,-1.4183517590581036,1.4324748319893617,1.3802521033401145,0.8855397491381454,0.5323806612158807,-0.3560674214085641,0.6653044142521244,-1.345603144207521
-1.5091410047298297,1.2312637151360155,-0.8964600699965856,-0.5203435374632679,-0.1538079573599722,0.14639640632722914,2.643687006376986,0.4260005085781182,-0.2669814640896805
-2.990167013287296,-0.3901342584025754,0.7964877981122754,1.9041490461928372,0.8807613614376982,1.215488294620407,1.637577648113932,0.8625583195494959,-0.3321484641103111
2.55427317124928,-0.07593864394265108,-0.385019696271383,1.9000746442153977,-0.6060215431382876,0.6375722625684254,0.6267936221435078,-1.558099121272237,-1.333772165429941
-4.341784172825285,-0.42537266833799414,0.17743177812074973,1.1388938907528037,-0.7383354619899213,-0.7715793716977122,-1.133860447529502,-0.4866126529653932,-0.21849886692216985
3.731134305557924,2.6881370429241476,-1.0172266214450119,-1.0048948184824829,0.18964791458260227,-0.3218963605249716,-1.078541466441856,0.2009961000657854,-0.8124994362641278
-4.2981980619337055,0.07314231517204475,0.38206336429463034,0.9605984969072382,0.7731372294202525,-1.1415277946368232,-1.0956374992218676,-0.5565572609914962,0.07992504531050863
-0.43734996902734197,-3.8524421651956637,3.0998569236379585,-3.0196083471800033,1.1923058640364064,2.379885224638544,-0.07075089407138085,0.2618155757308516,0.35439175477553914
-1.7449501863561032,3.4416904917789077,-0.9656822372235041,-1.1738722420546048,-0.9638922743405137,1.0094991333095624,1.6594710621988873,-1.938476908616424,-0.9916246212431813
-0.4863589945613822,1.8998091134365553,0.48105809705347136,1.3120997333939195,1.1103676062470276,-0.12705530080619123,0.6418185308833254,1.8178361738781599,0.2973547644532553
1.1294606551503992,1.3412233095026347,3.078294404806082,0.6074819932643846,0.9958024838801398,0.19514454230032052,-0.16048892379713758,-1.3558761602559872,-0.694902287766064
-0.14589561730558775,2.118887591003734,0.4578831750882945,0.39038165795162694,-1.6778061210333077,-1.6305537852694851,-0.07894926326797932,2.170753471313916,0.7972070740469683
5.383968888923521,-2.650153468669985,-1.0059787998562921,0.2848496030195982,0.31630132242326436,-0.7665476260581018,-0.9145386461224798,-1.142741097673473,-1.176952128709232
0.20594103281388226,1.5181107331608603,-0.49422195399264013,-2.6252858447208345,-1.8576530964779079,1.502794914801397,-0.24096190135512824,0.2607130703023429,0.019119839700448803
3.026903595946947,2.093995157883512,-0.7288110276674254,1.5396938286040338,1.1561925347890976,-1.5800060179995494,-0.5688922075049854,1.7734990637490045,-0.49406195838091155
-0.8213005540476597,-1.2146936370015877,1.4564586526736893,-0.06289144620265334,0.6383133064705632,-0.014569357242674847,-0.01702090731760262,0.33656905477154464,-0.3191068103455191
8.190700012054206,-0.2791562630086748,1.4714112386182463,0.7031375447326504,-1.7491380290771363,-2.1709798952095865,-0.6752896985332253,1.5378004232236808,-0.6100406661682246
-3.080789371857543,1.8796892669750886,1.099597487546769,1.6190580314537526,2.966861944496772,-0.6358381483800799,-1.1988838894321767,-0.9511818677043414,-0.27560752145465184
1.8510806732041782,1.2637418758500103,-2.4052439244182233,0.9971642087737687,1.8618105082511245,0.6046958424521421,0.5340434962545123,0.06030438241305405,-0.5102607573957151
-3.272782580849338,0.7259317246746838,-1.1907775463200836,0.7156417470375046,-0.13803038874889237,0.14358154674460172,-1.2115113070185946,-0.5357956781233203,-0.18032390852069474
1.0062935828645552,1.3211658188712527,-0.9267550313404356,-2.5468777182496414,-0.8559310052929041,-0.7595586149732007,-0.9780581283402412,-0.4278149349018442,-0.5549455373042891
0.10839475792734686,-0.3981207596649513,-1.2776405203213814,0.9712260739460192,-0.31314711765474706,-0.2898965575285978,-0.20378514593344435,-0.13251590525055756,-0.11643287434949622
0.1495904909709193,1.0790410297865345,0.23114972625550592,0.41948436826548985,2.880817519365732,-1.4053426602549828,-1.465695554669934,0.4685675571852772,0.46817348570796424
6.950524084563192,-0.975327973369759,-1.2404246528349965,-0.11591127960761828,1.1515403717392183,-1.0770486860901114,-0.21698849726453398,-0.6617454082161178,0.9694347606937527
1.8743920017552647,-0.43946813447290595,-0.37903592152989435,0.687381652238875,1.0579674296199926,0.624263532360895,-0.987921923721652,-0.4511607273379987,-1.5118799781023746
-0.8047485507914717,1.617415639145927,-1.0016489131888788,0.9265534564741421,2.1479257005744414,-0.8713318433069961,-0.41958899060474336,1.318395778032777,0.27243745891175103
-2.1882853473116133,0.1562090606014974,-0.9658635075825759,-0.1649722410020597,-0.8198513331791132,-1.3488576902633802,0.5948341068255005,1.0967801914460935,0.9022398244790221
2.6555732163772827,3.9991380371274476,0.13252528899198082,-2.4010612017588566,-2.540754428620605,-0.46240085078727594,-0.9694201476495786,0.1805686819549351,-0.4621150722193738
-1.6160562542550652,-2.730374131300292,1.0255152911571621,-2.306896059306584,0.4526724307242764,1.2296555973053953,-1.48686185493455,-0.1826065119852586,0.3213567926769864
3.2810161230521215,-2.7589185860080447,-0.521424626563813,0.8733693001890549,-1.1966084402591428,1.6591227169268852,0.020641393860415358,-2.1995436848232583,2.31589902908117
-0.6143250281199149,-0.72087012798344,-0.41842964243093356,0.3112387765940026,-0.2317289974853547,0.3536758480857063,-0.6118637487491989,0.5402358716450362,0.25619008058586085
1.0930463184799304,0.7827636714849487,1.3122196814927898,-1.053337724102475,-0.6986264099432209,0.8750848456063172,-1.5074675956257648,0.10275897408606982,0.2423919713401553
1.9393192375623354,0.19509103116124915,-1.28125598787878,-2.704905039625003,0.45508320727500745,0.44059224917097667,0.23805378502270425,0.2976332630905179,1.1010034904743293
3.0871321101560856,-1.310623331959387,-0.032276879294808325,-1.981041897411497,-2.237874480793909,0.2600253424005811,-1.5752106492426339,-1.2593767724732974,-0.2516678811865685
-2.2162497077245167,-1.8223186759130443,1.4020963998552838,-0.9734012434664371,0.061496183285505705,0.026409470343696336,-0.016424239047639046,-0.21894892166977564,-0.11647276344242968
2.5409234655170527,-0.11701435101695909,1.4713536498980047,1.289367390175663,0.28158526691052327,0.844915934601433,0.40325937838276366,0.4010530125472107,-1.1941080076423554
-4.7088598250148435,-0.813802018860821,0.6502483639281679,1.181077961915551,-0.7879938067807561,-1.3393493458233399,-1.0795967976906635,-0.7681069192076629,-0.1649900238042349
-0.2170117932986178,-0.5020676367981531,-0.9626057168783786,-2.6121533227710425,1.0608977971005364,1.8729193768274768,0.821133507127254,0.28438888650463184,-0.4428276240950814
6.100949961332439,-0.5231644302484993,-0.2551636150987109,-0.41803827900211815,-0.5019422678109792,0.6031266035104174,-0.9146585758985508,0.221684156099524,0.004922594729351296
-2.8236015966493637,-0.5954462412063871,-0.06903282210389826,-0.6535894930191462,0.613774661171198,-2.0067709720248312,1.0059364710428838,-0.80532858810639,0.22784429773093245
-2.5436679393243646,-0.9456495493952217,-0.9355706123103588,0.06424189763525232,-0.6047048956871371,-0.7470155518152453,-0.9593279317685206,-0.34533990010387755,-0.2163982527165892
-3.674034622582,0.19271450456695519,-0.6356418755785296,-0.04848237313393064,1.2674196253834564,-2.0990179042249344,-0.38414404805743596,-1.13824696801409,0.23267697338438542
-2.8477407850475758,-0.4163141674338079,-2.0503378053220818,-0.4473413087132604,0.2967988790631932,-0.9764442302643286,1.0687457280804151,-0.06400079341310884,0.10468260061019936
-1.5849610862778671,-1.7481209373886732,-1.4684819608529676,-1.7681271841377537,-0.2578070323066596,-0.632387842266628,-0.21959004075337143,-0.312348530519919,-0.4177674038833808
-2.037603938347622,-0.3150387638208169,-0.5339635499724372,-0.7703252082434405,-0.46443658775483837,-1.2181619654658553,0.036178860366161435,0.30772635924436137,0.47709728646503524
-0.20805185431796108,-0.04676057651498248,-0.6036836855242662,-1.181740060585231,-0.08492383415319833,0.42277480368436055,-2.095119993027711,1.691815700312791,0.4504978220980352
-2.8777690733894414,-0.09138374404659041,-0.7220088419998868,-0.07459552232189001,0.3611779872604963,-1.625288132158373,0.7495997330496286,-0.051287217201396396,0.08460976007108326
-2.336649333221246,1.2596754899850406,-1.0515436646975362,0.02152059108743859,0.7709424683562821,-0.564179892085771,0.1345899462520313,-0.03646287808914791,0.18977234670741397
1.2974116943702014,1.4125405583615853,1.0883071841866927,-0.8094952945169214,0.1625235061359213,-0.6919992543140414,-0.177056190660993,1.2258217818965096,0.35725945348875454
3.265945409987067,0.8279475657405739,1.1745825159232077,-0.7213347648764921,0.9377972806016874,-0.5405895118132562,-0.24193329610603453,0.3099149320310029,0.3644840935886467
0.6129328624996947,2.8524552378370904,-0.32918370824827303,-1.923213954015692,-0.8263415921317582,0.06129699296683567,-0.14131227506996194,-0.015105315140470305,-0.023740209093150447
-1.9053626098737069,-0.7767601561286116,-0.608266149672106,-0.2529754805262804,0.6127024051295357,-1.118617555923593,0.6054698374393304,-0.5349875886446316,-0.37169222654430933
1.2109994609135066,1.7444601244891527,-0.6714566780096456,-0.9414818552572723,0.012231523623966319,0.8396553473686439,-0.18455964275674905,-0.08149035734177548,-0.6001542335687375
-1.8227433387499652,0.827434870160981,-0.6184700096013405,-0.5685819497676109,-0.2752416314052798,0.033612509094830004,0.9998108167902682,-0.7407324652369701,-0.2883054759835792
-1.6120620828047914,-1.807062268989005,-0.44854603468269105,-1.1748208290990718,-0.23328928748656796,0.007933424649123206,0.007124862443926935,-0.09098979485695244,-0.28271068873421756
-1.942683977582384,-1.963155522818333,-1.1975545106284313,-2.4199767526090685,0.5122948199693734,0.8041564268808862,-2.2410262260742297,-0.34549780710924427,0.2695540703439917
4.468385052850866,1.1182621605929353,-1.1370568615684606,-1.671044418489178,-0.7546744608291954,-0.5286823566032892,-0.27572407572535435,0.2129991514840564,-0.008882488680800143
-0.30324289653684666,2.429349126521469,-0.4485339106350826,-0.9957457412476723,0.655634122589682,-0.49241695726058804,-0.8989976180828917,1.0610876547177632,0.6730490089297999
5.7980656687835515,-2.871032964578577,1.3668207015983331,1.738246912858521,-2.723257844207829,0.5033929190921107,0.2512493120370441,0.5271176442864529,0.7020201640683034
-3.991124244130911,-0.2903904891739115,0.9654107036824013,0.9529111516817671,0.0963872881552871,-1.8213918587692879,-0.3106979050977454,-0.747979112330988,-0.029770709900810825
-3.038108358001119,-1.5148126693306874,1.8087497241513337,-1.1344923690232163,-0.28208927915937365,0.3928339736371013,-2.45409630927494,-0.6678564159427988,0.18650835746671088
-2.150027866841306,2.7000938976708615,-0.24930339945336782,0.38099532228431693,-0.29918431086260905,0.7370772501358968,0.027758030977120263,-1.376876304869926,-1.1867404170706544
-2.4210133740533295,0.18339357067939221,-1.6405596149101018,0.007084705529165832,0.6668527452058345,-1.3407909820066486,0.45122133871439346,-0.7208903837591195,-0.4006939115726504
-0.2869840951520619,1.9170960769617527,0.448830087511448,0.20958977642909668,-2.4964568708356585,0.22457879564907424,0.8660117694745808,-0.40349280439550195,1.4007773450772232
-0.8061285009275606,-0.9517167033717486,0.7810101248606713,-0.29376064303184934,-0.25893813431293733,-1.3146617571348955,0.04283682014195342,-0.16639925276991235,-0.08514140832958107
-3.7215919327357105,-0.31896116282587644,0.7210775198767774,2.3570576670084513,0.6862439614904102,0.3526131447412472,-0.8989646699288628,0.2828062719814799,-0.1339887146417062
-1.64085773797306,-0.019634572530642953,0.7087041495178001,-1.186264117875397,1.4947186869819948,-0.09254398549475983,-1.6494501179135732,-0.18316104675830017,0.14712044378931113
-1.8983783572749042,1.7382899948738693,0.7186574963801613,-1.7745118143672742,-0.43414428304536434,-0.6724948222618461,0.36262056847332,-0.6767769863083973,0.2660948667756587
1.7481734292226685,-0.38996903221646007,0.8897315207944978,-1.2256851518351786,0.7361393053018599,-1.0830243200154657,0.10736037368342888,0.1605467106553238,1.0124594800856117
1.408981235429087,4.016145584148379,-1.2703688461532483,-1.368657994990727,-1.5051028862683373,0.5813280661525302,0.3351762533732927,-0.5791296989156514,0.12259087055274619
-0.7769161655653681,-0.39525483309713544,0.8061026835963498,-0.45266465583526494,2.05260960014109,0.059804097984031,0.9786694610223473,1.262517290687524,0.7441930957648046
-2.1539236544842773,2.0270944339449457,-1.451301358284823,-0.12968013237531292,0.5219210595294935,0.32330986737264855,-0.06371213319099771,-0.412445768277393,-0.373275105363432
-2.2413489679823906,-1.5378455264809814,1.7970874562703862,1.8006427727329004,-1.2307554530426184,1.2586884178543087,0.0570745798528339,0.47171187997720804,-0.46603823376931386
-1.3900470672735508,0.21477506921290423,0.032015350962296366,1.019692539086507,-1.2792150539686895,-1.3579325952695078,0.4955619744713087,0.8874488507316438,0.24328018341755256
-1.2528150202754285,1.2999135459872286,-0.5118112483112572,-0.650785012442091,-0.45653338325209325,-0.11309885687018287,-0.24104538080703114,0.07481290056332451,0.26172101919299295
7.650654353501096,-1.967895277060392,-0.5182387589466373,-0.7034990564874701,1.6095578346079074,-1.593225970775675,-0.7379224433332547,-0.13964592162236614,-0.5378710110196316
-1.06881980069349,-2.198888287145495,-1.3594178204389828,-1.7370830134804778,-0.008569208001708352,0.31076285702393985,-0.11126477556890205,0.17524363124630135,-0.31166617897321586
-2.612348860102109,0.8106761571921907,0.9497026814954762,1.9169344684387521,2.6685682148292242,-0.03799609444595251,0.20912528789355012,0.07463268566836324,0.2885353080295616
-2.6039646316841845,0.09421078934235524,1.7413362071396477,0.8760942608068947,0.4962795474663513,-1.2974964962477549,0.4378191708606907,-0.40524374282799785,-0.12342006012697035
-2.6760928375516304,1.1352069090513297,-1.5862293131437017,0.23939283365782005,1.7130121148517572,0.10849522617457252,-0.250752156787322,-0.012838531530809537,-0.04528509664699927
0.32514048300137793,0.5020888008119827,1.3301319634358297,-0.4157601525878794,-0.7920582456000943,1.734932811895447,0.35476950213340336,-0.05686849143432211,-0.9406884613197627
7.227280303628499,-1.49351289283493,-0.08938697274162226,1.7053770220106166,-2.2814284168451184,-1.6662475872737224,-0.14594132067990873,-0.015808685494232474,0.0248350150991782
-1.0776585414362376,-0.700017817648191,-1.9240453696325528,-1.3415887846615668,0.9480046467253274,-0.1952019134235578,-1.2830689206034367,0.10545857891302522,-0.1208051241929374
-0.12359440380436347,1.5300947046622773,2.793802123606907,0.2104773070863236,-0.7673493431693849,0.4692590627900033,0.5199659494007879,-1.2098961773727548,-1.0958256185299848
-2.839909020598097,-1.0607087507991122,-0.3921218990696055,-1.6988939531029361,0.28708321592535946,-1.5463590635678781,-1.0777524099637463,-0.8295120228385823,0.30049605189634987
-2.4001768657175586,-0.2173155871630462,0.9349459043857035,-0.26121344459518886,1.3661117413960624,-1.46031828760314,1.365170256497165,-0.24268388273903294,0.514890710835966
3.4329014574760137,-0.44696702966210344,-0.6890677683554857,1.2158223334817861,0.08471440898576393,1.1697129513897755,-0.45976098235400553,-1.1572618732816775,-0.1611765477483229
-0.012341392899771647,-0.7622057872164215,1.0440500557018568,-2.107459331485021,-0.7867352335455451,0.2548927869136169,-0.4826345403781185,0.13366360781991438,-0.2232987635883911
-3.1264487794874567,-0.8217703689080632,-1.7711657384879973,0.8945315764499169,-1.1909552520405597,-0.39209707029043844,-0.7247568148883364,-0.03910937260692704,-0.4903074287966919
2.6718727371325115,2.507437635519794,1.3397582579521485,0.12745929838798645,-0.27552461200665485,1.0081727976223773,0.5476887822263101,-0.16698084396995264,-1.207426969698374
-1.4886676140633732,4.008636852573323,3.043578201285389,-1.0889560361037804,-0.13541104688088165,-0.8300084176597518,-0.3792400730342474,-0.7944055104990186,0.7709355176135919
-2.682254713696022,-0.07202851988942628,-1.304476039477523,0.4066467009653183,-0.5392136457575415,-1.2189999394411655,-0.46188091429403116,-0.028339936886894068,0.09554907719013195
4.952036359561251,-0.3631421200280845,0.06578042817768769,0.7178753105465593,-1.8112894804527493,-0.9385058055965906,-0.31985330962985187,0.07713570841202981,1.909227742276829
-1.8780284648056744,-1.1804301025968624,-1.5955058417759609,-1.4865577473069442,0.010152353524905542,-1.395296786890755,0.06556016483166414,-0.6562933001162796,-0.41482869593939065
5.777425949403153,0.10355938039624896,-1.7131786469657113,1.5023556550817025,2.4900375269649775,0.1490071309460415,0.1648075333825489,-0.4484960846778235,1.8449696873992274
-2.5206725215548262,0.43171397136181866,-1.5258763223620202,-0.36746050686990595,-0.20435223774541933,-1.3328076720398008,0.23261056201874256,0.18252277304630524,0.08143025083295516
4.788225128092501,2.850336950896871,0.36362757816915026,-1.554651394311841,-2.5981878201943456,-1.0708282498872042,0.3742376630204817,0.9368922933543775,-0.4903037824762472
5.116128201446185,2.761877473079151,-1.4652970482684629,-1.466321040106707,-1.848229039625061,-0.37160831150825085,0.40178535802099935,-0.7413853396142286,0.32273109857384247
-2.5350230806396135,0.04710046503511029,-0.7210839111549266,1.6700917302531972,1.0237594686029938,-0.07801015814785973,-0.6958553616926296,0.31050995445650975,-0.09376902503347753
-1.4128381249397033,-1.691521092725198,0.2898710971332853,-1.185372653333295,-0.5635669941485147,-0.7964144037242501,1.2013298187344479,-0.2355655730607815,-0.007459869326122943
10.722812485427644,-1.5639285122185154,0.45149493793151235,-0.3136398157313758,-1.0637471143914887,-3.58348828022608,-0.3012720183232251,-0.18289071869682508,-0.21236784554420818
5.706880120025747,-2.103695299161272,-1.2286603645684235,0.024511658089314575,-1.0534215915007938,-0.6157370084198187,0.022466114047463168,0.05338051112045815,0.6692256370284274
0.9994515315907607,2.9438153781793175,0.5760489199480406,-1.1603487639509553,0.6303781052473418,1.0302815058140984,0.7697948981239044,0.35100042583666724,-0.44685798344899674
6.482007193573079,2.328663293383478,0.8846031769627409,-0.0973892393024332,-0.8975904013942446,-1.4503558335811852,0.6436243300778826,1.0598098532964384,0.7249408736777772
3.490610027752306,0.33130618267973455,1.6672703950734735,-1.138562794717404,-0.3838260858560368,0.9399303185471604,-0.27458887084644473,-0.09852799452522505,-0.558578034006449
8.419978321866727,4.00962243568301,1.7185120295859384,-0.49064548265514973,0.35390181365678774,-1.7835906890122768,-0.4919812479777655,2.0090981503653764,0.2342577840078143
-0.3817808159650523,2.2633835974996854,-0.25976512300651106,-0.44291614288625497,-1.4041017404020217,0.1369984859028382,-0.40078776724503046,0.5690099999459362,0.12768575953874153
0.17907405678129049,4.574493948647029,-0.5163292447404401,-0.9748280863497483,-2.5635283142682503,0.0026349355144574373,0.0741800059010913,0.9522344739345999,0.0701972262454056
2.325832313978086,1.5139732863364972,-0.22559235497209368,-1.2238278044357613,-0.33459054132237054,0.6869688697587689,0.7793755525111145,0.030364710435530802,0.5416080127353371
-1.000761456861294,0.746290218976552,-1.130498069959906,-1.162011732023907,-0.4257616112486748,0.17670176816697936,-0.576907437238097,-0.5702851062131439,-0.7580136046812621
-0.3516725161183402,1.218405698271306,-1.4770748666698428,-1.7860809377076532,-1.637223497685202,1.0522846031423618,0.014672416933066151,-0.6414747931646724,-0.1286466013637636
-2.391450286719168,0.0574271511588849,-1.0749390471991986,0.39685589686565315,0.7865701641679059,-0.7829318327127548,0.8147755767254471,-0.057237786681886026,0.23963855904004192
2.9902954519173526,1.3370904294629082,-0.7789129868860384,-1.6964526820216563,-1.769475304973523,-1.6349610256637062,-0.4405150238484255,1.342092925384195,0.8161027500864189
-2.706497584310731,-1.66506473638333,1.6115866647452117,-1.911784986134745,-0.7977675131347861,1.5548133269573368,-1.8185954305545,-0.4164926189833075,-0.05590266368026984
-2.7006149556840806,-1.3570937166752328,2.835347515614801,0.04436184774418297,0.9078805182808829,0.3468689306871875,0.4937053667745096,-0.3419847482661225,0.0754550419493733
-1.569808794844236,-3.008178459707843,0.20290281777855537,-2.452741860467699,-0.4500919125623706,0.5883969756127342,2.4269375930699604,0.4235000237752639,-0.09295857433035774
1.2435908906070032,-0.627870672691682,-1.7169678548887473,1.2717581409738048,-0.13522778213579717,0.2042881591122017,0.13617105478538402,1.0042577679064324,-0.5672706896134845
-2.290574394377567,-2.0181270775047,1.1076649651842585,-1.2032047955207874,-0.5061027202355526,-0.4693198891159486,0.6414539558729202,-0.05884602302041588,0.0034750516025220113
-1.281422088885173,-1.9272634521106053,1.0883054820841898,-0.9020287209271238,0.576548522856787,0.34906237565917636,-1.4069460997084373,-0.3917091626387218,0.5124789061877166
-2.2172966243437204,-0.5281863513184403,-0.6623411134097312,0.020177806597561677,0.3366999731866947,0.009114650999123447,-0.9312741597575256,-0.6773136689600482,0.24508494307086645
-0.8600751653770242,1.297225831670208,0.7045405785054181,-1.1848570671353713,-0.8342077116562964,0.9471587550293527,-0.34809252458005807,-0.08240741767859208,-0.39205527185187083
-2.2543829952263605,-0.8616371901143396,0.023919450445860708,-0.9616349783174638,0.34896422333988014,-0.7789843952877538,-1.2231931343409062,-0.1020856929413721,0.5292908765206624
-0.17518393308382998,-2.510885025268988,0.23638077553025943,-1.8018566603090427,0.08964556858432836,0.4029882733374846,-0.705846051964432,-0.406431898675616,-0.003030021440032776
-3.3080259648497616,-0.13638931430695428,-1.1603818468640723,0.41391786698883976,0.5026470310108221,-0.5017220651769563,-0.0008415113045862594,-0.03218262157064572,0.024463541246482413
-3.3010756788136524,0.32582589075249624,-1.0944322580435653,0.08824613469846979,-0.5649859827163279,-1.5277633499879173,-1.2386152951605962,0.018483312224959365,0.19127683555898828
3.115301231144431,-1.0919276202012551,-0.49418579536362045,1.9969021859095037,0.10318941292894654,1.0154927246084156,-0.548962640276546,0.5012012475278587,0.7345551166170914
3.2349716304976064,-1.418022794829798,2.2624027685212176,-0.7138419469600322,-0.37460272278278356,-0.3664482665081525,-1.1040733915197047,0.7090719541381503,-0.04707175731834622
0.0196512396809998,-0.4676791775678878,-0.52978665654795,-2.3318521707647455,0.15437102085331314,-0.948930676748814,0.12414681313147659,0.6870001019631818,0.2626726567347648
-3.2804951673973304,-1.4713899891509,1.5422155344713608,-0.11854158779019448,-0.05963977479399858,0.03529662143703138,-0.903376277307105,-0.5306347335826926,0.03520419773278847
2.968147662712595,1.2034008954947526,-0.669981593414672,0.19926848507434855,-1.065744882870524,-0.9421569001502467,0.5959901285449722,0.5342435808922774,0.5818224486386079
-3.560501807605916,-0.9700294530724578,1.000298606487743,0.1466184379836467,0.28007404996327256,-0.7096421115818367,3.5570129398961594,-0.0787861332108515,0.6393323859440397
5.0393146426834985,1.1771452609304114,1.3645468905192688,-0.8733927364344246,1.4731377582862393,-0.36036876493332287,0.05852298550382246,0.5705396903709152,-0.09513659661392351
-1.08804600851216,1.5078145550240158,-0.4748225611269622,-1.8806615170600913,-1.1205670333554656,0.732042732336072,-1.1004671487651667,-0.7145696975572376,0.2658715048239503
-3.1547272726771256,-0.15735217051041062,-1.181128980149467,0.28406618301052605,-0.13509561779994136,-0.7095453502345122,-0.063669253381818,0.4128837449763894,0.06857537254169031
-2.169380782548874,-0.7590895684517079,-0.8037580610154331,-1.2341350761637708,0.7172632329002294,-1.1571827252898317,0.413089395226388,-0.08623021059537497,0.3088490421778261
7.549759259457773,-2.564576365959802,-0.11581852612872799,-0.5215520820775473,-0.476359095702342,-0.7304080096060527,-0.7248863198715717,-0.7311298085642732,-1.0263662988468434
3.1775323885009388,-0.8047354714054088,0.9434903279777441,0.19170672751604798,1.3924343015604421,-0.8884163613937911,-0.18848563869113713,-0.1904861615308083,-0.9085880694590576
-3.1263363124711887,-0.2197492294446263,-0.10248314197617012,0.9030504102245065,0.6372946451827829,-0.882266440377821,0.27880580369815094,-0.04230024353106574,0.2787293820088424
-1.1973059586343544,-2.69293068681449,1.0363855295760265,-3.0378120619132423,0.7456334470837348,1.6579421266454883,-0.9692819077597893,0.07877761584445273,0.022819593036712004
-4.272572421203811,0.2723230708963376,-0.04595130020537106,0.43542346923056735,-1.5134678551605436,-0.7238293642635898,-0.9941758966392124,-0.9453786860099006,-0.35084416625277737
-1.0522447933016958,0.871057243678217,1.173328302746514,-0.48163742677358246,-0.4511873539431363,-0.7632378319259803,-1.9036708538551828,1.0687279514104366,0.6587836476846779
-3.5376817602441477,-0.0825356743374108,-0.6839878222122773,-0.06810161799150005,-0.9467935255400238,-1.1412964306052449,0.08599890535202435,-0.20007929894053064,-0.008295320020600558
-1.6947311093466477,0.7753658584540996,-0.9650342927154688,0.25452329971330645,-0.10790520179171806,-1.1364014488036067,0.014950936001330004,1.233101559049729,0.395333017819873
0.6559496337437375,1.3323610977683387,-2.1296577860795436,-1.1141888047914976,-1.3903110626673887,-0.20132751320563178,0.35041687294407875,0.025667221522288477,-0.7742321336447092
0.0015195052198929955,1.729783008849476,0.8802637540900591,0.15777822429876678,0.3662418600919343,0.5178514166352673,0.8265287631611824,0.29418126767120645,-0.5804105984082945
4.052554678364856,-1.353345810243205,-0.8653722361543359,-1.5795682049810371,1.8114936876580574,-0.18891949434454733,-1.3282380785883126,0.7566064756815184,-0.1663973332978017
4.946431491314585,-1.5893372708418545,-0.7639624281986517,-0.7045074791239013,-0.00860400377829715,-0.11361210654647486,0.04760549023933641,-0.42128451830781716,-0.4563989201334577
-1.4155959184767701,-0.6058999888177656,0.7686286894309706,-1.3688258753451668,0.381230561584935,-0.5537291317941506,-1.5352100185859097,-0.360546707562153,0.19612845465010537
0.5675869490799728,1.7355984944598695,2.61968261131536,-2.8424263153683036,-0.26868855965079674,0.14357655750134485,-0.15539988945760347,0.7161860361702319,0.734664067298916
-1.3946859359646144,-0.10939504190386243,-0.3744072590518736,-1.5418638461361711,-0.29744771093409383,0.6868585481910164,-0.7465747245995225,0.3497913581400498,-0.060150935987040785
5.794450235098752,-0.9864316330786269,-0.497128890009806,-1.8671023697255325,0.44775298443175876,0.45454274419372687,-1.604117698712603,0.4496324842959063,0.09381802942191365
-3.725045663362103,0.05712730845303242,-1.6298785170436163,-0.10441154709148118,0.7304135981101387,-1.543861755599762,-1.0739486196208283,-0.6951856465785714,0.42333181740041337
0.8645119372301459,-1.483288519520982,0.22461852597708695,-1.0539226182692092,0.9998157730214032,-0.10945700209799804,0.24009818440939798,0.00908611049042981,-0.37051513914274625
2.6232021978890496,-0.6481751882701104,0.15786844274144116,0.8163825632207456,2.2109795786429194,0.47022057850092797,0.7166916906456826,0.005147022808409637,-0.3644633823109242
4.915323751645633,-0.44685059259981036,-0.7698823531663116,0.10365445729287387,0.49076433715408824,-1.17328121700369,0.10331446660040536,0.43490128257257105,-0.4035272431110983
3.0272059959149096,-1.0084773569971368,0.802455763994455,0.45329091772729685,0.008378710057578842,0.1460605034583433,0.938541055563943,0.9621128367338193,0.6256523443956356
-3.7705619613807424,-0.45797903335400486,-0.9900748804245423,0.6372250697231936,0.43660731781744117,-1.5538061253035835,-1.1619619902732972,-0.9371477445080615,0.08661269665922537
7.785058024908861,-3.1976254677714744,-0.3442708253107345,0.6704723982337868,0.013120309496858731,-0.5776562897703791,-0.17645701442422287,-1.4064123323493665,0.12307892846302537
2.3297569479795914,0.05031171263977866,-2.979145793026214,-0.183527768407518,-1.0700974188537806,0.18630694388220587,0.15524278166832178,0.10339938057723566,1.496873940351924
-2.7274688836332364,-0.49142278814313123,-0.6438812148738542,0.9330839724492803,-0.8195263308060096,-0.08698642202843014,0.7013425641975694,0.7706583266339565,-0.20445535237495482
3.5861076306826707,0.4725453272848258,0.40815650600540243,-0.024175067176609843,0.5180508452257861,-0.5426444164282165,0.15998695637523522,1.0197466424412385,-0.25606441713375794
-0.17029973176885202,-1.7171982821398024,3.075558904245701,-1.9421254356517104,0.6536822212849608,-0.7182623292766341,1.7423647065344778,-0.8443321797496515,-0.17993687895260477
-1.904304564995749,-2.082915785680455,-0.33234500360305974,-2.7733052755563445,0.1462108854887297,0.4211471638702535,1.019872892916543,-0.001444059840490089,0.031145968013602785
-0.9892007862924023,0.22905356170619437,-1.4100077686992118,-0.6765756075888708,0.1934290933933168,0.4202237437056777,1.2501979221198816,0.3933278010582309,-0.5245288026065161
-2.866050984002297,1.1635947037880503,-1.3367067017992156,-0.33852973378407575,-1.1663024684535837,-0.43800272571439647,-0.3558589708079102,-0.5033446786509699,-0.14438525843916833
-2.1279730116822044,0.22280392912824523,2.3948873580675833,-0.5196111404539001,2.3810140652874034,-2.008005863022552,0.32528194493948714,-1.31194869925087,0.03301315784148458
2.3734771982286564,-1.8194959627464693,1.20110333383575,1.9158636691727173,-0.2281494048277024,1.0454282510916877,-0.32809668652978397,0.01852713828764526,0.4618108432159084
6.468498467412972,-0.8221321577750026,1.191668653555452,0.7085490479772305,3.1042625388087117,-1.6937083787547234,0.20845427956525336,0.0036447828877869503,-1.6496074111208094
-0.6511869267254243,2.2788246095103357,-0.9214420597070664,-0.2724504349102446,2.257381959142881,0.08417563568904192,-0.6115311633112108,-0.6615980631368992,-0.452396817515301
0.3287214568418424,4.324611579754038,1.1294915967932184,-1.8908035963838756,-3.03787025640514,2.3164395259006385,1.0401092883266363,-0.5019448820763387,0.60175667390494
-3.703099484792016,-0.3512611111588014,-0.04744017857080661,0.6110951888641488,-0.4064942481160121,-0.6861524733257967,0.4210659279783784,-0.3116567590334714,-0.22397450433701308
4.585169718695727,0.3536244253831702,0.8797230903474474,0.3147050713874449,1.3898353578110239,-0.36800346542506596,0.39133242802272067,0.16730522814382998,-1.023022014936635
0.08025495218824674,0.3154721484178393,0.19081739134452383,-0.6713714221390727,-0.4783940691990674,0.9600803626158567,-0.9242523809136123,0.28581302856502133,-0.4193956148458359
0.30796443897574954,1.1299786737024153,3.2509523357193633,1.3341687269389413,0.751353101362102,-0.901565849794211,-0.5548756903357496,-0.5758262452481966,0.7306849365221016
-2.145032208346135,-1.7201174620083244,1.2264213113216587,-1.0495578675909478,0.13567872761328564,-0.6587214947762022,1.1373302524624262,-0.4710339535014179,-0.20410880342003085
0.4756910297973131,-0.2552774023467116,0.21760182659280605,-2.851720058788401,3.198998396945295,1.3889195341298655,0.7141556310268373,-0.6130741458540839,0.45151333346119177
-0.8712260428688507,-1.3528129960015465,-0.35415061532836556,-0.995315249809097,-0.1965363565712077,-0.24323107042955797,-0.9017520331660841,0.7235240200723739,-0.049147231167247264
-1.8292535794411209,2.8701204991563705,-0.2666923811692992,-0.9477999036425092,-1.9661313668922498,0.037831350657987976,0.9093258265960297,-0.33976272554396614,-0.047802305984164684
-1.4220991406862158,-0.7926432240052068,1.7394707607902742,-1.226764377267542,-0.15512949504710913,-0.4054464384655195,0.573600958845863,0.32119323828577023,0.26007532972039527
4.260671356102219,1.1551642764968613,-0.7613756078581188,-1.4711606110363722,1.2253931314747635,0.6305934692612247,0.10743992484383316,-0.6735941689172836,-0.4687942298008195
6.258468893053272,-1.4792216179141533,-0.5429791656565928,1.8177799468100004,-0.7176671107348649,-1.0388307438068864,0.10693064975027468,-0.561222479746951,-0.3438488401624115
-0.6052311436172457,-1.0539918315747268,0.3138879134903572,0.4823309134368792,-1.4909676500414202,1.1539918669142315,-0.1915287012588603,1.1545133345460157,-0.344689278839598
-3.0838045258668303,-0.045395061914480214,-0.37976668240116657,0.9983461056443294,0.0488289943734004,-0.49623312129014924,0.10616828429203572,-0.5853291231489182,0.1611657152326238
3.92538595087767,-2.6823994492159735,-0.7916015480722455,1.8933736633867837,-1.991978745873357,0.5713455560765615,-0.08270307267826926,-0.4561791686743705,0.6038737037049122
10.340988063856408,-4.443065026676387,1.2512894529179859,-0.09643211620703947,-0.11986561826054216,-1.8473953006853352,-0.5238739541522226,-1.230263362382971,-2.4782263919408236
-0.036828283093447045,0.00803801208702769,1.9700712907378877,-0.47367353982203,-1.308105655143831,-0.1946411011557271,0.5184785201044746,0.13201798615473884,0.0644957948441408
1.4103960894999714,1.0049835113702155,-1.4862362488642282,-0.14246083073159627,0.6779651345782881,0.48390541068113313,1.7505266660293073,0.11573351711710204,-0.3057259892134076
-4.090224706999689,-0.9116688056771253,-0.5576979996816119,1.1582524009368924,-1.220195940949669,-0.7769764901412771,-1.1965349174745301,-0.41679871125617535,-0.17142237065109525
-0.7005478655674285,-1.2214229093648232,-1.5000348042112623,-0.5581386666590035,0.40166602746253544,0.5043070088048653,-1.193921457818525,-0.11691996174206114,-0.4048089933755097
2.06571244437709,0.8578599553672692,-1.5194701771252859,0.7866270041374843,1.8592077583676139,1.0021788956364048,0.13718426479816861,-0.7378722431444242,0.21848679794914264
7.657103530050816,0.24210516554201703,1.1517857046431683,0.1173470852558057,-0.5110882815700267,-2.0169773209804855,0.029889199312288204,-0.15911021440285733,-0.8698073601266807
4.276010409606431,-2.3325547732662377,-0.2280490205562912,2.1154453536754794,-0.35230279844948864,1.8722235152980058,-1.413446992555663,0.3519044031088481,0.5398792452752326
6.894425241689748,-2.2358563644063394,-0.01788591860303635,0.18980920272076254,1.0535486266354324,-0.26334582548454805,0.23309851010195318,0.43674697648136024,-1.004550808894141
-1.437027469857714,-0.3230003018019067,-1.3632322678773814,-0.299812539941848,-0.12270819474417499,-0.32935223428989974,0.9357623792887539,-0.20363558766170162,-0.756782077130691
0.017285358929204284,-0.8412412119443203,1.1740111784731067,2.9019967524327086,-0.2137147295065411,0.9302349919765291,0.6227698812591151,0.23556993273979923,-0.613497809225894
-2.095794430989024,-1.3044188769511813,-1.443534777821407,-0.9465394709054638,0.08322929288828758,-0.8767011463530655,-0.4739584444911023,-0.624193371279508,0.01877660223182212
-3.76058162494556,-1.261828456208894,0.6159064093414784,1.015654625009891,-0.9442666731734217,-0.7958295611741437,1.3748015186085474,-0.2960984746467288,-0.1032022814604546
-1.0168701845388515,-1.0113866038200272,0.8053802682700852,0.06580577484476857,-0.491804581467082,-0.3540512809878008,-0.7997474177204934,0.3625027150733714,-0.3523743452787037
1.3048399902159025,-0.45822414016592583,-0.4358837387424645,-0.09574007951617473,-0.28210202391743266,-0.456825740349194,0.03185884617887114,-0.4570665104081952,-0.9605780479739195
2.705651446491978,0.33638189160122095,1.3010991965213357,0.6555852303167499,-0.2936339578020832,0.027822839389139882,0.04599666878173928,0.5087036528768998,1.8434647477855737
-2.4284230638420894,-1.1500608915931876,0.5401816322769454,-1.3363038163261591,-0.6063988235093701,0.5024582345575048,-0.2414866096465855,-0.6235372205649339,-0.11835058386444564
5.020156079301488,-0.9798975306940201,0.8236209114438978,-0.6613467072302875,-0.9456847805198502,-1.1178160685930556,-1.340510015943844,0.38136488260612195,0.9839712203328281
-3.2128889416413773,0.02976235800919726,-1.3617670753171145,-0.06429002111169313,0.6809500062701447,-0.7893269051557327,0.35227501015520263,-0.08833463230592363,-0.05581650486366738
-1.0951908512663564,-0.17382817900673167,0.39992974389631547,-1.6500618460259202,-1.216350379307252,1.4092961646560977,-0.9825688724211638,-1.6147196111768725,-0.23274097670203622
-3.3581530501234047,-0.583237445650297,-0.04597168889741337,0.4537083678030173,-1.6771801989638095,-1.1834283989776553,0.20723879836865264,0.6293206593644917,0.26220905022697855
1.9304865035096195,-0.4286190082410401,-0.05502615201032411,-2.0631583542746355,-0.9266289687548456,-0.9488020175232744,0.8772590773437742,1.2320415243804885,-0.07632696717398807
-2.3605567942915533,2.0849467962680164,-0.723702048318493,0.4260048270398504,0.6862722277185781,0.11651875453682776,-0.7660948587494,-0.17781929535770186,-0.29970514146809857
-0.692360424943915,0.6915817130443094,-1.1400971232254318,-0.7396965428954573,1.6130072640996338,-0.6409646307897435,-0.951735672435817,0.08220506928263457,0.6877659422550623
1.6883776556806662,0.5589101911515729,-0.3638861470606408,-0.5183788439045344,0.9176705140244134,0.19758347683944483,-0.6030041628448688,-0.12743428010748764,1.4631007581894069
-2.452480073833592,-1.3776553220343468,0.29380303175257166,-1.1100720431340412,-0.3846811487173532,0.1984788274333125,-0.49349445709789275,-0.4002742102166426,0.010041611988176827
1.4617674487001753,3.4782448251579163,1.225630093539032,-0.6565724389705228,1.0355120272528797,1.3489473605510154,1.015351025328032,-0.16524038424620413,-0.616004781571378
1.6116580345172908,-1.4686409432849954,-1.4572957662848685,2.846916740302183,-1.0681342859817458,1.2340700428749645,-0.003163518644252297,-0.5048217932624041,1.8797770146905535
4.075625894087725,-2.9433865175719216,0.4089764215112784,0.7689556658954182,-0.8323275951834127,0.8730947633543261,-0.07195190802811995,0.4427740914463677,-1.0114159461975358
0.7182735752292277,-1.0900937311748309,1.7475676627246022,-3.1328481737574725,0.2092475370623473,1.3952303796884264,1.3340033993275506,0.7630278524513666,0.37750170661338156
-0.8741932204722648,-2.4685579301945393,-0.7694784052079988,-0.9248250351967241,-0.4998719383596521,0.773352082679378,0.67022780436174,0.17107425948270416,-0.014282385346940717
-2.0034951269241015,-0.5427286560669101,2.163495457557592,-0.7639685984933199,1.8502144593324146,0.7696729816400295,-2.5971941123536095,-0.19820750235298804,0.18194189689581614
-1.4569276165371234,-0.3893163664254887,-0.5895461216255944,-0.07435169411274971,-0.40122153942955857,0.09776873221527116,-0.1730024618297683,-0.026206583393852827,-0.06774791783573839
0.039353587933454004,-1.6613990567364225,2.2438343340250433,-1.2245905276699778,1.406594977651353,-0.24111037706507943,-0.6397016446264986,-0.05724497309285926,-0.22700887532201022
-3.5970810329589566,-0.18277380249693428,-1.0243391322527426,0.06373341742644405,0.4468850941885085,-1.466679463323789,-0.22513029870379098,-0.5046328551576089,-0.056698118356194725
-1.8104336854252872,-1.0816597977839295,1.6806358268750716,-0.9558835254353556,0.6759776125414331,1.0703211507016954,0.20850763739012906,0.5674504283783877,0.173121386950301
-0.4754765948544123,-2.36657772241445,-0.21976898227258584,-1.7132378199994271,-0.7248113982937945,0.2991756151543013,2.0716759880820863,0.8136327291134886,0.003830877451376929
1.7280571126020734,1.8528282885599237,0.26283877197748307,-3.3366332478765135,-1.4333162297724396,0.414481031120409,-0.5608452655382091,0.06822963047202864,-0.007057442085634576
-1.8118589064385304,-1.3765946540154033,-0.5452550350225769,-0.4647288159983959,-0.11717358448350308,0.4938857493706378,0.9675511164225964,0.5397871874071437,-0.33066582342378764
10.086288204036851,1.314087555455937,1.2595119303259508,0.46268153001128026,1.2654373463048996,-1.93973034241247,-0.4447169107208124,-0.6900108774547622,-0.3682520667506173
4.7037309940164596,3.725815249949709,-0.4562206357513219,-2.339213783030957,-3.29786907637924,0.11003912018214278,-0.8713076539510204,0.056190689431621095,1.1318091096441187
-2.8382477063505265,-0.951719017140433,-0.16485631970650927,1.106803803703124,-0.7495633171288787,-0.8901916134219755,0.7912530324781889,-0.1251586482615107,0.37736851751548794
5.608093832024177,-0.16814443700679674,1.7354230622720714,0.692708677557876,-1.8062392967091925,-1.1882658285314127,-0.5894645754809575,1.5174702896207504,-0.09794231716269385
-0.8498220698029527,1.186246508928277,-0.6525931053996675,-0.9647631193742714,1.4473024761658573,0.3937295633789492,0.9330599345789357,-0.2615390978351218,0.05631445207090377
-2.011282055844561,-0.631897477357186,0.24052179941147034,-0.10630819147641467,-0.49267412272171646,-0.7424814547819119,1.4745315853400711,-0.7210821446595501,-0.7483529235589673
-2.190733888167356,1.530514543227766,-1.3606518437471202,-0.5384848733676619,-0.6587135065716827,-0.6333087804369864,0.2914887961356183,-0.5105717288237811,-0.4351669253497027
1.2377321741357248,0.5737894626572076,-0.6466993915962299,2.208624208467307,-1.2013373286780393,0.6353300437722716,0.10021166149399725,0.8440679133791591,0.02506585725701814
0.8950260634530424,-5.832334752675295,1.0800794952068258,-7.812251174424945,1.2269026932633027,4.438742290236739,3.1162198309572604,1.487870712478514,0.6134001742320166
2.6736733664248824,0.9580352748773788,-0.6139422370284973,1.37119156238051,0.6985696434022526,0.48027688719634604,0.23680364798082082,0.8084633648955086,1.8172978088889253
0.624162675880326,0.8854972006528136,-0.05077980045817069,-1.533999431013399,0.10519135273916112,0.9864166587515656,-0.470756352845157,-0.241148375351809,0.5148002955465477
-0.14623562961580736,0.029844479032006495,1.4133155335257288,-2.2344917251289775,0.9730634112973113,0.6002712043530078,-0.5855541610885125,0.3359010592137183,0.19956260103476886
1.2882263683315467,-1.3836856329695981,-0.01880712739333903,-0.5243547237708521,0.03651451683761435,-1.5594222119605856,-0.06440505773886378,-0.32388015626612987,-1.1110784920383567
3.8716542047234346,-0.21451995920464637,0.798770787272578,-0.7334234759432515,0.24154950921933135,-0.816669714228585,-0.30422839533991153,0.36379959609296686,-0.546104128718959
-2.9106625940751547,-0.1356178483314592,0.020282178092289643,1.4208539920350736,-1.1627370518961653,-0.7105381233066688,-0.6524678927567453,0.012346462140736996,-0.4511706874919777
-4.208109593834081,-0.6800970184399122,0.30751366790584145,-0.06898964267803467,0.015073626584955991,-1.7806651757450853,1.0729605461925131,-0.6627826840738953,0.14805917324294288
-3.2460622730440307,0.29590402281813666,-1.6447464138433763,0.7532451317544331,0.07456541931766134,0.05703144212998408,-1.3063196220019422,0.13785638977358367,-0.3048582814605835
-1.183681147912743,-0.7681998053044413,-0.2529876692408073,-2.111444920603248,1.2305814831593946,0.18434427874700593,-2.589193009166128,-0.021289408646847644,0.15187816907511364
-0.08764261072676272,-1.917148784977041,1.2716195338083454,-2.2297804604886196,0.6304468896822543,-0.6591302981676004,0.1311249350107905,-0.13436601468540443,0.22385369031209124
-1.669894255161071,-1.4484166164462016,-0.18457989828568833,-0.1839520155622313,-0.7166865686060573,0.2102377736981313,-1.3710361238813968,0.59252530349394,-0.24481531651745161
4.998197037926064,1.0259469563197505,0.13754840113412117,-0.10474768338401584,-1.2112585780409284,-1.4926528396580099,0.1467832744084025,-0.6731348338665728,0.5739365694635928
-2.494809077341867,-0.5074886046470047,2.5882651165088446,-1.2428927445545843,-0.033749242802856814,-1.8118225739717695,-0.6284156840681805,-0.6280441851937851,0.8700130838727573
0.13459138298608497,0.4759515633677209,0.8492693220860293,-0.7687799265387731,-0.3886462140676966,-0.36629080109505985,-0.1283533513567045,-0.15175251291830089,0.17671486723244917
1.6607136939384948,0.054494803173850796,-0.2954167224971357,-0.5832781433345625,-0.5056634090254017,0.24062098271044044,-1.1022900459981608,-0.26190633888995457,0.03666466309896497
4.535231775293117,-1.329340468682351,1.6751908845156571,-0.8060894839621878,-0.8999180666520052,0.2655726670711929,0.3444383812785717,0.4013276405769051,-1.0113882385742317
2.0733293630980514,1.5429751936587668,-0.4398308300643028,1.264828115241584,-1.991645023137754,1.5644184421644867,0.24673077914957145,-0.22518691561321338,-0.9103677971716126
-1.3514680496555003,-1.5484376564602675,-0.09072883284477583,-2.748588169172991,1.445560977169341,1.0583665934059736,-1.7613496020559345,-0.2620693092986712,0.34632558393661883
6.641794241252758,-0.7093955249499732,1.1657256240150753,0.8686176746623898,-2.889990644919721,-1.8053152928083307,-0.6441934791862655,0.3403591220991541,0.44672591863965777
-2.7670297642118293,2.335869829396909,0.36247953239446257,0.14002988474461994,1.2152420397186365,-0.537721732095553,-0.26687846425927203,-0.582879905442597,-0.011055679205652811
2.2325074954938935,1.8804421753034641,-1.6774546978103424,0.39868423866669367,-1.5282728523847426,-0.032185825292893724,0.35305457568900606,1.1815309982659832,0.02868005690473758
-2.679434304111236,-0.18080724744181295,-0.3560751067405536,0.8684060034326863,-1.0552302243832008,-0.5698393976892395,0.12419058611939976,0.6153069398716196,-0.12442976979717464
1.002654653439934,0.07759168471519728,0.5866184190929234,-0.6628094916135404,0.9227478636968037,0.023640829999474474,0.15028977256948536,-0.16395890252747786,-0.9268223416750497
-1.2543222539394736,0.523202129422429,0.7219954833457074,-1.563336350759674,-0.9785862510551422,-0.6966294650616388,0.33548631542859486,-0.7782780293535948,1.0857000632730547
-2.3872306007672273,-1.6105621399048433,-0.9663222544370486,-0.43054094031750395,-0.47996883345048225,-0.04185076197761906,0.32159887985050306,0.11857057932972662,-0.20842867286873945
-1.1189213557963373,1.0827034005425462,-1.3140339317100982,0.1226502126696351,-1.0521440864996523,-1.2616328880050511,-0.22417792731135042,1.1242095633867217,0.5373221609889581
-3.4546488738411405,-0.6909507259249602,-0.014727262658011837,0.23221479675788506,-0.40180451041511056,-0.5390428765185771,1.9468334835125494,-0.09307747238058137,-0.20118080694401413
4.3777613507573605,-1.3306333048889272,0.9563762210309872,0.02968987102136031,1.5831473362160884,1.1762787817183191,-0.6303029834340597,-0.1556669999381824,0.0488159967049544
3.090827587537274,-0.1945243997738536,0.4704066848992322,-0.9612502574094712,-0.5802540903678254,0.08739264770234688,-0.4258425459252787,-0.8587377962039411,-1.2161038465432918
0.5132124251790965,1.1762112549130084,-1.8372469019606863,1.027632349229688,-0.0061122379513642204,0.1362206493372013,1.5192420447433843,-0.5890440372664083,2.0415596609513598
1.2745357998651665,3.5952407748226727,-2.5660684939373586,-0.07040912879429044,4.043655769552044,2.6089370916821424,-0.6097962806709609,-1.149528438611322,0.16585702090374985
-1.6210093274720585,2.8545115213483276,-1.501875605240434,-0.9900531350129784,-1.3928745873155954,0.8627074513857855,0.9232675218961042,-0.579452674248508,-0.4072594189741266
1.6888563254239997,1.26192843386561,1.0021785369788563,-0.7125950125187362,0.29856167454799815,-2.16307405525641,2.16868580556934,3.0912472580836354,1.7527067907537845
-2.6721499193487497,0.5158910074407206,-1.0122345287907903,0.22692341973213107,0.4910980978098629,-0.8289524698194684,-0.11874096374103338,0.34457990460505655,0.08535068922541775
5.35876504836845,5.157362056175713,0.4977925313174682,1.1363397323726019,5.322602951490388,1.2111131715171197,0.24574318633566825,-0.14968347659421993,0.05713695850096459
0.026182029413363693,-1.4137651701214395,1.201532833212367,1.5570556882684299,-0.8828119100605208,0.40538263233195193,0.23915685104766257,-0.7721381146475459,1.2307936856378392
-4.01298584220493,-0.4361698530153452,-0.18403222705985084,1.231326880526961,-0.3604962576606094,-0.7639032999901912,-1.1722507649630314,-0.5436066758362026,0.019312123022694035
0.2986772894992133,2.014568994182154,2.3789923678863456,0.9840770215530694,-3.0345637868405153,1.2724810966599645,0.022436284082007808,-2.2849285745429904,-1.0009731873333327
-1.3483244858460866,2.0670520396386007,-1.2511978686976934,-0.343661129931565,-1.9347133313563842,-0.4530785555397711,-0.08397028634435368,-0.04091510268051433,-0.5050146245126602
-3.2163953826449707,-0.7527505007167543,-0.3580496055180957,-0.3320801617404337,-0.32386193729583496,-1.0145128904771084,2.661544954195558,-0.021798568514893823,-0.027095627496584125
-2.9006158541490343,0.350696172109438,-0.39132316478177737,1.0699991332976073,1.006943249374399,-0.4099473556562707,-0.10470876484166194,-0.1797894828370356,-0.36367485723568155
2.9623526138067486,-0.29198781190470535,-1.3904510760343136,1.7214748771616075,-0.9082212032970625,0.49964094572405543,1.7246721762575712,-2.4161471918337605,2.4237433243857316
-2.5260886277637087,-0.47512459038938126,-2.6775631371249164,-0.020008578819876107,-0.3401084259743235,-0.765827712022005,0.1156562572055471,0.20542042093560234,-0.3917401746250062
7.8733210853873405,-4.036249006999082,-0.570295529066228,-0.7337424177895192,-1.3004090029299162,-0.2691393190350447,0.1077865659395407,-1.32141547174125,1.0585102426734543
-1.5011815662275767,-0.20250788310393825,-3.276041934888954,-0.7156194926349042,-0.6853661582172459,-0.07286992535683018,1.5845465186690029,1.0156218094502936,0.5758978218636416
1.236289959088791,3.725194857389809,-0.14703849849200537,-1.1326091825317424,-1.6258793915254646,-0.8119023124798895,-0.18159429597280322,-0.5802008690488405,-0.3893323349108571
8.010686954256924,-2.652835858666034,-0.2995834370073872,1.419581046513409,-1.4322192891393675,-1.5421098383769047,-0.8247091951366053,-1.162281663836602,-1.5563142355249244
-2.056189176251587,-0.16197102892425116,-2.313891965803758,-0.22445736048036,-0.2686318094273177,-1.1650020150448028,0.36215639759184143,0.8130403900315369,0.059418099330898706
1.1568918791030596,0.3538816232563808,0.6388493885953591,0.8893697288392313,0.8252512970034943,-0.6555951471421705,0.21590437678410282,-0.7570297137926865,-0.655623227025705
-2.5648995166447994,1.3276819795816532,-0.596769210922914,0.08209802603799518,-0.7841974084079,-1.4069335182214762,-1.3722235894900434,0.43406826333781334,0.8550428015315127
-1.3109273880933021,0.3926010557135268,-1.0077744685497707,2.101389528717042,0.2661451915294579,1.1692347856307577,-0.18657143720302222,1.4765222772193576,-0.5961113370657712
3.1094274277528577,0.21775710111041974,-0.549572039241627,0.6305913035720192,0.290782301118304,-0.9172638374280447,0.6638965473520236,0.9082906220535876,1.6491536955266264
4.650912151136075,0.1584532028583882,-2.1072216855192925,0.5586864199968358,0.5177461969189168,-0.17123050450669533,-1.2265840638543009,-1.4853940903272225,2.4507155278960284
-0.82424405868191,2.718588503589467,-1.9419675816883333,-0.2464154324466774,-1.2056669750115692,1.1914670365387208,1.0554633872950125,-1.3342402635328274,-1.8117227631727095
5.872460645805422,-3.8079924839328885,-0.4036400937294814,-0.03935603816757565,-0.8534709469685919,0.2573088032502904,-0.6191383532247687,-1.4689096785877156,-0.035768530575245094
-2.5641338131128752,1.4362631902194474,1.1453314377622539,0.7679472993835914,-0.7090306742630322,-1.4791417389542751,-0.7374609877730768,0.2735190784083483,0.33887666077867556
-2.5740208460035543,-0.72946686389107,3.279947247098694,-1.6050018102655632,0.1914506733547045,0.2705941626435388,-1.8875673848178764,-1.5497703824851847,0.35744731641851896
-1.2078650417756174,-1.9720813570173004,-1.3093485742465618,0.10312372115967633,-1.5100891939186416,0.6555869914327783,-0.37697773585334315,0.09539916781710683,-0.703185907181352
1.472383774277763,0.7493427166514585,1.9631782485158478,-1.9670172501515664,-1.1323802871724125,0.1171438646696263,-1.0150386924178938,0.880353054931449,1.1087247382116725
-1.1289081320312655,-1.731285996551541,0.5469242133836948,-0.7817633563528432,-0.7540731046183181,-0.4769177143950004,1.6600185076877074,0.8265499384217643,-0.034034315133529044
5.119312481649639,-2.2163560874691375,-1.0470238661409839,0.9713852737734077,-2.1454329522020466,-0.08303140481893191,-0.026937886367615998,-2.324383470584509,-0.4786950005718589
0.7654209332933372,-1.178907662243525,-1.2314418204194073,3.3931583936371115,-0.3234583641477315,1.361313539178307,-0.032511691777657246,-0.09677171642127132,0.8193677822209595
3.6346060224445957,0.23817962864156628,1.350395651922927,1.7979263055675112,1.239964522524971,0.20072578879558148,-0.6727496765238147,-0.19319706108073786,1.3907225645811951
-3.562892181615983,-0.2051898923059324,-1.8629237323594854,0.15223448810155746,-0.02958845726552802,-1.161176243411227,-1.1898999843279845,-0.341351400362409,-0.17809611807957063
-1.8350371461689283,-1.7387869428651896,1.839587510534872,-1.5043748663856056,-0.28811684805252685,1.3083695005292824,0.9749295869764156,-0.22478089929643483,-0.37382445103094186
6.200130452682016,-1.244119755838098,-1.0661122768016493,-0.526563767198028,0.7425076917737388,-1.2953515612663893,0.35696621115776844,-2.0669719403682345,-1.1454409095462612
