league,season,team,player,nation,pos,age,born,minutes,matches_played,starts,tm_matched_name,tm_match_score,market_value_eur,kmeans_label,gmm_label
ESP-La Liga,2324,Rayo Vallecano,Florian Lejeune,FRA,DF,32.0,1991.0,3327.0,37.0,37.0,Florian Lejeune,100.0,3000000.0,1,1
ESP-La Liga,2324,Valencia,José Luis García Vayá,ESP,MF,24.0,1998.0,3302.0,37.0,37.0,Mario de Luis,85.5,400000.0,3,0
ESP-La Liga,2324,Getafe,Nemanja Maksimović,SRB,MF,28.0,1995.0,3265.0,37.0,37.0,Nemanja Maksimovic,100.0,6000000.0,3,1
ESP-La Liga,2324,Las Palmas,Kirian Rodríguez,ESP,MF,27.0,1996.0,3211.0,37.0,36.0,Kirian Rodríguez,100.0,12000000.0,3,1
ESP-La Liga,2324,Girona,Aleix García,ESP,MF,26.0,1997.0,3199.0,37.0,36.0,Aleix García,100.0,25000000.0,0,0
ESP-La Liga,2324,Las Palmas,Mika Mármol,ESP,DF,22.0,2001.0,3178.0,36.0,36.0,Mika Mármol,100.0,15000000.0,1,2
ESP-La Liga,2324,Granada,Carlos Neva,ESP,DF,27.0,1996.0,3146.0,36.0,36.0,Carlos Neva,100.0,2500000.0,1,2
ESP-La Liga,2324,Cádiz,Rubén Alcaraz,ESP,MF,32.0,1991.0,3134.0,36.0,36.0,Rubén Alcaraz,100.0,1500000.0,1,1
ESP-La Liga,2324,Valencia,Cristhian Mosquera,ESP,DF,19.0,2004.0,3075.0,36.0,33.0,Cristhian Mosquera,100.0,30000000.0,1,2
ESP-La Liga,2324,Girona,Miguel Gutiérrez,ESP,"DF,MF",22.0,2001.0,3032.0,35.0,35.0,Miguel Gutiérrez,100.0,25000000.0,0,0
ESP-La Liga,2324,Celta Vigo,Óscar Mingueza,ESP,"DF,MF",24.0,1999.0,2998.0,38.0,33.0,Óscar Mingueza,100.0,8000000.0,0,0
ESP-La Liga,2324,Barcelona,İlkay Gündoğan,GER,MF,32.0,1990.0,2994.0,36.0,33.0,İlkay Gündoğan,100.0,15000000.0,0,0
ESP-La Liga,2324,Granada,Ignasi Miquel,ESP,DF,30.0,1992.0,2992.0,34.0,33.0,Ignasi Miquel,100.0,1200000.0,1,1
ESP-La Liga,2324,Valencia,Hugo Duro,ESP,FW,23.0,1999.0,2976.0,37.0,35.0,Hugo Duro,100.0,16000000.0,2,3
ESP-La Liga,2324,Girona,Sávio,BRA,"MF,FW",19.0,2004.0,2976.0,37.0,35.0,,83.33333333333334,,0,0
ESP-La Liga,2324,Girona,Daley Blind,NED,DF,33.0,1990.0,2972.0,34.0,33.0,Daley Blind,100.0,3000000.0,1,1
ESP-La Liga,2324,Alavés,Ander Guevara,ESP,MF,26.0,1997.0,2932.0,37.0,33.0,Ander Guevara,100.0,5000000.0,1,1
ESP-La Liga,2324,Real Madrid,Federico Valverde,URU,MF,25.0,1998.0,2904.0,37.0,33.0,Federico Valverde,100.0,120000000.0,1,0
ESP-La Liga,2324,Barcelona,Jules Koundé,FRA,DF,24.0,1998.0,2899.0,35.0,32.0,Jules Koundé,100.0,45000000.0,1,1
ESP-La Liga,2324,Athletic Club,Daniel Vivian,ESP,DF,24.0,1999.0,2878.0,33.0,31.0,Dani Vivian,91.66666666666666,25000000.0,1,2
ESP-La Liga,2324,Rayo Vallecano,Iván Balliu,ALB,DF,31.0,1992.0,2873.0,33.0,32.0,Iván Balliu,100.0,2000000.0,1,2
ESP-La Liga,2324,Sevilla,Lucas Ocampos,ARG,"MF,FW",29.0,1994.0,2871.0,35.0,34.0,Lucas Ocampos,100.0,9000000.0,0,0
ESP-La Liga,2324,Celta Vigo,Jørgen Strand Larsen,NOR,FW,23.0,2000.0,2863.0,37.0,36.0,Jørgen Strand Larsen,100.0,25000000.0,2,3
ESP-La Liga,2324,Alavés,Andoni Gorosabel,ESP,DF,26.0,1996.0,2854.0,36.0,33.0,Andoni Gorosabel,100.0,5000000.0,1,0
ESP-La Liga,2324,Athletic Club,Iñaki Williams,GHA,MF,29.0,1994.0,2844.0,34.0,32.0,Iñaki Williams,100.0,25000000.0,2,3
ESP-La Liga,2324,Las Palmas,Sergi Cardona,ESP,DF,24.0,1999.0,2814.0,35.0,30.0,Sergi Cardona,100.0,6000000.0,1,0
ESP-La Liga,2324,Celta Vigo,Unai Núñez,ESP,DF,26.0,1997.0,2801.0,34.0,31.0,Unai Núñez,100.0,7000000.0,1,1
ESP-La Liga,2324,Rayo Vallecano,Isaac Palazón Camacho,ESP,MF,28.0,1994.0,2791.0,37.0,34.0,Isaac Romero,85.5,18000000.0,0,0
ESP-La Liga,2324,Atlético Madrid,Axel Witsel,BEL,DF,34.0,1989.0,2783.0,35.0,30.0,Axel Witsel,100.0,3500000.0,3,1
ESP-La Liga,2324,Real Betis,Germán Pezzella,ARG,DF,32.0,1991.0,2767.0,32.0,32.0,Germán Pezzella,100.0,3000000.0,1,0
ESP-La Liga,2324,Barcelona,Robert Lewandowski,POL,FW,34.0,1988.0,2750.0,35.0,32.0,Robert Lewandowski,100.0,15000000.0,2,3
ESP-La Liga,2324,Girona,Iván Martín,ESP,MF,24.0,1999.0,2729.0,36.0,33.0,Iván Martín,100.0,15000000.0,3,1
ESP-La Liga,2324,Real Madrid,Antonio Rüdiger,GER,DF,30.0,1993.0,2709.0,33.0,30.0,Antonio Rüdiger,100.0,25000000.0,3,1
ESP-La Liga,2324,Celta Vigo,Iago Aspas,ESP,FW,35.0,1987.0,2707.0,35.0,31.0,Iago Aspas,100.0,3000000.0,0,0
ESP-La Liga,2324,Athletic Club,Aitor Paredes,ESP,DF,23.0,2000.0,2704.0,34.0,31.0,Aitor Paredes,100.0,22000000.0,3,1
ESP-La Liga,2324,Rayo Vallecano,Óscar Valentín,ESP,MF,28.0,1994.0,2692.0,34.0,32.0,Óscar Valentín,100.0,4000000.0,1,1
ESP-La Liga,2324,Alavés,Jon Guridi,ESP,MF,28.0,1995.0,2678.0,36.0,34.0,Jon Guridi,100.0,4000000.0,3,1
ESP-La Liga,2324,Granada,Gerard Gumbau,ESP,MF,28.0,1994.0,2674.0,35.0,31.0,Gerard Gumbau,100.0,3000000.0,1,0
ESP-La Liga,2324,Getafe,Mason Greenwood,ENG,"MF,FW",21.0,2001.0,2662.0,33.0,30.0,Mason Greenwood,100.0,25000000.0,2,0
ESP-La Liga,2324,Osasuna,Jesús Areso,ESP,"DF,MF",24.0,1999.0,2660.0,37.0,29.0,Jesús Areso,100.0,7500000.0,3,0
ESP-La Liga,2324,Valencia,Diego López,ESP,"MF,FW",21.0,2002.0,2656.0,36.0,30.0,Diego López,100.0,14000000.0,0,0
ESP-La Liga,2324,Real Sociedad,Martín Zubimendi,ESP,MF,24.0,1999.0,2654.0,31.0,29.0,Martín Zubimendi,100.0,50000000.0,3,1
ESP-La Liga,2324,Atlético Madrid,Antoine Griezmann,FRA,"FW,MF",32.0,1991.0,2644.0,33.0,31.0,Antoine Griezmann,100.0,25000000.0,2,0
ESP-La Liga,2324,Las Palmas,Javier Muñoz,ESP,MF,28.0,1995.0,2640.0,37.0,30.0,Javi Muñoz,90.9090909090909,3000000.0,1,1
ESP-La Liga,2324,Girona,Eric García,ESP,DF,22.0,2001.0,2694.0,32.0,30.0,Eric García,100.0,20000000.0,3,1
ESP-La Liga,2324,Mallorca,Dani Rodríguez,ESP,MF,35.0,1988.0,2615.0,36.0,31.0,Dani Rodríguez,100.0,1000000.0,0,0
ESP-La Liga,2324,Cádiz,Chris Ramos,ESP,FW,26.0,1997.0,2612.0,37.0,30.0,Chris Ramos,100.0,4000000.0,0,3
ESP-La Liga,2324,Cádiz,Isaac Carcelen,ESP,DF,30.0,1993.0,2611.0,35.0,29.0,,84.61538461538461,,1,2
ESP-La Liga,2324,Girona,Artem Dovbyk,UKR,FW,26.0,1997.0,2587.0,36.0,32.0,Artem Dovbyk,100.0,35000000.0,2,3
ESP-La Liga,2324,Villarreal,Daniel Parejo,ESP,MF,34.0,1989.0,2580.0,33.0,29.0,Dani Parejo,91.66666666666666,2500000.0,3,0
ESP-La Liga,2324,Villarreal,Álex Baena,ESP,"MF,FW",22.0,2001.0,2579.0,34.0,33.0,Álex Baena,100.0,40000000.0,0,0
ESP-La Liga,2324,Sevilla,Youssef En-Nesyri,MAR,FW,26.0,1997.0,2570.0,33.0,28.0,Youssef En-Nesyri,100.0,20000000.0,2,3
ESP-La Liga,2324,Atlético Madrid,Marcos Llorente,ESP,"MF,DF",28.0,1995.0,2565.0,37.0,29.0,Marcos Llorente,100.0,30000000.0,0,3
ESP-La Liga,2324,Las Palmas,Álex Suárez,ESP,DF,30.0,1993.0,2562.0,32.0,30.0,Álex Suárez,100.0,1200000.0,3,1
ESP-La Liga,2324,Atlético Madrid,Mario Hermoso,ESP,DF,28.0,1995.0,2557.0,31.0,29.0,Mario Hermoso,100.0,25000000.0,1,2
ESP-La Liga,2324,Cádiz,Fali,ESP,DF,29.0,1993.0,2547.0,30.0,30.0,Fali,100.0,2000000.0,1,2
ESP-La Liga,2324,Granada,Lucas Boyé,ARG,FW,27.0,1996.0,2541.0,31.0,30.0,Lucas Boyé,100.0,7000000.0,0,3
ESP-La Liga,2324,Getafe,Gastón Álvarez,URU,DF,23.0,2000.0,2537.0,34.0,29.0,Gastón Álvarez,100.0,15000000.0,3,1
ESP-La Liga,2324,Getafe,Diego Rico,ESP,DF,30.0,1993.0,2535.0,32.0,28.0,Diego Rico,100.0,1500000.0,1,2
ESP-La Liga,2324,Osasuna,Catena,ESP,DF,28.0,1994.0,2534.0,30.0,28.0,Alejandro Catena,90.0,4000000.0,1,1
ESP-La Liga,2324,Almería,Édgar González,ESP,"DF,MF",26.0,1997.0,2522.0,31.0,30.0,Edgar González,100.0,3000000.0,3,1
ESP-La Liga,2324,Real Sociedad,Igor Zubeldia,ESP,DF,26.0,1997.0,2518.0,30.0,29.0,Igor Zubeldia,100.0,22000000.0,1,2
ESP-La Liga,2324,Sevilla,Sergio Ramos,ESP,DF,37.0,1986.0,2517.0,28.0,28.0,Sergio Ramos,100.0,2500000.0,3,0
ESP-La Liga,2324,Cádiz,Javi Hernández,ESP,DF,25.0,1998.0,2514.0,30.0,28.0,Javi Hernández,100.0,2500000.0,1,0
ESP-La Liga,2324,Rayo Vallecano,Alfonso Espino,URU,DF,31.0,1992.0,2507.0,31.0,29.0,Alfonso Espino,100.0,2400000.0,1,2
ESP-La Liga,2324,Barcelona,João Cancelo,POR,DF,29.0,1994.0,2503.0,32.0,29.0,João Cancelo,100.0,25000000.0,1,0
ESP-La Liga,2324,Valencia,Javier Guerra,ESP,MF,20.0,2003.0,2498.0,36.0,28.0,Javi Guerra,91.66666666666666,20000000.0,3,1
ESP-La Liga,2324,Alavés,Luis Rioja,ESP,MF,29.0,1993.0,2498.0,37.0,31.0,Luis Rioja,100.0,4000000.0,0,0
ESP-La Liga,2324,Granada,Sergio Ruiz,ESP,MF,28.0,1994.0,2494.0,35.0,30.0,Sergio Ruiz,100.0,2000000.0,1,2
ESP-La Liga,2324,Atlético Madrid,Koke,ESP,MF,31.0,1992.0,2493.0,35.0,32.0,Koke,100.0,12000000.0,1,2
ESP-La Liga,2324,Villarreal,Alexander Sørloth,NOR,FW,27.0,1995.0,2489.0,34.0,30.0,Alexander Sørloth,100.0,25000000.0,2,3
ESP-La Liga,2324,Getafe,Djené,TOG,"DF,MF",31.0,1991.0,2484.0,33.0,30.0,Dakonam Djené,90.0,2500000.0,1,2
ESP-La Liga,2324,Real Sociedad,Mikel Merino,ESP,MF,27.0,1996.0,2482.0,32.0,27.0,Mikel Merino,100.0,50000000.0,3,0
ESP-La Liga,2324,Almería,Adri Embarba,ESP,"MF,FW",31.0,1992.0,2476.0,36.0,29.0,Adrián Embarba,92.3076923076923,1800000.0,0,0
ESP-La Liga,2324,Rayo Vallecano,Álvaro García,ESP,MF,30.0,1992.0,2475.0,32.0,30.0,Álvaro García,100.0,150000.0,0,3
ESP-La Liga,2324,Real Sociedad,Robin Le Normand,ESP,DF,26.0,1996.0,2469.0,29.0,28.0,Robin Le Normand,100.0,40000000.0,3,1
ESP-La Liga,2324,Mallorca,Giovanni González,URU,DF,28.0,1994.0,2464.0,34.0,27.0,Giovanni González,100.0,3000000.0,1,0
ESP-La Liga,2324,Las Palmas,Munir El Haddadi,MAR,"MF,FW",27.0,1995.0,2449.0,38.0,32.0,Munir El Haddadi,100.0,2500000.0,0,3
ESP-La Liga,2324,Granada,Myrto Uzuni,ALB,"FW,MF",28.0,1995.0,2448.0,34.0,28.0,Myrto Uzuni,100.0,8000000.0,2,3
ESP-La Liga,2324,Alavés,Rafa Marín,ESP,DF,21.0,2002.0,2443.0,33.0,27.0,Rafa Marín,100.0,7500000.0,1,2
ESP-La Liga,2324,Osasuna,Ante Budimir,CRO,FW,32.0,1991.0,2435.0,33.0,29.0,Ante Budimir,100.0,5000000.0,2,3
ESP-La Liga,2324,Almería,Chumi,ESP,DF,24.0,1999.0,2434.0,31.0,26.0,Chumi,100.0,2000000.0,1,2
ESP-La Liga,2324,Celta Vigo,Fran Beltrán,ESP,MF,24.0,1999.0,2428.0,33.0,28.0,Fran Beltrán,100.0,6000000.0,1,2
ESP-La Liga,2324,Alavés,Antonio Blanco,ESP,MF,23.0,2000.0,2426.0,33.0,29.0,Antonio Blanco,100.0,7500000.0,1,2
ESP-La Liga,2324,Real Sociedad,Brais Méndez,ESP,"MF,FW",26.0,1997.0,2413.0,32.0,27.0,Brais Méndez,100.0,40000000.0,0,0
ESP-La Liga,2324,Alavés,Javi López,ESP,DF,21.0,2002.0,2386.0,32.0,25.0,Javi López,100.0,7500000.0,0,0
ESP-La Liga,2324,Almería,Lucas Robertone,ARG,MF,26.0,1997.0,2381.0,33.0,29.0,Lucas Robertone,100.0,7000000.0,1,2
ESP-La Liga,2324,Real Madrid,Rodrygo,BRA,FW,22.0,2001.0,2380.0,34.0,28.0,Rodrygo,100.0,110000000.0,2,3
ESP-La Liga,2324,Mallorca,Martin Valjent,SVK,DF,27.0,1995.0,2349.0,28.0,28.0,Martin Valjent,100.0,6000000.0,1,2
ESP-La Liga,2324,Osasuna,Aimar Oroz,ESP,MF,21.0,2001.0,2339.0,33.0,26.0,Aimar Oroz,100.0,15000000.0,3,1
ESP-La Liga,2324,Osasuna,David García,ESP,DF,29.0,1994.0,2334.0,27.0,27.0,David García,100.0,10000000.0,1,2
ESP-La Liga,2324,Mallorca,Vedat Muriqi,KVX,FW,29.0,1994.0,2327.0,29.0,25.0,Vedat Muriqi,100.0,12000000.0,2,3
ESP-La Liga,2324,Real Betis,Isco,ESP,MF,31.0,1992.0,2326.0,29.0,28.0,Isco,100.0,8000000.0,0,0
ESP-La Liga,2324,Real Madrid,Jude Bellingham,ENG,"MF,FW",20.0,2003.0,2315.0,28.0,27.0,Jude Bellingham,100.0,180000000.0,2,0
ESP-La Liga,2324,Alavés,Abdel Abqar,MAR,DF,24.0,1999.0,2312.0,27.0,27.0,Abdel Abqar,100.0,7500000.0,1,2
ESP-La Liga,2324,Mallorca,Samu Costa,POR,MF,22.0,2000.0,2303.0,34.0,26.0,Samú Costa,100.0,10000000.0,1,0
ESP-La Liga,2324,Las Palmas,Saúl Coco,EQG,DF,24.0,1999.0,2295.0,30.0,26.0,Saúl Coco,100.0,8000000.0,1,1
ESP-La Liga,2324,Granada,Ricard Sánchez,ESP,DF,23.0,2000.0,2295.0,33.0,25.0,Ricard Sánchez,100.0,2500000.0,3,0
ESP-La Liga,2324,Real Betis,Ayoze Pérez,ESP,"MF,FW",30.0,1993.0,2294.0,31.0,29.0,Ayoze Pérez,100.0,7000000.0,2,0
ESP-La Liga,2324,Real Sociedad,Hamari Traoré,MLI,DF,31.0,1992.0,2292.0,31.0,27.0,Hamari Traoré,100.0,6000000.0,1,2
ESP-La Liga,2324,Sevilla,Boubakary Soumaré,FRA,MF,24.0,1999.0,2286.0,28.0,26.0,Boubakary Soumaré,100.0,14000000.0,1,2
ESP-La Liga,2324,Sevilla,Loïc Bade,FRA,DF,23.0,2000.0,2277.0,28.0,27.0,Loïc Badé,100.0,14000000.0,1,2
ESP-La Liga,2324,Athletic Club,Nico Williams,ESP,MF,21.0,2002.0,2263.0,31.0,29.0,Nico Williams,100.0,60000000.0,0,0
ESP-La Liga,2324,Mallorca,Matija Nastasić,SRB,DF,30.0,1993.0,2258.0,26.0,25.0,Matija Nastasić,100.0,1500000.0,3,1
ESP-La Liga,2324,Athletic Club,Óscar de Marcos,ESP,DF,34.0,1989.0,2258.0,28.0,26.0,Óscar de Marcos,100.0,1500000.0,3,0
ESP-La Liga,2324,Girona,Yan Couto,BRA,"MF,DF",21.0,2002.0,2245.0,34.0,24.0,Yan Couto,100.0,25000000.0,0,0
ESP-La Liga,2324,Athletic Club,Gorka Guruzeta,ESP,FW,26.0,1996.0,2217.0,32.0,30.0,Gorka Guruzeta,100.0,18000000.0,2,3
ESP-La Liga,2324,Celta Vigo,Carl Starfelt,SWE,DF,28.0,1995.0,2216.0,27.0,26.0,Carl Starfelt,100.0,6000000.0,1,1
ESP-La Liga,2324,Villarreal,Gerard Moreno,ESP,FW,31.0,1992.0,2215.0,30.0,28.0,Gerard Moreno,100.0,10000000.0,2,3
ESP-La Liga,2324,Barcelona,Lamine Yamal,ESP,"FW,MF",16.0,2007.0,2201.0,37.0,22.0,Lamine Yamal,100.0,90000000.0,0,0
ESP-La Liga,2324,Mallorca,Antonio Raillo,ESP,DF,31.0,1991.0,2195.0,26.0,25.0,Antonio Raíllo,100.0,2000000.0,3,1
ESP-La Liga,2324,Getafe,Omar Alderete,PAR,DF,26.0,1996.0,2195.0,31.0,24.0,Omar Alderete,100.0,5000000.0,1,2
ESP-La Liga,2324,Real Madrid,Dani Carvajal,ESP,DF,31.0,1992.0,2171.0,28.0,25.0,Daniel Carvajal,92.85714285714286,12000000.0,3,0
ESP-La Liga,2324,Real Betis,Chadi Riad,MAR,DF,20.0,2003.0,2164.0,26.0,24.0,Chadi Riad,100.0,15000000.0,1,2
ESP-La Liga,2324,Mallorca,Sergi Darder,ESP,MF,29.0,1993.0,2157.0,36.0,21.0,Sergi Darder,100.0,6000000.0,0,0
ESP-La Liga,2324,Real Sociedad,Mikel Oyarzabal,ESP,"FW,MF",26.0,1997.0,2156.0,33.0,23.0,Mikel Oyarzabal,100.0,45000000.0,2,3
ESP-La Liga,2324,Valencia,Thierry Correia,POR,DF,24.0,1999.0,2154.0,31.0,25.0,Thierry Correia,100.0,6000000.0,1,2
ESP-La Liga,2324,Getafe,Borja Mayoral,ESP,FW,26.0,1997.0,2153.0,27.0,25.0,Borja Mayoral,100.0,15000000.0,2,3
ESP-La Liga,2324,Real Sociedad,Takefusa Kubo,JPN,"FW,MF",22.0,2001.0,2150.0,30.0,24.0,Takefusa Kubo,100.0,50000000.0,0,0
ESP-La Liga,2324,Real Madrid,Toni Kroos,GER,MF,33.0,1990.0,2124.0,33.0,24.0,Toni Kroos,100.0,10000000.0,0,0
ESP-La Liga,2324,Getafe,Luis Milla,ESP,MF,28.0,1994.0,2115.0,27.0,25.0,Luis Milla,100.0,3500000.0,1,2
ESP-La Liga,2324,Rayo Vallecano,Unai López,ESP,MF,27.0,1995.0,2108.0,35.0,28.0,Unai López,100.0,3000000.0,1,0
ESP-La Liga,2324,Girona,Yangel Herrera,VEN,MF,25.0,1998.0,2107.0,29.0,27.0,Yangel Herrera,100.0,25000000.0,3,0
ESP-La Liga,2324,Athletic Club,Iñigo Ruiz de Galarreta,ESP,MF,29.0,1993.0,2091.0,29.0,25.0,Iñigo Ruiz de Galarreta,100.0,5000000.0,3,0
ESP-La Liga,2324,Osasuna,Rubén Peña,ESP,"DF,MF",32.0,1991.0,2088.0,29.0,26.0,Rubén Peña,100.0,2200000.0,1,2
ESP-La Liga,2324,Atlético Madrid,Samuel Lino,BRA,"MF,DF",23.0,1999.0,2080.0,34.0,25.0,Samuel Lino,100.0,30000000.0,0,0
ESP-La Liga,2324,Atlético Madrid,Rodrigo De Paul,ARG,MF,29.0,1994.0,2075.0,34.0,25.0,Rodrigo De Paul,100.0,30000000.0,0,0
ESP-La Liga,2324,Girona,Viktor Tsyhankov,UKR,MF,25.0,1997.0,2052.0,30.0,26.0,Viktor Tsygankov,93.75,30000000.0,2,0
ESP-La Liga,2324,Valencia,Francisco Perez,ESP,MF,20.0,2002.0,2049.0,32.0,27.0,Isco,90.0,8000000.0,3,0
ESP-La Liga,2324,Almería,Sergio Arribas,ESP,"MF,FW",21.0,2001.0,2047.0,34.0,22.0,Sergio Arribas,100.0,10000000.0,2,3
ESP-La Liga,2324,Osasuna,Johan Mojica,COL,"DF,MF",30.0,1992.0,2041.0,30.0,22.0,Johan Mojica,100.0,2200000.0,1,2
ESP-La Liga,2324,Villarreal,Raúl Albiol,ESP,DF,37.0,1985.0,2031.0,26.0,24.0,Raúl Albiol,100.0,1500000.0,1,2
ESP-La Liga,2324,Osasuna,Moi Gómez,ESP,"MF,FW",29.0,1994.0,2006.0,28.0,23.0,Moi Gómez,100.0,3500000.0,3,0
ESP-La Liga,2324,Sevilla,Jesús Navas,ESP,"DF,MF",37.0,1985.0,2003.0,29.0,25.0,Jesús Navas,100.0,2500000.0,1,2
ESP-La Liga,2324,Athletic Club,Iñigo Lekue,ESP,DF,30.0,1993.0,2002.0,27.0,22.0,Iñigo Lekue,100.0,3000000.0,1,2
ESP-La Liga,2324,Barcelona,Ronald Araújo,URU,DF,24.0,1999.0,1997.0,25.0,21.0,Ronald Araujo,100.0,70000000.0,1,1
ESP-La Liga,2324,Real Madrid,Aurélien Tchouaméni,FRA,"MF,DF",23.0,2000.0,1987.0,27.0,22.0,Aurélien Tchouaméni,100.0,100000000.0,3,1
ESP-La Liga,2324,Celta Vigo,Jonathan Bamba,CIV,"MF,FW",27.0,1996.0,1981.0,27.0,24.0,Jonathan Bamba,100.0,9000000.0,0,0
ESP-La Liga,2324,Real Betis,Marc Roca,ESP,MF,26.0,1996.0,1980.0,26.0,24.0,Marc Roca,100.0,9000000.0,3,1
ESP-La Liga,2324,Barcelona,Andreas Christensen,DEN,"DF,MF",27.0,1996.0,1979.0,30.0,27.0,Andreas Christensen,100.0,40000000.0,3,1
ESP-La Liga,2324,Athletic Club,Oihan Sancet,ESP,MF,23.0,2000.0,1975.0,30.0,25.0,Oihan Sancet,100.0,35000000.0,0,0
ESP-La Liga,2324,Real Betis,Willian José,BRA,FW,31.0,1991.0,1971.0,33.0,25.0,Willian José,100.0,5000000.0,2,3
ESP-La Liga,2324,Girona,David López,ESP,DF,33.0,1989.0,1965.0,25.0,25.0,David López,100.0,2500000.0,3,1
ESP-La Liga,2324,Villarreal,Jorge Cuenca,ESP,DF,23.0,1999.0,1963.0,29.0,21.0,Jorge Cuenca,100.0,6000000.0,3,1
ESP-La Liga,2324,Celta Vigo,Luca de la Torre,USA,MF,25.0,1998.0,1956.0,31.0,22.0,Luca de la Torre,100.0,3000000.0,1,0
ESP-La Liga,2324,Athletic Club,Yuri Berchiche,ESP,DF,33.0,1990.0,1930.0,27.0,22.0,Yuri Berchiche,100.0,1800000.0,3,0
ESP-La Liga,2324,Alavés,Samu Omorodion,ESP,FW,19.0,2004.0,1998.0,35.0,22.0,,63.52941176470588,,2,3
ESP-La Liga,2324,Almería,Dion Lopy,SEN,MF,21.0,2002.0,1916.0,30.0,23.0,Dion Lopy,100.0,10000000.0,1,2
ESP-La Liga,2324,Atlético Madrid,Álvaro Morata,ESP,FW,30.0,1992.0,1904.0,32.0,21.0,Álvaro Morata,100.0,16000000.0,2,3
ESP-La Liga,2324,Cádiz,Roberto Navarro,ESP,MF,21.0,2002.0,1888.0,28.0,24.0,Robert Navarro,96.55172413793105,6000000.0,0,0
ESP-La Liga,2324,Almería,Marc Pubill,ESP,DF,20.0,2003.0,1883.0,23.0,22.0,Marc Pubill,100.0,4000000.0,0,0
ESP-La Liga,2324,Alavés,Rubén Duarte,ESP,DF,27.0,1995.0,1878.0,28.0,21.0,Rubén Duarte,100.0,3000000.0,3,0
ESP-La Liga,2324,Cádiz,Víctor Chust,ESP,DF,23.0,2000.0,1864.0,22.0,22.0,Víctor Chust,100.0,2000000.0,1,2
ESP-La Liga,2324,Real Madrid,Vinicius Júnior,BRA,FW,23.0,2000.0,1864.0,26.0,22.0,Vinicius Junior,100.0,180000000.0,2,3
ESP-La Liga,2324,Real Betis,Juan Miranda,ESP,DF,23.0,2000.0,1858.0,25.0,21.0,Juan Miranda,100.0,9000000.0,1,0
ESP-La Liga,2324,Las Palmas,Marvin,ESP,"MF,DF",23.0,2000.0,1855.0,31.0,17.0,Marvin Park,90.0,2000000.0,1,2
ESP-La Liga,2324,Osasuna,Iker Muñoz,ESP,MF,20.0,2002.0,1854.0,28.0,20.0,Iker Muñoz,100.0,5000000.0,3,0
ESP-La Liga,2324,Atlético Madrid,Nahuel Molina,ARG,"MF,DF",25.0,1998.0,1852.0,30.0,19.0,Nahuel Molina,100.0,28000000.0,0,0
ESP-La Liga,2324,Real Betis,Guido Rodríguez,ARG,MF,29.0,1994.0,1846.0,24.0,22.0,Guido Rodríguez,100.0,20000000.0,3,0
ESP-La Liga,2324,Valencia,Dimitri Foulquier,FRA,"DF,MF",30.0,1993.0,1842.0,33.0,19.0,Dimitri Foulquier,100.0,2500000.0,1,2
ESP-La Liga,2324,Almería,Léo Baptistão,BRA,"FW,MF",30.0,1992.0,1837.0,32.0,22.0,Léo Baptistão,100.0,1500000.0,2,3
ESP-La Liga,2324,Mallorca,Cyle Larin,CAN,FW,28.0,1995.0,1823.0,35.0,20.0,Cyle Larin,100.0,4000000.0,2,3
ESP-La Liga,2324,Real Madrid,Eduardo Camavinga,FRA,MF,20.0,2002.0,1817.0,31.0,21.0,Eduardo Camavinga,100.0,100000000.0,1,2
ESP-La Liga,2324,Las Palmas,Sandro Ramírez,ESP,"FW,MF",28.0,1995.0,1808.0,27.0,21.0,Sandro Ramírez,100.0,1500000.0,0,0
ESP-La Liga,2324,Las Palmas,Alberto Moleiro,ESP,"MF,FW",19.0,2003.0,1803.0,28.0,21.0,Alberto Moleiro,100.0,15000000.0,0,0
ESP-La Liga,2324,Granada,Gonzalo Villar,ESP,MF,25.0,1998.0,1803.0,35.0,21.0,Gonzalo Villar,100.0,3000000.0,0,0
ESP-La Liga,2324,Osasuna,Jon Moncayola,ESP,MF,25.0,1998.0,1800.0,33.0,21.0,Jon Moncayola,100.0,7000000.0,1,0
ESP-La Liga,2324,Valencia,José Luis Gayà,ESP,DF,28.0,1995.0,1791.0,24.0,22.0,José Gayà,85.5,25000000.0,3,0
ESP-La Liga,2324,Las Palmas,Enzo Loiodice,FRA,MF,22.0,2000.0,1790.0,34.0,19.0,Enzo Loiodice,100.0,4000000.0,1,2
ESP-La Liga,2324,Osasuna,Lucas Torró,ESP,MF,29.0,1994.0,1788.0,28.0,21.0,Lucas Torró,100.0,4000000.0,1,1
ESP-La Liga,2324,Almería,César Montes,MEX,DF,26.0,1997.0,1788.0,21.0,21.0,César Montes,100.0,3000000.0,1,2
ESP-La Liga,2324,Getafe,Jaime Mata,ESP,"FW,MF",34.0,1988.0,1787.0,35.0,22.0,Jaime Mata,100.0,900000.0,2,3
ESP-La Liga,2324,Celta Vigo,Manu Sánchez,ESP,"DF,MF",22.0,2000.0,1775.0,26.0,20.0,Manu Sánchez,100.0,8000000.0,1,2
ESP-La Liga,2324,Sevilla,Adrià Pedrosa,ESP,"DF,MF",25.0,1998.0,1753.0,31.0,15.0,Adrià Pedrosa,100.0,6000000.0,0,0
ESP-La Liga,2324,Real Madrid,Nacho,ESP,DF,33.0,1990.0,1746.0,29.0,18.0,Nacho Fernández,90.0,3000000.0,1,2
ESP-La Liga,2324,Sevilla,Nemanja Gudelj,SRB,"DF,MF",31.0,1991.0,1742.0,22.0,20.0,Nemanja Gudelj,100.0,3500000.0,1,1
ESP-La Liga,2324,Real Madrid,Ferland Mendy,FRA,DF,28.0,1995.0,1720.0,23.0,21.0,Ferland Mendy,100.0,22000000.0,1,2
ESP-La Liga,2324,Real Betis,Héctor Bellerín,ESP,DF,28.0,1995.0,1711.0,23.0,20.0,Héctor Bellerín,100.0,4000000.0,1,2
ESP-La Liga,2324,Cádiz,Gonzalo Escalante,ARG,MF,30.0,1993.0,1697.0,25.0,18.0,Gonzalo Escalante,100.0,1500000.0,1,0
ESP-La Liga,2324,Rayo Vallecano,Abdul Mumin,GHA,DF,25.0,1998.0,1694.0,20.0,19.0,Abdul Mumin,100.0,2500000.0,3,1
ESP-La Liga,2324,Cádiz,Iván Alejo,ESP,MF,28.0,1995.0,1692.0,30.0,21.0,Iván Alejo,100.0,1500000.0,0,0
ESP-La Liga,2324,Rayo Vallecano,Aridane Hernández,ESP,DF,34.0,1989.0,1690.0,19.0,19.0,Aridane Hernández,100.0,800000.0,1,2
ESP-La Liga,2324,Real Madrid,Luka Modrić,CRO,MF,37.0,1985.0,1688.0,32.0,18.0,Luka Modrić,100.0,6000000.0,0,0
ESP-La Liga,2324,Real Sociedad,Beñat Turrientes,ESP,MF,21.0,2002.0,1687.0,29.0,19.0,Beñat Turrientes,100.0,20000000.0,1,2
ESP-La Liga,2324,Real Madrid,Joselu,ESP,FW,33.0,1990.0,1687.0,34.0,15.0,Joselu,100.0,5000000.0,2,3
ESP-La Liga,2324,Mallorca,Jaume Costa,ESP,"DF,MF",35.0,1988.0,1682.0,30.0,19.0,Jaume Costa,100.0,900000.0,1,2
ESP-La Liga,2324,Almería,Sergio Akieme,ESP,"DF,MF",25.0,1997.0,2493.0,32.0,27.0,Sergio Akieme,100.0,7000000.0,3,0
ESP-La Liga,2324,Osasuna,Juan Cruz Armada,ESP,DF,31.0,1992.0,1667.0,26.0,18.0,Juan Cruz,90.0,1500000.0,1,2
ESP-La Liga,2324,Rayo Vallecano,Pathé Ciss,SEN,MF,29.0,1994.0,1664.0,31.0,16.0,Pathé Ciss,100.0,2500000.0,1,0
ESP-La Liga,2324,Rayo Vallecano,Sergio Camello,ESP,FW,22.0,2001.0,1661.0,31.0,20.0,Sergio Camello,100.0,3000000.0,0,3
ESP-La Liga,2324,Villarreal,Santi Comesaña,ESP,MF,26.0,1996.0,1653.0,27.0,20.0,Santi Comesaña,100.0,6000000.0,3,1
ESP-La Liga,2324,Cádiz,Rubén Sobrino,ESP,"MF,FW",31.0,1992.0,1646.0,32.0,18.0,Rubén Sobrino,100.0,1400000.0,1,0
ESP-La Liga,2324,Osasuna,Jorge Herrando,ESP,DF,22.0,2001.0,1644.0,19.0,18.0,Jorge Herrando,100.0,6000000.0,1,2
ESP-La Liga,2324,Granada,Bryan Zaragoza,ESP,"MF,FW",21.0,2001.0,1821.0,28.0,19.0,Bryan Zaragoza,100.0,12000000.0,0,0
ESP-La Liga,2324,Barcelona,Frenkie de Jong,NED,MF,26.0,1997.0,1634.0,20.0,20.0,Frenkie de Jong,100.0,70000000.0,3,1
ESP-La Liga,2324,Atlético Madrid,Stefan Savić,MNE,DF,32.0,1991.0,1630.0,23.0,19.0,Stefan Savic,100.0,2500000.0,1,2
ESP-La Liga,2324,Las Palmas,Máximo Perrone,ARG,MF,20.0,2003.0,1623.0,29.0,20.0,Máximo Perrone,100.0,9000000.0,1,2
ESP-La Liga,2324,Sevilla,Óliver Torres,ESP,MF,28.0,1994.0,1616.0,27.0,18.0,Óliver Torres,100.0,6000000.0,1,0
ESP-La Liga,2324,Mallorca,Manu Morlanes,ESP,MF,24.0,1999.0,1615.0,35.0,16.0,Manu Morlanes,100.0,2500000.0,1,2
ESP-La Liga,2324,Sevilla,Kike Salas,ESP,DF,21.0,2002.0,1605.0,23.0,19.0,Kike Salas,100.0,10000000.0,3,1
ESP-La Liga,2324,Valencia,Cenk Özkacar,TUR,DF,22.0,2000.0,1598.0,23.0,18.0,Cenk Özkacar,100.0,4000000.0,1,2
ESP-La Liga,2324,Athletic Club,Álex Berenguer,ESP,MF,28.0,1995.0,1592.0,35.0,15.0,Álex Berenguer,100.0,12000000.0,0,0
ESP-La Liga,2324,Celta Vigo,Carlos Dominguez,ESP,DF,22.0,2001.0,1584.0,22.0,18.0,Carlos Domínguez,100.0,3000000.0,1,2
ESP-La Liga,2324,Villarreal,Kiko Femenía,ESP,DF,32.0,1991.0,1583.0,23.0,16.0,Kiko Femenía,100.0,1400000.0,1,2
ESP-La Liga,2324,Mallorca,Omar Mascarell,EQG,MF,30.0,1993.0,1571.0,29.0,18.0,Omar Mascarell,100.0,1000000.0,1,2
ESP-La Liga,2324,Granada,Miguel Ángel Rubio,ESP,DF,25.0,1998.0,1560.0,19.0,17.0,Miguel Ángel Brau,85.71428571428572,150000.0,3,1
ESP-La Liga,2324,Barcelona,Pau Cubarsí,ESP,DF,16.0,2007.0,1558.0,19.0,18.0,Pau Cubarsí,100.0,30000000.0,1,2
ESP-La Liga,2324,Almería,Largie Ramazani,BEL,"MF,FW",22.0,2001.0,1555.0,29.0,16.0,Largie Ramazani,100.0,5000000.0,0,0
ESP-La Liga,2324,Atlético Madrid,Pablo Barrios,ESP,MF,20.0,2003.0,1555.0,24.0,17.0,Pablo Barrios,100.0,25000000.0,1,2
ESP-La Liga,2324,Getafe,Juanmi Latasa,ESP,FW,22.0,2001.0,1555.0,32.0,15.0,Juanmi Latasa,100.0,2800000.0,0,3
ESP-La Liga,2324,Rayo Vallecano,Jorge de Frutos,ESP,MF,26.0,1997.0,1549.0,36.0,14.0,Jorge de Frutos,100.0,4000000.0,0,0
ESP-La Liga,2324,Osasuna,Rubén García,ESP,"FW,MF",30.0,1993.0,1547.0,30.0,19.0,Rubén García,100.0,2500000.0,0,0
ESP-La Liga,2324,Real Madrid,Brahim Díaz,MAR,"MF,FW",23.0,1999.0,1545.0,31.0,18.0,Brahim Díaz,100.0,40000000.0,2,0
ESP-La Liga,2324,Mallorca,Toni Lato,ESP,DF,25.0,1997.0,1544.0,28.0,16.0,Toni Lato,100.0,3500000.0,1,2
ESP-La Liga,2324,Barcelona,João Félix,POR,FW,23.0,1999.0,1540.0,30.0,18.0,João Félix,100.0,30000000.0,2,0
ESP-La Liga,2324,Cádiz,Lucas,BRA,DF,22.0,2001.0,1539.0,28.0,15.0,Lucas Cañizares,90.0,400000.0,1,0
ESP-La Liga,2324,Athletic Club,Mikel Vesga,ESP,MF,30.0,1993.0,1534.0,27.0,18.0,Mikel Vesga,100.0,4000000.0,3,1
ESP-La Liga,2324,Atlético Madrid,Rodrigo Riquelme,ESP,"MF,DF",23.0,2000.0,1528.0,34.0,17.0,Rodrigo Riquelme,100.0,25000000.0,0,0
ESP-La Liga,2324,Atlético Madrid,Ángel Correa,ARG,"FW,MF",28.0,1995.0,1528.0,32.0,14.0,Ángel Correa,100.0,18000000.0,2,3
ESP-La Liga,2324,Real Sociedad,Jon Pacheco,ESP,DF,22.0,2001.0,1526.0,23.0,16.0,Jon Pacheco,100.0,15000000.0,3,1
ESP-La Liga,2324,Sevilla,Suso,ESP,MF,29.0,1993.0,1517.0,29.0,15.0,Suso,100.0,4000000.0,0,0
ESP-La Liga,2324,Villarreal,Ilias Akhomach,MAR,MF,19.0,2004.0,1511.0,31.0,17.0,Ilias Akhomach,100.0,15000000.0,0,0
ESP-La Liga,2324,Villarreal,Alberto Moreno,ESP,DF,31.0,1992.0,1484.0,27.0,17.0,Alberto Moreno,100.0,1800000.0,3,0
ESP-La Liga,2324,Barcelona,Pedri,ESP,"MF,FW",20.0,2002.0,1476.0,24.0,16.0,Pedri,100.0,80000000.0,3,0
ESP-La Liga,2324,Las Palmas,Julian Araujo,MEX,DF,21.0,2001.0,1462.0,25.0,15.0,Julián Araujo,100.0,8000000.0,3,1
ESP-La Liga,2324,Sevilla,Djibril Sow,SUI,MF,26.0,1997.0,1460.0,24.0,18.0,Djibril Sow,100.0,9000000.0,1,1
ESP-La Liga,2324,Villarreal,Étienne Capoue,FRA,MF,35.0,1988.0,1455.0,32.0,15.0,Étienne Capoue,100.0,1500000.0,1,0
ESP-La Liga,2324,Mallorca,Pablo Maffeo,ESP,"DF,MF",26.0,1997.0,1454.0,22.0,17.0,Pablo Maffeo,100.0,5000000.0,0,0
ESP-La Liga,2324,Mallorca,Antonio Sánchez,ESP,MF,26.0,1997.0,1452.0,29.0,21.0,Antonio Sánchez,100.0,2500000.0,3,0
ESP-La Liga,2324,Athletic Club,Beñat Prados,ESP,MF,22.0,2001.0,1449.0,26.0,16.0,Beñat Prados,100.0,15000000.0,1,2
ESP-La Liga,2324,Barcelona,Fermin López,ESP,"MF,FW",20.0,2003.0,1446.0,31.0,14.0,Fermín López,100.0,30000000.0,2,3
ESP-La Liga,2324,Almería,Iddrisu Baba,GHA,MF,27.0,1996.0,1430.0,25.0,14.0,Iddrisu Baba,100.0,2200000.0,1,2
ESP-La Liga,2324,Real Sociedad,Ander Barrenetxea,ESP,"MF,FW",21.0,2001.0,1427.0,29.0,20.0,Ander Barrenetxea,100.0,20000000.0,0,0
ESP-La Liga,2324,Sevilla,Ivan Rakitić,CRO,MF,35.0,1988.0,1425.0,18.0,16.0,Ivan Rakitic,100.0,3500000.0,0,0
ESP-La Liga,2324,Atlético Madrid,César Azpilicueta,ESP,"DF,MF",33.0,1989.0,1423.0,25.0,14.0,César Azpilicueta,100.0,2000000.0,1,2
ESP-La Liga,2324,Alavés,Kiké,ESP,FW,33.0,1989.0,1423.0,33.0,15.0,Kike Salas,90.0,10000000.0,2,3
ESP-La Liga,2324,Real Madrid,Lucas Vázquez,ESP,DF,32.0,1991.0,1419.0,29.0,14.0,Lucas Vázquez,100.0,4000000.0,0,0
ESP-La Liga,2324,Getafe,Iglesias,ESP,"DF,MF",25.0,1998.0,1412.0,23.0,16.0,Borja Iglesias,90.0,5000000.0,1,2
ESP-La Liga,2324,Real Betis,Abner,BRA,DF,23.0,2000.0,1400.0,23.0,15.0,Abner,100.0,7000000.0,1,2
ESP-La Liga,2324,Real Madrid,Fran Garcia,ESP,DF,23.0,1999.0,1398.0,25.0,15.0,Fran García,100.0,15000000.0,0,0
ESP-La Liga,2324,Valencia,Gabriel Paulista,BRA,DF,32.0,1990.0,1803.0,23.0,21.0,Gabriel Paulista,100.0,2000000.0,1,2
ESP-La Liga,2324,Rayo Vallecano,Óscar Trejo,ARG,"FW,MF",35.0,1988.0,1380.0,31.0,19.0,Óscar Trejo,100.0,1000000.0,1,3
ESP-La Liga,2324,Barcelona,Alejandro Balde,ESP,"DF,MF",19.0,2003.0,1378.0,18.0,15.0,Alejandro Balde,100.0,40000000.0,1,2
ESP-La Liga,2324,Atlético Madrid,Saúl Ñíguez,ESP,MF,28.0,1994.0,1374.0,34.0,14.0,Saúl Ñíguez,100.0,7500000.0,1,0
ESP-La Liga,2324,Barcelona,Raphinha,BRA,"FW,MF",26.0,1996.0,1368.0,28.0,17.0,Raphinha,100.0,50000000.0,2,0
ESP-La Liga,2324,Cádiz,Roger Martí,ESP,FW,32.0,1991.0,1359.0,23.0,18.0,Roger Martí,100.0,1200000.0,0,3
ESP-La Liga,2324,Osasuna,Raúl,ESP,FW,22.0,2000.0,1355.0,35.0,13.0,Raúl García,90.0,1500000.0,2,3
ESP-La Liga,2324,Celta Vigo,Renato Tapia,PER,"MF,DF",28.0,1995.0,1337.0,21.0,15.0,Renato Tapia,100.0,5000000.0,1,2
ESP-La Liga,2324,Granada,Bruno Méndez,URU,DF,23.0,1999.0,1333.0,17.0,15.0,Bruno Méndez,100.0,5000000.0,3,1
ESP-La Liga,2324,Mallorca,Copete,ESP,DF,23.0,1999.0,1333.0,19.0,17.0,José Copete,90.0,2800000.0,3,1
ESP-La Liga,2324,Real Betis,Johnny Cardoso,USA,MF,21.0,2001.0,1328.0,17.0,15.0,Johnny Cardoso,100.0,25000000.0,1,1
ESP-La Liga,2324,Atlético Madrid,José María Giménez,URU,DF,28.0,1995.0,1326.0,22.0,14.0,José María Giménez,100.0,22000000.0,1,2
ESP-La Liga,2324,Valencia,Hugo Guillamón,ESP,MF,23.0,2000.0,1315.0,26.0,12.0,Hugo Guillamón,100.0,8000000.0,3,1
ESP-La Liga,2324,Getafe,Carmona,ESP,"MF,DF",21.0,2002.0,1313.0,30.0,15.0,José Ángel Carmona,90.0,3500000.0,1,0
ESP-La Liga,2324,Getafe,Damián Suárez,URU,DF,35.0,1988.0,1299.0,16.0,15.0,Damián Suárez,100.0,650000.0,1,2
ESP-La Liga,2324,Barcelona,Iñigo Martínez,ESP,DF,32.0,1991.0,1296.0,20.0,13.0,Iñigo Martínez,100.0,5000000.0,1,2
ESP-La Liga,2324,Sevilla,Marcos Acuña,ARG,"DF,MF",31.0,1991.0,1292.0,21.0,18.0,Marcos Acuña,100.0,4000000.0,0,0
ESP-La Liga,2324,Cádiz,Álex Fernández,ESP,MF,30.0,1992.0,1285.0,26.0,14.0,Álex Fernández,100.0,1500000.0,1,2
ESP-La Liga,2324,Rayo Vallecano,Raúl de Tomás,ESP,FW,28.0,1994.0,1272.0,25.0,15.0,Raúl de Tomás,100.0,2000000.0,0,3
ESP-La Liga,2324,Mallorca,Abdón Prats,ESP,FW,30.0,1992.0,1270.0,34.0,11.0,Abdón Prats,100.0,1800000.0,2,3
ESP-La Liga,2324,Alavés,Alex Sola,ESP,MF,24.0,1999.0,1292.0,31.0,14.0,Álex Sola,100.0,4000000.0,0,0
ESP-La Liga,2324,Granada,Raúl Torrente,ESP,DF,21.0,2001.0,1250.0,17.0,14.0,Raúl Torrente,100.0,3000000.0,1,2
ESP-La Liga,2324,Girona,Arnau Martinez,ESP,DF,20.0,2003.0,1241.0,21.0,14.0,Arnau Martínez,100.0,10000000.0,1,2
ESP-La Liga,2324,Real Sociedad,Kieran Tierney,SCO,DF,26.0,1997.0,1238.0,20.0,14.0,Kieran Tierney,100.0,12000000.0,1,2
ESP-La Liga,2324,Granada,Facundo Pellistri,URU,"MF,FW",21.0,2001.0,1404.0,24.0,15.0,Facundo Pellistri,100.0,8000000.0,0,0
ESP-La Liga,2324,Valencia,Sergi Canós,ESP,MF,26.0,1997.0,1229.0,27.0,15.0,Sergi Canós,100.0,2500000.0,0,0
ESP-La Liga,2324,Villarreal,Yerson Mosquera,COL,DF,22.0,2001.0,1229.0,16.0,14.0,Yerson Mosquera,100.0,6000000.0,3,1
ESP-La Liga,2324,Real Sociedad,Arsen Zakharyan,RUS,"MF,FW",20.0,2003.0,1228.0,29.0,15.0,Arsen Zakharyan,100.0,18000000.0,0,0
ESP-La Liga,2324,Barcelona,Ferran Torres,ESP,FW,23.0,2000.0,1211.0,29.0,12.0,Ferran Torres,100.0,30000000.0,2,3
ESP-La Liga,2324,Girona,Portu,ESP,"MF,FW",31.0,1992.0,1285.0,36.0,11.0,Portu,100.0,3500000.0,2,3
ESP-La Liga,2324,Sevilla,Juanlu Sánchez,ESP,"DF,MF",19.0,2003.0,1181.0,26.0,11.0,Juanlu Sánchez,100.0,15000000.0,1,2
ESP-La Liga,2324,Rayo Vallecano,Pep Chavarría,ESP,"DF,MF",25.0,1998.0,1167.0,22.0,12.0,Pep Chavarría,100.0,2000000.0,0,0
ESP-La Liga,2324,Cádiz,Maxi Gómez,URU,FW,26.0,1996.0,1163.0,31.0,12.0,Maxi Gómez,100.0,2000000.0,0,3
ESP-La Liga,2324,Real Madrid,David Alaba,AUT,DF,31.0,1992.0,1154.0,14.0,14.0,David Alaba,100.0,20000000.0,1,2
ESP-La Liga,2324,Athletic Club,Yeray Álvarez,ESP,DF,28.0,1995.0,1152.0,19.0,14.0,Yeray Álvarez,100.0,8000000.0,1,2
ESP-La Liga,2324,Osasuna,Pablo Ibáñez,ESP,MF,24.0,1998.0,1152.0,33.0,12.0,Pablo Ibáñez,100.0,2500000.0,0,3
ESP-La Liga,2324,Real Betis,Pablo Fornals,ESP,MF,27.0,1996.0,1574.0,30.0,18.0,Pablo Fornals,100.0,14000000.0,0,0
ESP-La Liga,2324,Alavés,Nahuel Tenaglia,ARG,DF,27.0,1996.0,1141.0,25.0,11.0,Nahuel Tenaglia,100.0,2000000.0,3,1
ESP-La Liga,2324,Real Betis,Sokratis Papastathopoulos,GRE,DF,35.0,1988.0,1136.0,15.0,12.0,Sokratis Papastathopoulos,100.0,700000.0,1,2
ESP-La Liga,2324,Alavés,Carlos Benavídez,URU,MF,25.0,1998.0,1136.0,29.0,10.0,,81.25,,3,1
ESP-La Liga,2324,Real Sociedad,Aihen Muñoz,ESP,DF,25.0,1997.0,1127.0,21.0,11.0,Aihen Muñoz,100.0,8000000.0,1,2
ESP-La Liga,2324,Sevilla,Dodi Lukebakio,BEL,"MF,FW",25.0,1997.0,1125.0,23.0,12.0,Dodi Lukébakio,100.0,12000000.0,2,3
ESP-La Liga,2324,Granada,Óscar Melendo,ESP,"MF,FW",25.0,1997.0,1122.0,26.0,15.0,Óscar Melendo,100.0,2000000.0,1,2
ESP-La Liga,2324,Villarreal,Alfonso Pedraza,ESP,DF,27.0,1996.0,1116.0,19.0,14.0,Alfonso Pedraza,100.0,5000000.0,0,0
ESP-La Liga,2324,Alavés,Carlos Vicente,ESP,MF,24.0,1999.0,1114.0,18.0,12.0,Carlos Vicente,100.0,4000000.0,0,0
ESP-La Liga,2324,Villarreal,Aïssa Mandi,ALG,DF,31.0,1991.0,1113.0,16.0,12.0,Aïssa Mandi,100.0,1800000.0,3,1
ESP-La Liga,2324,Almería,Gonzalo Melero,ESP,"MF,FW",29.0,1994.0,1103.0,28.0,10.0,Gonzalo Melero,100.0,1800000.0,3,1
ESP-La Liga,2324,Real Sociedad,Umar Sadiq,NGA,FW,26.0,1997.0,1077.0,26.0,12.0,Umar Sadiq,100.0,10000000.0,2,3
ESP-La Liga,2324,Real Sociedad,Javi Galán,ESP,DF,28.0,1994.0,1163.0,19.0,13.0,Javi Galán,100.0,7000000.0,1,2
ESP-La Liga,2324,Valencia,Mouctar Diakhaby,GUI,"DF,MF",26.0,1996.0,1073.0,14.0,12.0,Mouctar Diakhaby,100.0,2000000.0,3,1
ESP-La Liga,2324,Villarreal,Juan Foyth,ARG,DF,25.0,1998.0,1062.0,12.0,12.0,Juan Foyth,100.0,15000000.0,3,1
ESP-La Liga,2324,Real Betis,Rodri,ESP,MF,23.0,2000.0,1051.0,29.0,9.0,Álvaro Rodríguez,90.0,3500000.0,0,0
ESP-La Liga,2324,Real Betis,Nabil Fekir,FRA,"MF,FW",30.0,1993.0,1049.0,19.0,10.0,Nabil Fekir,100.0,10000000.0,0,0
ESP-La Liga,2324,Villarreal,José Luis Morales,ESP,"FW,MF",36.0,1987.0,1048.0,29.0,8.0,José Luis Morales,100.0,1500000.0,2,3
ESP-La Liga,2324,Real Betis,Assane Diao,SEN,MF,17.0,2005.0,1048.0,18.0,13.0,Assane Diao,100.0,12000000.0,3,0
ESP-La Liga,2324,Real Betis,Youssouf Sabaly,SEN,DF,30.0,1993.0,1046.0,12.0,12.0,Youssouf Sabaly,100.0,2500000.0,1,2
ESP-La Liga,2324,Sevilla,Isaac Romero,ESP,FW,23.0,2000.0,1039.0,14.0,14.0,Isaac Romero,100.0,18000000.0,2,3
ESP-La Liga,2324,Athletic Club,Ander Herrera,ESP,MF,33.0,1989.0,1030.0,23.0,10.0,Ander Herrera,100.0,2000000.0,1,2
ESP-La Liga,2324,Getafe,Carles Aleñá,ESP,MF,25.0,1998.0,1020.0,29.0,10.0,Carles Aleñá,100.0,3000000.0,0,0
ESP-La Liga,2324,Real Betis,Aitor Ruibal,ESP,"DF,MF",27.0,1996.0,1017.0,18.0,11.0,Aitor Ruibal,100.0,3500000.0,3,0
ESP-La Liga,2324,Almería,Álex Centelles,ESP,DF,25.0,1997.0,980.0,14.0,11.0,Álex Centelles,100.0,1200000.0,1,2
ESP-La Liga,2324,Almería,Alejandro Pozo Pozo,ESP,"DF,MF",24.0,1999.0,976.0,21.0,9.0,Álex Pozo,85.5,2000000.0,1,2
ESP-La Liga,2324,Getafe,Óscar Rodríguez Arnaiz,ESP,"MF,FW",25.0,1998.0,967.0,24.0,9.0,Óscar Rodríguez,95.0,2500000.0,0,3
ESP-La Liga,2324,Valencia,André Almeida,POR,"FW,MF",23.0,2000.0,965.0,18.0,12.0,André Almeida,100.0,15000000.0,3,0
ESP-La Liga,2324,Villarreal,Gonçalo Guedes,POR,"FW,MF",26.0,1996.0,951.0,17.0,9.0,Gonçalo Guedes,100.0,15000000.0,0,0
ESP-La Liga,2324,Alavés,Aleksandar Sedlar,SRB,DF,31.0,1991.0,946.0,11.0,11.0,Aleksandar Sedlar,100.0,400000.0,3,1
ESP-La Liga,2324,Barcelona,Gavi,ESP,"MF,FW",18.0,2004.0,944.0,12.0,10.0,Gavi,100.0,90000000.0,1,0
ESP-La Liga,2324,Barcelona,Oriol Romeu,ESP,MF,31.0,1991.0,936.0,28.0,11.0,Oriol Romeu,100.0,2000000.0,1,2
ESP-La Liga,2324,Osasuna,José Arnaiz,ESP,"FW,MF",28.0,1995.0,929.0,26.0,9.0,José María Giménez,85.5,22000000.0,0,0
ESP-La Liga,2324,Valencia,Roman Yaremchuk,UKR,FW,27.0,1995.0,928.0,25.0,11.0,Roman Yaremchuk,100.0,3500000.0,2,3
ESP-La Liga,2324,Almería,Luis Suárez,COL,"FW,MF",25.0,1997.0,917.0,15.0,10.0,Luis Suárez,100.0,3500000.0,2,3
ESP-La Liga,2324,Almería,Jonathan Viera,ESP,MF,33.0,1989.0,1529.0,21.0,19.0,Jonathan Viera,100.0,1000000.0,0,0
ESP-La Liga,2324,Villarreal,Francis Coquelin,FRA,MF,32.0,1991.0,910.0,17.0,10.0,Francis Coquelin,100.0,1500000.0,1,2
ESP-La Liga,2324,Getafe,Domingos Duarte,POR,DF,28.0,1995.0,907.0,15.0,11.0,Domingos Duarte,100.0,2000000.0,1,2
ESP-La Liga,2324,Celta Vigo,Anastasios Douvikas,GRE,FW,23.0,1999.0,905.0,32.0,7.0,Anastasios Douvikas,100.0,6000000.0,2,3
ESP-La Liga,2324,Real Betis,Abde Ezzalzouli,MAR,MF,21.0,2001.0,933.0,28.0,6.0,Abde Ezzalzouli,100.0,9000000.0,0,0
ESP-La Liga,2324,Osasuna,Ezequiel Ávila,ARG,"FW,MF",29.0,1994.0,1162.0,23.0,14.0,,73.28571428571429,,0,0
ESP-La Liga,2324,Real Sociedad,Sheraldo Becker,SUR,"FW,MF",28.0,1995.0,1416.0,26.0,15.0,Sheraldo Becker,100.0,10000000.0,0,0
ESP-La Liga,2425,Rayo Vallecano,Florian Lejeune,FRA,DF,33.0,1991.0,3325.0,37.0,37.0,Florian Lejeune,100.0,2500000.0,1,1
ESP-La Liga,2425,Valencia,Cristhian Mosquera,ESP,DF,20.0,2004.0,3319.0,37.0,37.0,Cristhian Mosquera,100.0,30000000.0,3,1
ESP-La Liga,2425,Mallorca,Antonio Raillo,ESP,DF,32.0,1991.0,3207.0,36.0,36.0,Antonio Raíllo,100.0,1800000.0,1,1
ESP-La Liga,2425,Espanyol,Omar El Hilali,MAR,DF,20.0,2003.0,3153.0,36.0,36.0,Omar El Hilali,100.0,15000000.0,1,2
ESP-La Liga,2425,Alavés,Carlos Vicente,ESP,MF,25.0,1999.0,3092.0,37.0,35.0,Carlos Vicente,100.0,10000000.0,0,0
ESP-La Liga,2425,Sevilla,Dodi Lukebakio,BEL,"MF,FW",26.0,1997.0,3092.0,38.0,36.0,Dodi Lukébakio,100.0,20000000.0,2,3
ESP-La Liga,2425,Osasuna,Jesús Areso,ESP,DF,25.0,1999.0,3079.0,36.0,35.0,Jesús Areso,100.0,12000000.0,1,2
ESP-La Liga,2425,Osasuna,Catena,ESP,DF,29.0,1994.0,3074.0,35.0,35.0,Alejandro Catena,90.0,3000000.0,1,1
ESP-La Liga,2425,Rayo Vallecano,Andrei Ratiu,ROU,"DF,MF",26.0,1998.0,3065.0,35.0,34.0,Andrei Rațiu,100.0,12000000.0,1,0
ESP-La Liga,2425,Real Madrid,Federico Valverde,URU,"MF,DF",26.0,1998.0,3032.0,36.0,34.0,Federico Valverde,100.0,130000000.0,3,0
ESP-La Liga,2425,Valencia,César Tárrega,ESP,DF,22.0,2002.0,3026.0,34.0,34.0,César Tárrega,100.0,10000000.0,3,1
ESP-La Liga,2425,Osasuna,Enzo Boyomo,CMR,DF,22.0,2001.0,3257.0,37.0,36.0,Enzo Boyomo,100.0,20000000.0,3,1
ESP-La Liga,2425,Espanyol,Javi Puado,ESP,"MF,FW",26.0,1998.0,2974.0,35.0,35.0,Javi Puado,100.0,10000000.0,2,3
ESP-La Liga,2425,Espanyol,Marash Kumbulla,ALB,DF,24.0,2000.0,2972.0,35.0,34.0,Marash Kumbulla,100.0,7500000.0,3,1
ESP-La Liga,2425,Getafe,Omar Alderete,PAR,DF,27.0,1996.0,2971.0,34.0,34.0,Omar Alderete,100.0,8000000.0,1,0
ESP-La Liga,2425,Osasuna,Aimar Oroz,ESP,MF,22.0,2001.0,2966.0,37.0,35.0,Aimar Oroz,100.0,15000000.0,0,0
ESP-La Liga,2425,Real Sociedad,Martín Zubimendi,ESP,MF,25.0,1999.0,2962.0,36.0,33.0,Martín Zubimendi,100.0,60000000.0,1,1
ESP-La Liga,2425,Osasuna,Lucas Torró,ESP,MF,30.0,1994.0,2957.0,35.0,35.0,Lucas Torró,100.0,3000000.0,3,1
ESP-La Liga,2425,Leganés,Sergi,ESP,DF,32.0,1992.0,2957.0,36.0,33.0,Sergio Mestre,90.0,50000.0,3,0
ESP-La Liga,2425,Osasuna,Ante Budimir,CRO,FW,33.0,1991.0,2952.0,38.0,34.0,Ante Budimir,100.0,5000000.0,2,3
ESP-La Liga,2425,Villarreal,Sergi Cardona,ESP,DF,25.0,1999.0,2945.0,35.0,34.0,Sergi Cardona,100.0,10000000.0,1,0
ESP-La Liga,2425,Sevilla,Carmona,ESP,DF,22.0,2002.0,2942.0,35.0,35.0,José Ángel Carmona,90.0,12000000.0,1,2
ESP-La Liga,2425,Alavés,Nahuel Tenaglia,ARG,DF,28.0,1996.0,2922.0,34.0,33.0,Nahuel Tenaglia,100.0,3000000.0,1,0
ESP-La Liga,2425,Real Madrid,Kylian Mbappé,FRA,FW,25.0,1998.0,2907.0,34.0,34.0,Kylian Mbappé,100.0,180000000.0,2,3
ESP-La Liga,2425,Getafe,Iglesias,ESP,"DF,MF",26.0,1998.0,2888.0,37.0,32.0,Borja Iglesias,90.0,3000000.0,1,2
ESP-La Liga,2425,Barcelona,Pedri,ESP,MF,21.0,2002.0,2879.0,37.0,35.0,Pedri,100.0,140000000.0,0,0
ESP-La Liga,2425,Getafe,Luis Milla,ESP,MF,29.0,1994.0,2875.0,33.0,32.0,Luis Milla,100.0,3500000.0,0,0
ESP-La Liga,2425,Espanyol,Leandro Cabrera,URU,DF,33.0,1991.0,2869.0,33.0,32.0,Leandro Cabrera,100.0,1000000.0,3,1
ESP-La Liga,2425,Barcelona,Lamine Yamal,ESP,"MF,FW",17.0,2007.0,2856.0,35.0,31.0,Lamine Yamal,100.0,200000000.0,2,3
ESP-La Liga,2425,Barcelona,Raphinha,BRA,"MF,FW",27.0,1996.0,2839.0,36.0,32.0,Raphinha,100.0,90000000.0,2,0
ESP-La Liga,2425,Valencia,Luis Rioja,ESP,MF,30.0,1993.0,2854.0,37.0,33.0,Luis Rioja,100.0,2000000.0,0,0
ESP-La Liga,2425,Getafe,Diego Rico,ESP,DF,31.0,1993.0,2819.0,33.0,32.0,Diego Rico,100.0,1200000.0,1,2
ESP-La Liga,2425,Girona,Daley Blind,NED,DF,34.0,1990.0,2780.0,34.0,31.0,Daley Blind,100.0,1500000.0,1,2
ESP-La Liga,2425,Mallorca,Martin Valjent,SVK,DF,28.0,1995.0,2763.0,31.0,31.0,Martin Valjent,100.0,6000000.0,3,1
ESP-La Liga,2425,Mallorca,Johan Mojica,COL,DF,31.0,1992.0,2755.0,36.0,30.0,Johan Mojica,100.0,2000000.0,1,0
ESP-La Liga,2425,Mallorca,Sergi Darder,ESP,MF,30.0,1993.0,2744.0,38.0,34.0,Sergi Darder,100.0,4000000.0,0,0
ESP-La Liga,2425,Real Sociedad,Sergio Gómez,ESP,MF,23.0,2000.0,2738.0,37.0,31.0,Sergio Gómez,100.0,20000000.0,0,0
ESP-La Liga,2425,Valencia,Diego López,ESP,MF,22.0,2002.0,2737.0,38.0,35.0,Diego López,100.0,15000000.0,0,0
ESP-La Liga,2425,Celta Vigo,Óscar Mingueza,ESP,"MF,DF",25.0,1999.0,2729.0,34.0,31.0,Óscar Mingueza,100.0,20000000.0,0,0
ESP-La Liga,2425,Alavés,Antonio Blanco,ESP,MF,24.0,2000.0,2727.0,35.0,32.0,Antonio Blanco,100.0,10000000.0,1,2
ESP-La Liga,2425,Espanyol,Alex Král,CZE,MF,26.0,1998.0,2714.0,37.0,29.0,Alex Král,100.0,6000000.0,1,2
ESP-La Liga,2425,Las Palmas,Alberto Moleiro,ESP,MF,20.0,2003.0,2714.0,35.0,32.0,Alberto Moleiro,100.0,25000000.0,0,3
ESP-La Liga,2425,Real Madrid,Aurélien Tchouaméni,FRA,"DF,MF",24.0,2000.0,2689.0,32.0,31.0,Aurélien Tchouaméni,100.0,75000000.0,1,2
ESP-La Liga,2425,Sevilla,Loïc Bade,FRA,DF,24.0,2000.0,2686.0,32.0,31.0,Loïc Badé,100.0,25000000.0,1,1
ESP-La Liga,2425,Barcelona,Robert Lewandowski,POL,FW,35.0,1988.0,2667.0,34.0,32.0,Robert Lewandowski,100.0,12000000.0,2,3
ESP-La Liga,2425,Getafe,Mauro Arambarri,URU,MF,28.0,1995.0,2661.0,35.0,31.0,Mauro Arambarri,100.0,12000000.0,3,0
ESP-La Liga,2425,Athletic Club,Iñaki Williams,GHA,"MF,FW",30.0,1994.0,2652.0,35.0,29.0,Iñaki Williams,100.0,15000000.0,0,0
ESP-La Liga,2425,Mallorca,Samu Costa,POR,MF,23.0,2000.0,2649.0,32.0,31.0,Samú Costa,100.0,15000000.0,1,2
ESP-La Liga,2425,Celta Vigo,Marcos Alonso,ESP,DF,33.0,1990.0,2647.0,31.0,29.0,Marcos Alonso,100.0,1500000.0,3,1
ESP-La Liga,2425,Alavés,Manu Sánchez,ESP,DF,23.0,2000.0,2634.0,33.0,30.0,Manu Sánchez,100.0,6000000.0,1,0
ESP-La Liga,2425,Girona,Arnau Martinez,ESP,"DF,MF",21.0,2003.0,2624.0,32.0,30.0,Arnau Martínez,100.0,10000000.0,3,1
ESP-La Liga,2425,Barcelona,Pau Cubarsí,ESP,DF,17.0,2007.0,2618.0,35.0,29.0,Pau Cubarsí,100.0,80000000.0,1,2
ESP-La Liga,2425,Athletic Club,Daniel Vivian,ESP,DF,25.0,1999.0,2608.0,32.0,28.0,Dani Vivian,91.66666666666666,40000000.0,3,1
ESP-La Liga,2425,Barcelona,Jules Koundé,FRA,DF,25.0,1998.0,2605.0,32.0,29.0,Jules Koundé,100.0,65000000.0,3,0
ESP-La Liga,2425,Villarreal,Álex Baena,ESP,"MF,FW",23.0,2001.0,2595.0,32.0,30.0,Álex Baena,100.0,55000000.0,0,0
ESP-La Liga,2425,Leganés,Valentin Rosier,FRA,DF,27.0,1996.0,2595.0,32.0,28.0,Valentin Rosier,100.0,3000000.0,1,0
ESP-La Liga,2425,Las Palmas,Javier Muñoz,ESP,"MF,DF",29.0,1995.0,2588.0,35.0,28.0,Javi Muñoz,90.9090909090909,2000000.0,1,1
ESP-La Liga,2425,Villarreal,Logan Costa,CPV,DF,23.0,2001.0,2677.0,33.0,29.0,Logan Costa,100.0,18000000.0,3,1
ESP-La Liga,2425,Rayo Vallecano,Pep Chavarría,ESP,DF,26.0,1998.0,2585.0,34.0,28.0,Pep Chavarría,100.0,5000000.0,1,2
ESP-La Liga,2425,Valencia,Javier Guerra,ESP,MF,21.0,2003.0,2581.0,36.0,31.0,Javi Guerra,91.66666666666666,25000000.0,3,1
ESP-La Liga,2425,Villarreal,Santi Comesaña,ESP,MF,27.0,1996.0,2560.0,35.0,30.0,Santi Comesaña,100.0,8000000.0,3,1
ESP-La Liga,2425,Rayo Vallecano,Álvaro García,ESP,"MF,FW",31.0,1992.0,2559.0,36.0,28.0,Álvaro García,100.0,2000000.0,0,0
ESP-La Liga,2425,Valladolid,Luis Pérez,ESP,DF,29.0,1995.0,2558.0,30.0,28.0,Luis Pérez,100.0,1400000.0,1,2
ESP-La Liga,2425,Espanyol,Carlos Romero,ESP,"DF,MF",22.0,2001.0,2554.0,34.0,28.0,Carlos Romero,100.0,5000000.0,1,0
ESP-La Liga,2425,Getafe,Djené,TOG,"DF,MF",32.0,1991.0,2548.0,31.0,31.0,Dakonam Djené,90.0,1800000.0,1,2
ESP-La Liga,2425,Alavés,Kiké,ESP,FW,34.0,1989.0,2542.0,35.0,29.0,Kike Salas,90.0,8000000.0,2,3
ESP-La Liga,2425,Real Betis,Diego Llorente,ESP,DF,30.0,1993.0,2519.0,30.0,29.0,Diego Llorente,100.0,6000000.0,3,1
ESP-La Liga,2425,Celta Vigo,Javi Rodríguez,ESP,DF,21.0,2003.0,2514.0,36.0,26.0,Javi Rodríguez,100.0,15000000.0,3,1
ESP-La Liga,2425,Atlético Madrid,Marcos Llorente,ESP,"DF,MF",29.0,1995.0,2513.0,33.0,28.0,Marcos Llorente,100.0,25000000.0,3,0
ESP-La Liga,2425,Atlético Madrid,Julián Álvarez,ARG,FW,24.0,2000.0,2509.0,37.0,30.0,Julián Alvarez,100.0,100000000.0,2,3
ESP-La Liga,2425,Rayo Vallecano,Jorge de Frutos,ESP,"MF,FW",27.0,1997.0,2495.0,36.0,30.0,Jorge de Frutos,100.0,4000000.0,0,0
ESP-La Liga,2425,Sevilla,Nemanja Gudelj,SRB,"MF,DF",32.0,1991.0,2493.0,31.0,27.0,Nemanja Gudelj,100.0,3000000.0,1,1
ESP-La Liga,2425,Barcelona,Iñigo Martínez,ESP,DF,33.0,1991.0,2490.0,28.0,28.0,Iñigo Martínez,100.0,5000000.0,1,2
ESP-La Liga,2425,Real Madrid,Jude Bellingham,ENG,MF,21.0,2003.0,2488.0,31.0,29.0,Jude Bellingham,100.0,180000000.0,2,0
ESP-La Liga,2425,Getafe,Christantus Uche,NGA,"FW,MF",21.0,2003.0,2486.0,33.0,30.0,Christantus Uche,100.0,15000000.0,0,3
ESP-La Liga,2425,Atlético Madrid,Antoine Griezmann,FRA,"FW,MF",33.0,1991.0,2469.0,38.0,29.0,Antoine Griezmann,100.0,18000000.0,0,0
ESP-La Liga,2425,Las Palmas,Scott McKenna,SCO,DF,27.0,1996.0,2466.0,29.0,28.0,Scott McKenna,100.0,4000000.0,1,2
ESP-La Liga,2425,Alavés,Abdel Abqar,MAR,DF,25.0,1999.0,2463.0,29.0,29.0,Abdel Abqar,100.0,7500000.0,1,2
ESP-La Liga,2425,Las Palmas,Álex Suárez,ESP,DF,31.0,1993.0,2460.0,30.0,30.0,Álex Suárez,100.0,1000000.0,1,2
ESP-La Liga,2425,Real Sociedad,Jon Aramburu,VEN,DF,22.0,2002.0,2460.0,35.0,28.0,Jon Aramburu,100.0,15000000.0,1,0
ESP-La Liga,2425,Girona,Miguel Gutiérrez,ESP,"DF,MF",23.0,2001.0,2458.0,29.0,29.0,Miguel Gutiérrez,100.0,20000000.0,0,0
ESP-La Liga,2425,Girona,Ladislav Krejčí,CZE,DF,25.0,1999.0,2440.0,28.0,27.0,Ladislav Krejci,100.0,12000000.0,3,1
ESP-La Liga,2425,Leganés,Seydouba Cissé,GUI,MF,23.0,2001.0,2435.0,34.0,31.0,Seydouba Cissé,100.0,3000000.0,3,1
ESP-La Liga,2425,Girona,David López,ESP,DF,34.0,1989.0,2429.0,29.0,27.0,David López,100.0,1000000.0,3,1
ESP-La Liga,2425,Leganés,Renato Tapia,PER,"MF,DF",29.0,1995.0,2424.0,34.0,28.0,Renato Tapia,100.0,2000000.0,1,1
ESP-La Liga,2425,Celta Vigo,Fran Beltrán,ESP,MF,25.0,1999.0,2421.0,34.0,29.0,Fran Beltrán,100.0,8000000.0,3,1
ESP-La Liga,2425,Osasuna,Rubén García,ESP,"FW,MF",31.0,1993.0,2413.0,36.0,30.0,Rubén García,100.0,2000000.0,0,0
ESP-La Liga,2425,Las Palmas,Mika Mármol,ESP,DF,23.0,2001.0,2399.0,30.0,27.0,Mika Mármol,100.0,10000000.0,1,2
ESP-La Liga,2425,Leganés,Javi Hernández,ESP,DF,26.0,1998.0,2389.0,31.0,27.0,Javi Hernández,100.0,2500000.0,3,0
ESP-La Liga,2425,Real Sociedad,Takefusa Kubo,JPN,"MF,FW",23.0,2001.0,2372.0,36.0,27.0,Takefusa Kubo,100.0,30000000.0,0,0
ESP-La Liga,2425,Mallorca,Pablo Maffeo,ESP,DF,27.0,1997.0,2368.0,30.0,28.0,Pablo Maffeo,100.0,5000000.0,1,2
ESP-La Liga,2425,Valladolid,Raúl Moro,ESP,"MF,FW",21.0,2002.0,2341.0,33.0,26.0,Raúl Moro,100.0,7500000.0,0,0
ESP-La Liga,2425,Athletic Club,Álex Berenguer,ESP,"MF,FW",29.0,1995.0,2339.0,36.0,28.0,Álex Berenguer,100.0,9000000.0,0,0
ESP-La Liga,2425,Atlético Madrid,Pablo Barrios,ESP,MF,21.0,2003.0,2330.0,31.0,28.0,Pablo Barrios,100.0,55000000.0,1,1
ESP-La Liga,2425,Villarreal,Thierno Barry,FRA,FW,21.0,2002.0,2323.0,35.0,25.0,Thierno Barry,100.0,20000000.0,2,3
ESP-La Liga,2425,Leganés,Yvan Neyou,CMR,MF,27.0,1997.0,2312.0,30.0,27.0,Yvan Neyou,100.0,3000000.0,1,1
ESP-La Liga,2425,Valencia,Dimitri Foulquier,FRA,DF,31.0,1993.0,2299.0,32.0,25.0,Dimitri Foulquier,100.0,1500000.0,1,2
ESP-La Liga,2425,Sevilla,Adrià Pedrosa,ESP,DF,26.0,1998.0,2298.0,31.0,27.0,Adrià Pedrosa,100.0,7000000.0,1,0
ESP-La Liga,2425,Real Madrid,Antonio Rüdiger,GER,DF,31.0,1993.0,2291.0,29.0,26.0,Antonio Rüdiger,100.0,20000000.0,1,2
ESP-La Liga,2425,Barcelona,Alejandro Balde,ESP,DF,20.0,2003.0,2284.0,32.0,26.0,Alejandro Balde,100.0,60000000.0,0,2
ESP-La Liga,2425,Villarreal,Daniel Parejo,ESP,MF,35.0,1989.0,2273.0,36.0,26.0,Dani Parejo,91.66666666666666,1500000.0,3,1
ESP-La Liga,2425,Celta Vigo,Carl Starfelt,SWE,DF,29.0,1995.0,2270.0,28.0,26.0,Carl Starfelt,100.0,6000000.0,3,1
ESP-La Liga,2425,Real Sociedad,Igor Zubeldia,ESP,DF,27.0,1997.0,2269.0,28.0,27.0,Igor Zubeldia,100.0,12000000.0,1,2
ESP-La Liga,2425,Girona,Yangel Herrera,VEN,MF,26.0,1998.0,2257.0,29.0,27.0,Yangel Herrera,100.0,15000000.0,0,0
ESP-La Liga,2425,Leganés,Juan Cruz,ESP,"MF,DF",24.0,2000.0,2257.0,34.0,26.0,Juan Cruz,100.0,1500000.0,0,0
ESP-La Liga,2425,Real Madrid,Vinicius Júnior,BRA,"FW,MF",24.0,2000.0,2253.0,30.0,24.0,Vinicius Junior,100.0,170000000.0,2,0
ESP-La Liga,2425,Real Sociedad,Mikel Oyarzabal,ESP,FW,27.0,1997.0,2250.0,35.0,28.0,Mikel Oyarzabal,100.0,25000000.0,2,3
ESP-La Liga,2425,Athletic Club,Mikel Jauregizar,ESP,MF,20.0,2003.0,2244.0,34.0,25.0,Mikel Jauregizar,100.0,30000000.0,1,1
ESP-La Liga,2425,Sevilla,Kike Salas,ESP,DF,22.0,2002.0,2238.0,31.0,25.0,Kike Salas,100.0,8000000.0,3,1
ESP-La Liga,2425,Villarreal,Kiko Femenía,ESP,DF,33.0,1991.0,2227.0,28.0,27.0,Kiko Femenía,100.0,900000.0,1,2
ESP-La Liga,2425,Villarreal,Pape Gueye,SEN,"MF,FW",25.0,1999.0,2224.0,34.0,26.0,Pape Gueye,100.0,15000000.0,0,0
ESP-La Liga,2425,Valencia,Enzo Barrenechea,ARG,MF,23.0,2001.0,2191.0,30.0,26.0,Enzo Barrenechea,100.0,10000000.0,1,1
ESP-La Liga,2425,Real Madrid,Lucas Vázquez,ESP,DF,33.0,1991.0,2189.0,32.0,25.0,Lucas Vázquez,100.0,3000000.0,1,0
ESP-La Liga,2425,Real Betis,Natan,BRA,DF,23.0,2001.0,2175.0,31.0,23.0,Natan,100.0,9000000.0,3,1
ESP-La Liga,2425,Real Madrid,Fran Garcia,ESP,DF,24.0,1999.0,2171.0,31.0,24.0,Fran García,100.0,18000000.0,1,2
ESP-La Liga,2425,Valencia,Hugo Duro,ESP,FW,24.0,1999.0,2166.0,31.0,25.0,Hugo Duro,100.0,14000000.0,2,3
ESP-La Liga,2425,Espanyol,Jofre,ESP,MF,23.0,2001.0,2165.0,37.0,26.0,Jofre Carreras,90.0,3000000.0,0,0
ESP-La Liga,2425,Mallorca,Dani Rodríguez,ESP,"MF,FW",36.0,1988.0,2162.0,37.0,26.0,Dani Rodríguez,100.0,200000.0,0,0
ESP-La Liga,2425,Rayo Vallecano,Isaac Palazón Camacho,ESP,"MF,FW",29.0,1994.0,2162.0,35.0,25.0,Isaac Romero,85.5,6000000.0,0,0
ESP-La Liga,2425,Sevilla,Isaac Romero,ESP,FW,24.0,2000.0,2156.0,31.0,26.0,Isaac Romero,100.0,6000000.0,0,3
ESP-La Liga,2425,Atlético Madrid,Robin Le Normand,ESP,DF,27.0,1996.0,2151.0,27.0,24.0,Robin Le Normand,100.0,40000000.0,3,1
ESP-La Liga,2425,Real Betis,Johnny Cardoso,USA,MF,22.0,2001.0,2144.0,28.0,24.0,Johnny Cardoso,100.0,25000000.0,3,1
ESP-La Liga,2425,Rayo Vallecano,Pathé Ciss,SEN,"MF,DF",30.0,1994.0,2140.0,33.0,25.0,Pathé Ciss,100.0,2000000.0,3,1
ESP-La Liga,2425,Celta Vigo,Ilaix Moriba,GUI,MF,21.0,2003.0,2132.0,33.0,22.0,Ilaix Moriba,100.0,6000000.0,1,0
ESP-La Liga,2425,Sevilla,Lucien Agoume,FRA,MF,22.0,2002.0,2114.0,35.0,24.0,Lucien Agoumé,100.0,8000000.0,3,1
ESP-La Liga,2425,Leganés,Matija Nastasić,SRB,DF,31.0,1993.0,2110.0,26.0,24.0,Matija Nastasić,100.0,800000.0,3,1
ESP-La Liga,2425,Atlético Madrid,Rodrigo De Paul,ARG,MF,30.0,1994.0,2106.0,34.0,23.0,Rodrigo De Paul,100.0,25000000.0,0,0
ESP-La Liga,2425,Osasuna,Jon Moncayola,ESP,MF,26.0,1998.0,2099.0,32.0,26.0,Jon Moncayola,100.0,7000000.0,1,0
ESP-La Liga,2425,Real Betis,Marc Bartra,ESP,DF,33.0,1991.0,2099.0,25.0,23.0,Marc Bartra,100.0,1000000.0,3,1
ESP-La Liga,2425,Alavés,Jon Guridi,ESP,MF,29.0,1995.0,2080.0,33.0,27.0,Jon Guridi,100.0,3000000.0,3,0
ESP-La Liga,2425,Osasuna,Abel Bretones,ESP,"DF,MF",23.0,2000.0,2074.0,35.0,20.0,Abel Bretones,100.0,4000000.0,3,0
ESP-La Liga,2425,Sevilla,Djibril Sow,SUI,MF,27.0,1997.0,2062.0,30.0,24.0,Djibril Sow,100.0,7500000.0,3,1
ESP-La Liga,2425,Mallorca,Vedat Muriqi,KVX,FW,30.0,1994.0,2058.0,29.0,24.0,Vedat Muriqi,100.0,5000000.0,2,3
ESP-La Liga,2425,Athletic Club,Yuri Berchiche,ESP,DF,34.0,1990.0,2044.0,30.0,22.0,Yuri Berchiche,100.0,1400000.0,1,2
ESP-La Liga,2425,Girona,Iván Martín,ESP,MF,25.0,1999.0,2039.0,32.0,24.0,Iván Martín,100.0,6000000.0,3,1
ESP-La Liga,2425,Las Palmas,Sandro Ramírez,ESP,"MF,FW",29.0,1995.0,2034.0,31.0,25.0,Sandro Ramírez,100.0,2500000.0,0,0
ESP-La Liga,2425,Valladolid,Javi Sánchez,ESP,DF,27.0,1997.0,2026.0,25.0,25.0,Javi Sánchez,100.0,1500000.0,3,1
ESP-La Liga,2425,Rayo Vallecano,Abdul Mumin,GHA,DF,26.0,1998.0,2017.0,24.0,24.0,Abdul Mumin,100.0,5000000.0,3,1
ESP-La Liga,2425,Real Betis,Romain Perraud,FRA,DF,26.0,1997.0,2002.0,28.0,22.0,Romain Perraud,100.0,5000000.0,0,0
ESP-La Liga,2425,Atlético Madrid,José María Giménez,URU,DF,29.0,1995.0,1999.0,27.0,20.0,José María Giménez,100.0,20000000.0,1,2
ESP-La Liga,2425,Athletic Club,Nico Williams,ESP,MF,22.0,2002.0,1996.0,29.0,22.0,Nico Williams,100.0,70000000.0,0,0
ESP-La Liga,2425,Mallorca,Omar Mascarell,EQG,MF,31.0,1993.0,1992.0,32.0,21.0,Omar Mascarell,100.0,900000.0,3,1
ESP-La Liga,2425,Real Betis,Abde Ezzalzouli,MAR,MF,22.0,2001.0,1984.0,32.0,23.0,Abde Ezzalzouli,100.0,12000000.0,0,0
ESP-La Liga,2425,Las Palmas,Viti,ESP,DF,26.0,1997.0,1982.0,29.0,23.0,Viti Rozada,90.0,2000000.0,1,2
ESP-La Liga,2425,Valencia,André Almeida,POR,"MF,FW",24.0,2000.0,1977.0,34.0,24.0,André Almeida,100.0,10000000.0,1,2
ESP-La Liga,2425,Real Betis,Sergi Altimira,ESP,MF,22.0,2001.0,1972.0,32.0,22.0,Sergi Altimira,100.0,15000000.0,1,2
ESP-La Liga,2425,Atlético Madrid,Clément Lenglet,FRA,DF,29.0,1995.0,1972.0,23.0,23.0,Clément Lenglet,100.0,7500000.0,3,1
ESP-La Liga,2425,Villarreal,Ayoze Pérez,ESP,FW,31.0,1993.0,1970.0,30.0,22.0,Ayoze Pérez,100.0,10000000.0,2,3
ESP-La Liga,2425,Celta Vigo,Borja Iglesias,ESP,FW,31.0,1993.0,1952.0,37.0,24.0,Borja Iglesias,100.0,3000000.0,2,3
ESP-La Liga,2425,Alavés,Ander Guevara,ESP,MF,27.0,1997.0,1947.0,33.0,20.0,Ander Guevara,100.0,3500000.0,1,2
ESP-La Liga,2425,Espanyol,Pol Lozano,ESP,MF,24.0,1999.0,1943.0,30.0,27.0,Pol Lozano,100.0,5000000.0,1,2
ESP-La Liga,2425,Las Palmas,Dario Essugo,POR,MF,19.0,2005.0,1938.0,27.0,25.0,Dário Essugo,100.0,20000000.0,1,1
ESP-La Liga,2425,Real Sociedad,Javi López,ESP,DF,22.0,2002.0,1936.0,29.0,21.0,Javi López,100.0,7500000.0,1,2
ESP-La Liga,2425,Villarreal,Yéremy Pino,ESP,MF,21.0,2002.0,1934.0,34.0,25.0,Yéremy Pino,100.0,30000000.0,0,3
ESP-La Liga,2425,Real Madrid,Rodrygo,BRA,"MF,FW",23.0,2001.0,1928.0,30.0,22.0,Rodrygo,100.0,90000000.0,0,0
ESP-La Liga,2425,Atlético Madrid,Giuliano Simeone,ARG,MF,21.0,2002.0,1926.0,33.0,26.0,Giuliano Simeone,100.0,35000000.0,0,0
ESP-La Liga,2425,Atlético Madrid,Koke,ESP,MF,32.0,1992.0,1926.0,32.0,20.0,Koke,100.0,8000000.0,1,1
ESP-La Liga,2425,Girona,Viktor Tsyhankov,UKR,"MF,FW",26.0,1997.0,1913.0,27.0,23.0,Viktor Tsygankov,93.75,18000000.0,0,0
ESP-La Liga,2425,Valladolid,Lucas Oliveira Rosa,BRA,DF,24.0,2000.0,1890.0,21.0,21.0,Lucas Núñez,85.5,25000.0,1,2
ESP-La Liga,2425,Leganés,Dani Raba,ESP,"MF,FW",28.0,1995.0,1879.0,29.0,24.0,Dani Raba,100.0,2500000.0,0,0
ESP-La Liga,2425,Las Palmas,Fábio Silva,POR,FW,22.0,2002.0,1866.0,24.0,22.0,Fábio Silva,100.0,20000000.0,2,3
ESP-La Liga,2425,Alavés,Moussa Diarra,MLI,DF,23.0,2000.0,1866.0,26.0,20.0,Moussa Diarra,100.0,1800000.0,1,2
ESP-La Liga,2425,Getafe,Domingos Duarte,POR,DF,29.0,1995.0,1859.0,22.0,21.0,Domingos Duarte,100.0,800000.0,3,1
ESP-La Liga,2425,Alavés,Santiago Mouriño,URU,DF,22.0,2002.0,1849.0,25.0,20.0,Santiago Mouriño,100.0,3000000.0,1,2
ESP-La Liga,2425,Athletic Club,Gorka Guruzeta,ESP,FW,27.0,1996.0,1840.0,36.0,21.0,Gorka Guruzeta,100.0,9000000.0,2,3
ESP-La Liga,2425,Las Palmas,Oliver McBurnie,SCO,FW,28.0,1996.0,1837.0,34.0,20.0,Oli McBurnie,88.88888888888889,2500000.0,0,3
ESP-La Liga,2425,Osasuna,Bryan Zaragoza,ESP,"MF,FW",22.0,2001.0,1836.0,27.0,22.0,Bryan Zaragoza,100.0,12000000.0,0,0
ESP-La Liga,2425,Rayo Vallecano,Óscar Valentín,ESP,MF,29.0,1994.0,1835.0,34.0,18.0,Óscar Valentín,100.0,2500000.0,1,2
ESP-La Liga,2425,Real Betis,Pablo Fornals,ESP,MF,28.0,1996.0,1827.0,26.0,22.0,Pablo Fornals,100.0,6000000.0,3,0
ESP-La Liga,2425,Real Madrid,Luka Modrić,CRO,MF,38.0,1985.0,1827.0,35.0,17.0,Luka Modrić,100.0,4000000.0,0,0
ESP-La Liga,2425,Athletic Club,Aitor Paredes,ESP,DF,24.0,2000.0,1812.0,23.0,21.0,Aitor Paredes,100.0,22000000.0,3,1
ESP-La Liga,2425,Valencia,José Luis Gayà,ESP,DF,29.0,1995.0,1803.0,23.0,22.0,José Gayà,85.5,9000000.0,1,2
ESP-La Liga,2425,Real Sociedad,Luka Sučić,CRO,MF,21.0,2002.0,1792.0,29.0,21.0,Luka Sucic,100.0,15000000.0,1,0
ESP-La Liga,2425,Atlético Madrid,Javi Galán,ESP,DF,29.0,1994.0,1784.0,25.0,21.0,Javi Galán,100.0,4000000.0,1,2
ESP-La Liga,2425,Athletic Club,Yeray Álvarez,ESP,DF,29.0,1995.0,1781.0,21.0,20.0,Yeray Álvarez,100.0,7000000.0,3,1
ESP-La Liga,2425,Valladolid,Eray Cömert,SUI,"DF,MF",26.0,1998.0,1779.0,25.0,21.0,Eray Cömert,100.0,2000000.0,1,2
ESP-La Liga,2425,Mallorca,Cyle Larin,CAN,FW,29.0,1995.0,1764.0,32.0,21.0,Cyle Larin,100.0,3500000.0,2,3
ESP-La Liga,2425,Real Sociedad,Nayef Aguerd,MAR,DF,28.0,1996.0,1760.0,21.0,21.0,Nayef Aguerd,100.0,18000000.0,1,2
ESP-La Liga,2425,Las Palmas,Kirian Rodríguez,ESP,MF,28.0,1996.0,1758.0,21.0,21.0,Kirian Rodríguez,100.0,1000000.0,1,2
ESP-La Liga,2425,Valladolid,Mario Martín,ESP,MF,20.0,2004.0,1748.0,30.0,20.0,Mario Martín,100.0,1500000.0,1,2
ESP-La Liga,2425,Celta Vigo,Iago Aspas,ESP,"FW,MF",36.0,1987.0,1745.0,30.0,19.0,Iago Aspas,100.0,2000000.0,2,3
ESP-La Liga,2425,Valencia,José Luis García Vayá,ESP,MF,25.0,1998.0,1742.0,34.0,18.0,Fran García,85.5,18000000.0,0,0
ESP-La Liga,2425,Valladolid,Stanko Jurić,CRO,MF,27.0,1996.0,1729.0,26.0,19.0,Stanko Juric,100.0,1200000.0,1,2
ESP-La Liga,2425,Leganés,Miguel,ESP,FW,24.0,1999.0,1724.0,34.0,17.0,Adrián San Miguel,90.0,500000.0,0,3
ESP-La Liga,2425,Sevilla,Juanlu Sánchez,ESP,"MF,DF",20.0,2003.0,1722.0,32.0,18.0,Juanlu Sánchez,100.0,12000000.0,3,0
ESP-La Liga,2425,Girona,Bryan Gil,ESP,"MF,FW",23.0,2001.0,1721.0,25.0,21.0,Bryan Gil,100.0,15000000.0,0,0
ESP-La Liga,2425,Valladolid,Anuar,MAR,"MF,FW",29.0,1995.0,1720.0,26.0,21.0,Anuar,100.0,900000.0,3,0
ESP-La Liga,2425,Athletic Club,Beñat Prados,ESP,MF,23.0,2001.0,1715.0,30.0,21.0,Beñat Prados,100.0,18000000.0,1,1
ESP-La Liga,2425,Rayo Vallecano,Unai López,ESP,MF,28.0,1995.0,1707.0,32.0,23.0,Unai López,100.0,2500000.0,3,0
ESP-La Liga,2425,Leganés,Jorge Sáenz,ESP,DF,27.0,1996.0,1690.0,23.0,19.0,Jorge Sáenz,100.0,1500000.0,3,1
ESP-La Liga,2425,Real Madrid,Raúl Asencio,ESP,DF,21.0,2003.0,1670.0,23.0,18.0,Raúl Asencio,100.0,40000000.0,1,2
ESP-La Liga,2425,Celta Vigo,Sergio Carreira,ESP,MF,23.0,2000.0,1656.0,23.0,19.0,Sergio Carreira,100.0,4000000.0,1,2
ESP-La Liga,2425,Atlético Madrid,Conor Gallagher,ENG,MF,24.0,2000.0,1633.0,32.0,19.0,Conor Gallagher,100.0,40000000.0,3,0
ESP-La Liga,2425,Leganés,Adrià Altimira,ESP,"DF,MF",23.0,2001.0,1630.0,22.0,19.0,Adrià Altimira,100.0,1500000.0,1,2
ESP-La Liga,2425,Athletic Club,Oihan Sancet,ESP,MF,24.0,2000.0,1620.0,29.0,19.0,Oihan Sancet,100.0,60000000.0,2,3
ESP-La Liga,2425,Leganés,Darko Brašanac,SRB,MF,32.0,1992.0,1617.0,30.0,15.0,Darko Brasanac,100.0,500000.0,3,0
ESP-La Liga,2425,Barcelona,Marc Casado,ESP,MF,20.0,2003.0,1611.0,23.0,20.0,Marc Casadó,100.0,30000000.0,3,1
ESP-La Liga,2425,Rayo Vallecano,Adri Embarba,ESP,"MF,FW",32.0,1992.0,1607.0,35.0,18.0,Adrián Embarba,92.3076923076923,1200000.0,0,0
ESP-La Liga,2425,Atlético Madrid,Nahuel Molina,ARG,DF,26.0,1998.0,1590.0,30.0,17.0,Nahuel Molina,100.0,20000000.0,1,2
ESP-La Liga,2425,Valladolid,Mamadou Sylla,SEN,"FW,MF",30.0,1994.0,1583.0,29.0,17.0,Mamadou Sylla,100.0,1200000.0,0,3
ESP-La Liga,2425,Real Betis,Youssouf Sabaly,SEN,DF,31.0,1993.0,1581.0,22.0,20.0,Youssouf Sabaly,100.0,1800000.0,1,2
ESP-La Liga,2425,Celta Vigo,Hugo Álvarez,ESP,MF,21.0,2003.0,1572.0,26.0,16.0,Hugo Álvarez,100.0,7500000.0,0,0
ESP-La Liga,2425,Barcelona,Eric García,ESP,"DF,MF",23.0,2001.0,1566.0,29.0,14.0,Eric García,100.0,18000000.0,3,1
ESP-La Liga,2425,Atlético Madrid,Alexander Sørloth,NOR,FW,28.0,1995.0,1566.0,35.0,15.0,Alexander Sørloth,100.0,25000000.0,2,3
ESP-La Liga,2425,Athletic Club,Óscar de Marcos,ESP,DF,35.0,1989.0,1564.0,26.0,17.0,Óscar de Marcos,100.0,1500000.0,1,2
ESP-La Liga,2425,Sevilla,Saúl Ñíguez,ESP,MF,29.0,1994.0,1553.0,24.0,17.0,Saúl Ñíguez,100.0,3000000.0,1,0
ESP-La Liga,2425,Atlético Madrid,Samuel Lino,BRA,MF,24.0,1999.0,1552.0,31.0,21.0,Samuel Lino,100.0,22000000.0,0,0
ESP-La Liga,2425,Real Betis,Isco,ESP,MF,32.0,1992.0,1547.0,22.0,17.0,Isco,100.0,6000000.0,2,0
ESP-La Liga,2425,Real Sociedad,Brais Méndez,ESP,"MF,FW",27.0,1997.0,1531.0,27.0,19.0,Brais Méndez,100.0,22000000.0,0,3
ESP-La Liga,2425,Mallorca,Copete,ESP,DF,24.0,1999.0,1528.0,25.0,16.0,José Copete,90.0,3000000.0,1,2
ESP-La Liga,2425,Villarreal,Juan Foyth,ARG,DF,26.0,1998.0,1517.0,19.0,17.0,Juan Foyth,100.0,15000000.0,1,1
ESP-La Liga,2425,Villarreal,Nicolas Pépé,CIV,"FW,MF",29.0,1995.0,1500.0,28.0,15.0,Nicolas Pépé,100.0,6000000.0,0,0
ESP-La Liga,2425,Espanyol,Roberto Férnandez,ESP,FW,22.0,2002.0,1497.0,19.0,18.0,Roberto Fernández,100.0,6000000.0,2,3
ESP-La Liga,2425,Osasuna,Juan Cruz Armada,ESP,DF,32.0,1992.0,1492.0,25.0,19.0,Juan Cruz,90.0,1500000.0,1,2
ESP-La Liga,2425,Athletic Club,Andoni Gorosabel,ESP,DF,27.0,1996.0,1485.0,20.0,17.0,Andoni Gorosabel,100.0,5000000.0,1,2
ESP-La Liga,2425,Athletic Club,Iñigo Ruiz de Galarreta,ESP,MF,30.0,1993.0,1477.0,26.0,18.0,Iñigo Ruiz de Galarreta,100.0,3000000.0,1,2
ESP-La Liga,2425,Sevilla,Albert Sambi Lokonga,BEL,MF,24.0,1999.0,1471.0,22.0,16.0,Albert Sambi Lokonga,100.0,8000000.0,1,2
ESP-La Liga,2425,Real Betis,Giovani Lo Celso,ARG,MF,28.0,1996.0,1457.0,25.0,15.0,Giovani Lo Celso,100.0,15000000.0,0,0
ESP-La Liga,2425,Real Sociedad,Aritz Elustondo,ESP,DF,30.0,1994.0,1457.0,22.0,16.0,Aritz Elustondo,100.0,3000000.0,1,2
ESP-La Liga,2425,Getafe,Carles Pérez,ESP,MF,26.0,1998.0,1431.0,27.0,15.0,Carles Pérez,100.0,2000000.0,3,3
ESP-La Liga,2425,Girona,Donny van de Beek,NED,MF,27.0,1997.0,1421.0,26.0,16.0,Donny van de Beek,100.0,5000000.0,3,0
ESP-La Liga,2425,Las Palmas,Álex Muñoz,ESP,DF,30.0,1994.0,1415.0,21.0,18.0,Álex Muñoz,100.0,1000000.0,3,1
ESP-La Liga,2425,Alavés,Joan Jordán,ESP,MF,30.0,1994.0,1414.0,25.0,15.0,Joan Jordán,100.0,2500000.0,0,0
ESP-La Liga,2425,Girona,Yaser Asprilla,COL,"MF,FW",20.0,2003.0,1405.0,27.0,15.0,Yáser Asprilla,100.0,15000000.0,0,0
ESP-La Liga,2425,Valladolid,Iván Sánchez,ESP,MF,31.0,1992.0,1404.0,32.0,11.0,Iván Sánchez,100.0,600000.0,0,0
ESP-La Liga,2425,Valladolid,Juanmi Latasa,ESP,FW,23.0,2001.0,1398.0,28.0,14.0,Juanmi Latasa,100.0,2000000.0,2,3
ESP-La Liga,2425,Mallorca,Antonio Sánchez,ESP,"MF,DF",27.0,1997.0,1395.0,33.0,12.0,Antonio Sánchez,100.0,2500000.0,1,2
ESP-La Liga,2425,Celta Vigo,Pablo Durán,ESP,"FW,MF",23.0,2001.0,1394.0,27.0,15.0,Pablo Durán,100.0,3500000.0,2,3
ESP-La Liga,2425,Valladolid,David Torres,ESP,DF,21.0,2003.0,1387.0,18.0,15.0,David Torres,100.0,1500000.0,1,2
ESP-La Liga,2425,Real Madrid,Brahim Díaz,MAR,"MF,FW",24.0,1999.0,1385.0,31.0,16.0,Brahim Díaz,100.0,40000000.0,0,0
ESP-La Liga,2425,Valladolid,Selim Amallah,MAR,MF,27.0,1996.0,1376.0,24.0,18.0,Selim Amallah,100.0,1600000.0,3,0
ESP-La Liga,2425,Espanyol,Urko González,ESP,MF,23.0,2001.0,1419.0,18.0,17.0,Urko González de Zárate,90.0,5000000.0,1,2
ESP-La Liga,2425,Celta Vigo,Alfon,ESP,"FW,MF",25.0,1999.0,1371.0,26.0,14.0,Alfonso Pedraza,90.0,2500000.0,2,0
ESP-La Liga,2425,Osasuna,Jorge Herrando,ESP,DF,23.0,2001.0,1366.0,18.0,15.0,Jorge Herrando,100.0,4000000.0,3,1
ESP-La Liga,2425,Real Betis,Antony,BRA,MF,24.0,2000.0,1503.0,25.0,15.0,Antony,100.0,35000000.0,0,0
ESP-La Liga,2425,Girona,Oriol Romeu,ESP,MF,32.0,1991.0,1356.0,25.0,17.0,Oriol Romeu,100.0,1200000.0,1,2
ESP-La Liga,2425,Celta Vigo,Williot Swedberg,SWE,"FW,MF",20.0,2004.0,1348.0,32.0,15.0,Williot Swedberg,100.0,5000000.0,2,0
ESP-La Liga,2425,Girona,Abel Ruiz,ESP,FW,24.0,2000.0,1346.0,23.0,17.0,Abel Ruiz,100.0,4000000.0,3,3
ESP-La Liga,2425,Mallorca,Manu Morlanes,ESP,MF,25.0,1999.0,1338.0,23.0,15.0,Manu Morlanes,100.0,2500000.0,1,2
ESP-La Liga,2425,Girona,Arnaut Danjuma,NED,"MF,FW",27.0,1997.0,1535.0,28.0,18.0,Arnaut Danjuma,100.0,4000000.0,0,3
ESP-La Liga,2425,Alavés,Carlos Martín,ESP,"MF,FW",22.0,2002.0,1333.0,26.0,16.0,Carlos Martín,100.0,2800000.0,0,0
ESP-La Liga,2425,Leganés,Óscar Rodríguez Arnaiz,ESP,MF,26.0,1998.0,1330.0,29.0,12.0,Óscar Rodríguez,95.0,2000000.0,0,0
ESP-La Liga,2425,Las Palmas,Juanma Herzog,ESP,DF,20.0,2004.0,1315.0,19.0,15.0,Juanma Herzog,100.0,2500000.0,1,2
ESP-La Liga,2425,Real Betis,Aitor Ruibal,ESP,"DF,FW",28.0,1996.0,1313.0,29.0,13.0,Aitor Ruibal,100.0,3500000.0,1,0
ESP-La Liga,2425,Osasuna,Pablo Ibáñez,ESP,MF,25.0,1998.0,1294.0,28.0,13.0,Pablo Ibáñez,100.0,2000000.0,1,1
ESP-La Liga,2425,Athletic Club,Unai Gómez,ESP,"MF,FW",21.0,2003.0,1284.0,32.0,14.0,Unai Gómez,100.0,6000000.0,0,0
ESP-La Liga,2425,Mallorca,Roberto Navarro,ESP,MF,22.0,2002.0,1278.0,23.0,15.0,Robert Navarro,96.55172413793105,6000000.0,1,0
ESP-La Liga,2425,Real Betis,Ricardo Rodríguez,SUI,DF,31.0,1992.0,1274.0,18.0,15.0,Ricardo Rodríguez,100.0,2000000.0,1,2
ESP-La Liga,2425,Real Sociedad,Ander Barrenetxea,ESP,MF,22.0,2001.0,1263.0,30.0,14.0,Ander Barrenetxea,100.0,15000000.0,0,0
ESP-La Liga,2425,Celta Vigo,Hugo Sotelo,ESP,MF,20.0,2003.0,1254.0,24.0,15.0,Hugo Sotelo,100.0,4000000.0,1,2
ESP-La Liga,2425,Barcelona,Fermin López,ESP,MF,21.0,2003.0,1252.0,28.0,12.0,Fermín López,100.0,50000000.0,2,0
ESP-La Liga,2425,Real Madrid,Arda Güler,TUR,"MF,FW",19.0,2005.0,1250.0,28.0,14.0,Arda Güler,100.0,45000000.0,0,0
ESP-La Liga,2425,Real Sociedad,Pablo Marín,ESP,MF,21.0,2003.0,1239.0,23.0,14.0,Pablo Marín,100.0,8000000.0,1,1
ESP-La Liga,2425,Espanyol,Álvaro Tejero,ESP,"MF,DF",28.0,1996.0,1238.0,28.0,13.0,Álvaro Tejero,100.0,1800000.0,0,0
ESP-La Liga,2425,Real Betis,Vitor Roque,BRA,FW,19.0,2005.0,1235.0,22.0,14.0,Vitor Roque,100.0,20000000.0,2,3
ESP-La Liga,2425,Getafe,Ramón Terrats,ESP,"MF,FW",23.0,2000.0,1350.0,26.0,16.0,Ramón Terrats,100.0,4000000.0,0,0
ESP-La Liga,2425,Real Madrid,Dani Ceballos,ESP,MF,27.0,1996.0,1215.0,23.0,15.0,Dani Ceballos,100.0,10000000.0,1,2
ESP-La Liga,2425,Barcelona,Dani Olmo,ESP,MF,26.0,1998.0,1212.0,25.0,13.0,Dani Olmo,100.0,60000000.0,2,3
ESP-La Liga,2425,Rayo Vallecano,Pedro Díaz,ESP,MF,26.0,1998.0,1211.0,26.0,12.0,Pedro Díaz,100.0,3000000.0,0,0
ESP-La Liga,2425,Rayo Vallecano,Iván Balliu,ALB,DF,32.0,1992.0,1200.0,25.0,12.0,Iván Balliu,100.0,1400000.0,1,2
ESP-La Liga,2425,Leganés,Diego,ESP,"FW,MF",24.0,2000.0,1195.0,28.0,13.0,Diego Aguado,90.0,1000000.0,2,3
ESP-La Liga,2425,Valladolid,Kike Pérez,ESP,MF,27.0,1997.0,2305.0,35.0,27.0,Kike Pérez,100.0,2800000.0,1,0
ESP-La Liga,2425,Las Palmas,José Campaña,ESP,MF,31.0,1993.0,1189.0,25.0,15.0,José Campaña,100.0,900000.0,1,2
ESP-La Liga,2425,Valladolid,Marcos André,BRA,FW,27.0,1996.0,1188.0,22.0,14.0,Marcos André,100.0,1000000.0,0,0
ESP-La Liga,2425,Villarreal,Raúl Albiol,ESP,DF,38.0,1985.0,1188.0,15.0,14.0,Raúl Albiol,100.0,1000000.0,1,2
ESP-La Liga,2425,Celta Vigo,Carlos Dominguez,ESP,DF,23.0,2001.0,1181.0,19.0,13.0,Carlos Domínguez,100.0,3000000.0,1,2
ESP-La Liga,2425,Girona,Alejandro Francés,ESP,DF,21.0,2002.0,1173.0,18.0,13.0,Alejandro Francés,100.0,2000000.0,1,2
ESP-La Liga,2425,Barcelona,Frenkie de Jong,NED,MF,27.0,1997.0,1143.0,26.0,9.0,Frenkie de Jong,100.0,45000000.0,3,1
ESP-La Liga,2425,Real Betis,Cucho,COL,FW,25.0,1999.0,1139.0,15.0,14.0,Cucho Hernández,90.0,18000000.0,2,3
ESP-La Liga,2425,Sevilla,Peque,ESP,"MF,FW",21.0,2002.0,1134.0,26.0,14.0,Peque Fernández,90.0,3500000.0,0,0
ESP-La Liga,2425,Rayo Vallecano,Sergio Camello,ESP,FW,23.0,2001.0,1134.0,23.0,14.0,Sergio Camello,100.0,3000000.0,2,0
ESP-La Liga,2425,Rayo Vallecano,Randy Nteka,ANG,FW,26.0,1997.0,1129.0,24.0,16.0,Randy Nteka,100.0,1500000.0,2,3
ESP-La Liga,2425,Espanyol,Alejo Véliz,ARG,FW,20.0,2003.0,1127.0,27.0,10.0,Alejo Veliz,100.0,2500000.0,0,3
ESP-La Liga,2425,Villarreal,Willy Kambwala,FRA,DF,19.0,2004.0,1117.0,19.0,12.0,Willy Kambwala,100.0,4000000.0,1,2
ESP-La Liga,2425,Getafe,Borja Mayoral,ESP,FW,27.0,1997.0,1114.0,24.0,7.0,Borja Mayoral,100.0,7500000.0,2,3
ESP-La Liga,2425,Real Betis,Jesus Rodríguez,ESP,MF,18.0,2005.0,1111.0,21.0,15.0,Jesús Rodríguez,100.0,30000000.0,0,0
ESP-La Liga,2425,Barcelona,Ferran Torres,ESP,"FW,MF",24.0,2000.0,1106.0,27.0,12.0,Ferran Torres,100.0,40000000.0,2,3
ESP-La Liga,2425,Real Madrid,Eduardo Camavinga,FRA,"MF,DF",21.0,2002.0,1102.0,19.0,11.0,Eduardo Camavinga,100.0,60000000.0,3,0
ESP-La Liga,2425,Athletic Club,Adama Boiro,ESP,DF,22.0,2002.0,1101.0,18.0,13.0,Adama Boiro,100.0,2500000.0,1,2
ESP-La Liga,2425,Real Sociedad,Aihen Muñoz,ESP,DF,26.0,1997.0,1098.0,21.0,13.0,Aihen Muñoz,100.0,4000000.0,1,2
ESP-La Liga,2425,Alavés,Carles Aleñá,ESP,MF,26.0,1998.0,1542.0,24.0,18.0,Carles Aleñá,100.0,2500000.0,0,2
ESP-La Liga,2425,Barcelona,Gavi,ESP,MF,19.0,2004.0,1085.0,26.0,14.0,Gavi,100.0,60000000.0,3,1
ESP-La Liga,2425,Getafe,Bertuğ Yıldırım,TUR,FW,22.0,2002.0,1083.0,22.0,14.0,Bertuğ Yıldırım,100.0,2000000.0,0,3
ESP-La Liga,2425,Girona,Cristhian Stuani,URU,FW,37.0,1986.0,1078.0,32.0,6.0,Cristhian Stuani,100.0,1000000.0,2,3
ESP-La Liga,2425,Getafe,Juan Berrocal,ESP,DF,25.0,1999.0,1063.0,19.0,11.0,Juan Berrocal,100.0,1500000.0,1,2
ESP-La Liga,2425,Mallorca,Takuma Asano,JPN,"MF,FW",29.0,1994.0,1054.0,21.0,13.0,Takuma Asano,100.0,2500000.0,0,0
ESP-La Liga,2425,Espanyol,Edu Expósito,ESP,MF,27.0,1996.0,1045.0,19.0,12.0,Edu Expósito,100.0,3000000.0,0,0
ESP-La Liga,2425,Barcelona,Gerard Martín,ESP,DF,22.0,2002.0,1038.0,28.0,11.0,Gerard Martín,100.0,12000000.0,3,0
ESP-La Liga,2425,Las Palmas,Marvin,ESP,"DF,MF",24.0,2000.0,1038.0,23.0,9.0,Marvin Park,90.0,1200000.0,1,2
ESP-La Liga,2425,Getafe,Alex Sola,ESP,MF,25.0,1999.0,1029.0,19.0,13.0,Álex Sola,100.0,2500000.0,1,3
ESP-La Liga,2425,Rayo Vallecano,Aridane Hernández,ESP,DF,35.0,1989.0,1025.0,14.0,11.0,Aridane Hernández,100.0,300000.0,1,2
ESP-La Liga,2425,Espanyol,Antoniu,ESP,MF,21.0,2002.0,1022.0,26.0,13.0,Antoniu Roca,90.0,1800000.0,1,3
ESP-La Liga,2425,Espanyol,Brian Oliván,ESP,DF,30.0,1994.0,1017.0,17.0,12.0,Brian Oliván,100.0,1800000.0,1,2
ESP-La Liga,2425,Alavés,Toni Martínez,ESP,FW,27.0,1997.0,1012.0,28.0,9.0,Toni Martínez,100.0,2500000.0,2,3
ESP-La Liga,2425,Getafe,Coba da Costa,ESP,MF,22.0,2002.0,1006.0,19.0,12.0,Coba da Costa,100.0,3000000.0,0,0
ESP-La Liga,2425,Real Madrid,Ferland Mendy,FRA,DF,29.0,1995.0,1005.0,14.0,12.0,Ferland Mendy,100.0,14000000.0,1,2
ESP-La Liga,2425,Las Palmas,Manuel Fuster,ESP,"MF,FW",26.0,1997.0,1003.0,28.0,8.0,Manu Fuster,91.66666666666666,1500000.0,0,0
ESP-La Liga,2425,Real Sociedad,Sheraldo Becker,SUR,"MF,FW",29.0,1995.0,995.0,22.0,11.0,Sheraldo Becker,100.0,2500000.0,0,0
ESP-La Liga,2425,Athletic Club,Mikel Vesga,ESP,MF,31.0,1993.0,988.0,25.0,10.0,Mikel Vesga,100.0,2500000.0,1,2
ESP-La Liga,2425,Las Palmas,Stefan Bajcetic,ESP,"MF,DF",19.0,2004.0,969.0,14.0,12.0,Stefan Bajcetic,100.0,9000000.0,3,1
ESP-La Liga,2425,Sevilla,Chidera Ejuke,NGA,"MF,FW",26.0,1998.0,966.0,25.0,9.0,Chidera Ejuke,100.0,4000000.0,0,0
ESP-La Liga,2425,Valencia,Yarek Gasiorowski,ESP,DF,19.0,2005.0,947.0,15.0,9.0,Yarek Gasiorowski,100.0,7500000.0,1,2
ESP-La Liga,2425,Real Sociedad,Orri Steinn Óskarsson,ISL,FW,19.0,2004.0,944.0,23.0,9.0,Orri Óskarsson,85.5,15000000.0,2,3
ESP-La Liga,2425,Real Sociedad,Beñat Turrientes,ESP,MF,22.0,2002.0,942.0,21.0,11.0,Beñat Turrientes,100.0,10000000.0,1,2
ESP-La Liga,2425,Girona,Arthur Melo,BRA,MF,27.0,1996.0,941.0,15.0,10.0,Arthur Melo,100.0,5000000.0,1,2
ESP-La Liga,2425,Atlético Madrid,Reinildo Mandava,MOZ,"DF,MF",30.0,1994.0,941.0,19.0,10.0,Reinildo Mandava,100.0,5000000.0,1,2
ESP-La Liga,2425,Real Madrid,Éder Militão,BRA,DF,26.0,1998.0,938.0,12.0,11.0,Éder Militão,100.0,30000000.0,3,1
ESP-La Liga,2425,Celta Vigo,Damián Rodríguez,ESP,MF,21.0,2003.0,927.0,17.0,10.0,Damián Rodríguez,100.0,3000000.0,1,2
ESP-La Liga,2425,Valencia,Jesus Vazquez,ESP,DF,21.0,2003.0,919.0,19.0,10.0,Jesús Vázquez,100.0,3000000.0,1,2
ESP-La Liga,2425,Villarreal,Pau Navarro,ESP,DF,19.0,2005.0,916.0,17.0,8.0,Pau Navarro,100.0,3000000.0,1,2
ESP-La Liga,2425,Real Betis,Marc Roca,ESP,MF,27.0,1996.0,906.0,14.0,11.0,Marc Roca,100.0,6000000.0,3,0
ESP-La Liga,2425,Real Sociedad,Jon Martin,ESP,DF,18.0,2006.0,904.0,13.0,6.0,Jon Martín,100.0,8000000.0,1,2
ESP-La Liga,2425,Valladolid,Abdulai Juma Bah,SLE,DF,18.0,2006.0,1550.0,22.0,18.0,Juma Bah,90.0,6000000.0,1,2
ESP-La Liga,2425,Valencia,Umar Sadiq,NGA,FW,27.0,1997.0,1052.0,23.0,11.0,Umar Sadiq,100.0,5000000.0,2,3
ESP-La Liga,2425,Celta Vigo,Anastasios Douvikas,GRE,FW,24.0,1999.0,1280.0,33.0,12.0,Anastasios Douvikas,100.0,10000000.0,2,3
ESP-La Liga,2425,Getafe,Juan Bernat,ESP,MF,31.0,1993.0,911.0,24.0,10.0,Juan Bernat,100.0,2000000.0,1,2
ESP-La Liga,2425,Getafe,Juanmi,ESP,FW,31.0,1993.0,940.0,24.0,10.0,Juanmi,100.0,2000000.0,1,3
ESP-La Liga,2425,Sevilla,Ruben Vargas,SUI,"MF,FW",25.0,1998.0,976.0,19.0,12.0,Rubén Vargas,100.0,7000000.0,0,0
ESP-La Liga,2425,Valladolid,Florian Grillitsch,AUT,MF,28.0,1995.0,1224.0,21.0,15.0,Florian Grillitsch,100.0,2000000.0,1,2
FRA-Ligue 1,2324,Lyon,Maxence Caqueret,FRA,MF,23.0,2000.0,3022.0,34.0,34.0,Maxence Caqueret,100.0,20000000.0,1,0
FRA-Ligue 1,2324,Clermont Foot,Andy Pelmard,MAD,DF,23.0,2000.0,2989.0,34.0,33.0,Andy Pelmard,100.0,3500000.0,1,2
FRA-Ligue 1,2324,Brest,Kenny Lala,MAD,DF,31.0,1991.0,2970.0,33.0,33.0,Kenny Lala,100.0,3000000.0,3,0
FRA-Ligue 1,2324,Brest,Brendan Chardonnet,FRA,DF,28.0,1994.0,2970.0,33.0,33.0,Brendan Chardonnet,100.0,8000000.0,1,1
FRA-Ligue 1,2324,Brest,Bradley Locko,FRA,DF,21.0,2002.0,2959.0,33.0,33.0,Bradley Locko,100.0,12000000.0,1,2
FRA-Ligue 1,2324,Toulouse,Rasmus Nicolaisen,DEN,DF,26.0,1997.0,2925.0,33.0,33.0,Rasmus Nicolaisen,100.0,6000000.0,3,1
FRA-Ligue 1,2324,Lorient,Laurent Abergel,FRA,MF,30.0,1993.0,2860.0,33.0,32.0,Laurent Abergel,100.0,3000000.0,1,1
FRA-Ligue 1,2324,Nice,Dante,BRA,DF,39.0,1983.0,2843.0,32.0,32.0,Dante,100.0,500000.0,1,1
FRA-Ligue 1,2324,Reims,Yunis Abdelhamid,MAR,DF,35.0,1987.0,2781.0,31.0,31.0,Yunis Abdelhamid,100.0,600000.0,3,1
FRA-Ligue 1,2324,Le Havre,Gautier Lloris,FRA,DF,28.0,1995.0,2778.0,31.0,31.0,Gautier Lloris,100.0,3000000.0,3,1
FRA-Ligue 1,2324,Montpellier,Téji Savanier,FRA,MF,31.0,1991.0,2765.0,32.0,32.0,Téji Savanier,100.0,9000000.0,0,0
FRA-Ligue 1,2324,Strasbourg,Lucas Perrin,FRA,DF,24.0,1998.0,2723.0,31.0,30.0,Lucas Perrin,100.0,3000000.0,1,2
FRA-Ligue 1,2324,Lens,Facundo Medina,ARG,DF,24.0,1999.0,2714.0,31.0,30.0,Facundo Medina,100.0,25000000.0,1,1
FRA-Ligue 1,2324,Reims,Junya Itō,JPN,"FW,MF",30.0,1993.0,2714.0,31.0,31.0,Junya Ito,100.0,8000000.0,0,0
FRA-Ligue 1,2324,Metz,Matthieu Udol,FRA,DF,27.0,1996.0,2700.0,30.0,30.0,Matthieu Udol,100.0,2500000.0,3,0
FRA-Ligue 1,2324,Monaco,Youssouf Fofana,FRA,MF,24.0,1999.0,2697.0,32.0,31.0,Youssouf Fofana,100.0,30000000.0,3,1
FRA-Ligue 1,2324,Le Havre,Arouna Sangante,SEN,DF,21.0,2002.0,2687.0,30.0,30.0,Arouna Sangante,100.0,10000000.0,1,2
FRA-Ligue 1,2324,Metz,Danley Jean-Jacques,HAI,MF,23.0,2000.0,2682.0,33.0,30.0,Danley Jean Jacques,100.0,2000000.0,1,2
FRA-Ligue 1,2324,Brest,Lilian Brassier,FRA,DF,23.0,1999.0,2677.0,30.0,30.0,Lilian Brassier,100.0,12000000.0,3,1
FRA-Ligue 1,2324,Lille,Leny Yoro,FRA,DF,17.0,2005.0,2673.0,32.0,30.0,Leny Yoro,100.0,50000000.0,3,1
FRA-Ligue 1,2324,Lens,Kevin Danso,AUT,DF,24.0,1998.0,2655.0,30.0,30.0,Kevin Danso,100.0,25000000.0,1,1
FRA-Ligue 1,2324,Nice,Melvin Bard,FRA,DF,22.0,2000.0,2654.0,32.0,31.0,Melvin Bard,100.0,12000000.0,1,0
FRA-Ligue 1,2324,Nice,Jean-Clair Todibo,FRA,DF,23.0,1999.0,2651.0,30.0,30.0,Jean-Clair Todibo,100.0,35000000.0,1,2
FRA-Ligue 1,2324,Toulouse,Logan Costa,CPV,DF,22.0,2001.0,2650.0,31.0,29.0,Logan Costa,100.0,12000000.0,1,1
FRA-Ligue 1,2324,Lille,Jonathan David,CAN,FW,23.0,2000.0,2629.0,34.0,30.0,Jonathan David,100.0,50000000.0,2,3
FRA-Ligue 1,2324,Marseille,Pierre-Emerick Aubameyang,GAB,FW,34.0,1989.0,2622.0,34.0,30.0,Pierre-Emerick Aubameyang,100.0,5000000.0,2,3
FRA-Ligue 1,2324,Lens,Florian Sotoca,FRA,"MF,FW",32.0,1990.0,2598.0,32.0,29.0,Florian Sotoca,100.0,3000000.0,0,0
FRA-Ligue 1,2324,Reims,Emmanuel Agbadou,CIV,DF,26.0,1997.0,2596.0,32.0,29.0,Emmanuel Agbadou,100.0,9000000.0,1,1
FRA-Ligue 1,2324,Nantes,Pedro Chirivella,ESP,MF,26.0,1997.0,2594.0,32.0,31.0,Pedro Chirivella,100.0,7000000.0,1,1
FRA-Ligue 1,2324,Montpellier,Joris Chotard,FRA,MF,21.0,2001.0,2587.0,31.0,30.0,Joris Chotard,100.0,10000000.0,1,2
FRA-Ligue 1,2324,Lille,Angel Gomes,ENG,MF,22.0,2000.0,2571.0,31.0,29.0,Angel Gomes,100.0,25000000.0,0,2
FRA-Ligue 1,2324,Lille,Benjamin André,FRA,MF,32.0,1990.0,2570.0,30.0,29.0,Benjamin André,100.0,8000000.0,3,1
FRA-Ligue 1,2324,Clermont Foot,Muhammed Cham,AUT,"MF,FW",22.0,2000.0,2554.0,33.0,29.0,Muhammed Cham,100.0,6000000.0,0,0
FRA-Ligue 1,2324,Brest,Pierre Lees-Melou,FRA,MF,30.0,1993.0,2517.0,29.0,29.0,Pierre Lees-Melou,100.0,10000000.0,1,1
FRA-Ligue 1,2324,Clermont Foot,Neto Borges,BRA,"MF,DF",26.0,1996.0,2516.0,28.0,28.0,Neto Borges,100.0,3000000.0,1,2
FRA-Ligue 1,2324,Toulouse,Thijs Dallinga,NED,FW,22.0,2000.0,2510.0,33.0,28.0,Thijs Dallinga,100.0,18000000.0,2,3
FRA-Ligue 1,2324,Brest,Romain Del Castillo,FRA,"MF,FW",27.0,1996.0,2497.0,33.0,30.0,Romain Del Castillo,100.0,10000000.0,0,0
FRA-Ligue 1,2324,Strasbourg,Frederic Guilbert,FRA,"DF,MF",28.0,1994.0,2490.0,32.0,29.0,Frédéric Guilbert,100.0,4000000.0,1,0
FRA-Ligue 1,2324,Lille,Ismaily,BRA,DF,33.0,1990.0,2465.0,30.0,28.0,Ismaily,100.0,1800000.0,3,1
FRA-Ligue 1,2324,Nantes,Jean-Charles Castelletto,CMR,DF,28.0,1995.0,2464.0,28.0,28.0,Jean-Charles Castelletto,100.0,3500000.0,3,1
FRA-Ligue 1,2324,Le Havre,Christopher Opéri,CIV,"DF,MF",26.0,1997.0,2445.0,28.0,28.0,Christopher Operi,100.0,4000000.0,0,0
FRA-Ligue 1,2324,Rennes,Benjamin Bourigeaud,FRA,MF,29.0,1994.0,2425.0,32.0,29.0,Benjamin Bourigeaud,100.0,18000000.0,0,0
FRA-Ligue 1,2324,Lyon,Jake O'Brien,IRL,DF,22.0,2001.0,2369.0,27.0,27.0,Jake O'Brien,100.0,12000000.0,3,1
FRA-Ligue 1,2324,Lille,Tiago Santos,POR,DF,21.0,2002.0,2365.0,29.0,26.0,Tiago Santos,100.0,15000000.0,0,0
FRA-Ligue 1,2324,Toulouse,Gabriel Suazo,CHI,"DF,MF",25.0,1997.0,2357.0,31.0,27.0,Gabriel Suazo,100.0,3500000.0,1,2
FRA-Ligue 1,2324,Brest,Hugo Magnetti,FRA,MF,25.0,1998.0,2340.0,33.0,30.0,Hugo Magnetti,100.0,7000000.0,1,1
FRA-Ligue 1,2324,Monaco,Wissam Ben Yedder,FRA,FW,32.0,1990.0,2316.0,32.0,26.0,Wissam Ben Yedder,100.0,8000000.0,2,3
FRA-Ligue 1,2324,Montpellier,Becir Omeragic,SUI,"DF,MF",21.0,2002.0,2312.0,28.0,26.0,Becir Omeragic,100.0,6000000.0,1,2
FRA-Ligue 1,2324,Strasbourg,Habib Diarra,SEN,"MF,FW",19.0,2004.0,2305.0,31.0,28.0,Habib Diarra,100.0,18000000.0,3,1
FRA-Ligue 1,2324,Rennes,Arthur Theate,BEL,DF,23.0,2000.0,2296.0,28.0,27.0,Arthur Theate,100.0,20000000.0,3,1
FRA-Ligue 1,2324,Lyon,Alexandre Lacazette,FRA,FW,32.0,1991.0,2293.0,29.0,27.0,Alexandre Lacazette,100.0,9000000.0,2,3
FRA-Ligue 1,2324,Lille,Edon Zhegrova,KVX,"MF,FW",24.0,1999.0,2288.0,33.0,25.0,Edon Zhegrova,100.0,25000000.0,0,0
FRA-Ligue 1,2324,Le Havre,Abdoulaye Touré,GUI,MF,29.0,1994.0,2284.0,30.0,27.0,Abdoulaye Touré,100.0,3000000.0,1,1
FRA-Ligue 1,2324,Marseille,Leonardo Balerdi,ARG,DF,24.0,1999.0,2271.0,27.0,26.0,Leonardo Balerdi,100.0,20000000.0,3,1
FRA-Ligue 1,2324,Toulouse,Vincent Sierro,SUI,MF,27.0,1995.0,2261.0,30.0,25.0,Vincent Sierro,100.0,4000000.0,0,0
FRA-Ligue 1,2324,Clermont Foot,Johan Gastien,FRA,MF,35.0,1988.0,2260.0,28.0,28.0,Johan Gastien,100.0,500000.0,1,2
FRA-Ligue 1,2324,Metz,Lamine Camara,SEN,MF,19.0,2004.0,2255.0,31.0,26.0,Lamine Camara,100.0,10000000.0,1,0
FRA-Ligue 1,2324,Montpellier,Akor Adams,NGA,FW,23.0,2000.0,2252.0,32.0,27.0,Akor Adams,100.0,10000000.0,2,3
FRA-Ligue 1,2324,Lorient,Julien Ponceau,FRA,MF,22.0,2000.0,2244.0,32.0,27.0,Julien Ponceau,100.0,3500000.0,0,0
FRA-Ligue 1,2324,Lyon,Clinton Mata,ANG,"DF,MF",30.0,1992.0,2220.0,28.0,25.0,Clinton Mata,100.0,4000000.0,1,2
FRA-Ligue 1,2324,Metz,Ismaël Traoré,CIV,DF,36.0,1986.0,2220.0,26.0,25.0,Ismaël Traoré,100.0,250000.0,3,1
FRA-Ligue 1,2324,Lille,Alexsandro Ribeiro,BRA,DF,23.0,1999.0,2220.0,29.0,24.0,Alexsandro,90.0,8000000.0,1,2
FRA-Ligue 1,2324,Marseille,Chancel Mbemba,COD,DF,28.0,1994.0,2207.0,25.0,25.0,Chancel Mbemba,100.0,15000000.0,3,1
FRA-Ligue 1,2324,Lorient,Montassar Talbi,TUN,DF,25.0,1998.0,2204.0,25.0,25.0,Montassar Talbi,100.0,7000000.0,1,2
FRA-Ligue 1,2324,Lens,Przemysław Frankowski,POL,MF,28.0,1995.0,2192.0,30.0,24.0,Przemyslaw Frankowski,95.23809523809524,9000000.0,1,0
FRA-Ligue 1,2324,Monaco,Wilfried Singo,CIV,DF,22.0,2000.0,2187.0,25.0,24.0,Wilfried Singo,100.0,25000000.0,1,1
FRA-Ligue 1,2324,Marseille,Jordan Veretout,FRA,MF,30.0,1993.0,2183.0,29.0,24.0,Jordan Veretout,100.0,15000000.0,0,0
FRA-Ligue 1,2324,Strasbourg,Dilane Bakwa,FRA,"MF,FW",20.0,2002.0,2177.0,31.0,25.0,Dilane Bakwa,100.0,10000000.0,0,0
FRA-Ligue 1,2324,Reims,Marshall Munetsi,ZIM,MF,27.0,1996.0,2173.0,27.0,25.0,Marshall Munetsi,100.0,10000000.0,3,0
FRA-Ligue 1,2324,PSG,Kylian Mbappé,FRA,FW,24.0,1998.0,2158.0,29.0,24.0,Kylian Mbappé,100.0,180000000.0,2,3
FRA-Ligue 1,2324,Monaco,Aleksandr Golovin,RUS,MF,27.0,1996.0,2147.0,25.0,25.0,Aleksandr Golovin,100.0,30000000.0,0,0
FRA-Ligue 1,2324,Rennes,Adrien Truffert,FRA,"DF,MF",21.0,2001.0,2145.0,30.0,24.0,Adrien Truffert,100.0,18000000.0,1,0
FRA-Ligue 1,2324,Rennes,Arnaud Kalimuendo,FRA,FW,21.0,2002.0,2139.0,30.0,25.0,Arnaud Kalimuendo,100.0,20000000.0,2,3
FRA-Ligue 1,2324,Strasbourg,Marvin Senaya,GHA,"DF,MF",22.0,2001.0,2138.0,32.0,23.0,Marvin Senaya,100.0,2000000.0,1,0
FRA-Ligue 1,2324,Monaco,Denis Zakaria,SUI,"MF,DF",26.0,1996.0,2137.0,25.0,24.0,Denis Zakaria,100.0,25000000.0,3,1
FRA-Ligue 1,2324,PSG,Vitinha,POR,MF,23.0,2000.0,3334.0,55.0,35.0,Vitinha,100.0,50000000.0,2,0
FRA-Ligue 1,2324,Lyon,Nicolás Tagliafico,ARG,"DF,MF",30.0,1992.0,2123.0,25.0,25.0,Nicolás Tagliafico,100.0,8000000.0,3,1
FRA-Ligue 1,2324,Monaco,Takumi Minamino,JPN,MF,28.0,1995.0,2117.0,30.0,25.0,Takumi Minamino,100.0,20000000.0,2,3
FRA-Ligue 1,2324,Reims,Teddy Teuma,MLT,MF,29.0,1993.0,2113.0,28.0,25.0,Teddy Teuma,100.0,7000000.0,0,0
FRA-Ligue 1,2324,Lens,Jonathan Gradit,FRA,DF,30.0,1992.0,2112.0,26.0,26.0,Jonathan Gradit,100.0,4500000.0,3,1
FRA-Ligue 1,2324,Nice,Khéphren Thuram,FRA,MF,22.0,2001.0,2108.0,27.0,25.0,Khéphren Thuram,100.0,35000000.0,1,1
FRA-Ligue 1,2324,Le Havre,Daler Kuzyaev,RUS,MF,30.0,1993.0,2090.0,30.0,24.0,Daler Kuzyaev,100.0,8000000.0,3,0
FRA-Ligue 1,2324,Nantes,Florent Mollet,FRA,"MF,FW",31.0,1991.0,2083.0,29.0,24.0,Florent Mollet,100.0,1800000.0,0,0
FRA-Ligue 1,2324,Strasbourg,Emanuel Emegha,NED,FW,20.0,2003.0,2078.0,28.0,23.0,Emmanuel Emegha,96.55172413793105,12000000.0,2,3
FRA-Ligue 1,2324,Rennes,Warmed Omari,COM,DF,23.0,2000.0,2071.0,25.0,23.0,Warmed Omari,100.0,8000000.0,3,1
FRA-Ligue 1,2324,Marseille,Jonathan Clauss,FRA,"DF,MF",30.0,1992.0,2068.0,27.0,25.0,Jonathan Clauss,100.0,12000000.0,0,0
FRA-Ligue 1,2324,Rennes,Amine Gouiri,ALG,"FW,MF",23.0,2000.0,2067.0,31.0,24.0,Amine Gouiri,100.0,25000000.0,2,3
FRA-Ligue 1,2324,Lorient,Souleymane Touré,FRA,DF,20.0,2003.0,2051.0,24.0,23.0,,82.75862068965517,,1,1
FRA-Ligue 1,2324,Strasbourg,Thomas Delaine,FRA,"MF,DF",31.0,1992.0,2044.0,27.0,24.0,Thomas Delaine,100.0,1000000.0,3,0
FRA-Ligue 1,2324,Montpellier,Jordan Ferri,FRA,MF,31.0,1992.0,2031.0,30.0,23.0,Jordan Ferri,100.0,4500000.0,3,1
FRA-Ligue 1,2324,Brest,Mahdi Camara,FRA,MF,25.0,1998.0,2020.0,32.0,26.0,Mahdi Camara,100.0,10000000.0,0,0
FRA-Ligue 1,2324,Le Havre,Josué Casimir,HAI,"MF,FW",21.0,2001.0,2016.0,30.0,25.0,Josué Casimir,100.0,3000000.0,1,0
FRA-Ligue 1,2324,Nice,Pablo Rosario,DOM,"MF,DF",26.0,1997.0,2009.0,30.0,21.0,Pablo Rosario,100.0,8000000.0,1,2
FRA-Ligue 1,2324,Nantes,Mostafa Mohamed,EGY,FW,25.0,1997.0,2002.0,29.0,24.0,Mostafa Mohamed,100.0,10000000.0,2,3
FRA-Ligue 1,2324,Nice,Jeremie Boga,CIV,"FW,MF",26.0,1997.0,1998.0,28.0,24.0,Jérémie Boga,100.0,15000000.0,0,0
FRA-Ligue 1,2324,Nantes,Eray Cömert,SUI,DF,25.0,1998.0,1995.0,25.0,23.0,Eray Cömert,100.0,4000000.0,3,1
FRA-Ligue 1,2324,PSG,Danilo Pereira,POR,DF,31.0,1991.0,1995.0,26.0,22.0,Danilo Pereira,100.0,8000000.0,1,2
FRA-Ligue 1,2324,Lyon,Duje Ćaleta-Car,CRO,DF,26.0,1996.0,1993.0,24.0,22.0,Duje Caleta-Car,100.0,7000000.0,1,2
FRA-Ligue 1,2324,Lille,Nabil Bentaleb,ALG,MF,28.0,1994.0,1967.0,26.0,23.0,Nabil Bentaleb,100.0,10000000.0,1,2
FRA-Ligue 1,2324,Nice,Morgan Sanson,FRA,MF,28.0,1994.0,1964.0,29.0,24.0,Morgan Sanson,100.0,8000000.0,0,0
FRA-Ligue 1,2324,PSG,Warren Zaïre-Emery,FRA,"MF,DF",17.0,2006.0,1962.0,26.0,21.0,Warren Zaïre-Emery,100.0,60000000.0,3,1
FRA-Ligue 1,2324,Nice,Terem Moffi,NGA,FW,24.0,1999.0,1949.0,30.0,23.0,Terem Moffi,100.0,25000000.0,2,3
FRA-Ligue 1,2324,Toulouse,Cristian Cásseres Jr.,VEN,MF,23.0,2000.0,1946.0,32.0,23.0,Cristian Cásseres Jr.,100.0,4000000.0,1,1
FRA-Ligue 1,2324,Le Havre,Etienne Youte Kinkoue,FRA,DF,21.0,2002.0,1941.0,22.0,22.0,Étienne Youté Kinkoué,100.0,7000000.0,1,2
FRA-Ligue 1,2324,PSG,Manuel Ugarte,URU,MF,22.0,2001.0,1932.0,25.0,21.0,Manuel Ugarte,100.0,45000000.0,1,2
FRA-Ligue 1,2324,PSG,Achraf Hakimi,MAR,"DF,MF",24.0,1998.0,1932.0,25.0,20.0,Achraf Hakimi,100.0,60000000.0,0,0
FRA-Ligue 1,2324,Montpellier,Musa Al-Taamari,JOR,"MF,FW",26.0,1997.0,1928.0,27.0,24.0,Mousa Al-Tamari,93.33333333333331,8000000.0,0,0
FRA-Ligue 1,2324,Montpellier,Boubakar Kouyaté,MLI,DF,26.0,1997.0,1928.0,23.0,22.0,,70.0,,1,2
FRA-Ligue 1,2324,Rennes,Baptiste Santamaria,FRA,MF,28.0,1995.0,1926.0,30.0,22.0,Baptiste Santamaria,100.0,10000000.0,1,2
FRA-Ligue 1,2324,Lens,Ruben Aguilar,FRA,"MF,DF",30.0,1993.0,1922.0,25.0,22.0,Ruben Aguilar,100.0,5000000.0,1,0
FRA-Ligue 1,2324,Metz,Kévin Van Den Kerkhof,ALG,"MF,FW",27.0,1996.0,1913.0,29.0,21.0,Kevin Van Den Kerkhof,100.0,3000000.0,0,0
FRA-Ligue 1,2324,PSG,Lucas Hernández,FRA,DF,27.0,1996.0,1909.0,27.0,23.0,Lucas Hernández,100.0,40000000.0,3,1
FRA-Ligue 1,2324,Nice,Gaëtan Laborde,FRA,"FW,MF",29.0,1994.0,1906.0,34.0,22.0,Gaëtan Laborde,100.0,10000000.0,0,0
FRA-Ligue 1,2324,Brest,Martin Satriano,URU,"FW,MF",22.0,2001.0,1864.0,33.0,21.0,Martín Satriano,100.0,7000000.0,0,3
FRA-Ligue 1,2324,Clermont Foot,Jim Allevinah,GAB,MF,28.0,1995.0,1861.0,29.0,22.0,Jim Allevinah,100.0,2000000.0,0,0
FRA-Ligue 1,2324,Metz,Fali Candé,GNB,DF,25.0,1998.0,1849.0,25.0,20.0,Fali Candé,100.0,2500000.0,1,2
FRA-Ligue 1,2324,Le Havre,Yassine Kechta,MAR,MF,21.0,2002.0,1849.0,32.0,21.0,Yassine Kechta,100.0,5000000.0,3,1
FRA-Ligue 1,2324,Lyon,Ernest Nuamah,GHA,"FW,MF",19.0,2003.0,1838.0,29.0,21.0,Ernest Nuamah,100.0,18000000.0,0,3
FRA-Ligue 1,2324,Reims,Thomas Foket,BEL,"DF,MF",28.0,1994.0,1833.0,27.0,22.0,Thomas Foket,100.0,6000000.0,1,2
FRA-Ligue 1,2324,Metz,Maxime Colin,FRA,DF,31.0,1991.0,1832.0,22.0,22.0,Maxime Colin,100.0,900000.0,1,2
FRA-Ligue 1,2324,Reims,Thibault De Smet,BEL,"DF,MF",25.0,1998.0,1831.0,27.0,22.0,Thibault De Smet,100.0,4000000.0,1,2
FRA-Ligue 1,2324,Nantes,Moussa Sissoko,FRA,MF,33.0,1989.0,1821.0,26.0,21.0,Moussa Sissoko,100.0,1200000.0,1,2
FRA-Ligue 1,2324,Marseille,Amine Harit,MAR,MF,26.0,1997.0,1821.0,28.0,21.0,Amine Harit,100.0,15000000.0,0,0
FRA-Ligue 1,2324,Lorient,Julien Laporte,FRA,DF,29.0,1993.0,1818.0,23.0,20.0,Julien Laporte,100.0,2000000.0,1,2
FRA-Ligue 1,2324,Nice,Jordan Lotomba,SUI,"DF,MF",24.0,1998.0,1804.0,28.0,21.0,Jordan Lotomba,100.0,8000000.0,3,1
FRA-Ligue 1,2324,Strasbourg,Abakar Sylla,CIV,DF,20.0,2002.0,1792.0,22.0,19.0,Abakar Sylla,100.0,12000000.0,3,1
FRA-Ligue 1,2324,Nantes,Moses Simon,NGA,"MF,FW",28.0,1995.0,1788.0,22.0,21.0,Moses Simon,100.0,12000000.0,0,0
FRA-Ligue 1,2324,Nantes,Douglas,BRA,MF,26.0,1997.0,1772.0,25.0,22.0,Douglas Augusto,90.0,6000000.0,1,2
FRA-Ligue 1,2324,Brest,Steve Mounié,BEN,FW,28.0,1994.0,1769.0,32.0,20.0,Steve Mounié,100.0,6000000.0,2,3
FRA-Ligue 1,2324,Monaco,Guillermo Maripán,CHI,DF,29.0,1994.0,1767.0,23.0,21.0,Guillermo Maripán,100.0,10000000.0,3,1
FRA-Ligue 1,2324,Metz,Georges Mikautadze,GEO,FW,22.0,2000.0,1747.0,20.0,20.0,Georges Mikautadze,100.0,15000000.0,2,3
FRA-Ligue 1,2324,Reims,Joseph Okumu,KEN,DF,26.0,1997.0,1743.0,21.0,19.0,Joseph Okumu,100.0,9000000.0,1,1
FRA-Ligue 1,2324,Lyon,Corentin Tolisso,FRA,MF,28.0,1994.0,1741.0,25.0,21.0,Corentin Tolisso,100.0,5000000.0,0,0
FRA-Ligue 1,2324,Marseille,Samuel Gigot,FRA,DF,29.0,1993.0,1726.0,21.0,20.0,Samuel Gigot,100.0,9000000.0,3,1
FRA-Ligue 1,2324,Lyon,Rayan Cherki,FRA,"MF,FW",19.0,2003.0,1719.0,33.0,19.0,Rayan Cherki,100.0,25000000.0,0,0
FRA-Ligue 1,2324,Nice,Youssouf Ndayishimiye,BDI,"MF,DF",24.0,1998.0,1712.0,23.0,20.0,Youssouf Ndayishimiye,100.0,15000000.0,1,2
FRA-Ligue 1,2324,Lille,Bafodé Diakité,FRA,DF,22.0,2001.0,1696.0,21.0,19.0,Bafodé Diakité,100.0,18000000.0,3,0
FRA-Ligue 1,2324,Lens,Elye Wahi,CIV,FW,20.0,2003.0,1706.0,28.0,20.0,Elye Wahi,100.0,35000000.0,2,3
FRA-Ligue 1,2324,Monaco,Folarin Balogun,USA,FW,22.0,2001.0,1692.0,29.0,19.0,Folarin Balogun,100.0,30000000.0,2,3
FRA-Ligue 1,2324,Clermont Foot,Yohann Magnin,FRA,MF,26.0,1997.0,1687.0,31.0,17.0,Yohann Magnin,100.0,2000000.0,1,1
FRA-Ligue 1,2324,Clermont Foot,Maximiliano Caufriez,BEL,DF,26.0,1997.0,1659.0,20.0,20.0,Maximiliano Caufriez,100.0,2500000.0,1,2
FRA-Ligue 1,2324,Strasbourg,Ismaël Doukouré,FRA,"MF,DF",20.0,2003.0,1656.0,22.0,19.0,Ismaël Doukouré,100.0,10000000.0,1,2
FRA-Ligue 1,2324,Reims,Mohamed Daramy,DEN,"FW,MF",21.0,2002.0,1648.0,25.0,19.0,Mohamed Daramy,100.0,10000000.0,0,3
FRA-Ligue 1,2324,Strasbourg,Ibrahima Sissoko,MLI,MF,25.0,1997.0,1642.0,27.0,18.0,Ibrahima Sissoko,100.0,6000000.0,1,2
FRA-Ligue 1,2324,Monaco,Vanderson,BRA,"MF,DF",22.0,2001.0,1641.0,20.0,20.0,Vanderson,100.0,20000000.0,1,0
FRA-Ligue 1,2324,PSG,Milan Škriniar,SVK,DF,28.0,1995.0,1629.0,24.0,17.0,Milan Škriniar,100.0,30000000.0,1,2
FRA-Ligue 1,2324,Rennes,Désiré Doué,FRA,MF,18.0,2005.0,1626.0,31.0,17.0,Désiré Doué,100.0,30000000.0,0,0
FRA-Ligue 1,2324,Brest,Jérémy Le Douaron,FRA,"FW,MF",25.0,1998.0,1618.0,33.0,19.0,Jérémy Le Douaron,100.0,5000000.0,0,3
FRA-Ligue 1,2324,Marseille,Iliman Ndiaye,SEN,"FW,MF",23.0,2000.0,1618.0,30.0,19.0,Iliman Ndiaye,100.0,15000000.0,0,0
FRA-Ligue 1,2324,Metz,Christophe Hérelle,MTQ,DF,30.0,1992.0,1617.0,19.0,18.0,Christophe Hérelle,100.0,1500000.0,1,2
FRA-Ligue 1,2324,Monaco,Maghnes Akliouche,FRA,MF,21.0,2002.0,1613.0,28.0,18.0,Maghnes Akliouche,100.0,25000000.0,2,0
FRA-Ligue 1,2324,Nice,Hicham Boudaoui,ALG,MF,23.0,1999.0,1613.0,29.0,17.0,Hicham Boudaoui,100.0,9000000.0,3,0
FRA-Ligue 1,2324,Metz,Kévin N'Doram,FRA,MF,27.0,1996.0,1604.0,23.0,18.0,Kévin N'Doram,100.0,1500000.0,1,2
FRA-Ligue 1,2324,Toulouse,Aron Dønnum,NOR,"MF,FW",25.0,1998.0,1595.0,27.0,19.0,Aron Dønnum,100.0,3500000.0,1,3
FRA-Ligue 1,2324,Nantes,Nicolas Pallois,FRA,DF,35.0,1987.0,1589.0,23.0,17.0,Nicolas Pallois,100.0,600000.0,1,2
FRA-Ligue 1,2324,Reims,Oumar Diakité,CIV,FW,19.0,2003.0,1585.0,28.0,18.0,Oumar Diakité,100.0,6000000.0,2,3
FRA-Ligue 1,2324,Le Havre,Emmanuel Sabbi,USA,"MF,FW",25.0,1997.0,1584.0,30.0,18.0,Emmanuel Sabbi,100.0,2500000.0,3,0
FRA-Ligue 1,2324,Le Havre,Yoann Salmier,GUF,DF,30.0,1992.0,1568.0,20.0,18.0,Yoann Salmier,100.0,1500000.0,3,1
FRA-Ligue 1,2324,Lens,Neil El Aynaoui,MAR,MF,22.0,2001.0,1566.0,25.0,17.0,Neil El Aynaoui,100.0,8000000.0,1,1
FRA-Ligue 1,2324,Rennes,Ludovic Blas,FRA,"MF,FW",25.0,1997.0,1563.0,29.0,18.0,Ludovic Blas,100.0,15000000.0,0,3
FRA-Ligue 1,2324,Le Havre,Loïc Nego,HUN,"MF,DF",32.0,1991.0,1561.0,28.0,18.0,Loïc Nego,100.0,900000.0,1,2
FRA-Ligue 1,2324,Nice,Evann Guessand,CIV,FW,22.0,2001.0,1553.0,34.0,14.0,Evann Guessand,100.0,8000000.0,2,0
FRA-Ligue 1,2324,Toulouse,Mikkel Desler,DEN,"DF,MF",28.0,1995.0,1544.0,24.0,19.0,Mikkel Desler,100.0,3000000.0,1,2
FRA-Ligue 1,2324,PSG,Marquinhos,BRA,DF,29.0,1994.0,1537.0,21.0,18.0,Marquinhos,100.0,50000000.0,1,2
FRA-Ligue 1,2324,Rennes,Martin Terrier,FRA,"FW,MF",26.0,1997.0,1527.0,24.0,19.0,Martin Terrier,100.0,20000000.0,2,3
FRA-Ligue 1,2324,Rennes,Enzo Le Fée,FRA,MF,23.0,2000.0,1527.0,25.0,19.0,Enzo Le Fée,100.0,18000000.0,1,2
FRA-Ligue 1,2324,Lens,Salis Abdul Samed,GHA,MF,23.0,2000.0,1519.0,27.0,17.0,Salis Abdul Samed,100.0,8000000.0,1,2
FRA-Ligue 1,2324,Toulouse,Stijn Spierings,NED,MF,27.0,1996.0,1634.0,26.0,17.0,Stijn Spierings,100.0,4500000.0,1,2
FRA-Ligue 1,2324,Lorient,Théo Le Bris,FRA,MF,20.0,2002.0,1516.0,26.0,15.0,Théo Le Bris,100.0,2000000.0,1,2
FRA-Ligue 1,2324,PSG,Ousmane Dembélé,FRA,"FW,MF",26.0,1997.0,1506.0,26.0,17.0,Ousmane Dembélé,100.0,60000000.0,0,0
FRA-Ligue 1,2324,Lens,David Costa,POR,MF,22.0,2001.0,1494.0,25.0,17.0,David Da Costa,95.0,8000000.0,0,0
FRA-Ligue 1,2324,Clermont Foot,Shamar Nicholson,JAM,FW,26.0,1997.0,1484.0,26.0,17.0,Shamar Nicholson,100.0,5000000.0,2,3
FRA-Ligue 1,2324,Nantes,Marcus Coco,FRA,"MF,DF",27.0,1996.0,1481.0,28.0,18.0,Marcus Coco,100.0,1500000.0,1,0
FRA-Ligue 1,2324,Lille,Rémy Cabella,FRA,"MF,FW",33.0,1990.0,1477.0,30.0,14.0,Rémy Cabella,100.0,3500000.0,0,0
FRA-Ligue 1,2324,Monaco,Ismail Jakobs,SEN,"MF,DF",23.0,1999.0,1466.0,22.0,16.0,Ismail Jakobs,100.0,8000000.0,1,0
FRA-Ligue 1,2324,PSG,Lee Kang-in,KOR,"MF,FW",22.0,2001.0,1464.0,23.0,18.0,Kang-in Lee,95.0,25000000.0,0,0
FRA-Ligue 1,2324,Marseille,Geoffrey Kondogbia,CTA,MF,30.0,1993.0,1463.0,26.0,15.0,Geoffrey Kondogbia,100.0,12000000.0,1,2
FRA-Ligue 1,2324,Montpellier,Issiaga Sylla,GUI,"DF,MF",29.0,1994.0,1455.0,19.0,17.0,Issiaga Sylla,100.0,2500000.0,1,0
FRA-Ligue 1,2324,Lorient,Romain Faivre,FRA,MF,25.0,1998.0,1494.0,22.0,16.0,Romain Faivre,100.0,15000000.0,0,0
FRA-Ligue 1,2324,Strasbourg,Junior Mwanga,FRA,"MF,FW",20.0,2003.0,1450.0,22.0,17.0,Junior Mwanga,100.0,7000000.0,1,1
FRA-Ligue 1,2324,Rennes,Jeanuël Belocian,FRA,DF,18.0,2005.0,1448.0,23.0,16.0,Jeanuël Belocian,100.0,10000000.0,1,2
FRA-Ligue 1,2324,Marseille,Ismaila Sarr,SEN,"MF,FW",25.0,1998.0,1447.0,23.0,15.0,Ismaïla Sarr,100.0,18000000.0,0,0
FRA-Ligue 1,2324,Toulouse,Frank Magri,CMR,"FW,MF",23.0,1999.0,1438.0,29.0,14.0,Frank Magri,100.0,3000000.0,2,3
FRA-Ligue 1,2324,Lyon,Ainsley Maitland-Niles,ENG,"DF,MF",25.0,1997.0,1432.0,23.0,16.0,Ainsley Maitland-Niles,100.0,9000000.0,1,0
FRA-Ligue 1,2324,PSG,Gonçalo Ramos,POR,FW,22.0,2001.0,1419.0,29.0,16.0,Gonçalo Ramos,100.0,50000000.0,2,3
FRA-Ligue 1,2324,Toulouse,Moussa Diarra,MLI,DF,22.0,2000.0,1397.0,22.0,15.0,Moussa Diarra,100.0,2000000.0,3,1
FRA-Ligue 1,2324,Le Havre,Mohamed Lamine Bayo,GUI,FW,25.0,1998.0,1389.0,22.0,16.0,Lamine Diack,85.5,1200000.0,2,3
FRA-Ligue 1,2324,Rennes,Christopher Wooh,CMR,DF,21.0,2001.0,1388.0,18.0,15.0,Christopher Wooh,100.0,6000000.0,3,1
FRA-Ligue 1,2324,Reims,Azor Matusiwa,NED,MF,25.0,1998.0,2179.0,28.0,25.0,Azor Matusiwa,100.0,12000000.0,1,1
FRA-Ligue 1,2324,Montpellier,Falaye Sacko,MLI,DF,28.0,1995.0,1382.0,19.0,15.0,Falaye Sacko,100.0,4000000.0,1,2
FRA-Ligue 1,2324,Reims,Keito Nakamura,JPN,"FW,MF",23.0,2000.0,1381.0,25.0,17.0,Keito Nakamura,100.0,9000000.0,0,3
FRA-Ligue 1,2324,Metz,Cheikh Tidiane Sabaly,SEN,"MF,FW",24.0,1999.0,1379.0,29.0,17.0,Tidiane Diallo,85.5,,3,0
FRA-Ligue 1,2324,Lens,Angelo Fulgini,NCL,MF,26.0,1996.0,1376.0,29.0,16.0,Angelo Fulgini,100.0,7000000.0,0,0
FRA-Ligue 1,2324,PSG,Bradley Barcola,FRA,"FW,MF",20.0,2002.0,1640.0,28.0,21.0,Bradley Barcola,100.0,50000000.0,0,0
FRA-Ligue 1,2324,Reims,Reda Khadra,GER,"MF,FW",22.0,2001.0,1368.0,29.0,14.0,Reda Khadra,100.0,3000000.0,0,0
FRA-Ligue 1,2324,Reims,Amir Richardson,MAR,MF,21.0,2002.0,1352.0,28.0,14.0,Amir Richardson,100.0,6000000.0,3,1
FRA-Ligue 1,2324,Nantes,Jean-Kevin Duverne,HAI,DF,26.0,1997.0,1348.0,19.0,15.0,Jean-Kévin Duverne,100.0,3500000.0,1,2
FRA-Ligue 1,2324,Monaco,Soungoutou Magassa,FRA,DF,19.0,2003.0,1346.0,21.0,15.0,Soungoutou Magassa,100.0,8000000.0,1,2
FRA-Ligue 1,2324,Strasbourg,Kévin Gameiro,FRA,"FW,MF",36.0,1987.0,1346.0,27.0,15.0,Kévin Gameiro,100.0,700000.0,0,0
FRA-Ligue 1,2324,Monaco,Thilo Kehrer,GER,DF,26.0,1996.0,1345.0,19.0,15.0,Thilo Kehrer,100.0,10000000.0,1,1
FRA-Ligue 1,2324,Lorient,Tiemoué Bakayoko,FRA,MF,28.0,1994.0,1314.0,20.0,15.0,Tiemoué Bakayoko,100.0,2000000.0,3,1
FRA-Ligue 1,2324,Lens,Andy Diouf,FRA,MF,20.0,2003.0,1314.0,25.0,16.0,Andy Diouf,100.0,9000000.0,0,0
FRA-Ligue 1,2324,Lille,Yusuf Yazıcı,TUR,"MF,FW",26.0,1997.0,1312.0,27.0,16.0,Yusuf Yazıcı,100.0,10000000.0,2,3
FRA-Ligue 1,2324,Clermont Foot,Maxime Gonalons,FRA,MF,34.0,1989.0,1296.0,21.0,17.0,Maxime Gonalons,100.0,700000.0,1,1
FRA-Ligue 1,2324,Lille,Hákon Haraldsson,ISL,"MF,FW",20.0,2003.0,1284.0,26.0,15.0,Hákon Arnar Haraldsson,95.0,9000000.0,3,0
FRA-Ligue 1,2324,Nantes,Quentin Merlin,FRA,"MF,DF",21.0,2002.0,1986.0,26.0,23.0,Quentin Merlin,100.0,10000000.0,1,2
FRA-Ligue 1,2324,Clermont Foot,Habib Keita,MLI,MF,21.0,2002.0,1278.0,27.0,12.0,Habib Keïta,100.0,1000000.0,1,0
FRA-Ligue 1,2324,Toulouse,Niklas Schmidt,GER,MF,25.0,1998.0,1269.0,22.0,15.0,Niklas Schmidt,100.0,3000000.0,0,0
FRA-Ligue 1,2324,PSG,Randal Kolo Muani,FRA,"FW,MF",24.0,1998.0,1421.0,28.0,15.0,Randal Kolo Muani,100.0,45000000.0,2,3
FRA-Ligue 1,2324,Lille,Gabriel Gudmundsson,SWE,"MF,DF",24.0,1999.0,1267.0,25.0,14.0,Gabriel Gudmundsson,100.0,5000000.0,1,0
FRA-Ligue 1,2324,Lorient,Formose Mendy,SEN,DF,22.0,2001.0,1256.0,18.0,13.0,Formose Mendy,100.0,4500000.0,1,2
FRA-Ligue 1,2324,Lyon,Nemanja Matić,SRB,MF,34.0,1988.0,2281.0,28.0,26.0,Nemanja Matić,100.0,3000000.0,1,2
FRA-Ligue 1,2324,Montpellier,Arnaud Nordin,FRA,"MF,FW",25.0,1998.0,1246.0,20.0,15.0,Arnaud Nordin,100.0,8000000.0,2,0
FRA-Ligue 1,2324,Lorient,Nathaniel Adjei,GHA,DF,20.0,2002.0,1243.0,15.0,14.0,Nathaniel Adjei,100.0,2500000.0,1,2
FRA-Ligue 1,2324,Marseille,Renan Lodi,BRA,"DF,MF",25.0,1998.0,1235.0,14.0,14.0,Renan Lodi,100.0,18000000.0,1,2
FRA-Ligue 1,2324,Rennes,Guéla Doué,CIV,DF,20.0,2002.0,1234.0,24.0,13.0,Guéla Doué,100.0,7000000.0,1,2
FRA-Ligue 1,2324,Montpellier,Christopher Jullien,FRA,DF,30.0,1993.0,1233.0,20.0,13.0,Christopher Jullien,100.0,2500000.0,3,1
FRA-Ligue 1,2324,Clermont Foot,Mehdi Zeffane,ALG,"MF,DF",31.0,1992.0,1231.0,23.0,15.0,Mehdi Zeffane,100.0,500000.0,1,2
FRA-Ligue 1,2324,Marseille,Azzedine Ounahi,MAR,MF,23.0,2000.0,1209.0,21.0,15.0,Azzedine Ounahi,100.0,12000000.0,3,0
FRA-Ligue 1,2324,Brest,Jonas Martin,FRA,MF,33.0,1990.0,1208.0,31.0,9.0,Jonas Martin,100.0,1000000.0,1,2
FRA-Ligue 1,2324,Monaco,Krépin Diatta,SEN,"MF,DF",24.0,1999.0,1206.0,26.0,12.0,Krépin Diatta,100.0,12000000.0,1,2
FRA-Ligue 1,2324,PSG,Fabián Ruiz Peña,ESP,MF,27.0,1996.0,1197.0,21.0,14.0,Fabián Ruiz,95.0,30000000.0,1,0
FRA-Ligue 1,2324,Toulouse,Yann Gboho,FRA,"MF,FW",22.0,2001.0,1193.0,16.0,13.0,Yann Gboho,100.0,4000000.0,0,0
FRA-Ligue 1,2324,Lens,Adrien Thomasson,FRA,MF,29.0,1993.0,1193.0,29.0,13.0,Adrien Thomasson,100.0,5000000.0,0,0
FRA-Ligue 1,2324,Brest,Mathias Pereira Lage,POR,"MF,FW",26.0,1996.0,1187.0,30.0,12.0,Mathias Pereira Lage,100.0,2500000.0,0,0
FRA-Ligue 1,2324,Toulouse,Warren Kamanzi,NOR,"MF,DF",22.0,2000.0,1187.0,24.0,12.0,Warren Kamanzi,100.0,2000000.0,1,2
FRA-Ligue 1,2324,Clermont Foot,Chrislain Matsima,FRA,DF,21.0,2002.0,1478.0,20.0,16.0,Chrislain Matsima,100.0,7000000.0,3,1
FRA-Ligue 1,2324,Clermont Foot,Elba Rashani,KVX,"MF,FW",30.0,1993.0,1175.0,24.0,14.0,Elbasan Rashani,88.88888888888889,1500000.0,3,0
FRA-Ligue 1,2324,Lorient,Darlin Yongwa,CMR,"MF,DF",22.0,2000.0,1159.0,22.0,11.0,Darlin Yongwa,100.0,1500000.0,0,0
FRA-Ligue 1,2324,Lorient,Mohamed Bamba,CIV,FW,21.0,2001.0,1138.0,16.0,14.0,Mohamed Bamba,100.0,6000000.0,2,3
FRA-Ligue 1,2324,Montpellier,Wahbi Khazri,TUN,"MF,FW",32.0,1991.0,1131.0,25.0,13.0,Wahbi Khazri,100.0,1800000.0,0,0
FRA-Ligue 1,2324,Clermont Foot,Alidu Seidu,GHA,DF,23.0,2000.0,1724.0,25.0,20.0,Alidu Seidu,100.0,9000000.0,1,2
FRA-Ligue 1,2324,Montpellier,Enzo Tchato,CMR,DF,20.0,2002.0,1125.0,17.0,11.0,Enzo Tchato,100.0,2500000.0,1,2
FRA-Ligue 1,2324,Lens,Deiver Machado,COL,MF,29.0,1993.0,1124.0,19.0,13.0,Deiver Machado,100.0,4000000.0,3,0
FRA-Ligue 1,2324,Toulouse,Christian Mawissa,FRA,"DF,MF",18.0,2005.0,1118.0,17.0,12.0,Christian Mawissa,100.0,9000000.0,3,1
FRA-Ligue 1,2324,PSG,Marco Asensio,ESP,"MF,FW",27.0,1996.0,1113.0,19.0,13.0,Marco Asensio,100.0,20000000.0,0,0
FRA-Ligue 1,2324,Nantes,Samuel Moutoussamy,COD,MF,26.0,1996.0,1107.0,26.0,11.0,Samuel Moutoussamy,100.0,3000000.0,1,1
FRA-Ligue 1,2324,Le Havre,André Ayew,GHA,"FW,MF",33.0,1989.0,1104.0,19.0,12.0,André Ayew,100.0,1000000.0,2,3
FRA-Ligue 1,2324,Strasbourg,Ângelo,BRA,"MF,FW",18.0,2004.0,1094.0,21.0,11.0,Ângelo,100.0,15000000.0,0,2
FRA-Ligue 1,2324,Strasbourg,Gerzino Nyamsi,CMR,DF,26.0,1997.0,1092.0,13.0,13.0,Gerzino Nyamsi,100.0,4500000.0,1,2
FRA-Ligue 1,2324,PSG,Carlos Soler,ESP,"MF,DF",26.0,1997.0,1090.0,24.0,12.0,Carlos Soler,100.0,20000000.0,0,0
FRA-Ligue 1,2324,Lorient,Eli Junior Kroupi,FRA,FW,17.0,2006.0,1084.0,30.0,11.0,Junior Kroupi,95.0,15000000.0,2,3
FRA-Ligue 1,2324,Clermont Foot,Cheick Konaté,MLI,"MF,DF",19.0,2004.0,1068.0,19.0,12.0,Cheick Oumar Konaté,95.0,1500000.0,1,0
FRA-Ligue 1,2324,Montpellier,Modibo Sagnan,MLI,DF,24.0,1999.0,1054.0,13.0,12.0,Modibo Sagnan,100.0,3000000.0,3,1
FRA-Ligue 1,2324,Lens,Nampalys Mendy,SEN,MF,31.0,1992.0,1052.0,16.0,13.0,Nampalys Mendy,100.0,3000000.0,1,2
FRA-Ligue 1,2324,Nantes,Matthis Abline,FRA,"FW,MF",20.0,2003.0,1044.0,22.0,12.0,Matthis Abline,100.0,6000000.0,2,3
FRA-Ligue 1,2324,Lorient,Panos Katseris,GRE,MF,22.0,2001.0,1041.0,15.0,13.0,Panos Katseris,100.0,2500000.0,0,0
FRA-Ligue 1,2324,Monaco,Mohammed Salisu,GHA,DF,24.0,1999.0,1035.0,12.0,11.0,Mohammed Salisu,100.0,15000000.0,1,2
FRA-Ligue 1,2324,Monaco,Mohamed Camara,MLI,MF,23.0,2000.0,1035.0,20.0,14.0,Mohamed Camara,100.0,20000000.0,1,0
FRA-Ligue 1,2324,Clermont Foot,Grejohn Kyei,FRA,FW,27.0,1995.0,1026.0,26.0,10.0,Grejohn Kyei,100.0,1500000.0,2,3
FRA-Ligue 1,2324,Le Havre,Oussama Targhalline,MAR,MF,21.0,2002.0,1025.0,14.0,12.0,Oussama Targhalline,100.0,2500000.0,1,2
FRA-Ligue 1,2324,Montpellier,Khalil Fayad,FRA,MF,19.0,2004.0,1025.0,23.0,11.0,Khalil Fayad,100.0,5000000.0,3,0
FRA-Ligue 1,2324,Nantes,Nathan Zeze,FRA,DF,18.0,2005.0,1022.0,13.0,11.0,Nathan Zézé,100.0,5000000.0,1,2
FRA-Ligue 1,2324,Lens,Wesley Saïd,FRA,FW,28.0,1995.0,1020.0,27.0,11.0,Wesley Saïd,100.0,4000000.0,2,3
FRA-Ligue 1,2324,Le Havre,Nabil Alioui,FRA,"MF,FW",24.0,1999.0,1009.0,18.0,12.0,Nabil Alioui,100.0,3200000.0,2,0
FRA-Ligue 1,2324,PSG,Lucas Beraldo,BRA,DF,19.0,2003.0,1008.0,13.0,12.0,Lucas Beraldo,100.0,30000000.0,3,1
FRA-Ligue 1,2324,Marseille,Michael Amir Murillo,PAN,"DF,MF",27.0,1996.0,997.0,16.0,10.0,Amir Murillo,90.0,4000000.0,3,0
FRA-Ligue 1,2324,Montpellier,Lucas Mincarelli,FRA,"DF,MF",19.0,2004.0,978.0,13.0,12.0,Lucas Mincarelli,100.0,1000000.0,3,0
FRA-Ligue 1,2324,Lorient,Gédéon Kalulu,COD,"MF,DF",25.0,1997.0,970.0,19.0,11.0,Gédéon Kalulu,100.0,3500000.0,1,2
FRA-Ligue 1,2324,Clermont Foot,Florent Ogier,FRA,DF,34.0,1989.0,943.0,14.0,9.0,Florent Ogier,100.0,300000.0,3,1
FRA-Ligue 1,2324,Clermont Foot,Alan Virginius,FRA,"MF,FW",20.0,2003.0,1005.0,16.0,13.0,Alan Virginius,100.0,3500000.0,0,0
FRA-Ligue 1,2324,Clermont Foot,Bilal Boutobba,FRA,"MF,FW",24.0,1998.0,926.0,27.0,10.0,Bilal Boutobba,100.0,1800000.0,0,0
FRA-Ligue 1,2324,Lyon,Sael Kumbedi,FRA,"DF,MF",18.0,2005.0,924.0,17.0,8.0,Saël Kumbedi,100.0,7000000.0,1,2
FRA-Ligue 1,2324,Metz,Arthur Atta,FRA,MF,20.0,2003.0,924.0,21.0,10.0,Arthur Atta,100.0,1000000.0,3,0
FRA-Ligue 1,2324,Metz,Ablie Jallow,GAM,"MF,FW",24.0,1998.0,918.0,17.0,10.0,Ablie Jallow,100.0,2000000.0,0,0
FRA-Ligue 1,2324,Marseille,Ulisses Garcia,SUI,"DF,MF",27.0,1996.0,906.0,13.0,10.0,Ulisses Garcia,100.0,4000000.0,1,0
FRA-Ligue 1,2324,Lorient,Tosin Aiyegun,BEN,"MF,FW",25.0,1998.0,902.0,19.0,10.0,Aiyegun Tosin,95.0,3000000.0,3,0
FRA-Ligue 1,2324,Nantes,Nicolas Cozza,FRA,"DF,MF",24.0,1999.0,1171.0,19.0,13.0,Nicolas Cozza,100.0,3500000.0,1,2
FRA-Ligue 1,2324,Nice,Mohamed Ali Cho,FRA,FW,19.0,2004.0,1110.0,28.0,12.0,Mohamed-Ali Cho,100.0,10000000.0,0,0
FRA-Ligue 1,2324,Nantes,Tino Kadewere,ZIM,"FW,MF",27.0,1996.0,1077.0,25.0,10.0,Tino Kadewere,100.0,2500000.0,1,0
FRA-Ligue 1,2324,Lyon,Saïd Benrahma,ALG,"FW,MF",27.0,1995.0,1390.0,25.0,15.0,Saïd Benrahma,100.0,20000000.0,0,0
FRA-Ligue 1,2425,Angers,Jordan Lefort,MTN,DF,30.0,1993.0,3060.0,34.0,34.0,Jordan Lefort,100.0,1500000.0,1,2
FRA-Ligue 1,2425,Strasbourg,Andrey Santos,BRA,MF,20.0,2004.0,2855.0,32.0,32.0,Andrey Santos,100.0,35000000.0,3,0
FRA-Ligue 1,2425,Reims,Valentin Atangana Edoa,FRA,MF,18.0,2005.0,2854.0,34.0,33.0,Valentin Atangana,95.0,10000000.0,1,0
FRA-Ligue 1,2425,Angers,Himad Abdelli,ALG,MF,24.0,1999.0,2842.0,32.0,32.0,Himad Abdelli,100.0,7000000.0,3,1
FRA-Ligue 1,2425,Marseille,Mason Greenwood,ENG,"MF,FW",22.0,2001.0,2804.0,34.0,32.0,Mason Greenwood,100.0,40000000.0,2,3
FRA-Ligue 1,2425,Saint-Étienne,Zuriko Davitashvili,GEO,"FW,MF",23.0,2001.0,2778.0,33.0,32.0,Zuriko Davitashvili,100.0,10000000.0,0,0
FRA-Ligue 1,2425,Le Havre,Gautier Lloris,FRA,DF,29.0,1995.0,2768.0,31.0,31.0,Gautier Lloris,100.0,3000000.0,3,1
FRA-Ligue 1,2425,Nantes,Matthis Abline,FRA,FW,21.0,2003.0,2768.0,34.0,33.0,Matthis Abline,100.0,18000000.0,2,3
FRA-Ligue 1,2425,Lille,Bafodé Diakité,FRA,DF,23.0,2001.0,2766.0,31.0,31.0,Bafodé Diakité,100.0,28000000.0,3,1
FRA-Ligue 1,2425,Rennes,Adrien Truffert,FRA,"MF,DF",22.0,2001.0,2752.0,33.0,31.0,Adrien Truffert,100.0,15000000.0,0,0
FRA-Ligue 1,2425,Lyon,Moussa Niakhaté,SEN,DF,28.0,1996.0,2726.0,31.0,30.0,Moussa Niakhaté,100.0,15000000.0,1,2
FRA-Ligue 1,2425,Strasbourg,Guéla Doué,CIV,"DF,MF",21.0,2002.0,2717.0,32.0,30.0,Guéla Doué,100.0,18000000.0,1,1
FRA-Ligue 1,2425,Lille,Alexsandro Ribeiro,BRA,DF,24.0,1999.0,2700.0,30.0,30.0,Alexsandro,90.0,20000000.0,1,1
FRA-Ligue 1,2425,Toulouse,Cristian Cásseres Jr.,VEN,MF,24.0,2000.0,2696.0,32.0,31.0,Cristian Cásseres Jr.,100.0,6000000.0,1,0
FRA-Ligue 1,2425,Lille,Benjamin André,FRA,MF,33.0,1990.0,2692.0,30.0,30.0,Benjamin André,100.0,5000000.0,1,2
FRA-Ligue 1,2425,Auxerre,Gaëtan Perrin,FRA,MF,28.0,1996.0,2691.0,34.0,31.0,Gaëtan Perrin,100.0,8000000.0,0,0
FRA-Ligue 1,2425,Reims,Junya Itō,JPN,"MF,FW",31.0,1993.0,2690.0,33.0,31.0,Junya Ito,100.0,6000000.0,0,0
FRA-Ligue 1,2425,Toulouse,Aron Dønnum,NOR,MF,26.0,1998.0,2689.0,32.0,31.0,Aron Dønnum,100.0,4000000.0,0,0
FRA-Ligue 1,2425,Brest,Kenny Lala,MAD,DF,32.0,1991.0,2686.0,30.0,29.0,Kenny Lala,100.0,2000000.0,3,0
FRA-Ligue 1,2425,Angers,Florent Hanin,ALG,DF,34.0,1990.0,2672.0,33.0,31.0,Florent Hanin,100.0,300000.0,3,0
FRA-Ligue 1,2425,Marseille,Pierre Højbjerg,DEN,MF,28.0,1995.0,2664.0,30.0,30.0,Pierre-Emile Højbjerg,95.0,20000000.0,1,1
FRA-Ligue 1,2425,Brest,Mahdi Camara,FRA,MF,26.0,1998.0,2659.0,34.0,31.0,Mahdi Camara,100.0,9000000.0,0,0
FRA-Ligue 1,2425,Reims,Keito Nakamura,JPN,"MF,FW",24.0,2000.0,2649.0,32.0,31.0,Keito Nakamura,100.0,8000000.0,2,3
FRA-Ligue 1,2425,Auxerre,Jubal,BRA,DF,30.0,1993.0,2640.0,30.0,30.0,Jubal,100.0,2500000.0,3,1
FRA-Ligue 1,2425,Strasbourg,Ismaël Doukouré,FRA,"DF,MF",21.0,2003.0,2639.0,31.0,31.0,Ismaël Doukouré,100.0,18000000.0,3,1
FRA-Ligue 1,2425,Saint-Étienne,Léo Pétrot,FRA,DF,27.0,1997.0,2634.0,31.0,29.0,Léo Pétrot,100.0,900000.0,1,2
FRA-Ligue 1,2425,Nantes,Jean-Charles Castelletto,CMR,"DF,MF",29.0,1995.0,2620.0,30.0,30.0,Jean-Charles Castelletto,100.0,3500000.0,1,2
FRA-Ligue 1,2425,Lens,Adrien Thomasson,FRA,MF,30.0,1993.0,2615.0,33.0,31.0,Adrien Thomasson,100.0,5000000.0,0,0
FRA-Ligue 1,2425,Marseille,Luis Henrique,BRA,MF,22.0,2001.0,2613.0,33.0,29.0,Luis Henrique,100.0,25000000.0,0,0
FRA-Ligue 1,2425,Nantes,Moses Simon,NGA,"FW,MF",29.0,1995.0,2609.0,32.0,31.0,Moses Simon,100.0,12000000.0,0,0
FRA-Ligue 1,2425,Toulouse,Charlie Cresswell,ENG,DF,21.0,2002.0,2592.0,31.0,29.0,Charlie Cresswell,100.0,10000000.0,3,1
FRA-Ligue 1,2425,Rennes,Arnaud Kalimuendo,FRA,FW,22.0,2002.0,2578.0,33.0,31.0,Arnaud Kalimuendo,100.0,22000000.0,2,3
FRA-Ligue 1,2425,Saint-Étienne,Pierre Ekwah Elimby,FRA,MF,22.0,2002.0,2575.0,29.0,29.0,Pierre Ekwah,90.0,7000000.0,1,1
FRA-Ligue 1,2425,Strasbourg,Diego Moreira,BEL,"MF,DF",19.0,2004.0,2568.0,32.0,29.0,Diego Moreira,100.0,18000000.0,0,0
FRA-Ligue 1,2425,Nice,Evann Guessand,CIV,"MF,FW",23.0,2001.0,2565.0,33.0,30.0,Evann Guessand,100.0,25000000.0,2,0
FRA-Ligue 1,2425,Lille,Jonathan David,CAN,FW,24.0,2000.0,2554.0,32.0,28.0,Jonathan David,100.0,45000000.0,2,3
FRA-Ligue 1,2425,Lens,Facundo Medina,ARG,DF,25.0,1999.0,2543.0,29.0,29.0,Facundo Medina,100.0,25000000.0,1,2
FRA-Ligue 1,2425,Reims,Sergio Akieme,ESP,DF,26.0,1997.0,2523.0,30.0,29.0,Sergio Akieme,100.0,7000000.0,0,0
FRA-Ligue 1,2425,Strasbourg,Dilane Bakwa,FRA,MF,21.0,2002.0,2497.0,30.0,29.0,Dilane Bakwa,100.0,25000000.0,0,0
FRA-Ligue 1,2425,Toulouse,Mark McKenzie,USA,DF,25.0,1999.0,2496.0,30.0,29.0,Mark McKenzie,100.0,6000000.0,3,1
FRA-Ligue 1,2425,Brest,Ludovic Ajorque,FRA,FW,30.0,1994.0,2495.0,31.0,29.0,Ludovic Ajorque,100.0,4000000.0,2,3
FRA-Ligue 1,2425,Auxerre,Clément Akpa,CIV,DF,22.0,2001.0,2486.0,31.0,29.0,Clément Akpa,100.0,5000000.0,1,2
FRA-Ligue 1,2425,Marseille,Adrien Rabiot,FRA,MF,29.0,1995.0,2485.0,29.0,27.0,Adrien Rabiot,100.0,25000000.0,2,0
FRA-Ligue 1,2425,Le Havre,Loïc Nego,HUN,"DF,MF",33.0,1991.0,2459.0,31.0,28.0,Loïc Nego,100.0,700000.0,1,2
FRA-Ligue 1,2425,Marseille,Michael Amir Murillo,PAN,DF,28.0,1996.0,2437.0,30.0,27.0,Amir Murillo,90.0,10000000.0,1,1
FRA-Ligue 1,2425,Nice,Hicham Boudaoui,ALG,MF,24.0,1999.0,2435.0,29.0,27.0,Hicham Boudaoui,100.0,15000000.0,1,1
FRA-Ligue 1,2425,Brest,Brendan Chardonnet,FRA,DF,29.0,1994.0,2416.0,27.0,27.0,Brendan Chardonnet,100.0,6000000.0,3,1
FRA-Ligue 1,2425,Monaco,Maghnes Akliouche,FRA,MF,22.0,2002.0,2406.0,32.0,27.0,Maghnes Akliouche,100.0,45000000.0,0,0
FRA-Ligue 1,2425,Toulouse,Vincent Sierro,SUI,MF,28.0,1995.0,2402.0,29.0,27.0,Vincent Sierro,100.0,4000000.0,3,0
FRA-Ligue 1,2425,Monaco,Thilo Kehrer,GER,DF,27.0,1996.0,2383.0,27.0,27.0,Thilo Kehrer,100.0,20000000.0,3,1
FRA-Ligue 1,2425,Lyon,Clinton Mata,ANG,DF,31.0,1992.0,2370.0,29.0,27.0,Clinton Mata,100.0,3500000.0,1,2
FRA-Ligue 1,2425,Strasbourg,Mamadou Sarr,SEN,DF,18.0,2005.0,2365.0,27.0,27.0,Mamadou Sarr,100.0,20000000.0,1,2
FRA-Ligue 1,2425,Montpellier,Téji Savanier,FRA,MF,32.0,1991.0,2363.0,31.0,27.0,Téji Savanier,100.0,2500000.0,0,0
FRA-Ligue 1,2425,Rennes,Lorenz Assignon,TOG,"MF,DF",24.0,2000.0,2357.0,32.0,27.0,Lorenz Assignon,100.0,9000000.0,3,0
FRA-Ligue 1,2425,Strasbourg,Habib Diarra,SEN,"MF,FW",20.0,2004.0,2352.0,30.0,27.0,Habib Diarra,100.0,20000000.0,0,0
FRA-Ligue 1,2425,Nantes,Pedro Chirivella,ESP,MF,27.0,1997.0,2348.0,30.0,28.0,Pedro Chirivella,100.0,5000000.0,1,2
FRA-Ligue 1,2425,Auxerre,Elisha Owusu,GHA,MF,26.0,1997.0,2344.0,28.0,28.0,Elisha Owusu,100.0,3000000.0,3,1
FRA-Ligue 1,2425,Toulouse,Yann Gboho,FRA,"MF,FW",23.0,2001.0,2333.0,31.0,27.0,Yann Gboho,100.0,8000000.0,0,0
FRA-Ligue 1,2425,Lyon,Corentin Tolisso,FRA,MF,29.0,1994.0,2329.0,32.0,27.0,Corentin Tolisso,100.0,12000000.0,0,0
FRA-Ligue 1,2425,Le Havre,Abdoulaye Touré,GUI,MF,30.0,1994.0,2324.0,28.0,26.0,Abdoulaye Touré,100.0,3000000.0,3,0
FRA-Ligue 1,2425,Brest,Hugo Magnetti,FRA,MF,26.0,1998.0,2323.0,32.0,27.0,Hugo Magnetti,100.0,6000000.0,1,1
FRA-Ligue 1,2425,Le Havre,Etienne Youte Kinkoue,FRA,DF,22.0,2002.0,2320.0,28.0,26.0,Étienne Youté Kinkoué,100.0,7000000.0,1,2
FRA-Ligue 1,2425,Nantes,Douglas,BRA,MF,27.0,1997.0,2307.0,28.0,28.0,Douglas Augusto,90.0,6000000.0,3,1
FRA-Ligue 1,2425,Saint-Étienne,Mickael Nade,FRA,DF,25.0,1999.0,2306.0,26.0,25.0,Mickaël Nadé,100.0,2000000.0,3,1
FRA-Ligue 1,2425,Nice,Jonathan Clauss,FRA,"MF,DF",31.0,1992.0,2303.0,28.0,27.0,Jonathan Clauss,100.0,5000000.0,0,0
FRA-Ligue 1,2425,Auxerre,Lassine Sinayoko,MLI,"FW,MF",24.0,1999.0,2299.0,34.0,25.0,Lassine Sinayoko,100.0,4000000.0,0,3
FRA-Ligue 1,2425,Rennes,Ludovic Blas,FRA,"MF,FW",26.0,1997.0,2293.0,29.0,26.0,Ludovic Blas,100.0,18000000.0,0,0
FRA-Ligue 1,2425,Strasbourg,Emanuel Emegha,NED,FW,21.0,2003.0,2293.0,27.0,27.0,Emmanuel Emegha,96.55172413793105,25000000.0,2,3
FRA-Ligue 1,2425,Auxerre,Gideon Mensah,GHA,"DF,MF",26.0,1998.0,2280.0,29.0,26.0,Gideon Mensah,100.0,4000000.0,1,2
FRA-Ligue 1,2425,Marseille,Leonardo Balerdi,ARG,DF,25.0,1999.0,2273.0,27.0,27.0,Leonardo Balerdi,100.0,20000000.0,1,2
FRA-Ligue 1,2425,Monaco,Takumi Minamino,JPN,MF,29.0,1995.0,2231.0,31.0,27.0,Takumi Minamino,100.0,15000000.0,0,3
FRA-Ligue 1,2425,Lens,Andy Diouf,FRA,MF,21.0,2003.0,2225.0,34.0,27.0,Andy Diouf,100.0,15000000.0,1,1
FRA-Ligue 1,2425,Nice,Moïse Bombito,CAN,DF,24.0,2000.0,2192.0,27.0,25.0,Moïse Bombito,100.0,10000000.0,1,2
FRA-Ligue 1,2425,Reims,Cédric Kipré,CIV,DF,27.0,1996.0,2190.0,28.0,26.0,Cédric Kipré,100.0,3000000.0,1,2
FRA-Ligue 1,2425,PSG,Bradley Barcola,FRA,FW,21.0,2002.0,2181.0,34.0,27.0,Bradley Barcola,100.0,70000000.0,2,3
FRA-Ligue 1,2425,Nantes,Kelvin Amian,FRA,DF,26.0,1998.0,2165.0,30.0,23.0,Kelvin Amian,100.0,2500000.0,3,1
FRA-Ligue 1,2425,Toulouse,Gabriel Suazo,CHI,"MF,DF",26.0,1997.0,2163.0,30.0,23.0,Gabriel Suazo,100.0,4000000.0,1,2
FRA-Ligue 1,2425,Monaco,Denis Zakaria,SUI,MF,27.0,1996.0,2144.0,26.0,24.0,Denis Zakaria,100.0,30000000.0,3,0
FRA-Ligue 1,2425,Montpellier,Modibo Sagnan,MLI,DF,25.0,1999.0,2141.0,27.0,24.0,Modibo Sagnan,100.0,3000000.0,3,1
FRA-Ligue 1,2425,PSG,Willian Pacho,ECU,DF,22.0,2001.0,2132.0,28.0,23.0,Willian Pacho,100.0,65000000.0,1,2
FRA-Ligue 1,2425,Saint-Étienne,Dennis Appiah,FRA,DF,32.0,1992.0,2128.0,29.0,22.0,Dennis Appiah,100.0,800000.0,1,2
FRA-Ligue 1,2425,Auxerre,Ki-Jana Hoever,NED,"DF,MF",22.0,2002.0,2124.0,30.0,26.0,Ki-Jana Hoever,100.0,5000000.0,1,0
FRA-Ligue 1,2425,Lens,Jonathan Gradit,FRA,DF,31.0,1992.0,2112.0,25.0,24.0,Jonathan Gradit,100.0,4000000.0,1,2
FRA-Ligue 1,2425,Strasbourg,Sebastian Nanasi,SWE,"MF,FW",22.0,2002.0,2107.0,31.0,26.0,Sebastian Nanasi,100.0,18000000.0,0,0
FRA-Ligue 1,2425,Toulouse,Djibril Sidibé,FRA,DF,32.0,1992.0,2101.0,28.0,24.0,Djibril Sidibé,100.0,1000000.0,1,2
FRA-Ligue 1,2425,Monaco,Wilfried Singo,CIV,DF,23.0,2000.0,2096.0,27.0,23.0,Wilfried Singo,100.0,25000000.0,1,1
FRA-Ligue 1,2425,Le Havre,Yassine Kechta,MAR,"MF,FW",22.0,2002.0,2096.0,31.0,25.0,Yassine Kechta,100.0,5000000.0,1,0
FRA-Ligue 1,2425,Auxerre,Hamed Junior Traorè,CIV,MF,24.0,2000.0,2093.0,26.0,26.0,Hamed Traoré,85.5,20000000.0,2,3
FRA-Ligue 1,2425,Rennes,Azor Matusiwa,NED,MF,26.0,1998.0,2078.0,29.0,23.0,Azor Matusiwa,100.0,8000000.0,3,1
FRA-Ligue 1,2425,PSG,Achraf Hakimi,MAR,DF,25.0,1998.0,2066.0,25.0,24.0,Achraf Hakimi,100.0,80000000.0,0,0
FRA-Ligue 1,2425,Monaco,Vanderson,BRA,DF,23.0,2001.0,2064.0,29.0,23.0,Vanderson,100.0,20000000.0,1,0
FRA-Ligue 1,2425,Monaco,Lamine Camara,SEN,MF,20.0,2004.0,2054.0,29.0,25.0,Lamine Camara,100.0,22000000.0,0,0
FRA-Ligue 1,2425,Lyon,Alexandre Lacazette,FRA,FW,33.0,1991.0,2051.0,30.0,24.0,Alexandre Lacazette,100.0,6000000.0,2,3
FRA-Ligue 1,2425,Nantes,Nicolas Cozza,FRA,"DF,MF",25.0,1999.0,2051.0,27.0,23.0,Nicolas Cozza,100.0,3500000.0,1,1
FRA-Ligue 1,2425,PSG,Warren Zaïre-Emery,FRA,"MF,DF",18.0,2006.0,2050.0,29.0,23.0,Warren Zaïre-Emery,100.0,55000000.0,1,1
FRA-Ligue 1,2425,Nantes,Johann Lepenant,FRA,MF,21.0,2002.0,2048.0,29.0,23.0,Johann Lepenant,100.0,6000000.0,3,1
FRA-Ligue 1,2425,Angers,Carlens Arcus,HAI,DF,28.0,1996.0,2047.0,28.0,25.0,Carlens Arcus,100.0,1800000.0,1,2
FRA-Ligue 1,2425,PSG,Vitinha,POR,MF,24.0,2000.0,3370.0,54.0,36.0,Vitinha,100.0,80000000.0,0,0
FRA-Ligue 1,2425,Lyon,Rayan Cherki,FRA,"MF,FW",20.0,2003.0,2041.0,30.0,22.0,Rayan Cherki,100.0,45000000.0,2,0
FRA-Ligue 1,2425,Marseille,Geoffrey Kondogbia,CTA,"DF,MF",31.0,1993.0,2020.0,25.0,22.0,Geoffrey Kondogbia,100.0,7000000.0,1,2
FRA-Ligue 1,2425,Nantes,Nicolas Pallois,FRA,DF,36.0,1987.0,2017.0,26.0,23.0,Nicolas Pallois,100.0,400000.0,1,2
FRA-Ligue 1,2425,Saint-Étienne,Dylan Batubinsika,COD,DF,28.0,1996.0,2016.0,25.0,22.0,Dylan Batubinsika,100.0,1200000.0,3,1
FRA-Ligue 1,2425,PSG,Lucas Beraldo,BRA,DF,20.0,2003.0,2011.0,25.0,22.0,Lucas Beraldo,100.0,25000000.0,1,1
FRA-Ligue 1,2425,Lyon,Nemanja Matić,SRB,MF,35.0,1988.0,2010.0,29.0,25.0,Nemanja Matić,100.0,2000000.0,1,2
FRA-Ligue 1,2425,Le Havre,Josué Casimir,HAI,"MF,FW",22.0,2001.0,1997.0,27.0,23.0,Josué Casimir,100.0,4000000.0,0,0
FRA-Ligue 1,2425,Lyon,Ainsley Maitland-Niles,ENG,"DF,MF",26.0,1997.0,1985.0,32.0,20.0,Ainsley Maitland-Niles,100.0,12000000.0,1,0
FRA-Ligue 1,2425,Reims,Aurélio Buta,POR,DF,27.0,1997.0,1970.0,27.0,24.0,Aurélio Buta,100.0,5000000.0,1,2
FRA-Ligue 1,2425,Nice,Dante,BRA,DF,40.0,1983.0,1964.0,25.0,21.0,Dante,100.0,500000.0,1,2
FRA-Ligue 1,2425,Angers,Jean-Eudes Aholou,CIV,MF,30.0,1994.0,1959.0,26.0,26.0,Jean-Eudes Aholou,100.0,2000000.0,1,1
FRA-Ligue 1,2425,Auxerre,Sinaly Diomande,CIV,DF,23.0,2001.0,1945.0,23.0,22.0,Sinaly Diomandé,100.0,5000000.0,3,1
FRA-Ligue 1,2425,Nice,Melvin Bard,FRA,"DF,MF",23.0,2000.0,1938.0,24.0,22.0,Melvin Bard,100.0,15000000.0,1,0
FRA-Ligue 1,2425,Nice,Youssouf Ndayishimiye,BDI,DF,25.0,1998.0,1932.0,23.0,22.0,Youssouf Ndayishimiye,100.0,12000000.0,3,1
FRA-Ligue 1,2425,Monaco,Caio Henrique,BRA,DF,27.0,1997.0,1929.0,27.0,21.0,Caio Henrique,100.0,15000000.0,0,2
FRA-Ligue 1,2425,Lille,Thomas Meunier,BEL,DF,32.0,1991.0,1928.0,30.0,21.0,Thomas Meunier,100.0,2000000.0,1,0
FRA-Ligue 1,2425,PSG,Fabián Ruiz Peña,ESP,MF,28.0,1996.0,1923.0,30.0,21.0,Fabián Ruiz,95.0,40000000.0,0,0
FRA-Ligue 1,2425,Le Havre,Issa Soumaré,SEN,"MF,FW",23.0,2000.0,1902.0,29.0,21.0,Issa Soumaré,100.0,2000000.0,0,0
FRA-Ligue 1,2425,Lyon,Nicolás Tagliafico,ARG,DF,31.0,1992.0,1902.0,24.0,22.0,Nicolás Tagliafico,100.0,6000000.0,3,1
FRA-Ligue 1,2425,Toulouse,Zakaria Aboukhlal,MAR,"MF,FW",24.0,2000.0,1901.0,26.0,22.0,Zakaria Aboukhlal,100.0,12000000.0,2,3
FRA-Ligue 1,2425,Montpellier,Enzo Tchato,CMR,"DF,MF",21.0,2002.0,1899.0,27.0,21.0,Enzo Tchato,100.0,2500000.0,1,2
FRA-Ligue 1,2425,Angers,Farid El Melali,ALG,"MF,FW",27.0,1997.0,1893.0,32.0,22.0,Farid El Melali,100.0,3500000.0,0,0
FRA-Ligue 1,2425,Montpellier,Joris Chotard,FRA,MF,22.0,2001.0,1892.0,26.0,23.0,Joris Chotard,100.0,6000000.0,1,1
FRA-Ligue 1,2425,Saint-Étienne,Lucas Stassin,BEL,FW,19.0,2004.0,1887.0,28.0,23.0,Lucas Stassin,100.0,18000000.0,2,3
FRA-Ligue 1,2425,PSG,João Neves,POR,"MF,DF",19.0,2004.0,1844.0,29.0,22.0,João Neves,100.0,80000000.0,0,0
FRA-Ligue 1,2425,Monaco,Breel Embolo,SUI,"FW,MF",27.0,1997.0,1841.0,29.0,19.0,Breel Embolo,100.0,12000000.0,2,3
FRA-Ligue 1,2425,Nice,Gaëtan Laborde,FRA,FW,30.0,1994.0,1829.0,28.0,20.0,Gaëtan Laborde,100.0,6000000.0,2,3
FRA-Ligue 1,2425,Lens,Deiver Machado,COL,"DF,MF",30.0,1993.0,1805.0,27.0,20.0,Deiver Machado,100.0,3000000.0,0,0
FRA-Ligue 1,2425,Montpellier,Becir Omeragic,SUI,DF,22.0,2002.0,1799.0,22.0,21.0,Becir Omeragic,100.0,4500000.0,1,2
FRA-Ligue 1,2425,Lens,Florian Sotoca,FRA,"FW,MF",33.0,1990.0,1794.0,31.0,22.0,Florian Sotoca,100.0,2000000.0,0,0
FRA-Ligue 1,2425,Angers,Haris Belkebla,ALG,MF,30.0,1994.0,1792.0,22.0,21.0,Haris Belkebla,100.0,2000000.0,1,2
FRA-Ligue 1,2425,Lille,Gabriel Gudmundsson,SWE,"DF,MF",25.0,1999.0,1785.0,30.0,20.0,Gabriel Gudmundsson,100.0,7000000.0,3,0
FRA-Ligue 1,2425,Strasbourg,Félix Lemaréchal,FRA,"MF,FW",20.0,2003.0,1779.0,27.0,20.0,Félix Lemaréchal,100.0,10000000.0,3,0
FRA-Ligue 1,2425,Nice,Pablo Rosario,DOM,"MF,DF",27.0,1997.0,1775.0,29.0,21.0,Pablo Rosario,100.0,8000000.0,3,1
FRA-Ligue 1,2425,Montpellier,Jordan Ferri,FRA,MF,32.0,1992.0,1773.0,25.0,21.0,Jordan Ferri,100.0,2000000.0,1,2
FRA-Ligue 1,2425,Saint-Étienne,Benjamin Bouchouari,MAR,MF,22.0,2001.0,1772.0,25.0,20.0,Benjamin Bouchouari,100.0,5000000.0,1,1
FRA-Ligue 1,2425,Lille,Hákon Haraldsson,ISL,MF,21.0,2003.0,1755.0,25.0,21.0,Hákon Arnar Haraldsson,95.0,18000000.0,0,0
FRA-Ligue 1,2425,Angers,Jim Allevinah,GAB,MF,29.0,1995.0,1750.0,28.0,23.0,Jim Allevinah,100.0,1500000.0,0,3
FRA-Ligue 1,2425,Monaco,Eliesse Ben Seghir,MAR,MF,19.0,2005.0,1750.0,33.0,19.0,Eliesse Ben Seghir,100.0,28000000.0,0,0
FRA-Ligue 1,2425,Lille,Aïssa Mandi,ALG,DF,32.0,1991.0,1733.0,24.0,20.0,Aïssa Mandi,100.0,1200000.0,1,2
FRA-Ligue 1,2425,PSG,Désiré Doué,FRA,"MF,FW",19.0,2005.0,1730.0,31.0,18.0,Désiré Doué,100.0,90000000.0,0,0
FRA-Ligue 1,2425,PSG,Ousmane Dembélé,FRA,FW,27.0,1997.0,1730.0,29.0,20.0,Ousmane Dembélé,100.0,90000000.0,2,3
FRA-Ligue 1,2425,PSG,Marquinhos,BRA,DF,30.0,1994.0,1725.0,22.0,19.0,Marquinhos,100.0,35000000.0,3,1
FRA-Ligue 1,2425,Brest,Abdoulaye Ndiaye,SEN,DF,22.0,2002.0,1707.0,22.0,19.0,Abdoulaye Ndiaye,100.0,4000000.0,3,1
FRA-Ligue 1,2425,Reims,Joseph Okumu,KEN,DF,27.0,1997.0,1695.0,22.0,20.0,Joseph Okumu,100.0,7000000.0,3,1
FRA-Ligue 1,2425,Reims,Marshall Munetsi,ZIM,MF,28.0,1996.0,2770.0,33.0,31.0,Marshall Munetsi,100.0,15000000.0,3,0
FRA-Ligue 1,2425,Montpellier,Rabby Nzingoula,FRA,MF,18.0,2005.0,1689.0,27.0,20.0,Rabby Nzingoula,100.0,2500000.0,1,0
FRA-Ligue 1,2425,Rennes,Hans Hateboer,NED,"DF,MF",30.0,1994.0,1684.0,26.0,18.0,Hans Hateboer,100.0,2500000.0,1,2
FRA-Ligue 1,2425,Brest,Massadio Haïdara,MLI,DF,31.0,1992.0,1678.0,22.0,20.0,Massadio Haïdara,100.0,1500000.0,1,2
FRA-Ligue 1,2425,PSG,Nuno Mendes,POR,DF,22.0,2002.0,1676.0,24.0,19.0,Nuno Mendes,100.0,70000000.0,0,0
FRA-Ligue 1,2425,Toulouse,Joshua King,NOR,"FW,MF",32.0,1992.0,1673.0,28.0,21.0,Joshua King,100.0,1800000.0,2,3
FRA-Ligue 1,2425,PSG,Lee Kang-in,KOR,"FW,MF",23.0,2001.0,1663.0,30.0,19.0,Kang-in Lee,95.0,25000000.0,0,0
FRA-Ligue 1,2425,Auxerre,Gabriel Osho,NGA,DF,25.0,1998.0,1654.0,20.0,20.0,Gabriel Osho,100.0,3000000.0,3,1
FRA-Ligue 1,2425,Angers,Esteban Lepaul,FRA,FW,24.0,2000.0,1629.0,28.0,18.0,Estéban Lepaul,100.0,7000000.0,2,3
FRA-Ligue 1,2425,Reims,Oumar Diakité,CIV,FW,20.0,2003.0,1628.0,26.0,20.0,Oumar Diakité,100.0,6000000.0,0,3
FRA-Ligue 1,2425,Nice,Mohamed Ali Cho,FRA,"FW,MF",20.0,2004.0,1621.0,27.0,21.0,Mohamed-Ali Cho,100.0,15000000.0,0,0
FRA-Ligue 1,2425,Lyon,Malick Fofana,BEL,"FW,MF",19.0,2005.0,1589.0,29.0,16.0,Malick Fofana,100.0,30000000.0,0,0
FRA-Ligue 1,2425,Marseille,Quentin Merlin,FRA,"MF,DF",22.0,2002.0,1589.0,27.0,21.0,Quentin Merlin,100.0,15000000.0,0,0
FRA-Ligue 1,2425,Lens,Neil El Aynaoui,MAR,MF,23.0,2001.0,1588.0,24.0,17.0,Neil El Aynaoui,100.0,15000000.0,3,0
FRA-Ligue 1,2425,Lyon,Duje Ćaleta-Car,CRO,DF,27.0,1996.0,1584.0,19.0,17.0,Duje Caleta-Car,100.0,7000000.0,3,1
FRA-Ligue 1,2425,Brest,Mathias Pereira Lage,POR,"MF,FW",27.0,1996.0,1571.0,29.0,18.0,Mathias Pereira Lage,100.0,2500000.0,0,0
FRA-Ligue 1,2425,Marseille,Valentin Rongier,FRA,"MF,DF",29.0,1994.0,1562.0,25.0,17.0,Valentin Rongier,100.0,9000000.0,3,1
FRA-Ligue 1,2425,Lyon,Jordan Veretout,FRA,MF,31.0,1993.0,1553.0,27.0,19.0,Jordan Veretout,100.0,4000000.0,3,0
FRA-Ligue 1,2425,Brest,Pierre Lees-Melou,FRA,MF,31.0,1993.0,1526.0,20.0,17.0,Pierre Lees-Melou,100.0,6000000.0,1,1
FRA-Ligue 1,2425,Angers,Yassin Belkhdim,FRA,MF,22.0,2002.0,1523.0,29.0,16.0,Yassin Belkhdim,100.0,1000000.0,3,1
FRA-Ligue 1,2425,Toulouse,Frank Magri,CMR,FW,24.0,1999.0,1516.0,31.0,17.0,Frank Magri,100.0,3000000.0,2,3
FRA-Ligue 1,2425,Nantes,Nathan Zeze,FRA,DF,19.0,2005.0,1512.0,18.0,17.0,Nathan Zézé,100.0,15000000.0,1,2
FRA-Ligue 1,2425,Angers,Abdoulaye Bamba,CIV,DF,34.0,1990.0,1510.0,19.0,16.0,Abdoulaye Bamba,100.0,300000.0,1,2
FRA-Ligue 1,2425,Monaco,Christian Mawissa,FRA,DF,19.0,2005.0,1501.0,22.0,17.0,Christian Mawissa,100.0,15000000.0,1,2
FRA-Ligue 1,2425,Montpellier,Tanguy Coulibaly,FRA,"MF,FW",23.0,2001.0,1485.0,25.0,17.0,Tanguy Coulibaly,100.0,1500000.0,3,0
FRA-Ligue 1,2425,Auxerre,Kévin Danois,FRA,MF,20.0,2004.0,1460.0,22.0,16.0,Kévin Danois,100.0,8000000.0,1,2
FRA-Ligue 1,2425,Lens,M'Bala Nzola,ANG,FW,27.0,1996.0,1460.0,21.0,16.0,M'Bala Nzola,100.0,6000000.0,2,3
FRA-Ligue 1,2425,Rennes,Christopher Wooh,CMR,DF,22.0,2001.0,1456.0,20.0,17.0,Christopher Wooh,100.0,6000000.0,1,2
FRA-Ligue 1,2425,Le Havre,André Ayew,GHA,FW,34.0,1989.0,1453.0,27.0,15.0,André Ayew,100.0,600000.0,0,3
FRA-Ligue 1,2425,Lyon,Georges Mikautadze,GEO,"FW,MF",23.0,2000.0,1449.0,34.0,13.0,Georges Mikautadze,100.0,22000000.0,2,3
FRA-Ligue 1,2425,Marseille,Derek Cornelius,CAN,DF,26.0,1997.0,1420.0,21.0,17.0,Derek Cornelius,100.0,5000000.0,1,2
FRA-Ligue 1,2425,Lens,Anass Zaroury,MAR,"MF,FW",23.0,2000.0,1405.0,28.0,16.0,Anass Zaroury,100.0,8000000.0,0,0
FRA-Ligue 1,2425,Nice,Ali Abdi,TUN,MF,30.0,1993.0,1393.0,25.0,17.0,Ali Abdi,100.0,3000000.0,0,0
FRA-Ligue 1,2425,Lens,Przemysław Frankowski,POL,"MF,DF",29.0,1995.0,1387.0,18.0,16.0,Przemyslaw Frankowski,95.23809523809524,7000000.0,3,0
FRA-Ligue 1,2425,Lens,Malang Sarr,FRA,DF,25.0,1999.0,1385.0,21.0,15.0,Malang Sarr,100.0,5000000.0,1,2
FRA-Ligue 1,2425,Brest,Julien Le Cardinal,FRA,DF,26.0,1997.0,1378.0,16.0,15.0,Julien Le Cardinal,100.0,2000000.0,1,2
FRA-Ligue 1,2425,Angers,Emmanuel Biumla,FRA,DF,19.0,2005.0,1336.0,17.0,15.0,Emmanuel Biumla,100.0,4000000.0,3,1
FRA-Ligue 1,2425,Brest,Kamory Doumbia,MLI,"MF,FW",21.0,2003.0,1322.0,30.0,13.0,Kamory Doumbia,100.0,4000000.0,3,0
FRA-Ligue 1,2425,Nantes,Sorba Thomas,WAL,"MF,DF",24.0,1999.0,1321.0,25.0,15.0,Sorba Thomas,100.0,3500000.0,0,0
FRA-Ligue 1,2425,Angers,Lilian Raolisoa,FRA,"DF,MF",24.0,2000.0,1318.0,29.0,14.0,Lilian Raolisoa,100.0,800000.0,1,2
FRA-Ligue 1,2425,Lille,Osame Sahraoui,MAR,MF,23.0,2001.0,1293.0,30.0,10.0,Osame Sahraoui,100.0,12000000.0,0,0
FRA-Ligue 1,2425,Reims,Amadou Koné,MLI,MF,19.0,2005.0,1293.0,24.0,17.0,Amadou Koné,100.0,4000000.0,1,2
FRA-Ligue 1,2425,Lille,André Gomes,POR,MF,31.0,1993.0,1276.0,20.0,16.0,André Gomes,100.0,6000000.0,1,2
FRA-Ligue 1,2425,Brest,Romain Del Castillo,FRA,"FW,MF",28.0,1996.0,1259.0,26.0,14.0,Romain Del Castillo,100.0,7000000.0,0,0
FRA-Ligue 1,2425,Saint-Étienne,Florian Tardieu,FRA,MF,32.0,1992.0,1252.0,24.0,13.0,Florian Tardieu,100.0,600000.0,0,0
FRA-Ligue 1,2425,Nantes,Mostafa Mohamed,EGY,FW,26.0,1997.0,1252.0,30.0,11.0,Mostafa Mohamed,100.0,5000000.0,2,3
FRA-Ligue 1,2425,Le Havre,Arouna Sangante,SEN,DF,22.0,2002.0,1244.0,16.0,16.0,Arouna Sangante,100.0,8000000.0,3,1
FRA-Ligue 1,2425,Brest,Abdallah Sima,SEN,"FW,MF",23.0,2001.0,1238.0,27.0,14.0,Abdallah Sima,100.0,9000000.0,2,3
FRA-Ligue 1,2425,Lyon,Tanner Tessmann,USA,MF,22.0,2001.0,1234.0,25.0,13.0,Tanner Tessmann,100.0,6000000.0,1,1
FRA-Ligue 1,2425,Rennes,Lilian Brassier,FRA,DF,24.0,1999.0,2013.0,26.0,23.0,Lilian Brassier,100.0,10000000.0,1,1
FRA-Ligue 1,2425,Montpellier,Falaye Sacko,MLI,DF,29.0,1995.0,1233.0,16.0,14.0,Falaye Sacko,100.0,1500000.0,1,2
FRA-Ligue 1,2425,Monaco,Mika Biereth,DEN,FW,21.0,2003.0,1228.0,16.0,16.0,Mika Biereth,100.0,30000000.0,2,3
FRA-Ligue 1,2425,Rennes,Leo Østigård,NOR,DF,24.0,1999.0,2154.0,27.0,25.0,Leo Østigård,100.0,10000000.0,3,1
FRA-Ligue 1,2425,Lille,Ngal'Ayel Mukau,COD,MF,19.0,2004.0,1190.0,22.0,14.0,Ngal'ayel Mukau,100.0,15000000.0,1,2
FRA-Ligue 1,2425,Toulouse,Shavy Babicka,GAB,MF,24.0,2000.0,1186.0,30.0,11.0,Shavy Babicka,100.0,2500000.0,0,0
FRA-Ligue 1,2425,Rennes,Jordan James,WAL,MF,20.0,2004.0,1178.0,23.0,14.0,Jordan James,100.0,8000000.0,1,2
FRA-Ligue 1,2425,Le Havre,Christopher Opéri,CIV,"MF,DF",27.0,1997.0,1169.0,13.0,13.0,Christopher Operi,100.0,3800000.0,0,0
FRA-Ligue 1,2425,Montpellier,Arnaud Nordin,FRA,"MF,FW",26.0,1998.0,1246.0,22.0,14.0,Arnaud Nordin,100.0,5000000.0,0,0
FRA-Ligue 1,2425,Reims,Nhoa Sangui,FRA,"DF,MF",18.0,2006.0,1158.0,26.0,10.0,Nhoa Sangui,100.0,2500000.0,1,2
FRA-Ligue 1,2425,Strasbourg,Valentín Barco,ARG,MF,20.0,2004.0,1445.0,21.0,17.0,Valentín Barco,100.0,12000000.0,1,2
FRA-Ligue 1,2425,Montpellier,Issiaga Sylla,GUI,"DF,MF",30.0,1994.0,1156.0,19.0,15.0,Issiaga Sylla,100.0,1500000.0,3,0
FRA-Ligue 1,2425,Monaco,Aleksandr Golovin,RUS,MF,28.0,1996.0,1153.0,19.0,13.0,Aleksandr Golovin,100.0,20000000.0,3,0
FRA-Ligue 1,2425,Lille,Ayyoub Bouaddi,MAR,MF,16.0,2007.0,1151.0,24.0,11.0,Ayyoub Bouaddi,100.0,28000000.0,1,2
FRA-Ligue 1,2425,Brest,Mama Samba Baldé,GNB,"FW,MF",28.0,1995.0,1182.0,29.0,12.0,Mama Baldé,85.5,4000000.0,0,3
FRA-Ligue 1,2425,Lille,Mitchel Bakker,NED,"MF,DF",24.0,2000.0,1161.0,25.0,14.0,Mitchel Bakker,100.0,7000000.0,0,0
FRA-Ligue 1,2425,Nice,Tanguy Ndombele,FRA,MF,27.0,1996.0,1131.0,18.0,12.0,Tanguy Ndombélé,100.0,7000000.0,3,0
FRA-Ligue 1,2425,Reims,Mory Gbane,CIV,"DF,MF",23.0,2000.0,1125.0,13.0,13.0,Mory Gbane,100.0,4000000.0,1,2
FRA-Ligue 1,2425,Lens,Ruben Aguilar,FRA,"MF,DF",31.0,1993.0,1124.0,16.0,13.0,Ruben Aguilar,100.0,3500000.0,0,0
FRA-Ligue 1,2425,Rennes,Djaoui Cissé,FRA,MF,20.0,2004.0,1121.0,14.0,14.0,Djaoui Cissé,100.0,8000000.0,1,1
FRA-Ligue 1,2425,Montpellier,Wahbi Khazri,TUN,"FW,MF",33.0,1991.0,1118.0,30.0,10.0,Wahbi Khazri,100.0,1000000.0,0,0
FRA-Ligue 1,2425,Montpellier,Musa Al-Taamari,JOR,"MF,FW",27.0,1997.0,1683.0,26.0,19.0,Mousa Al-Tamari,93.33333333333331,6000000.0,0,3
FRA-Ligue 1,2425,Le Havre,Timothee Pembele,FRA,"DF,MF",21.0,2002.0,1113.0,20.0,12.0,Timothée Pembélé,100.0,2500000.0,3,0
FRA-Ligue 1,2425,Toulouse,Jaydee Canvot,FRA,"DF,MF",18.0,2006.0,1106.0,18.0,12.0,Jaydee Canvot,100.0,4000000.0,1,2
FRA-Ligue 1,2425,Brest,Edimilson Fernandes,SUI,"MF,DF",28.0,1996.0,1105.0,19.0,12.0,Edimilson Fernandes,100.0,3000000.0,1,2
FRA-Ligue 1,2425,Nice,Badredine Bouanani,ALG,"MF,FW",19.0,2004.0,1099.0,26.0,11.0,Badredine Bouanani,100.0,7000000.0,0,0
FRA-Ligue 1,2425,Lyon,Abner,BRA,"DF,MF",24.0,2000.0,1090.0,19.0,12.0,Abner,100.0,7000000.0,3,0
FRA-Ligue 1,2425,Lens,Kevin Danso,AUT,DF,25.0,1998.0,1922.0,22.0,21.0,Kevin Danso,100.0,25000000.0,1,2
FRA-Ligue 1,2425,Montpellier,Akor Adams,NGA,FW,24.0,2000.0,1209.0,19.0,14.0,Akor Adams,100.0,5000000.0,2,3
FRA-Ligue 1,2425,PSG,Gonçalo Ramos,POR,FW,23.0,2001.0,1066.0,22.0,12.0,Gonçalo Ramos,100.0,40000000.0,2,3
FRA-Ligue 1,2425,Lille,Matias Fernandez-Pardo,BEL,"MF,FW",19.0,2005.0,1065.0,22.0,12.0,Matias Fernandez-Pardo,100.0,15000000.0,2,0
FRA-Ligue 1,2425,Nice,Sofiane Diop,MAR,"MF,FW",24.0,2000.0,1064.0,28.0,8.0,Sofiane Diop,100.0,10000000.0,2,0
FRA-Ligue 1,2425,Saint-Étienne,Irvin Cardona,MLT,"FW,MF",26.0,1997.0,1669.0,31.0,18.0,Irvin Cardona,100.0,2500000.0,2,3
FRA-Ligue 1,2425,Le Havre,Rassoul Ndiaye,SEN,MF,22.0,2001.0,1061.0,27.0,11.0,Rassoul Ndiaye,100.0,2000000.0,1,0
FRA-Ligue 1,2425,Nice,Jeremie Boga,CIV,"MF,FW",27.0,1997.0,1054.0,21.0,12.0,Jérémie Boga,100.0,10000000.0,0,0
FRA-Ligue 1,2425,Lyon,Ernest Nuamah,GHA,"MF,FW",20.0,2003.0,1052.0,23.0,13.0,Ernest Nuamah,100.0,15000000.0,0,3
FRA-Ligue 1,2425,Marseille,Amine Gouiri,ALG,FW,24.0,2000.0,2085.0,33.0,23.0,Amine Gouiri,100.0,30000000.0,2,3
FRA-Ligue 1,2425,Auxerre,Han-Noah Massengo,FRA,MF,23.0,2001.0,1046.0,17.0,11.0,Han-Noah Massengo,100.0,5000000.0,1,2
FRA-Ligue 1,2425,Saint-Étienne,Louis Mouton,FRA,MF,22.0,2002.0,1045.0,24.0,12.0,Louis Mouton,100.0,700000.0,1,2
FRA-Ligue 1,2425,Lens,Angelo Fulgini,NCL,MF,27.0,1996.0,1045.0,23.0,11.0,Angelo Fulgini,100.0,5000000.0,0,0
FRA-Ligue 1,2425,Marseille,Neal Maupay,FRA,FW,27.0,1996.0,1042.0,22.0,13.0,Neal Maupay,100.0,8000000.0,2,3
FRA-Ligue 1,2425,Saint-Étienne,Aimen Moueffek,FRA,MF,23.0,2001.0,1039.0,22.0,13.0,Aïmen Moueffek,100.0,2500000.0,1,2
FRA-Ligue 1,2425,Saint-Étienne,Yunis Abdelhamid,MAR,DF,36.0,1987.0,1033.0,16.0,11.0,Yunis Abdelhamid,100.0,400000.0,1,2
FRA-Ligue 1,2425,Montpellier,Khalil Fayad,FRA,"MF,FW",20.0,2004.0,1028.0,20.0,10.0,Khalil Fayad,100.0,3000000.0,1,2
FRA-Ligue 1,2425,Monaco,Soungoutou Magassa,FRA,MF,20.0,2003.0,1025.0,21.0,12.0,Soungoutou Magassa,100.0,12000000.0,1,2
FRA-Ligue 1,2425,Monaco,Mohammed Salisu,GHA,DF,25.0,1999.0,1023.0,15.0,11.0,Mohammed Salisu,100.0,12000000.0,3,1
FRA-Ligue 1,2425,Toulouse,Warren Kamanzi,NOR,MF,23.0,2000.0,1022.0,24.0,11.0,Warren Kamanzi,100.0,2000000.0,3,0
FRA-Ligue 1,2425,Strasbourg,Saidou Sow,GUI,DF,22.0,2002.0,1817.0,21.0,20.0,Saïdou Sow,100.0,6000000.0,3,1
FRA-Ligue 1,2425,Montpellier,Théo Sainte-Luce,FRA,DF,25.0,1998.0,1018.0,16.0,11.0,Théo Sainte-Luce,100.0,800000.0,3,0
FRA-Ligue 1,2425,Lille,Rémy Cabella,FRA,MF,34.0,1990.0,1011.0,23.0,12.0,Rémy Cabella,100.0,2500000.0,0,0
FRA-Ligue 1,2425,Auxerre,Paul Joly,FRA,"DF,MF",24.0,2000.0,1009.0,26.0,10.0,Paul Joly,100.0,1800000.0,1,2
FRA-Ligue 1,2425,Le Havre,Oussama Targhalline,MAR,MF,22.0,2002.0,990.0,14.0,12.0,Oussama Targhalline,100.0,4000000.0,1,0
FRA-Ligue 1,2425,Lille,Edon Zhegrova,KVX,MF,25.0,1999.0,978.0,12.0,12.0,Edon Zhegrova,100.0,25000000.0,2,0
FRA-Ligue 1,2425,Le Havre,Yanis Zouaoui,ALG,"DF,MF",26.0,1998.0,976.0,17.0,9.0,Yanis Zouaoui,100.0,800000.0,0,0
FRA-Ligue 1,2425,Lens,Abdukodir Khusanov,UZB,DF,20.0,2004.0,1478.0,19.0,17.0,Abdukodir Khusanov,100.0,35000000.0,1,2
FRA-Ligue 1,2425,Auxerre,Ado Onaiwu,JPN,"MF,FW",28.0,1995.0,957.0,31.0,9.0,Ado Onaiwu,100.0,1500000.0,2,3
FRA-Ligue 1,2425,Le Havre,Junior Mwanga,FRA,MF,21.0,2003.0,1248.0,19.0,13.0,Junior Mwanga,100.0,6000000.0,1,0
FRA-Ligue 1,2425,Lyon,Thiago Almada,ARG,MF,23.0,2001.0,951.0,16.0,9.0,Thiago Almada,100.0,25000000.0,0,0
FRA-Ligue 1,2425,Nantes,Marcus Coco,FRA,DF,28.0,1996.0,951.0,20.0,10.0,Marcus Coco,100.0,1200000.0,1,2
FRA-Ligue 1,2425,Lyon,Sael Kumbedi,FRA,DF,19.0,2005.0,951.0,14.0,12.0,Saël Kumbedi,100.0,7000000.0,1,2
FRA-Ligue 1,2425,Strasbourg,Abakar Sylla,CIV,DF,21.0,2002.0,950.0,21.0,10.0,Abakar Sylla,100.0,10000000.0,3,1
FRA-Ligue 1,2425,Montpellier,Yael Mouanga,FRA,DF,19.0,2005.0,946.0,14.0,10.0,Yaël Mouanga,100.0,600000.0,1,2
FRA-Ligue 1,2425,Le Havre,Antoine Joujou,FRA,"MF,FW",21.0,2003.0,943.0,26.0,9.0,Antoine Joujou,100.0,2000000.0,1,2
FRA-Ligue 1,2425,Angers,Ibrahima Niane,SEN,FW,25.0,1999.0,943.0,24.0,8.0,Ibrahima Niane,100.0,1000000.0,2,3
FRA-Ligue 1,2425,Auxerre,Theo Bair,CAN,FW,24.0,1999.0,939.0,29.0,11.0,Theo Bair,100.0,1800000.0,2,3
FRA-Ligue 1,2425,Marseille,Ulisses Garcia,SUI,"DF,MF",28.0,1996.0,930.0,20.0,10.0,Ulisses Garcia,100.0,5000000.0,3,0
FRA-Ligue 1,2425,Rennes,Jérémy Jacquet,FRA,DF,19.0,2005.0,927.0,11.0,11.0,Jérémy Jacquet,100.0,10000000.0,1,2
FRA-Ligue 1,2425,Nice,Baptiste Santamaria,FRA,MF,29.0,1995.0,1409.0,23.0,16.0,Baptiste Santamaria,100.0,7000000.0,1,1
FRA-Ligue 1,2425,Lens,Wesley Saïd,FRA,FW,29.0,1995.0,905.0,24.0,11.0,Wesley Saïd,100.0,3000000.0,3,3
FRA-Ligue 1,2425,Lille,Ismaily,BRA,DF,34.0,1990.0,904.0,16.0,10.0,Ismaily,100.0,1200000.0,1,2
FRA-Ligue 1,2425,Rennes,Albert Grønbaek,DEN,"MF,FW",23.0,2001.0,956.0,20.0,11.0,Albert Grønbaek,100.0,11000000.0,0,0
FRA-Ligue 1,2425,Marseille,Ismaël Bennacer,ALG,MF,26.0,1997.0,946.0,18.0,12.0,Ismaël Bennacer,100.0,15000000.0,1,2
ENG-Premier League,2324,Arsenal,William Saliba,FRA,DF,22.0,2001.0,3420.0,38.0,38.0,William Saliba,100.0,80000000.0,3,1
ENG-Premier League,2324,Wolves,Max Kilman,ENG,DF,26.0,1997.0,3420.0,38.0,38.0,Maximilian Kilman,85.5,32000000.0,3,1
ENG-Premier League,2324,Everton,James Tarkowski,ENG,DF,30.0,1992.0,3419.0,38.0,38.0,James Tarkowski,100.0,13000000.0,1,1
ENG-Premier League,2324,Crystal Palace,Joachim Andersen,DEN,DF,27.0,1996.0,3415.0,38.0,38.0,Joachim Andersen,100.0,35000000.0,3,1
ENG-Premier League,2324,Bournemouth,Illia Zabarnyi,UKR,DF,20.0,2002.0,3330.0,37.0,37.0,Ilya Zabarnyi,88.88888888888889,32000000.0,3,1
ENG-Premier League,2324,Bournemouth,Dominic Solanke,ENG,FW,25.0,1997.0,3325.0,38.0,37.0,Dominic Solanke,100.0,40000000.0,2,3
ENG-Premier League,2324,Fulham,Antonee Robinson,USA,DF,25.0,1997.0,3265.0,37.0,37.0,Antonee Robinson,100.0,25000000.0,1,2
ENG-Premier League,2324,Newcastle,Bruno Guimarães,BRA,MF,25.0,1997.0,3263.0,37.0,37.0,Bruno Guimarães,100.0,85000000.0,0,0
ENG-Premier League,2324,Arsenal,Declan Rice,ENG,MF,24.0,1999.0,3225.0,38.0,37.0,Declan Rice,100.0,120000000.0,3,0
ENG-Premier League,2324,Aston Villa,Ollie Watkins,ENG,FW,27.0,1995.0,3217.0,37.0,37.0,Ollie Watkins,100.0,65000000.0,2,3
ENG-Premier League,2324,Crystal Palace,Tyrick Mitchell,ENG,"DF,MF",23.0,1999.0,3204.0,37.0,37.0,Tyrick Mitchell,100.0,25000000.0,3,0
ENG-Premier League,2324,Liverpool,Virgil van Dijk,NED,DF,32.0,1991.0,3177.0,36.0,36.0,Virgil van Dijk,100.0,30000000.0,1,1
ENG-Premier League,2324,Manchester Utd,Diogo Dalot,POR,DF,24.0,1999.0,3174.0,36.0,35.0,Diogo Dalot,100.0,35000000.0,1,0
ENG-Premier League,2324,Nottingham,Morgan Gibbs-White,ENG,"MF,FW",23.0,2000.0,3156.0,37.0,35.0,Morgan Gibbs-White,100.0,40000000.0,0,0
ENG-Premier League,2324,West Ham,Emerson Palmieri,ITA,DF,28.0,1994.0,3137.0,36.0,35.0,Emerson,90.0,12000000.0,1,1
ENG-Premier League,2324,West Ham,Vladimír Coufal,CZE,DF,30.0,1992.0,3132.0,36.0,36.0,Vladimír Coufal,100.0,8000000.0,1,2
ENG-Premier League,2324,Chelsea,Conor Gallagher,ENG,MF,23.0,2000.0,3128.0,37.0,37.0,Conor Gallagher,100.0,50000000.0,0,0
ENG-Premier League,2324,Manchester Utd,Bruno Fernandes,POR,MF,28.0,1994.0,3118.0,35.0,35.0,Bruno Fernandes,100.0,70000000.0,0,0
ENG-Premier League,2324,Everton,Jarrad Branthwaite,ENG,DF,21.0,2002.0,3116.0,35.0,35.0,Jarrad Branthwaite,100.0,42000000.0,3,1
ENG-Premier League,2324,Brighton,Pascal Groß,GER,"MF,DF",32.0,1991.0,3114.0,36.0,34.0,Pascal Groß,100.0,8000000.0,0,0
ENG-Premier League,2324,Arsenal,Martin Ødegaard,NOR,MF,24.0,1998.0,3091.0,35.0,35.0,Martin Ødegaard,100.0,110000000.0,0,0
ENG-Premier League,2324,Tottenham,Pedro Porro,ESP,DF,23.0,1999.0,3089.0,35.0,35.0,Pedro Porro,100.0,45000000.0,0,0
ENG-Premier League,2324,Wolves,Nélson Semedo,POR,"MF,DF",29.0,1993.0,3084.0,36.0,36.0,Nélson Semedo,100.0,12000000.0,1,2
ENG-Premier League,2324,Aston Villa,Ezri Konsa,ENG,DF,25.0,1997.0,3069.0,35.0,35.0,Ezri Konsa,100.0,35000000.0,1,1
ENG-Premier League,2324,Newcastle,Fabian Schär,SUI,DF,31.0,1991.0,3054.0,36.0,35.0,Fabian Schär,100.0,10000000.0,3,1
ENG-Premier League,2324,Brentford,Vitaly Janelt,GER,"MF,DF",25.0,1998.0,3054.0,38.0,37.0,Vitaly Janelt,100.0,22000000.0,1,1
ENG-Premier League,2324,Arsenal,Gabriel Magalhães,BRA,DF,25.0,1997.0,3044.0,36.0,34.0,Gabriel,90.0,70000000.0,3,1
ENG-Premier League,2324,West Ham,Jarrod Bowen,ENG,"MF,FW",26.0,1996.0,3019.0,34.0,34.0,Jarrod Bowen,100.0,50000000.0,2,3
ENG-Premier League,2324,Burnley,Sander Berge,NOR,MF,25.0,1998.0,3005.0,37.0,34.0,Sander Berge,100.0,20000000.0,1,1
ENG-Premier League,2324,Everton,James Garner,ENG,MF,22.0,2001.0,3004.0,37.0,34.0,James Garner,100.0,22000000.0,1,0
ENG-Premier League,2324,West Ham,James Ward-Prowse,ENG,MF,28.0,1994.0,3001.0,37.0,34.0,James Ward-Prowse,100.0,30000000.0,0,0
ENG-Premier League,2324,Aston Villa,John McGinn,SCO,MF,28.0,1994.0,2999.0,35.0,35.0,John McGinn,100.0,30000000.0,0,0
ENG-Premier League,2324,Aston Villa,Douglas Luiz,BRA,MF,25.0,1998.0,2993.0,35.0,35.0,Douglas Luiz,100.0,70000000.0,0,0
ENG-Premier League,2324,Arsenal,Ben White,ENG,DF,25.0,1997.0,2988.0,37.0,35.0,Ben White,100.0,55000000.0,3,0
ENG-Premier League,2324,Wolves,Mario Lemina,GAB,MF,29.0,1993.0,2968.0,35.0,34.0,Mario Lemina,100.0,10000000.0,1,0
ENG-Premier League,2324,Tottenham,Son Heung-min,KOR,"FW,MF",31.0,1992.0,2934.0,35.0,34.0,Heung-min Son,95.0,45000000.0,2,3
ENG-Premier League,2324,Manchester City,Rodri,ESP,"MF,DF",27.0,1996.0,2931.0,34.0,34.0,Rodri,100.0,120000000.0,0,0
ENG-Premier League,2324,Luton Town,Alfie Doughty,ENG,"MF,DF",23.0,1999.0,2925.0,37.0,34.0,Alfie Doughty,100.0,10000000.0,0,0
ENG-Premier League,2324,Arsenal,Bukayo Saka,ENG,FW,21.0,2001.0,2919.0,35.0,35.0,Bukayo Saka,100.0,140000000.0,2,0
ENG-Premier League,2324,Sheffield United,Gustavo Hamer,NED,MF,26.0,1997.0,2910.0,36.0,34.0,Gustavo Hamer,100.0,15000000.0,0,0
ENG-Premier League,2324,Bournemouth,Ryan Christie,SCO,MF,28.0,1995.0,2907.0,37.0,35.0,Ryan Christie,100.0,12000000.0,1,2
ENG-Premier League,2324,Everton,Dwight McNeil,ENG,MF,23.0,1999.0,2892.0,35.0,33.0,Dwight McNeil,100.0,22000000.0,0,0
ENG-Premier League,2324,Burnley,Dara O'Shea,IRL,DF,24.0,1999.0,2892.0,33.0,32.0,Dara O'Shea,100.0,7000000.0,3,1
ENG-Premier League,2324,Newcastle,Anthony Gordon,ENG,FW,22.0,2001.0,2890.0,35.0,34.0,Anthony Gordon,100.0,60000000.0,2,0
ENG-Premier League,2324,Sheffield United,Jack Robinson,ENG,DF,29.0,1993.0,2885.0,34.0,31.0,Jack Robinson,100.0,1000000.0,1,1
ENG-Premier League,2324,West Ham,Tomáš Souček,CZE,MF,28.0,1995.0,2870.0,37.0,34.0,Tomáš Souček,100.0,30000000.0,3,0
ENG-Premier League,2324,Brighton,Lewis Dunk,ENG,DF,31.0,1991.0,2869.0,33.0,33.0,Lewis Dunk,100.0,12000000.0,3,1
ENG-Premier League,2324,Chelsea,Moisés Caicedo,ECU,MF,21.0,2001.0,2866.0,35.0,33.0,Moisés Caicedo,100.0,75000000.0,1,1
ENG-Premier League,2324,Luton Town,Carlton Morris,ENG,"FW,MF",27.0,1995.0,2862.0,38.0,32.0,Carlton Morris,100.0,13000000.0,2,3
ENG-Premier League,2324,Manchester City,Phil Foden,ENG,MF,23.0,2000.0,2857.0,35.0,33.0,Phil Foden,100.0,150000000.0,2,3
ENG-Premier League,2324,West Ham,Kurt Zouma,FRA,DF,28.0,1994.0,2838.0,33.0,32.0,Kurt Zouma,100.0,25000000.0,3,1
ENG-Premier League,2324,Chelsea,Nicolas Jackson,SEN,FW,22.0,2001.0,2799.0,35.0,31.0,Nicolas Jackson,100.0,35000000.0,2,3
ENG-Premier League,2324,Tottenham,Cristian Romero,ARG,DF,25.0,1998.0,2790.0,33.0,33.0,Cristian Romero,100.0,60000000.0,3,1
ENG-Premier League,2324,Nottingham,Murillo,BRA,DF,21.0,2002.0,2789.0,32.0,32.0,Murillo,100.0,35000000.0,1,2
ENG-Premier League,2324,Sheffield United,Jayden Bogle,ENG,"MF,DF",23.0,2000.0,2788.0,34.0,32.0,Jayden Bogle,100.0,3800000.0,3,1
ENG-Premier League,2324,Bournemouth,Lewis Cook,ENG,MF,26.0,1997.0,2786.0,33.0,32.0,Lewis Cook,100.0,12000000.0,1,2
ENG-Premier League,2324,Wolves,Toti Gomes,POR,DF,24.0,1999.0,2772.0,35.0,31.0,Toti,90.0,20000000.0,3,1
ENG-Premier League,2324,Manchester City,Kyle Walker,ENG,"DF,MF",33.0,1990.0,2767.0,32.0,30.0,Kyle Walker,100.0,13000000.0,1,2
ENG-Premier League,2324,Tottenham,Dejan Kulusevski,SWE,"MF,FW",23.0,2000.0,2762.0,36.0,31.0,Dejan Kulusevski,100.0,55000000.0,0,0
ENG-Premier League,2324,Newcastle,Sean Longstaff,ENG,MF,25.0,1997.0,2747.0,35.0,30.0,Sean Longstaff,100.0,25000000.0,3,0
ENG-Premier League,2324,Newcastle,Dan Burn,ENG,DF,31.0,1992.0,2726.0,33.0,32.0,Dan Burn,100.0,8000000.0,3,1
ENG-Premier League,2324,Fulham,João Palhinha,POR,MF,28.0,1995.0,2699.0,33.0,31.0,João Palhinha,100.0,55000000.0,1,1
ENG-Premier League,2324,Sheffield United,Vinicius Souza,BRA,MF,24.0,1999.0,2668.0,36.0,29.0,,83.33333333333334,,1,1
ENG-Premier League,2324,Brentford,Nathan Collins,IRL,DF,22.0,2001.0,2652.0,32.0,29.0,Nathan Collins,100.0,25000000.0,3,1
ENG-Premier League,2324,Sheffield United,Anel Ahmedhodžić,BIH,DF,24.0,1999.0,2649.0,31.0,29.0,Anel Ahmedhodzic,100.0,18000000.0,3,1
ENG-Premier League,2324,Wolves,João Gomes,BRA,MF,22.0,2001.0,2649.0,34.0,32.0,João Gomes,100.0,35000000.0,1,1
ENG-Premier League,2324,Manchester City,Julián Álvarez,ARG,"MF,FW",23.0,2000.0,2647.0,36.0,31.0,Julián Alvarez,100.0,90000000.0,2,0
ENG-Premier League,2324,Fulham,Timothy Castagne,BEL,DF,27.0,1995.0,2634.0,34.0,29.0,Timothy Castagne,100.0,17000000.0,1,0
ENG-Premier League,2324,Arsenal,Kai Havertz,GER,"MF,FW",24.0,1999.0,2634.0,37.0,30.0,Kai Havertz,100.0,70000000.0,2,3
ENG-Premier League,2324,Everton,Abdoulaye Doucouré,MLI,MF,30.0,1993.0,2629.0,32.0,32.0,Abdoulaye Doucouré,100.0,10000000.0,3,3
ENG-Premier League,2324,Liverpool,Luis Díaz,COL,FW,26.0,1997.0,2629.0,37.0,32.0,Luis Díaz,100.0,75000000.0,2,3
ENG-Premier League,2324,West Ham,Lucas Paquetá,BRA,MF,25.0,1997.0,2622.0,31.0,31.0,Lucas Paquetá,100.0,65000000.0,0,0
ENG-Premier League,2324,Luton Town,Ross Barkley,ENG,MF,29.0,1993.0,2618.0,32.0,30.0,Ross Barkley,100.0,8000000.0,0,0
ENG-Premier League,2324,Fulham,Andreas Pereira,BRA,MF,27.0,1996.0,2613.0,37.0,34.0,Andreas Pereira,100.0,20000000.0,0,0
ENG-Premier League,2324,Chelsea,Cole Palmer,ENG,"MF,FW",21.0,2002.0,2618.0,34.0,29.0,Cole Palmer,100.0,80000000.0,2,3
ENG-Premier League,2324,Liverpool,Alexis Mac Allister,ARG,MF,24.0,1998.0,2599.0,33.0,31.0,Alexis Mac Allister,100.0,75000000.0,3,1
ENG-Premier League,2324,Chelsea,Axel Disasi,FRA,DF,25.0,1998.0,2579.0,31.0,29.0,Axel Disasi,100.0,40000000.0,3,1
ENG-Premier League,2324,Manchester City,Bernardo Silva,POR,MF,28.0,1994.0,2578.0,33.0,29.0,Bernardo Silva,100.0,70000000.0,0,0
ENG-Premier League,2324,Sheffield United,Auston Trusty,USA,DF,24.0,1998.0,2572.0,32.0,28.0,Auston Trusty,100.0,7000000.0,1,2
ENG-Premier League,2324,Manchester Utd,Alejandro Garnacho,ARG,MF,19.0,2004.0,2565.0,36.0,30.0,Alejandro Garnacho,100.0,45000000.0,2,3
ENG-Premier League,2324,Manchester City,Rúben Dias,POR,"DF,MF",26.0,1997.0,2559.0,30.0,28.0,Rúben Dias,100.0,80000000.0,1,2
ENG-Premier League,2324,Manchester City,Erling Haaland,NOR,"FW,MF",23.0,2000.0,2552.0,31.0,29.0,Erling Haaland,100.0,180000000.0,2,3
ENG-Premier League,2324,Crystal Palace,Jordan Ayew,GHA,"MF,FW",31.0,1991.0,2543.0,35.0,30.0,Jordan Ayew,100.0,4000000.0,0,0
ENG-Premier League,2324,Liverpool,Mohamed Salah,EGY,FW,31.0,1992.0,2534.0,32.0,28.0,Mohamed Salah,100.0,55000000.0,2,3
ENG-Premier League,2324,Chelsea,Thiago Silva,BRA,DF,38.0,1984.0,2527.0,31.0,28.0,Thiago Silva,100.0,1000000.0,3,1
ENG-Premier League,2324,Brentford,Ethan Pinnock,JAM,DF,30.0,1993.0,2521.0,29.0,28.0,Ethan Pinnock,100.0,12000000.0,3,1
ENG-Premier League,2324,Manchester City,Manuel Akanji,SUI,"DF,MF",28.0,1995.0,2511.0,30.0,28.0,Manuel Akanji,100.0,45000000.0,3,1
ENG-Premier League,2324,Brentford,Christian Nørgaard,DEN,MF,29.0,1994.0,2505.0,31.0,30.0,Christian Nørgaard,100.0,18000000.0,1,1
ENG-Premier League,2324,Brentford,Yoane Wissa,COD,FW,26.0,1996.0,2493.0,34.0,29.0,Yoane Wissa,100.0,28000000.0,2,3
ENG-Premier League,2324,West Ham,Mohammed Kudus,GHA,MF,22.0,2000.0,2484.0,33.0,27.0,Mohammed Kudus,100.0,50000000.0,0,0
ENG-Premier League,2324,Everton,Vitaliy Mykolenko,UKR,DF,24.0,1999.0,2469.0,28.0,28.0,Vitaliy Mykolenko,100.0,28000000.0,1,0
ENG-Premier League,2324,Luton Town,Teden Mengi,ENG,DF,21.0,2002.0,2469.0,30.0,28.0,Teden Mengi,100.0,12000000.0,1,1
ENG-Premier League,2324,Aston Villa,Pau Torres,ESP,DF,26.0,1997.0,2464.0,29.0,27.0,Pau Torres,100.0,45000000.0,3,1
ENG-Premier League,2324,Wolves,Matheus Cunha,BRA,"FW,MF",24.0,1999.0,2440.0,32.0,29.0,Matheus Cunha,100.0,45000000.0,2,3
ENG-Premier League,2324,Nottingham,Anthony Elanga,SWE,"MF,FW",21.0,2002.0,2433.0,36.0,25.0,Anthony Elanga,100.0,22000000.0,0,3
ENG-Premier League,2324,Aston Villa,Lucas Digne,FRA,DF,30.0,1993.0,2410.0,33.0,27.0,Lucas Digne,100.0,12000000.0,0,0
ENG-Premier League,2324,Crystal Palace,Jefferson Lerma,COL,"MF,DF",28.0,1994.0,2400.0,28.0,27.0,Jefferson Lerma,100.0,20000000.0,1,1
ENG-Premier League,2324,Tottenham,Destiny Udogie,ITA,DF,20.0,2002.0,2391.0,28.0,28.0,Destiny Udogie,100.0,45000000.0,3,1
ENG-Premier League,2324,West Ham,Edson Álvarez,MEX,MF,25.0,1997.0,2377.0,31.0,28.0,Edson Álvarez,100.0,35000000.0,1,1
ENG-Premier League,2324,Brighton,Jan Paul van Hecke,NED,DF,23.0,2000.0,2369.0,28.0,26.0,Jan Paul van Hecke,100.0,18000000.0,1,2
ENG-Premier League,2324,Tottenham,Micky van de Ven,NED,DF,22.0,2001.0,2339.0,27.0,27.0,Micky van de Ven,100.0,55000000.0,3,1
ENG-Premier League,2324,Burnley,Charlie Taylor,ENG,DF,29.0,1993.0,2331.0,28.0,25.0,Charlie Taylor,100.0,3000000.0,3,0
ENG-Premier League,2324,Wolves,Rayan Aït-Nouri,ALG,"MF,DF",22.0,2001.0,2329.0,33.0,29.0,Rayan Aït-Nouri,100.0,35000000.0,1,0
ENG-Premier League,2324,Manchester City,Joško Gvardiol,CRO,DF,21.0,2002.0,2328.0,28.0,26.0,Josko Gvardiol,100.0,75000000.0,3,1
ENG-Premier League,2324,Burnley,Vitinho,BRA,"DF,MF",24.0,1999.0,2314.0,32.0,26.0,Vitinho,100.0,5000000.0,1,2
ENG-Premier League,2324,Fulham,Calvin Bassey,NGA,DF,23.0,1999.0,2303.0,29.0,25.0,Calvin Bassey,100.0,16000000.0,3,1
ENG-Premier League,2324,Crystal Palace,Jean-Philippe Mateta,FRA,FW,26.0,1997.0,2282.0,35.0,25.0,Jean-Philippe Mateta,100.0,20000000.0,2,3
ENG-Premier League,2324,Everton,Ashley Young,ENG,"DF,MF",38.0,1985.0,2280.0,31.0,27.0,Ashley Young,100.0,500000.0,1,2
ENG-Premier League,2324,Manchester Utd,Marcus Rashford,ENG,"MF,FW",25.0,1997.0,2271.0,33.0,26.0,Marcus Rashford,100.0,60000000.0,0,3
ENG-Premier League,2324,Newcastle,Alexander Isak,SWE,FW,23.0,1999.0,2255.0,30.0,27.0,Alexander Isak,100.0,75000000.0,2,3
ENG-Premier League,2324,Burnley,Josh Brownhill,ENG,MF,27.0,1995.0,2252.0,33.0,23.0,Josh Brownhill,100.0,15000000.0,3,0
ENG-Premier League,2324,Bournemouth,Marcos Senesi,ARG,DF,26.0,1997.0,2242.0,31.0,26.0,Marcos Senesi,100.0,22000000.0,3,0
ENG-Premier League,2324,Newcastle,Kieran Trippier,ENG,DF,32.0,1990.0,2236.0,28.0,26.0,Kieran Trippier,100.0,10000000.0,0,0
ENG-Premier League,2324,Brighton,Simon Adingra,CIV,MF,21.0,2002.0,2222.0,31.0,25.0,Simon Adingra,100.0,30000000.0,0,3
ENG-Premier League,2324,Everton,Jack Harrison,ENG,MF,26.0,1996.0,2214.0,29.0,25.0,Jack Harrison,100.0,18000000.0,0,0
ENG-Premier League,2324,Wolves,Craig Dawson,ENG,DF,33.0,1990.0,2209.0,25.0,25.0,Craig Dawson,100.0,2000000.0,1,1
ENG-Premier League,2324,Chelsea,Enzo Fernández,ARG,MF,22.0,2001.0,2209.0,28.0,26.0,Enzo Fernández,100.0,75000000.0,0,0
ENG-Premier League,2324,Brentford,Mathias Jensen,DEN,MF,27.0,1996.0,2204.0,32.0,27.0,Mathias Jensen,100.0,28000000.0,3,0
ENG-Premier League,2324,Fulham,Alex Iwobi,NGA,MF,27.0,1996.0,2332.0,32.0,27.0,Alex Iwobi,100.0,25000000.0,0,0
ENG-Premier League,2324,Aston Villa,Moussa Diaby,FRA,"MF,FW",24.0,1999.0,2174.0,38.0,25.0,Moussa Diaby,100.0,55000000.0,2,0
ENG-Premier League,2324,Everton,Dominic Calvert-Lewin,ENG,FW,26.0,1997.0,2171.0,32.0,26.0,Dominic Calvert-Lewin,100.0,22000000.0,2,3
ENG-Premier League,2324,Manchester Utd,Rasmus Højlund,DEN,FW,20.0,2003.0,2158.0,30.0,25.0,Rasmus Højlund,100.0,65000000.0,2,3
ENG-Premier League,2324,Liverpool,Trent Alexander-Arnold,ENG,DF,24.0,1998.0,2155.0,28.0,25.0,Trent Alexander-Arnold,100.0,70000000.0,0,0
ENG-Premier League,2324,Bournemouth,Adam Smith,ENG,DF,32.0,1991.0,2150.0,28.0,25.0,Adam Smith,100.0,1000000.0,1,2
ENG-Premier League,2324,Aston Villa,Matty Cash,POL,"DF,MF",25.0,1997.0,2142.0,29.0,23.0,Matty Cash,100.0,28000000.0,1,1
ENG-Premier League,2324,Tottenham,James Maddison,ENG,MF,26.0,1996.0,2135.0,28.0,26.0,James Maddison,100.0,70000000.0,0,0
ENG-Premier League,2324,Brighton,Billy Gilmour,SCO,MF,22.0,2001.0,2120.0,30.0,24.0,Billy Gilmour,100.0,18000000.0,1,2
ENG-Premier League,2324,Wolves,Hwang Hee-chan,KOR,"FW,MF",27.0,1996.0,2119.0,29.0,25.0,Hee-chan Hwang,95.0,25000000.0,2,3
ENG-Premier League,2324,Bournemouth,Marcus Tavernier,ENG,MF,24.0,1999.0,2118.0,30.0,25.0,Marcus Tavernier,100.0,20000000.0,0,0
ENG-Premier League,2324,Bournemouth,Antoine Semenyo,GHA,MF,23.0,2000.0,2105.0,33.0,25.0,Antoine Semenyo,100.0,10000000.0,2,3
ENG-Premier League,2324,Liverpool,Dominik Szoboszlai,HUN,MF,22.0,2000.0,2104.0,33.0,25.0,Dominik Szoboszlai,100.0,75000000.0,0,0
ENG-Premier League,2324,Burnley,Wilson Odobert,FRA,"MF,FW",18.0,2004.0,2098.0,29.0,25.0,Wilson Odobert,100.0,10000000.0,0,0
ENG-Premier League,2324,Crystal Palace,Chris Richards,USA,"DF,MF",23.0,2000.0,2094.0,26.0,23.0,Chris Richards,100.0,12000000.0,3,1
ENG-Premier League,2324,Everton,Amadou Onana,BEL,MF,21.0,2001.0,2091.0,30.0,23.0,Amadou Onana,100.0,50000000.0,1,1
ENG-Premier League,2324,Tottenham,Brennan Johnson,WAL,"MF,FW",22.0,2001.0,2322.0,35.0,26.0,Brennan Johnson,100.0,48000000.0,0,0
ENG-Premier League,2324,Tottenham,Pape Matar Sarr,SEN,MF,20.0,2002.0,2069.0,34.0,27.0,Pape Matar Sarr,100.0,45000000.0,3,1
ENG-Premier League,2324,Aston Villa,Leon Bailey,JAM,MF,25.0,1997.0,2068.0,35.0,22.0,Leon Bailey,100.0,42000000.0,2,0
ENG-Premier League,2324,Tottenham,Yves Bissouma,MLI,MF,26.0,1996.0,2068.0,28.0,26.0,Yves Bissouma,100.0,35000000.0,1,2
ENG-Premier League,2324,Burnley,Josh Cullen,IRL,MF,27.0,1996.0,2057.0,25.0,23.0,Josh Cullen,100.0,10000000.0,3,0
ENG-Premier League,2324,Crystal Palace,Eberechi Eze,ENG,"MF,FW",25.0,1998.0,2055.0,27.0,24.0,Eberechi Eze,100.0,55000000.0,2,0
ENG-Premier League,2324,Fulham,Willian,BRA,"MF,FW",34.0,1988.0,2053.0,31.0,24.0,Willian,100.0,3000000.0,0,0
ENG-Premier League,2324,Liverpool,Darwin Núñez,URU,FW,24.0,1999.0,2047.0,36.0,22.0,Darwin Núñez,100.0,70000000.0,2,3
ENG-Premier League,2324,Brighton,João Pedro,BRA,"MF,FW",21.0,2001.0,2045.0,31.0,19.0,João Pedro,100.0,45000000.0,2,3
ENG-Premier League,2324,Manchester City,Nathan Aké,NED,DF,28.0,1995.0,2042.0,29.0,24.0,Nathan Aké,100.0,40000000.0,3,1
ENG-Premier League,2324,Crystal Palace,Marc Guéhi,ENG,DF,23.0,2000.0,2021.0,25.0,23.0,Marc Guéhi,100.0,38000000.0,1,2
ENG-Premier League,2324,Arsenal,Gabriel Martinelli,BRA,FW,22.0,2001.0,2019.0,35.0,24.0,Gabriel Martinelli,100.0,70000000.0,0,0
ENG-Premier League,2324,Luton Town,Chiedozie Ogbene,IRL,MF,26.0,1997.0,1995.0,30.0,20.0,Chiedozie Ogbene,100.0,8000000.0,0,0
ENG-Premier League,2324,Nottingham,Ryan Yates,ENG,MF,25.0,1997.0,1992.0,35.0,21.0,Ryan Yates,100.0,12000000.0,1,0
ENG-Premier League,2324,Brentford,Mads Roerslev,DEN,"MF,DF",24.0,1999.0,1985.0,34.0,22.0,Mads Roerslev,100.0,10000000.0,3,0
ENG-Premier League,2324,Manchester Utd,Casemiro,BRA,"MF,DF",31.0,1992.0,1982.0,25.0,24.0,Casemiro,100.0,20000000.0,1,0
ENG-Premier League,2324,Luton Town,Tahith Chong,CUW,"MF,FW",23.0,1999.0,1982.0,33.0,20.0,Tahith Chong,100.0,6000000.0,0,0
ENG-Premier League,2324,Crystal Palace,Joel Ward,ENG,DF,33.0,1989.0,1980.0,26.0,23.0,Joel Ward,100.0,1000000.0,1,2
ENG-Premier League,2324,Chelsea,Raheem Sterling,ENG,MF,28.0,1994.0,1978.0,31.0,22.0,Raheem Sterling,100.0,35000000.0,2,3
ENG-Premier League,2324,Bournemouth,Milos Kerkez,HUN,DF,19.0,2003.0,1970.0,28.0,22.0,Milos Kerkez,100.0,20000000.0,1,2
ENG-Premier League,2324,Brentford,Bryan Mbeumo,CMR,FW,23.0,1999.0,1960.0,25.0,22.0,Bryan Mbeumo,100.0,40000000.0,2,0
ENG-Premier League,2324,Burnley,Zeki Amdouni,SUI,FW,22.0,2000.0,1953.0,34.0,27.0,Zeki Amdouni,100.0,12000000.0,0,0
ENG-Premier League,2324,Newcastle,Miguel Almirón,PAR,FW,29.0,1994.0,1937.0,33.0,23.0,Miguel Almirón,100.0,20000000.0,0,0
ENG-Premier League,2324,Manchester Utd,Kobbie Mainoo,ENG,MF,18.0,2005.0,1924.0,24.0,24.0,Kobbie Mainoo,100.0,50000000.0,3,1
ENG-Premier League,2324,Bournemouth,Justin Kluivert,NED,MF,24.0,1999.0,1916.0,32.0,26.0,Justin Kluivert,100.0,14000000.0,2,3
ENG-Premier League,2324,Manchester Utd,Scott McTominay,SCO,"MF,FW",26.0,1996.0,1901.0,32.0,18.0,Scott McTominay,100.0,32000000.0,2,0
ENG-Premier League,2324,Burnley,Lyle Foster,RSA,"FW,MF",22.0,2000.0,1899.0,24.0,22.0,Lyle Foster,100.0,13000000.0,2,3
ENG-Premier League,2324,Crystal Palace,Will Hughes,ENG,MF,28.0,1995.0,1891.0,30.0,23.0,Will Hughes,100.0,9000000.0,1,2
ENG-Premier League,2324,Everton,Idrissa Gueye,SEN,MF,33.0,1989.0,1884.0,25.0,24.0,Idrissa Gueye,100.0,3000000.0,3,1
ENG-Premier League,2324,West Ham,Nayef Aguerd,MAR,DF,27.0,1996.0,1857.0,21.0,21.0,Nayef Aguerd,100.0,35000000.0,3,1
ENG-Premier League,2324,Nottingham,Callum Hudson-Odoi,ENG,"MF,FW",22.0,2000.0,1854.0,29.0,20.0,Callum Hudson-Odoi,100.0,18000000.0,2,0
ENG-Premier League,2324,Luton Town,Gabriel Osho,NGA,DF,24.0,1998.0,1846.0,21.0,21.0,Gabriel Osho,100.0,3000000.0,3,1
ENG-Premier League,2324,Sheffield United,Cameron Archer,ENG,"FW,MF",22.0,2001.0,1838.0,30.0,21.0,Cameron Archer,100.0,13000000.0,0,3
ENG-Premier League,2324,Brentford,Kristoffer Ajer,NOR,DF,25.0,1998.0,1832.0,28.0,21.0,Kristoffer Ajer,100.0,15000000.0,3,1
ENG-Premier League,2324,Sheffield United,James Mcatee,ENG,"MF,FW",20.0,2002.0,1823.0,31.0,20.0,James McAtee,100.0,12000000.0,0,0
ENG-Premier League,2324,Aston Villa,Diego Carlos,BRA,DF,30.0,1993.0,1816.0,27.0,20.0,Diego Carlos,100.0,16000000.0,1,2
ENG-Premier League,2324,Nottingham,Chris Wood,NZL,FW,31.0,1991.0,1812.0,31.0,20.0,Chris Wood,100.0,7000000.0,2,3
ENG-Premier League,2324,Chelsea,Levi Colwill,ENG,DF,20.0,2003.0,1797.0,23.0,20.0,Levi Colwill,100.0,50000000.0,1,0
ENG-Premier League,2324,Nottingham,Danilo Santos,BRA,MF,22.0,2001.0,1792.0,29.0,20.0,Danilo,90.0,28000000.0,3,1
ENG-Premier League,2324,Liverpool,Joe Gomez,ENG,DF,26.0,1997.0,1786.0,32.0,17.0,Joe Gomez,100.0,28000000.0,1,2
ENG-Premier League,2324,Chelsea,Marc Cucurella,ESP,DF,25.0,1998.0,1782.0,21.0,20.0,Marc Cucurella,100.0,25000000.0,1,2
ENG-Premier League,2324,Manchester Utd,Aaron Wan-Bissaka,COD,DF,25.0,1997.0,1780.0,22.0,20.0,Aaron Wan-Bissaka,100.0,20000000.0,1,2
ENG-Premier League,2324,Chelsea,Malo Gusto,FRA,"DF,MF",20.0,2003.0,1751.0,27.0,19.0,Malo Gusto,100.0,35000000.0,0,0
ENG-Premier League,2324,Wolves,Pablo Sarabia,ESP,"MF,FW",31.0,1992.0,1745.0,30.0,20.0,Pablo Sarabia,100.0,10000000.0,0,0
ENG-Premier League,2324,Luton Town,Issa Kaboré,BFA,"MF,DF",22.0,2001.0,1729.0,24.0,21.0,Issa Kaboré,100.0,10000000.0,1,2
ENG-Premier League,2324,Arsenal,Oleksandr Zinchenko,UKR,DF,26.0,1996.0,1722.0,27.0,20.0,Oleksandr Zinchenko,100.0,38000000.0,1,1
ENG-Premier League,2324,Liverpool,Wataru Endo,JPN,MF,30.0,1993.0,1722.0,29.0,20.0,Wataru Endo,100.0,13000000.0,1,1
ENG-Premier League,2324,Luton Town,Amari'i Bell,JAM,DF,29.0,1994.0,1720.0,21.0,21.0,Amari'i Bell,100.0,2500000.0,1,2
ENG-Premier League,2324,West Ham,Michail Antonio,JAM,FW,33.0,1990.0,1695.0,26.0,21.0,Michail Antonio,100.0,4000000.0,2,3
ENG-Premier League,2324,Liverpool,Andy Robertson,SCO,DF,29.0,1994.0,1693.0,23.0,18.0,Andrew Robertson,86.66666666666667,30000000.0,0,0
ENG-Premier League,2324,Brighton,Danny Welbeck,ENG,"FW,MF",32.0,1990.0,1693.0,29.0,21.0,Danny Welbeck,100.0,5000000.0,0,0
ENG-Premier League,2324,Nottingham,Ola Aina,NGA,"DF,MF",26.0,1996.0,1692.0,22.0,20.0,Ola Aina,100.0,12000000.0,3,1
ENG-Premier League,2324,Luton Town,Reece Burke,ENG,DF,26.0,1996.0,1660.0,22.0,20.0,Reece Burke,100.0,1800000.0,1,2
ENG-Premier League,2324,Manchester Utd,Harry Maguire,ENG,DF,30.0,1993.0,1653.0,22.0,18.0,Harry Maguire,100.0,18000000.0,3,0
ENG-Premier League,2324,Aston Villa,Boubacar Kamara,FRA,MF,23.0,1999.0,1652.0,20.0,20.0,Boubacar Kamara,100.0,38000000.0,1,2
ENG-Premier League,2324,Liverpool,Cody Gakpo,NED,"FW,MF",24.0,1999.0,1649.0,35.0,17.0,Cody Gakpo,100.0,50000000.0,2,3
ENG-Premier League,2324,Arsenal,Leandro Trossard,BEL,"FW,MF",28.0,1994.0,1649.0,34.0,18.0,Leandro Trossard,100.0,35000000.0,2,3
ENG-Premier League,2324,Nottingham,Neco Williams,WAL,"DF,MF",22.0,2001.0,1637.0,26.0,18.0,Neco Williams,100.0,17000000.0,1,2
ENG-Premier League,2324,Brighton,Igor,BRA,DF,25.0,1998.0,1637.0,24.0,17.0,Igor Julio,90.0,17000000.0,1,2
ENG-Premier League,2324,Aston Villa,Youri Tielemans,BEL,"MF,FW",26.0,1997.0,1622.0,32.0,17.0,Youri Tielemans,100.0,25000000.0,0,0
ENG-Premier League,2324,Fulham,Harry Wilson,WAL,"MF,FW",26.0,1997.0,1620.0,35.0,16.0,Harry Wilson,100.0,17000000.0,0,0
ENG-Premier League,2324,Fulham,Tosin Adarabioyo,ENG,DF,25.0,1997.0,1617.0,20.0,18.0,Tosin Adarabioyo,100.0,20000000.0,3,1
ENG-Premier League,2324,Manchester City,Jeremy Doku,BEL,"MF,FW",21.0,2002.0,1706.0,31.0,19.0,Jérémy Doku,100.0,65000000.0,0,0
ENG-Premier League,2324,Fulham,Rodrigo Muniz,BRA,FW,22.0,2001.0,1593.0,26.0,18.0,Rodrigo Muniz,100.0,20000000.0,2,3
ENG-Premier League,2324,Brighton,Joël Veltman,NED,DF,31.0,1992.0,1588.0,27.0,17.0,Joël Veltman,100.0,10000000.0,3,0
ENG-Premier League,2324,Chelsea,Mykhailo Mudryk,UKR,MF,22.0,2001.0,1576.0,31.0,18.0,Mykhaylo Mudryk,93.33333333333331,35000000.0,0,0
ENG-Premier League,2324,Liverpool,Ibrahima Konaté,FRA,DF,24.0,1999.0,1574.0,22.0,17.0,Ibrahima Konaté,100.0,45000000.0,1,2
ENG-Premier League,2324,Nottingham,Orel Mangala,BEL,MF,25.0,1998.0,1961.0,28.0,23.0,Orel Mangala,100.0,20000000.0,3,1
ENG-Premier League,2324,Bournemouth,Lloyd Kelly,ENG,DF,24.0,1998.0,1559.0,23.0,17.0,Lloyd Kelly,100.0,18000000.0,1,2
ENG-Premier League,2324,Crystal Palace,Odsonne Édouard,FRA,"FW,MF",25.0,1998.0,1555.0,30.0,17.0,Odsonne Édouard,100.0,18000000.0,2,3
ENG-Premier League,2324,Manchester City,Mateo Kovačić,CRO,MF,29.0,1994.0,1551.0,30.0,16.0,Mateo Kovacic,100.0,30000000.0,1,1
ENG-Premier League,2324,Wolves,Pedro Neto,POR,"MF,FW",23.0,2000.0,1516.0,20.0,18.0,Pedro Neto,100.0,55000000.0,0,0
ENG-Premier League,2324,Fulham,Tim Ream,USA,DF,35.0,1987.0,1503.0,18.0,17.0,Tim Ream,100.0,800000.0,3,1
ENG-Premier League,2324,West Ham,Konstantinos Mavropanos,GRE,DF,25.0,1997.0,1500.0,19.0,16.0,Konstantinos Mavropanos,100.0,20000000.0,3,1
ENG-Premier League,2324,Nottingham,Nicolás Domínguez,ARG,MF,25.0,1998.0,1597.0,28.0,20.0,Nicolás Domínguez,100.0,17000000.0,3,1
ENG-Premier League,2324,Tottenham,Richarlison,BRA,"FW,MF",26.0,1997.0,1491.0,28.0,18.0,Richarlison,100.0,38000000.0,2,3
ENG-Premier League,2324,Fulham,Tom Cairney,SCO,MF,32.0,1991.0,1488.0,34.0,14.0,Tom Cairney,100.0,2000000.0,0,0
ENG-Premier League,2324,Brighton,Kaoru Mitoma,JPN,"MF,FW",26.0,1997.0,1486.0,19.0,15.0,Kaoru Mitoma,100.0,45000000.0,0,0
ENG-Premier League,2324,Arsenal,Gabriel Jesus,BRA,FW,26.0,1997.0,1478.0,27.0,17.0,Gabriel Jesus,100.0,65000000.0,2,3
ENG-Premier League,2324,Nottingham,Moussa Niakhaté,SEN,DF,27.0,1996.0,1460.0,21.0,15.0,Moussa Niakhaté,100.0,16000000.0,3,1
ENG-Premier League,2324,Nottingham,Harry Toffolo,ENG,"DF,MF",27.0,1995.0,1459.0,23.0,15.0,Harry Toffolo,100.0,5000000.0,3,0
ENG-Premier League,2324,Brentford,Ivan Toney,ENG,FW,27.0,1996.0,1450.0,17.0,16.0,Ivan Toney,100.0,50000000.0,2,3
ENG-Premier League,2324,Brentford,Keane Lewis-Potter,ENG,"FW,MF",22.0,2001.0,1441.0,30.0,15.0,Keane Lewis-Potter,100.0,15000000.0,0,0
ENG-Premier League,2324,Sheffield United,Oliver Norwood,NIR,MF,32.0,1991.0,1440.0,27.0,16.0,Oliver Norwood,100.0,1000000.0,1,0
ENG-Premier League,2324,Crystal Palace,Daniel Muñoz,COL,"MF,DF",27.0,1996.0,1439.0,16.0,16.0,Daniel Muñoz,100.0,18000000.0,1,0
ENG-Premier League,2324,Nottingham,Willy Boly,CIV,DF,32.0,1991.0,1438.0,20.0,18.0,Willy Boly,100.0,2500000.0,3,1
ENG-Premier League,2324,Fulham,Issa Diop,MAR,DF,26.0,1997.0,1424.0,18.0,16.0,Issa Diop,100.0,20000000.0,1,2
ENG-Premier League,2324,Fulham,Bobby De Cordova-Reid,JAM,"MF,FW",30.0,1993.0,1423.0,33.0,17.0,Bobby De Cordova-Reid,100.0,5000000.0,2,0
ENG-Premier League,2324,Luton Town,Elijah Adebayo,ENG,FW,25.0,1998.0,1419.0,27.0,16.0,Elijah Adebayo,100.0,12000000.0,2,3
ENG-Premier League,2324,Bournemouth,Philip Billing,DEN,MF,27.0,1996.0,1398.0,29.0,13.0,Philip Billing,100.0,22000000.0,1,0
ENG-Premier League,2324,Fulham,Raúl Jiménez,MEX,FW,32.0,1991.0,1395.0,24.0,18.0,Raúl Jiménez,100.0,5000000.0,2,3
ENG-Premier League,2324,Manchester Utd,Jonny Evans,NIR,DF,35.0,1988.0,1392.0,23.0,15.0,Jonny Evans,100.0,2000000.0,1,2
ENG-Premier League,2324,Newcastle,Sven Botman,NED,DF,23.0,2000.0,1377.0,17.0,15.0,Sven Botman,100.0,45000000.0,3,1
ENG-Premier League,2324,Manchester Utd,Raphaël Varane,FRA,DF,30.0,1993.0,1375.0,22.0,16.0,Raphaël Varane,100.0,20000000.0,3,1
ENG-Premier League,2324,Sheffield United,Ben Osborn,ENG,MF,28.0,1994.0,1367.0,24.0,14.0,Ben Osborn,100.0,1000000.0,1,2
ENG-Premier League,2324,Brighton,Evan Ferguson,IRL,FW,18.0,2004.0,1367.0,27.0,15.0,Evan Ferguson,100.0,50000000.0,2,3
ENG-Premier League,2324,Brighton,Facundo Buonanotte,ARG,"MF,FW",18.0,2004.0,1364.0,27.0,17.0,Facundo Buonanotte,100.0,18000000.0,0,0
ENG-Premier League,2324,Liverpool,Harvey Elliott,ENG,"MF,FW",20.0,2003.0,1352.0,34.0,11.0,Harvey Elliott,100.0,35000000.0,0,0
ENG-Premier League,2324,Crystal Palace,Jeffrey Schlupp,GHA,"MF,FW",30.0,1992.0,1352.0,29.0,17.0,Jeffrey Schlupp,100.0,7000000.0,3,1
ENG-Premier League,2324,Crystal Palace,Nathaniel Clyne,ENG,DF,32.0,1991.0,1338.0,19.0,14.0,Nathaniel Clyne,100.0,1500000.0,1,2
ENG-Premier League,2324,Chelsea,Benoît Badiashile,FRA,DF,22.0,2001.0,1338.0,18.0,15.0,Benoît Badiashile,100.0,30000000.0,1,2
ENG-Premier League,2324,Manchester Utd,Victor Lindelöf,SWE,DF,29.0,1994.0,1328.0,19.0,14.0,Victor Lindelöf,100.0,15000000.0,3,1
ENG-Premier League,2324,Fulham,Harrison Reed,ENG,MF,28.0,1995.0,1325.0,27.0,15.0,Harrison Reed,100.0,15000000.0,1,2
ENG-Premier League,2324,Brighton,Carlos Baleba,CMR,MF,19.0,2004.0,1386.0,29.0,16.0,Carlos Baleba,100.0,22000000.0,1,2
ENG-Premier League,2324,Manchester Utd,Antony,BRA,MF,23.0,2000.0,1324.0,29.0,15.0,Antony,100.0,25000000.0,0,0
ENG-Premier League,2324,Brentford,Neal Maupay,FRA,FW,26.0,1996.0,1432.0,31.0,14.0,Neal Maupay,100.0,12000000.0,2,3
ENG-Premier League,2324,Newcastle,Tino Livramento,ENG,DF,20.0,2002.0,1314.0,26.0,12.0,Tino Livramento,100.0,35000000.0,3,1
ENG-Premier League,2324,Tottenham,Pierre Højbjerg,DEN,MF,27.0,1995.0,1311.0,36.0,8.0,Pierre-Emile Højbjerg,95.0,18000000.0,1,2
ENG-Premier League,2324,Burnley,Maxime Estève,FRA,DF,21.0,2002.0,2304.0,28.0,27.0,Maxime Estève,100.0,7000000.0,3,1
ENG-Premier League,2324,Luton Town,Jordan Clark,ENG,MF,29.0,1993.0,1304.0,23.0,14.0,Jordan Clark,100.0,1000000.0,1,0
ENG-Premier League,2324,Luton Town,Albert Sambi Lokonga,BEL,MF,23.0,1999.0,1303.0,17.0,16.0,Albert Sambi Lokonga,100.0,15000000.0,3,0
ENG-Premier League,2324,Crystal Palace,Adam Wharton,ENG,MF,19.0,2004.0,1297.0,16.0,15.0,Adam Wharton,100.0,30000000.0,1,2
ENG-Premier League,2324,Sheffield United,Oliver McBurnie,SCO,FW,27.0,1996.0,1280.0,21.0,15.0,Oli McBurnie,88.88888888888889,4500000.0,2,3
ENG-Premier League,2324,Newcastle,Joelinton,BRA,"MF,FW",26.0,1996.0,1279.0,20.0,15.0,Joelinton,100.0,40000000.0,3,1
ENG-Premier League,2324,Crystal Palace,Michael Olise,FRA,"MF,FW",21.0,2001.0,1275.0,19.0,14.0,Michael Olise,100.0,55000000.0,2,0
ENG-Premier League,2324,Brentford,Ben Mee,ENG,DF,33.0,1989.0,1272.0,16.0,15.0,Ben Mee,100.0,1000000.0,3,1
ENG-Premier League,2324,Burnley,Jacob Bruun Larsen,DEN,MF,24.0,1998.0,1249.0,32.0,16.0,Jacob Bruun Larsen,100.0,8000000.0,2,3
ENG-Premier League,2324,Brighton,Pervis Estupiñán,ECU,"DF,MF",25.0,1998.0,1243.0,19.0,15.0,Pervis Estupiñán,100.0,30000000.0,0,0
ENG-Premier League,2324,Bournemouth,Max Aarons,ENG,DF,23.0,2000.0,1237.0,20.0,13.0,Max Aarons,100.0,16000000.0,1,2
ENG-Premier League,2324,Burnley,Lorenz Assignon,TOG,DF,23.0,2000.0,2245.0,29.0,27.0,Lorenz Assignon,100.0,10000000.0,3,0
ENG-Premier League,2324,Burnley,Jordan Beyer,GER,DF,23.0,2000.0,1234.0,15.0,15.0,Jordan Beyer,100.0,13000000.0,1,2
ENG-Premier League,2324,Bournemouth,Dango Ouattara,BFA,"DF,MF",21.0,2002.0,1229.0,30.0,12.0,Dango Ouattara,100.0,20000000.0,1,0
ENG-Premier League,2324,Wolves,Tommy Doyle,ENG,MF,21.0,2001.0,1222.0,26.0,11.0,Tommy Doyle,100.0,10000000.0,1,2
ENG-Premier League,2324,Manchester City,Kevin De Bruyne,BEL,MF,32.0,1991.0,1221.0,18.0,15.0,Kevin De Bruyne,100.0,50000000.0,0,0
ENG-Premier League,2324,Luton Town,Andros Townsend,ENG,"MF,FW",32.0,1991.0,1210.0,27.0,14.0,Andros Townsend,100.0,1800000.0,0,0
ENG-Premier League,2324,Newcastle,Lewis Miley,ENG,MF,17.0,2006.0,1202.0,17.0,14.0,Lewis Miley,100.0,22000000.0,3,0
ENG-Premier League,2324,Burnley,Jóhann Berg Guðmundsson,ISL,MF,32.0,1990.0,1192.0,26.0,12.0,Jóhann Berg Gudmundsson,95.65217391304348,1000000.0,0,0
ENG-Premier League,2324,Liverpool,Jarell Quansah,ENG,DF,20.0,2003.0,1190.0,17.0,13.0,Jarell Quansah,100.0,22000000.0,3,1
ENG-Premier League,2324,Newcastle,Jacob Murphy,ENG,"FW,MF",28.0,1995.0,1189.0,21.0,14.0,Jacob Murphy,100.0,15000000.0,0,0
ENG-Premier League,2324,Luton Town,Tom Lockyer,WAL,DF,28.0,1994.0,1169.0,14.0,14.0,Tom Lockyer,100.0,2500000.0,3,1
ENG-Premier League,2324,Liverpool,Curtis Jones,ENG,MF,22.0,2001.0,1167.0,23.0,14.0,Curtis Jones,100.0,35000000.0,1,0
ENG-Premier League,2324,Tottenham,Emerson,BRA,DF,24.0,1999.0,1161.0,22.0,11.0,Emerson,100.0,12000000.0,3,0
ENG-Premier League,2324,Brentford,Frank Onyeka,NGA,MF,25.0,1998.0,1161.0,26.0,11.0,Frank Onyeka,100.0,9000000.0,1,0
ENG-Premier League,2324,Aston Villa,Clément Lenglet,FRA,DF,28.0,1995.0,1153.0,14.0,14.0,Clément Lenglet,100.0,10000000.0,1,2
ENG-Premier League,2324,Wolves,Matt Doherty,IRL,"MF,DF",31.0,1992.0,1150.0,30.0,9.0,Matt Doherty,100.0,3000000.0,3,0
ENG-Premier League,2324,Arsenal,Takehiro Tomiyasu,JPN,DF,24.0,1998.0,1149.0,22.0,10.0,Takehiro Tomiyasu,100.0,35000000.0,3,1
ENG-Premier League,2324,Liverpool,Diogo Jota,POR,FW,26.0,1996.0,1145.0,21.0,14.0,Diogo Jota,100.0,50000000.0,2,3
ENG-Premier League,2324,Brighton,Adam Webster,ENG,DF,28.0,1995.0,1144.0,15.0,13.0,Adam Webster,100.0,20000000.0,1,2
ENG-Premier League,2324,Manchester Utd,Christian Eriksen,DEN,MF,31.0,1992.0,1141.0,22.0,12.0,Christian Eriksen,100.0,8000000.0,0,0
ENG-Premier League,2324,Luton Town,Marvelous Nakamba,ZIM,MF,29.0,1994.0,1130.0,13.0,13.0,Marvelous Nakamba,100.0,5000000.0,1,2
ENG-Premier League,2324,Fulham,Saša Lukić,SRB,MF,26.0,1996.0,1122.0,24.0,13.0,Saša Lukić,100.0,10000000.0,1,1
ENG-Premier League,2324,Liverpool,Ryan Gravenberch,NED,MF,21.0,2002.0,1131.0,27.0,12.0,Ryan Gravenberch,100.0,35000000.0,1,1
ENG-Premier League,2324,Everton,Ben Godfrey,ENG,DF,25.0,1998.0,1120.0,15.0,13.0,Ben Godfrey,100.0,10000000.0,1,2
ENG-Premier League,2324,Brentford,Sergio Reguilón,ESP,"MF,DF",26.0,1996.0,1530.0,25.0,18.0,Sergio Reguilón,100.0,12000000.0,0,2
ENG-Premier League,2324,Sheffield United,Ben Brereton,CHI,"FW,MF",24.0,1999.0,1375.0,28.0,16.0,Ben Brereton Díaz,95.0,8000000.0,2,3
ENG-Premier League,2324,Luton Town,Pelly Ruddock Mpanzu,COD,MF,30.0,1993.0,1101.0,27.0,11.0,Pelly Ruddock Mpanzu,100.0,1500000.0,1,2
ENG-Premier League,2324,Tottenham,Ben Davies,WAL,DF,30.0,1993.0,1090.0,17.0,12.0,Ben Davies,100.0,10000000.0,3,1
ENG-Premier League,2324,Brentford,Mathias Jørgensen,DEN,DF,33.0,1990.0,1087.0,14.0,12.0,Mathias Jensen,90.32258064516128,28000000.0,3,0
ENG-Premier League,2324,Arsenal,Eddie Nketiah,ENG,FW,24.0,1999.0,1082.0,27.0,10.0,Eddie Nketiah,100.0,30000000.0,2,3
ENG-Premier League,2324,Newcastle,Jamaal Lascelles,ENG,DF,29.0,1993.0,1080.0,16.0,13.0,Jamaal Lascelles,100.0,7000000.0,3,1
ENG-Premier League,2324,Manchester City,John Stones,ENG,DF,29.0,1994.0,1064.0,16.0,12.0,John Stones,100.0,38000000.0,3,1
ENG-Premier League,2324,Burnley,Ameen Al-Dakhil,BEL,DF,21.0,2002.0,1056.0,13.0,12.0,Ameen Al-Dakhil,100.0,12000000.0,3,1
ENG-Premier League,2324,Chelsea,Noni Madueke,ENG,MF,21.0,2002.0,1053.0,23.0,13.0,Noni Madueke,100.0,28000000.0,2,3
ENG-Premier League,2324,Nottingham,Taiwo Awoniyi,NGA,FW,25.0,1997.0,1042.0,20.0,12.0,Taiwo Awoniyi,100.0,28000000.0,2,3
ENG-Premier League,2324,Nottingham,Ibrahim Sangaré,CIV,MF,25.0,1997.0,1035.0,17.0,13.0,Ibrahim Sangaré,100.0,30000000.0,1,2
ENG-Premier League,2324,Aston Villa,Álex Moreno,ESP,DF,30.0,1993.0,1031.0,21.0,11.0,Álex Moreno,100.0,13000000.0,3,0
ENG-Premier League,2324,Newcastle,Elliot Anderson,ENG,"MF,FW",20.0,2002.0,1027.0,21.0,10.0,Elliot Anderson,100.0,15000000.0,1,2
ENG-Premier League,2324,Luton Town,Jacob Brown,SCO,"MF,FW",25.0,1998.0,1019.0,19.0,12.0,Jacob Brown,100.0,4000000.0,0,0
ENG-Premier League,2324,Bournemouth,Alex Scott,ENG,MF,19.0,2003.0,1014.0,23.0,11.0,Alex Scott,100.0,20000000.0,0,0
ENG-Premier League,2324,Manchester City,Jack Grealish,ENG,"MF,FW",27.0,1995.0,1009.0,20.0,10.0,Jack Grealish,100.0,60000000.0,0,0
ENG-Premier League,2324,Tottenham,Rodrigo Bentancur,URU,MF,26.0,1997.0,1005.0,23.0,13.0,Rodrigo Bentancur,100.0,35000000.0,1,1
ENG-Premier League,2324,Everton,Nathan Patterson,SCO,DF,21.0,2001.0,1005.0,20.0,9.0,Nathan Patterson,100.0,15000000.0,1,2
ENG-Premier League,2324,Newcastle,Callum Wilson,ENG,FW,31.0,1992.0,991.0,20.0,9.0,Callum Wilson,100.0,13000000.0,2,3
ENG-Premier League,2324,Burnley,Luca Koleosho,ITA,"MF,FW",18.0,2004.0,974.0,15.0,13.0,Luca Koleosho,100.0,7000000.0,0,3
ENG-Premier League,2324,Sheffield United,George Baldock,GRE,"DF,MF",30.0,1993.0,969.0,13.0,11.0,George Baldock,100.0,2500000.0,1,2
ENG-Premier League,2324,Manchester Utd,Luke Shaw,ENG,DF,28.0,1995.0,959.0,12.0,12.0,Luke Shaw,100.0,32000000.0,1,2
ENG-Premier League,2324,Wolves,Jean-Ricner Bellegarde,HAI,"MF,FW",25.0,1998.0,1227.0,25.0,13.0,Jean-Ricner Bellegarde,100.0,15000000.0,0,0
ENG-Premier League,2324,Chelsea,Trevoh Chalobah,ENG,DF,24.0,1999.0,952.0,13.0,10.0,Trevoh Chalobah,100.0,13000000.0,3,1
ENG-Premier League,2324,Everton,Beto,GNB,FW,25.0,1998.0,1025.0,31.0,10.0,Beto,100.0,20000000.0,2,3
ENG-Premier League,2324,Arsenal,Jakub Kiwior,POL,DF,23.0,2000.0,946.0,20.0,11.0,Jakub Kiwior,100.0,30000000.0,3,0
ENG-Premier League,2324,Sheffield United,Oliver Arblaster,ENG,MF,19.0,2004.0,943.0,12.0,11.0,Oliver Arblaster,100.0,450000.0,1,2
ENG-Premier League,2324,Manchester Utd,Sofyan Amrabat,MAR,"MF,DF",26.0,1996.0,938.0,21.0,10.0,Sofyan Amrabat,100.0,22000000.0,1,2
ENG-Premier League,2324,Sheffield United,Andre Brooks,JAM,MF,19.0,2003.0,938.0,20.0,12.0,Andre Brooks,100.0,2500000.0,1,2
ENG-Premier League,2324,Arsenal,Jorginho,ITA,MF,31.0,1991.0,921.0,24.0,10.0,Jorginho,100.0,12000000.0,1,2
ENG-Premier League,2324,Crystal Palace,Cheick Doucouré,MLI,MF,23.0,2000.0,919.0,11.0,11.0,Cheick Doucouré,100.0,35000000.0,1,2
ENG-Premier League,2324,Sheffield United,Luke Thomas,ENG,"MF,DF",22.0,2001.0,917.0,12.0,11.0,Luke Thomas,100.0,6000000.0,1,2
ENG-Premier League,2324,Brighton,Tariq Lamptey,GHA,"DF,MF",22.0,2000.0,914.0,19.0,10.0,Tariq Lamptey,100.0,12000000.0,0,0
ENG-Premier League,2324,Newcastle,Emil Krafth,SWE,DF,28.0,1994.0,913.0,17.0,8.0,Emil Krafth,100.0,2500000.0,1,2
ENG-Premier League,2324,Burnley,David Datro Fofana,CIV,FW,20.0,2002.0,1561.0,27.0,18.0,David Datro Fofana,100.0,12000000.0,2,3
ENG-Premier League,2324,Tottenham,Timo Werner,GER,"MF,FW",27.0,1996.0,1016.0,21.0,12.0,Timo Werner,100.0,17000000.0,2,3
ENG-Premier League,2425,Brentford,Nathan Collins,IRL,DF,23.0,2001.0,3420.0,38.0,38.0,Nathan Collins,100.0,28000000.0,3,1
ENG-Premier League,2425,Brentford,Bryan Mbeumo,CMR,"MF,FW",24.0,1999.0,3414.0,38.0,38.0,Bryan Mbeumo,100.0,55000000.0,2,0
ENG-Premier League,2425,Liverpool,Mohamed Salah,EGY,MF,32.0,1992.0,3371.0,38.0,38.0,Mohamed Salah,100.0,50000000.0,2,3
ENG-Premier League,2425,Chelsea,Moisés Caicedo,ECU,"MF,DF",22.0,2001.0,3351.0,38.0,38.0,Moisés Caicedo,100.0,90000000.0,1,1
ENG-Premier League,2425,West Ham,Max Kilman,ENG,DF,27.0,1997.0,3348.0,38.0,38.0,Maximilian Kilman,85.5,25000000.0,1,2
ENG-Premier League,2425,Bournemouth,Milos Kerkez,HUN,DF,20.0,2003.0,3336.0,38.0,38.0,Milos Kerkez,100.0,45000000.0,0,0
ENG-Premier League,2425,Nottingham,Nikola Milenković,SRB,DF,26.0,1997.0,3330.0,37.0,37.0,Nikola Milenković,100.0,35000000.0,3,1
ENG-Premier League,2425,Newcastle,Dan Burn,ENG,DF,32.0,1992.0,3330.0,37.0,37.0,Dan Burn,100.0,6000000.0,1,1
ENG-Premier League,2425,Liverpool,Virgil van Dijk,NED,DF,33.0,1991.0,3330.0,37.0,37.0,Virgil van Dijk,100.0,23000000.0,3,1
ENG-Premier League,2425,Manchester City,Joško Gvardiol,CRO,DF,22.0,2002.0,3277.0,37.0,36.0,Josko Gvardiol,100.0,75000000.0,3,1
ENG-Premier League,2425,Newcastle,Bruno Guimarães,BRA,MF,26.0,1997.0,3271.0,38.0,38.0,Bruno Guimarães,100.0,80000000.0,0,0
ENG-Premier League,2425,Crystal Palace,Daniel Muñoz,COL,MF,28.0,1996.0,3228.0,37.0,37.0,Daniel Muñoz,100.0,25000000.0,3,0
ENG-Premier League,2425,Bournemouth,Antoine Semenyo,GHA,MF,24.0,2000.0,3203.0,37.0,36.0,Antoine Semenyo,100.0,40000000.0,2,3
ENG-Premier League,2425,Chelsea,Cole Palmer,ENG,MF,22.0,2002.0,3191.0,37.0,36.0,Cole Palmer,100.0,120000000.0,2,0
ENG-Premier League,2425,Nottingham,Murillo,BRA,DF,22.0,2002.0,3188.0,36.0,36.0,Murillo,100.0,55000000.0,3,1
ENG-Premier League,2425,Fulham,Antonee Robinson,USA,"DF,MF",26.0,1997.0,3167.0,36.0,35.0,Antonee Robinson,100.0,35000000.0,1,2
ENG-Premier League,2425,Liverpool,Ryan Gravenberch,NED,MF,22.0,2002.0,3160.0,37.0,37.0,Ryan Gravenberch,100.0,75000000.0,1,2
ENG-Premier League,2425,West Ham,Aaron Wan-Bissaka,COD,"DF,MF",26.0,1997.0,3154.0,36.0,35.0,Aaron Wan-Bissaka,100.0,24000000.0,3,0
ENG-Premier League,2425,Chelsea,Levi Colwill,ENG,DF,21.0,2003.0,3149.0,35.0,35.0,Levi Colwill,100.0,55000000.0,3,1
ENG-Premier League,2425,Ipswich Town,Dara O'Shea,IRL,DF,25.0,1999.0,3122.0,35.0,35.0,Dara O'Shea,100.0,14000000.0,1,2
ENG-Premier League,2425,Crystal Palace,Maxence Lacroix,FRA,DF,24.0,2000.0,3116.0,35.0,35.0,Maxence Lacroix,100.0,25000000.0,1,1
ENG-Premier League,2425,Aston Villa,Morgan Rogers,ENG,MF,22.0,2002.0,3114.0,37.0,37.0,Morgan Rogers,100.0,55000000.0,0,3
ENG-Premier League,2425,Wolves,Rayan Aït-Nouri,ALG,"MF,DF",23.0,2001.0,3109.0,37.0,37.0,Rayan Aït-Nouri,100.0,35000000.0,0,0
ENG-Premier League,2425,Bournemouth,Illia Zabarnyi,UKR,DF,21.0,2002.0,3109.0,36.0,35.0,Ilya Zabarnyi,88.88888888888889,42000000.0,1,2
ENG-Premier League,2425,Brentford,Keane Lewis-Potter,ENG,"DF,MF",23.0,2001.0,3093.0,38.0,36.0,Keane Lewis-Potter,100.0,23000000.0,1,0
ENG-Premier League,2425,Crystal Palace,Tyrick Mitchell,ENG,MF,24.0,1999.0,3092.0,37.0,37.0,Tyrick Mitchell,100.0,25000000.0,1,2
ENG-Premier League,2425,Everton,Vitaliy Mykolenko,UKR,DF,25.0,1999.0,3082.0,35.0,35.0,Vitaliy Mykolenko,100.0,28000000.0,3,0
ENG-Premier League,2425,Fulham,Calvin Bassey,NGA,DF,24.0,1999.0,3074.0,35.0,34.0,Calvin Bassey,100.0,25000000.0,1,1
ENG-Premier League,2425,Everton,Idrissa Gueye,SEN,MF,34.0,1989.0,3063.0,37.0,35.0,Idrissa Gueye,100.0,1500000.0,1,2
ENG-Premier League,2425,Crystal Palace,Marc Guéhi,ENG,DF,24.0,2000.0,3059.0,34.0,34.0,Marc Guéhi,100.0,45000000.0,3,1
ENG-Premier League,2425,Arsenal,William Saliba,FRA,DF,23.0,2001.0,3039.0,35.0,35.0,William Saliba,100.0,80000000.0,3,1
ENG-Premier League,2425,Aston Villa,Youri Tielemans,BEL,MF,27.0,1997.0,3026.0,36.0,35.0,Youri Tielemans,100.0,38000000.0,0,0
ENG-Premier League,2425,Manchester Utd,Bruno Fernandes,POR,MF,29.0,1994.0,3018.0,36.0,35.0,Bruno Fernandes,100.0,50000000.0,0,0
ENG-Premier League,2425,Nottingham,Ola Aina,NGA,DF,27.0,1996.0,2995.0,35.0,35.0,Ola Aina,100.0,22000000.0,3,1
ENG-Premier League,2425,Chelsea,Marc Cucurella,ESP,DF,26.0,1998.0,2988.0,36.0,33.0,Marc Cucurella,100.0,35000000.0,3,1
ENG-Premier League,2425,Fulham,Alex Iwobi,NGA,MF,28.0,1996.0,2981.0,38.0,35.0,Alex Iwobi,100.0,28000000.0,0,0
ENG-Premier League,2425,Bournemouth,Lewis Cook,ENG,"MF,DF",27.0,1997.0,2978.0,36.0,32.0,Lewis Cook,100.0,15000000.0,1,0
ENG-Premier League,2425,Wolves,João Gomes,BRA,MF,23.0,2001.0,2974.0,36.0,35.0,João Gomes,100.0,40000000.0,1,1
ENG-Premier League,2425,West Ham,Jarrod Bowen,ENG,"MF,FW",27.0,1996.0,2973.0,34.0,34.0,Jarrod Bowen,100.0,40000000.0,2,0
ENG-Premier League,2425,Nottingham,Chris Wood,NZL,FW,32.0,1991.0,2959.0,36.0,35.0,Chris Wood,100.0,10000000.0,2,3
ENG-Premier League,2425,Brighton,Jan Paul van Hecke,NED,DF,24.0,2000.0,2958.0,34.0,33.0,Jan Paul van Hecke,100.0,32000000.0,1,1
ENG-Premier League,2425,Chelsea,Enzo Fernández,ARG,MF,23.0,2001.0,2947.0,36.0,32.0,Enzo Fernández,100.0,75000000.0,0,0
ENG-Premier League,2425,Aston Villa,Ezri Konsa,ENG,DF,26.0,1997.0,2936.0,34.0,33.0,Ezri Konsa,100.0,35000000.0,3,1
ENG-Premier League,2425,Newcastle,Fabian Schär,SUI,DF,32.0,1991.0,2934.0,34.0,33.0,Fabian Schär,100.0,7000000.0,3,1
ENG-Premier League,2425,Everton,James Tarkowski,ENG,DF,31.0,1992.0,2922.0,33.0,33.0,James Tarkowski,100.0,9000000.0,1,1
ENG-Premier League,2425,Brentford,Yoane Wissa,COD,FW,27.0,1996.0,2919.0,35.0,34.0,Yoane Wissa,100.0,32000000.0,2,3
ENG-Premier League,2425,Southampton,Kyle Walker-Peters,ENG,"MF,DF",27.0,1997.0,2918.0,33.0,33.0,Kyle Walker-Peters,100.0,15000000.0,1,2
ENG-Premier League,2425,Leicester City,James Justin,ENG,"DF,MF",26.0,1998.0,2912.0,36.0,34.0,James Justin,100.0,13000000.0,1,1
ENG-Premier League,2425,Brentford,Mikkel Damsgaard,DEN,MF,24.0,2000.0,2911.0,38.0,34.0,Mikkel Damsgaard,100.0,28000000.0,0,0
ENG-Premier League,2425,Southampton,Mateus Fernandes,POR,MF,20.0,2004.0,2909.0,36.0,34.0,Mateus Fernandes,100.0,15000000.0,0,0
ENG-Premier League,2425,Wolves,Nélson Semedo,POR,"MF,DF",30.0,1993.0,2886.0,34.0,32.0,Nélson Semedo,100.0,9000000.0,1,2
ENG-Premier League,2425,Newcastle,Tino Livramento,ENG,DF,21.0,2002.0,2840.0,37.0,32.0,Tino Livramento,100.0,40000000.0,1,2
ENG-Premier League,2425,Manchester Utd,Noussair Mazraoui,MAR,"DF,MF",26.0,1997.0,2838.0,37.0,34.0,Noussair Mazraoui,100.0,25000000.0,1,2
ENG-Premier League,2425,Southampton,Taylor Harwood-Bellis,ENG,DF,22.0,2002.0,2825.0,34.0,32.0,Taylor Harwood-Bellis,100.0,22000000.0,1,1
ENG-Premier League,2425,Arsenal,Declan Rice,ENG,MF,25.0,1999.0,2825.0,35.0,33.0,Declan Rice,100.0,120000000.0,0,0
ENG-Premier League,2425,Leicester City,Jamie Vardy,ENG,FW,37.0,1987.0,2823.0,35.0,35.0,Jamie Vardy,100.0,1000000.0,2,3
ENG-Premier League,2425,Brentford,Christian Nørgaard,DEN,MF,30.0,1994.0,2819.0,34.0,34.0,Christian Nørgaard,100.0,11000000.0,3,1
ENG-Premier League,2425,Leicester City,Wout Faes,BEL,DF,26.0,1998.0,2815.0,34.0,30.0,Wout Faes,100.0,15000000.0,3,1
ENG-Premier League,2425,Manchester Utd,Diogo Dalot,POR,"MF,DF",25.0,1999.0,2814.0,33.0,31.0,Diogo Dalot,100.0,30000000.0,1,2
ENG-Premier League,2425,Nottingham,Morgan Gibbs-White,ENG,MF,24.0,2000.0,2803.0,34.0,34.0,Morgan Gibbs-White,100.0,50000000.0,0,0
ENG-Premier League,2425,Arsenal,Thomas Partey,GHA,"MF,DF",31.0,1993.0,2797.0,35.0,31.0,Thomas Partey,100.0,14000000.0,3,1
ENG-Premier League,2425,Newcastle,Alexander Isak,SWE,FW,24.0,1999.0,2756.0,34.0,34.0,Alexander Isak,100.0,120000000.0,2,3
ENG-Premier League,2425,Ipswich Town,Sam Morsy,EGY,MF,32.0,1991.0,2751.0,33.0,31.0,Sam Morsy,100.0,500000.0,1,1
ENG-Premier League,2425,Ipswich Town,Leif Davis,ENG,DF,24.0,1999.0,2743.0,33.0,32.0,Leif Davis,100.0,22000000.0,1,0
ENG-Premier League,2425,Manchester City,Erling Haaland,NOR,FW,24.0,2000.0,2736.0,31.0,31.0,Erling Haaland,100.0,180000000.0,2,3
ENG-Premier League,2425,Nottingham,Elliot Anderson,ENG,MF,21.0,2002.0,2728.0,37.0,33.0,Elliot Anderson,100.0,32000000.0,0,0
ENG-Premier League,2425,Crystal Palace,Ismaila Sarr,SEN,MF,26.0,1998.0,2711.0,38.0,30.0,Ismaïla Sarr,100.0,25000000.0,2,0
ENG-Premier League,2425,Manchester City,Bernardo Silva,POR,MF,29.0,1994.0,2670.0,33.0,29.0,Bernardo Silva,100.0,38000000.0,3,0
ENG-Premier League,2425,Brighton,Carlos Baleba,CMR,MF,20.0,2004.0,2661.0,34.0,31.0,Carlos Baleba,100.0,40000000.0,1,1
ENG-Premier League,2425,Crystal Palace,Jean-Philippe Mateta,FRA,FW,27.0,1997.0,2648.0,37.0,33.0,Jean-Philippe Mateta,100.0,30000000.0,2,3
ENG-Premier League,2425,Newcastle,Sandro Tonali,ITA,MF,24.0,2000.0,2630.0,36.0,28.0,Sandro Tonali,100.0,60000000.0,3,0
ENG-Premier League,2425,Wolves,Toti Gomes,POR,DF,25.0,1999.0,2614.0,31.0,30.0,Toti,90.0,28000000.0,1,2
ENG-Premier League,2425,Tottenham,Pedro Porro,ESP,DF,24.0,1999.0,2610.0,33.0,28.0,Pedro Porro,100.0,38000000.0,0,0
ENG-Premier League,2425,Brighton,Kaoru Mitoma,JPN,MF,27.0,1997.0,2603.0,36.0,28.0,Kaoru Mitoma,100.0,40000000.0,2,0
ENG-Premier League,2425,Liverpool,Alexis Mac Allister,ARG,MF,25.0,1998.0,2599.0,35.0,30.0,Alexis Mac Allister,100.0,100000000.0,0,0
ENG-Premier League,2425,Aston Villa,Ollie Watkins,ENG,FW,28.0,1995.0,2598.0,38.0,31.0,Ollie Watkins,100.0,40000000.0,2,3
ENG-Premier League,2425,Wolves,Matheus Cunha,BRA,MF,25.0,1999.0,2597.0,33.0,29.0,Matheus Cunha,100.0,60000000.0,2,0
ENG-Premier League,2425,Nottingham,Neco Williams,WAL,"DF,MF",23.0,2001.0,2594.0,35.0,28.0,Neco Williams,100.0,20000000.0,1,0
ENG-Premier League,2425,Ipswich Town,Liam Delap,ENG,FW,21.0,2003.0,2593.0,37.0,32.0,Liam Delap,100.0,40000000.0,2,3
ENG-Premier League,2425,West Ham,Mohammed Kudus,GHA,"MF,FW",23.0,2000.0,2590.0,32.0,31.0,Mohammed Kudus,100.0,45000000.0,0,3
ENG-Premier League,2425,Crystal Palace,Eberechi Eze,ENG,MF,26.0,1998.0,2588.0,34.0,31.0,Eberechi Eze,100.0,55000000.0,0,0
ENG-Premier League,2425,Wolves,Jørgen Strand Larsen,NOR,FW,24.0,2000.0,2587.0,35.0,30.0,Jørgen Strand Larsen,100.0,30000000.0,2,3
ENG-Premier League,2425,Brentford,Sepp van den Berg,NED,DF,22.0,2001.0,2586.0,31.0,29.0,Sepp van den Berg,100.0,22000000.0,1,2
ENG-Premier League,2425,Ipswich Town,Omari Hutchinson,ENG,MF,20.0,2003.0,2583.0,31.0,30.0,Omari Hutchinson,100.0,22000000.0,0,0
ENG-Premier League,2425,Fulham,Joachim Andersen,DEN,DF,28.0,1996.0,2673.0,30.0,30.0,Joachim Andersen,100.0,27000000.0,1,2
ENG-Premier League,2425,West Ham,Tomáš Souček,CZE,MF,29.0,1995.0,2567.0,35.0,30.0,Tomáš Souček,100.0,18000000.0,3,0
ENG-Premier League,2425,Everton,Abdoulaye Doucouré,MLI,MF,31.0,1993.0,2564.0,33.0,31.0,Abdoulaye Doucouré,100.0,7000000.0,3,3
ENG-Premier League,2425,Liverpool,Ibrahima Konaté,FRA,DF,25.0,1999.0,2560.0,31.0,30.0,Ibrahima Konaté,100.0,60000000.0,1,1
ENG-Premier League,2425,Arsenal,Leandro Trossard,BEL,FW,29.0,1994.0,2546.0,38.0,28.0,Leandro Trossard,100.0,22000000.0,0,0
ENG-Premier League,2425,Southampton,Jan Bednarek,POL,DF,28.0,1996.0,2531.0,30.0,30.0,Jan Bednarek,100.0,9000000.0,3,1
ENG-Premier League,2425,Everton,Jarrad Branthwaite,ENG,DF,22.0,2002.0,2511.0,30.0,28.0,Jarrad Branthwaite,100.0,50000000.0,1,2
ENG-Premier League,2425,Nottingham,Anthony Elanga,SWE,"MF,FW",22.0,2002.0,2501.0,38.0,31.0,Anthony Elanga,100.0,42000000.0,0,0
ENG-Premier League,2425,Fulham,Raúl Jiménez,MEX,FW,33.0,1991.0,2494.0,38.0,30.0,Raúl Jiménez,100.0,5000000.0,2,3
ENG-Premier League,2425,Liverpool,Dominik Szoboszlai,HUN,MF,23.0,2000.0,2491.0,36.0,29.0,Dominik Szoboszlai,100.0,80000000.0,0,3
ENG-Premier League,2425,Leicester City,Victor Bernth Kristiansen,DEN,"DF,MF",21.0,2002.0,2482.0,30.0,29.0,Victor Kristiansen,95.0,15000000.0,1,2
ENG-Premier League,2425,Liverpool,Andy Robertson,SCO,DF,30.0,1994.0,2482.0,33.0,29.0,Andrew Robertson,86.66666666666667,18000000.0,1,2
ENG-Premier League,2425,Wolves,André,BRA,MF,23.0,2001.0,2472.0,33.0,31.0,André,100.0,28000000.0,1,2
ENG-Premier League,2425,Newcastle,Anthony Gordon,ENG,"FW,MF",23.0,2001.0,2434.0,34.0,28.0,Anthony Gordon,100.0,65000000.0,0,0
ENG-Premier League,2425,Everton,Iliman Ndiaye,SEN,"MF,FW",24.0,2000.0,2430.0,33.0,29.0,Iliman Ndiaye,100.0,22000000.0,3,0
ENG-Premier League,2425,Bournemouth,Dean Huijsen,ESP,DF,19.0,2005.0,2427.0,32.0,26.0,Dean Huijsen,100.0,60000000.0,3,1
ENG-Premier League,2425,Arsenal,Jurriën Timber,NED,DF,23.0,2001.0,2417.0,30.0,27.0,Jurriën Timber,100.0,55000000.0,1,0
ENG-Premier League,2425,Brighton,Pervis Estupiñán,ECU,DF,26.0,1998.0,2402.0,30.0,26.0,Pervis Estupiñán,100.0,30000000.0,1,0
ENG-Premier League,2425,Liverpool,Luis Díaz,COL,"FW,MF",27.0,1997.0,2399.0,36.0,28.0,Luis Díaz,100.0,70000000.0,2,3
ENG-Premier League,2425,Newcastle,Joelinton,BRA,"MF,FW",27.0,1996.0,2393.0,29.0,29.0,Joelinton,100.0,35000000.0,3,0
ENG-Premier League,2425,Tottenham,Dejan Kulusevski,SWE,"MF,FW",24.0,2000.0,2389.0,32.0,27.0,Dejan Kulusevski,100.0,50000000.0,0,0
ENG-Premier League,2425,West Ham,Lucas Paquetá,BRA,"MF,FW",26.0,1997.0,2380.0,33.0,27.0,Lucas Paquetá,100.0,28000000.0,3,0
ENG-Premier League,2425,Liverpool,Trent Alexander-Arnold,ENG,DF,25.0,1998.0,2365.0,33.0,28.0,Trent Alexander-Arnold,100.0,75000000.0,0,0
ENG-Premier League,2425,Arsenal,Gabriel Magalhães,BRA,DF,26.0,1997.0,2363.0,28.0,28.0,Gabriel,90.0,75000000.0,3,1
ENG-Premier League,2425,Newcastle,Jacob Murphy,ENG,"FW,MF",29.0,1995.0,2360.0,35.0,31.0,Jacob Murphy,100.0,16000000.0,0,0
ENG-Premier League,2425,Aston Villa,Lucas Digne,FRA,DF,31.0,1993.0,2351.0,32.0,28.0,Lucas Digne,100.0,10000000.0,1,2
ENG-Premier League,2425,Fulham,Saša Lukić,SRB,MF,27.0,1996.0,2344.0,30.0,28.0,Saša Lukić,100.0,14000000.0,1,2
ENG-Premier League,2425,Bournemouth,Justin Kluivert,NED,MF,25.0,1999.0,2340.0,34.0,29.0,Justin Kluivert,100.0,35000000.0,2,0
ENG-Premier League,2425,Arsenal,Martin Ødegaard,NOR,MF,25.0,1998.0,2325.0,30.0,26.0,Martin Ødegaard,100.0,85000000.0,0,0
ENG-Premier League,2425,Leicester City,Wilfred Ndidi,NGA,MF,27.0,1996.0,2324.0,28.0,28.0,Wilfred Ndidi,100.0,15000000.0,1,2
ENG-Premier League,2425,Bournemouth,Evanilson,BRA,FW,24.0,1999.0,2319.0,31.0,28.0,Evanilson,100.0,35000000.0,2,3
ENG-Premier League,2425,Brentford,Kevin Schade,GER,"MF,FW",22.0,2001.0,2293.0,38.0,26.0,Kevin Schade,100.0,30000000.0,2,3
ENG-Premier League,2425,Arsenal,Gabriel Martinelli,BRA,"FW,MF",23.0,2001.0,2290.0,33.0,25.0,Gabriel Martinelli,100.0,55000000.0,2,0
ENG-Premier League,2425,Crystal Palace,Jefferson Lerma,COL,"MF,DF",29.0,1994.0,2274.0,33.0,26.0,Jefferson Lerma,100.0,10000000.0,1,2
ENG-Premier League,2425,Manchester City,Rúben Dias,POR,"DF,MF",27.0,1997.0,2271.0,27.0,25.0,Rúben Dias,100.0,65000000.0,1,2
ENG-Premier League,2425,Chelsea,Pedro Neto,POR,"MF,FW",24.0,2000.0,2269.0,35.0,24.0,Pedro Neto,100.0,50000000.0,0,0
ENG-Premier League,2425,Brentford,Vitaly Janelt,GER,MF,26.0,1998.0,2254.0,32.0,27.0,Vitaly Janelt,100.0,20000000.0,1,1
ENG-Premier League,2425,Fulham,Sander Berge,NOR,MF,26.0,1998.0,2224.0,31.0,26.0,Sander Berge,100.0,25000000.0,1,2
ENG-Premier League,2425,Aston Villa,John McGinn,SCO,MF,29.0,1994.0,2223.0,34.0,27.0,John McGinn,100.0,16000000.0,0,0
ENG-Premier League,2425,Manchester City,İlkay Gündoğan,GER,MF,33.0,1990.0,2223.0,33.0,25.0,İlkay Gündoğan,100.0,5000000.0,0,0
ENG-Premier League,2425,Chelsea,Nicolas Jackson,SEN,FW,23.0,2001.0,2220.0,30.0,28.0,Nicolas Jackson,100.0,50000000.0,2,3
ENG-Premier League,2425,Ipswich Town,Jacob Greaves,ENG,DF,23.0,2000.0,2205.0,25.0,25.0,Jacob Greaves,100.0,18000000.0,3,1
ENG-Premier League,2425,Tottenham,Dominic Solanke,ENG,FW,26.0,1997.0,2201.0,27.0,25.0,Dominic Solanke,100.0,40000000.0,2,3
ENG-Premier League,2425,Manchester Utd,Alejandro Garnacho,ARG,MF,20.0,2004.0,2199.0,36.0,23.0,Alejandro Garnacho,100.0,45000000.0,0,3
ENG-Premier League,2425,Manchester City,Mateo Kovačić,CRO,"MF,DF",30.0,1994.0,2198.0,31.0,25.0,Mateo Kovacic,100.0,20000000.0,3,0
ENG-Premier League,2425,Nottingham,Callum Hudson-Odoi,ENG,MF,23.0,2000.0,2194.0,31.0,25.0,Callum Hudson-Odoi,100.0,25000000.0,0,0
ENG-Premier League,2425,Newcastle,Lewis Hall,ENG,DF,19.0,2004.0,2189.0,27.0,24.0,Lewis Hall,100.0,32000000.0,1,2
ENG-Premier League,2425,Leicester City,Bilal El Khannouss,MAR,MF,20.0,2004.0,2182.0,32.0,27.0,Bilal El Khannouss,100.0,28000000.0,0,0
ENG-Premier League,2425,Tottenham,Brennan Johnson,WAL,"FW,MF",23.0,2001.0,2177.0,33.0,24.0,Brennan Johnson,100.0,40000000.0,2,3
ENG-Premier League,2425,Leicester City,Boubakary Soumaré,FRA,MF,25.0,1999.0,2171.0,31.0,25.0,Boubakary Soumaré,100.0,12000000.0,1,2
ENG-Premier League,2425,Southampton,Flynn Downes,ENG,MF,25.0,1999.0,2151.0,27.0,25.0,Flynn Downes,100.0,13000000.0,1,1
ENG-Premier League,2425,Manchester Utd,Matthijs de Ligt,NED,DF,24.0,1999.0,2123.0,29.0,25.0,Matthijs de Ligt,100.0,38000000.0,3,1
ENG-Premier League,2425,Bournemouth,Ryan Christie,SCO,MF,29.0,1995.0,2117.0,29.0,27.0,Ryan Christie,100.0,10000000.0,1,1
ENG-Premier League,2425,Brighton,Danny Welbeck,ENG,FW,33.0,1990.0,2115.0,30.0,24.0,Danny Welbeck,100.0,5000000.0,2,3
ENG-Premier League,2425,West Ham,Emerson Palmieri,ITA,"DF,MF",29.0,1994.0,2113.0,31.0,26.0,Emerson,90.0,10000000.0,3,0
ENG-Premier League,2425,Tottenham,Son Heung-min,KOR,"FW,MF",32.0,1992.0,2110.0,30.0,24.0,Heung-min Son,95.0,20000000.0,2,0
ENG-Premier League,2425,Wolves,Matt Doherty,IRL,"DF,MF",32.0,1992.0,2109.0,30.0,25.0,Matt Doherty,100.0,2000000.0,3,1
ENG-Premier League,2425,Crystal Palace,Will Hughes,ENG,MF,29.0,1995.0,2108.0,33.0,24.0,Will Hughes,100.0,7000000.0,1,2
ENG-Premier League,2425,Brighton,Lewis Dunk,ENG,DF,32.0,1991.0,2083.0,25.0,23.0,Lewis Dunk,100.0,6000000.0,1,2
ENG-Premier League,2425,Everton,Jack Harrison,ENG,"MF,FW",27.0,1996.0,2076.0,34.0,24.0,Jack Harrison,100.0,14000000.0,0,0
ENG-Premier League,2425,Aston Villa,Matty Cash,POL,DF,26.0,1997.0,2070.0,27.0,24.0,Matty Cash,100.0,25000000.0,1,1
ENG-Premier League,2425,West Ham,Konstantinos Mavropanos,GRE,DF,26.0,1997.0,2045.0,33.0,21.0,Konstantinos Mavropanos,100.0,17000000.0,1,2
ENG-Premier League,2425,Fulham,Emile Smith Rowe,ENG,MF,24.0,2000.0,2043.0,34.0,25.0,Emile Smith Rowe,100.0,30000000.0,3,0
ENG-Premier League,2425,Chelsea,Noni Madueke,ENG,MF,22.0,2002.0,2033.0,32.0,27.0,Noni Madueke,100.0,40000000.0,2,3
ENG-Premier League,2425,Aston Villa,Pau Torres,ESP,DF,27.0,1997.0,2020.0,24.0,23.0,Pau Torres,100.0,32000000.0,1,2
ENG-Premier League,2425,Manchester City,Manuel Akanji,SUI,"DF,MF",29.0,1995.0,2014.0,26.0,23.0,Manuel Akanji,100.0,28000000.0,1,2
ENG-Premier League,2425,Fulham,Andreas Pereira,BRA,MF,28.0,1996.0,2013.0,33.0,25.0,Andreas Pereira,100.0,18000000.0,0,0
ENG-Premier League,2425,Southampton,Joe Aribo,NGA,MF,28.0,1996.0,2013.0,32.0,21.0,Joe Aribo,100.0,6000000.0,3,1
ENG-Premier League,2425,Bournemouth,Dango Ouattara,BFA,"MF,FW",22.0,2002.0,2005.0,32.0,21.0,Dango Ouattara,100.0,28000000.0,0,0
ENG-Premier League,2425,Manchester Utd,Rasmus Højlund,DEN,FW,21.0,2003.0,2004.0,32.0,23.0,Rasmus Højlund,100.0,35000000.0,0,3
ENG-Premier League,2425,Brighton,Yasin Ayari,SWE,MF,20.0,2003.0,1965.0,34.0,22.0,Yasin Ayari,100.0,22000000.0,1,0
ENG-Premier League,2425,Bournemouth,Tyler Adams,USA,MF,25.0,1999.0,1965.0,28.0,21.0,Tyler Adams,100.0,18000000.0,1,2
ENG-Premier League,2425,Nottingham,Nicolás Domínguez,ARG,MF,26.0,1998.0,1963.0,34.0,23.0,Nicolás Domínguez,100.0,18000000.0,1,2
ENG-Premier League,2425,Ipswich Town,Jens Cajuste,SWE,MF,24.0,1999.0,1959.0,30.0,25.0,Jens Cajuste,100.0,12000000.0,3,1
ENG-Premier League,2425,Brighton,João Pedro,BRA,"FW,MF",22.0,2001.0,1948.0,27.0,23.0,João Pedro,100.0,50000000.0,2,3
ENG-Premier League,2425,Bournemouth,Marcus Tavernier,ENG,MF,25.0,1999.0,1939.0,29.0,20.0,Marcus Tavernier,100.0,18000000.0,0,0
ENG-Premier League,2425,Liverpool,Cody Gakpo,NED,MF,25.0,1999.0,1935.0,35.0,23.0,Cody Gakpo,100.0,70000000.0,2,0
ENG-Premier League,2425,Tottenham,Destiny Udogie,ITA,DF,21.0,2002.0,1924.0,25.0,24.0,Destiny Udogie,100.0,40000000.0,1,2
ENG-Premier League,2425,Crystal Palace,Chris Richards,USA,DF,24.0,2000.0,1922.0,24.0,22.0,Chris Richards,100.0,14000000.0,1,1
ENG-Premier League,2425,Nottingham,Ryan Yates,ENG,MF,26.0,1997.0,1915.0,35.0,18.0,Ryan Yates,100.0,12000000.0,1,0
ENG-Premier League,2425,Brentford,Ethan Pinnock,JAM,DF,31.0,1993.0,1913.0,22.0,21.0,Ethan Pinnock,100.0,7000000.0,3,1
ENG-Premier League,2425,Tottenham,Pape Matar Sarr,SEN,MF,21.0,2002.0,1913.0,36.0,22.0,Pape Matar Sarr,100.0,32000000.0,3,1
ENG-Premier League,2425,Manchester Utd,Amad Diallo,CIV,"MF,FW",22.0,2002.0,1901.0,26.0,20.0,Amad Diallo,100.0,45000000.0,2,0
ENG-Premier League,2425,Manchester City,Rico Lewis,ENG,"DF,MF",19.0,2004.0,1893.0,28.0,21.0,Rico Lewis,100.0,40000000.0,3,1
ENG-Premier League,2425,Everton,Ashley Young,ENG,DF,39.0,1985.0,1875.0,32.0,19.0,Ashley Young,100.0,500000.0,3,0
ENG-Premier League,2425,Arsenal,Kai Havertz,GER,FW,25.0,1999.0,1875.0,23.0,21.0,Kai Havertz,100.0,65000000.0,2,3
ENG-Premier League,2425,Southampton,Tyler Dibling,ENG,"MF,FW",18.0,2006.0,1874.0,33.0,20.0,Tyler Dibling,100.0,25000000.0,0,0
ENG-Premier League,2425,Chelsea,Malo Gusto,FRA,DF,21.0,2003.0,1862.0,32.0,19.0,Malo Gusto,100.0,35000000.0,1,2
ENG-Premier League,2425,Brighton,Jack Hinshelwood,ENG,"MF,DF",19.0,2005.0,1842.0,26.0,22.0,Jack Hinshelwood,100.0,24000000.0,3,1
ENG-Premier League,2425,Brighton,Yankuba Minteh,GAM,MF,20.0,2004.0,1838.0,32.0,20.0,Yankuba Minteh,100.0,30000000.0,0,0
ENG-Premier League,2425,West Ham,Jean-Clair Todibo,FRA,DF,24.0,1999.0,1825.0,27.0,20.0,Jean-Clair Todibo,100.0,25000000.0,1,2
ENG-Premier League,2425,Tottenham,James Maddison,ENG,MF,27.0,1996.0,1809.0,31.0,21.0,James Maddison,100.0,42000000.0,2,0
ENG-Premier League,2425,Tottenham,Djed Spence,ENG,DF,23.0,2000.0,1792.0,25.0,19.0,Djed Spence,100.0,20000000.0,3,1
ENG-Premier League,2425,Manchester Utd,Manuel Ugarte,URU,MF,23.0,2001.0,1785.0,29.0,22.0,Manuel Ugarte,100.0,45000000.0,1,1
ENG-Premier League,2425,Manchester City,Phil Foden,ENG,"MF,FW",24.0,2000.0,1777.0,28.0,20.0,Phil Foden,100.0,100000000.0,0,0
ENG-Premier League,2425,Fulham,Kenny Tete,NED,DF,28.0,1995.0,1774.0,22.0,21.0,Kenny Tete,100.0,13000000.0,1,2
ENG-Premier League,2425,West Ham,Edson Álvarez,MEX,MF,26.0,1997.0,1772.0,28.0,20.0,Edson Álvarez,100.0,25000000.0,1,2
ENG-Premier League,2425,Fulham,Adama Traoré,ESP,MF,28.0,1996.0,1772.0,36.0,18.0,Adama Traoré,100.0,9000000.0,0,0
ENG-Premier League,2425,Manchester City,Sávio,BRA,"MF,FW",20.0,2004.0,1766.0,29.0,21.0,,83.33333333333334,,0,0
ENG-Premier League,2425,Chelsea,Jadon Sancho,ENG,MF,24.0,2000.0,1764.0,31.0,19.0,Jadon Sancho,100.0,28000000.0,0,0
ENG-Premier League,2425,Manchester Utd,Harry Maguire,ENG,DF,31.0,1993.0,1758.0,27.0,19.0,Harry Maguire,100.0,13000000.0,1,1
ENG-Premier League,2425,Newcastle,Harvey Barnes,ENG,"FW,MF",26.0,1997.0,1755.0,33.0,17.0,Harvey Barnes,100.0,35000000.0,2,3
ENG-Premier League,2425,Manchester Utd,Lisandro Martínez,ARG,DF,26.0,1998.0,1751.0,20.0,20.0,Lisandro Martínez,100.0,40000000.0,3,1
ENG-Premier League,2425,Tottenham,Archie Gray,ENG,"DF,MF",18.0,2006.0,1751.0,28.0,19.0,Archie Gray,100.0,38000000.0,1,2
ENG-Premier League,2425,Arsenal,Bukayo Saka,ENG,"FW,MF",22.0,2001.0,1729.0,25.0,20.0,Bukayo Saka,100.0,150000000.0,2,0
ENG-Premier League,2425,Aston Villa,Boubacar Kamara,FRA,"MF,DF",24.0,1999.0,1726.0,26.0,20.0,Boubacar Kamara,100.0,40000000.0,3,1
ENG-Premier League,2425,Leicester City,Conor Coady,ENG,DF,31.0,1993.0,1714.0,22.0,19.0,Conor Coady,100.0,2200000.0,3,1
ENG-Premier League,2425,Liverpool,Curtis Jones,ENG,"MF,DF",23.0,2001.0,1712.0,33.0,19.0,Curtis Jones,100.0,45000000.0,0,0
ENG-Premier League,2425,Ipswich Town,Axel Tuanzebe,COD,DF,26.0,1997.0,1710.0,22.0,20.0,Axel Tuanzebe,100.0,5000000.0,1,2
ENG-Premier League,2425,Manchester City,Kevin De Bruyne,BEL,"MF,FW",33.0,1991.0,1702.0,28.0,19.0,Kevin De Bruyne,100.0,20000000.0,0,0
ENG-Premier League,2425,Brighton,Joël Veltman,NED,DF,32.0,1992.0,1697.0,21.0,19.0,Joël Veltman,100.0,4000000.0,1,2
ENG-Premier League,2425,Wolves,Santiago Bueno,URU,DF,25.0,1998.0,1687.0,29.0,18.0,Santiago Bueno,100.0,10000000.0,1,2
ENG-Premier League,2425,Wolves,Jean-Ricner Bellegarde,HAI,MF,26.0,1998.0,1677.0,35.0,20.0,Jean-Ricner Bellegarde,100.0,18000000.0,0,0
ENG-Premier League,2425,Manchester City,Matheus Nunes,POR,"DF,MF",25.0,1998.0,1674.0,26.0,19.0,Matheus Nunes,100.0,35000000.0,0,0
ENG-Premier League,2425,Brighton,Georginio Rutter,FRA,"MF,FW",22.0,2002.0,1656.0,28.0,19.0,Georginio Rutter,100.0,32000000.0,2,0
ENG-Premier League,2425,Southampton,Lesley Ugochukwu,FRA,MF,20.0,2004.0,1655.0,26.0,18.0,Lesley Ugochukwu,100.0,18000000.0,3,1
ENG-Premier League,2425,Manchester Utd,Kobbie Mainoo,ENG,MF,19.0,2005.0,1651.0,25.0,19.0,Kobbie Mainoo,100.0,50000000.0,1,2
ENG-Premier League,2425,Fulham,Timothy Castagne,BEL,"DF,MF",28.0,1995.0,1649.0,24.0,17.0,Timothy Castagne,100.0,13000000.0,1,2
ENG-Premier League,2425,Tottenham,Rodrigo Bentancur,URU,MF,27.0,1997.0,1645.0,26.0,21.0,Rodrigo Bentancur,100.0,30000000.0,1,1
ENG-Premier League,2425,Leicester City,Jordan Ayew,GHA,MF,32.0,1991.0,1659.0,31.0,19.0,Jordan Ayew,100.0,2500000.0,0,0
ENG-Premier League,2425,Aston Villa,Jacob Ramsey,ENG,MF,23.0,2001.0,1623.0,29.0,19.0,Jacob Ramsey,100.0,32000000.0,0,0
ENG-Premier League,2425,Aston Villa,Amadou Onana,BEL,MF,22.0,2001.0,1617.0,26.0,20.0,Amadou Onana,100.0,50000000.0,3,1
ENG-Premier League,2425,Leicester City,Stephy Mavididi,ENG,MF,26.0,1998.0,1615.0,30.0,16.0,Stephy Mavididi,100.0,10000000.0,0,0
ENG-Premier League,2425,Everton,Dominic Calvert-Lewin,ENG,FW,27.0,1997.0,1609.0,26.0,19.0,Dominic Calvert-Lewin,100.0,16000000.0,2,3
ENG-Premier League,2425,Everton,James Garner,ENG,"MF,DF",23.0,2001.0,1594.0,21.0,17.0,James Garner,100.0,18000000.0,1,2
ENG-Premier League,2425,Bournemouth,Adam Smith,ENG,DF,33.0,1991.0,1590.0,25.0,19.0,Adam Smith,100.0,750000.0,1,2
ENG-Premier League,2425,Arsenal,Mikel Merino,ESP,"MF,FW",28.0,1996.0,1586.0,28.0,17.0,Mikel Merino,100.0,35000000.0,2,0
ENG-Premier League,2425,Everton,Jake O'Brien,IRL,DF,23.0,2001.0,1571.0,20.0,17.0,Jake O'Brien,100.0,18000000.0,3,1
ENG-Premier League,2425,Crystal Palace,Daichi Kamada,JPN,MF,27.0,1996.0,1564.0,34.0,15.0,Daichi Kamada,100.0,12000000.0,1,2
ENG-Premier League,2425,Southampton,Yukinari Sugawara,JPN,"MF,DF",24.0,2000.0,1557.0,30.0,16.0,Yukinari Sugawara,100.0,11000000.0,0,0
ENG-Premier League,2425,Ipswich Town,Cameron Burgess,AUS,DF,28.0,1995.0,1541.0,18.0,16.0,Cameron Burgess,100.0,2000000.0,1,2
ENG-Premier League,2425,Leicester City,Harry Winks,ENG,MF,28.0,1996.0,1538.0,22.0,17.0,Harry Winks,100.0,9000000.0,1,2
ENG-Premier League,2425,Everton,Beto,GNB,FW,26.0,1998.0,1534.0,30.0,15.0,Beto,100.0,22000000.0,2,3
ENG-Premier League,2425,Leicester City,Facundo Buonanotte,ARG,"MF,FW",19.0,2004.0,1523.0,31.0,14.0,Facundo Buonanotte,100.0,20000000.0,0,0
ENG-Premier League,2425,Manchester City,Jeremy Doku,BEL,"MF,FW",22.0,2002.0,1516.0,29.0,16.0,Jérémy Doku,100.0,50000000.0,0,0
ENG-Premier League,2425,Manchester Utd,Casemiro,BRA,MF,32.0,1992.0,1494.0,24.0,18.0,Casemiro,100.0,10000000.0,1,0
ENG-Premier League,2425,Southampton,Ryan Manning,IRL,"DF,MF",28.0,1996.0,1462.0,24.0,18.0,Ryan Manning,100.0,3000000.0,1,2
ENG-Premier League,2425,Brentford,Yehor Yarmoliuk,UKR,MF,20.0,2004.0,1450.0,31.0,15.0,Yegor Yarmolyuk,86.66666666666667,15000000.0,1,2
ENG-Premier League,2425,Southampton,Cameron Archer,ENG,FW,23.0,2001.0,1441.0,35.0,13.0,Cameron Archer,100.0,12000000.0,0,3
ENG-Premier League,2425,Brentford,Kristoffer Ajer,NOR,DF,26.0,1998.0,1438.0,24.0,17.0,Kristoffer Ajer,100.0,18000000.0,1,2
ENG-Premier League,2425,Tottenham,Cristian Romero,ARG,DF,26.0,1998.0,1416.0,18.0,18.0,Cristian Romero,100.0,50000000.0,1,1
ENG-Premier League,2425,Wolves,Emmanuel Agbadou,CIV,DF,27.0,1997.0,2670.0,30.0,30.0,Emmanuel Agbadou,100.0,20000000.0,1,1
ENG-Premier League,2425,West Ham,Carlos Soler,ESP,MF,27.0,1997.0,1409.0,31.0,14.0,Carlos Soler,100.0,18000000.0,1,0
ENG-Premier League,2425,Chelsea,Tosin Adarabioyo,ENG,DF,26.0,1997.0,1409.0,22.0,15.0,Tosin Adarabioyo,100.0,20000000.0,3,1
ENG-Premier League,2425,Tottenham,Yves Bissouma,MLI,MF,27.0,1996.0,1408.0,28.0,16.0,Yves Bissouma,100.0,25000000.0,3,1
ENG-Premier League,2425,Manchester Utd,Joshua Zirkzee,NED,"FW,MF",23.0,2001.0,1402.0,32.0,14.0,Joshua Zirkzee,100.0,30000000.0,0,0
ENG-Premier League,2425,Southampton,Kamaldeen Sulemana,GHA,"FW,MF",22.0,2002.0,1402.0,26.0,17.0,Kamaldeen Sulemana,100.0,13000000.0,1,0
ENG-Premier League,2425,Leicester City,Jannik Vestergaard,DEN,DF,31.0,1992.0,1391.0,18.0,16.0,Jannik Vestergaard,100.0,2000000.0,1,2
ENG-Premier League,2425,Southampton,Jack Stephens,ENG,DF,30.0,1994.0,1389.0,19.0,17.0,Jack Stephens,100.0,1500000.0,3,1
ENG-Premier League,2425,Everton,Dwight McNeil,ENG,MF,24.0,1999.0,1371.0,21.0,15.0,Dwight McNeil,100.0,25000000.0,0,0
ENG-Premier League,2425,Arsenal,Myles Lewis-Skelly,ENG,DF,17.0,2006.0,1369.0,23.0,15.0,Myles Lewis-Skelly,100.0,45000000.0,3,0
ENG-Premier League,2425,Wolves,Mario Lemina,GAB,"MF,DF",30.0,1993.0,1364.0,17.0,15.0,Mario Lemina,100.0,7500000.0,1,0
ENG-Premier League,2425,Ipswich Town,Ben Johnson,ENG,"MF,DF",24.0,2000.0,1354.0,23.0,14.0,Ben Johnson,100.0,8000000.0,3,0
ENG-Premier League,2425,Fulham,Issa Diop,MAR,DF,27.0,1997.0,1339.0,21.0,15.0,Issa Diop,100.0,14000000.0,1,2
ENG-Premier League,2425,Tottenham,Ben Davies,WAL,DF,31.0,1993.0,1331.0,17.0,14.0,Ben Davies,100.0,6000000.0,1,2
ENG-Premier League,2425,Crystal Palace,Adam Wharton,ENG,MF,20.0,2004.0,1318.0,20.0,16.0,Adam Wharton,100.0,45000000.0,1,2
ENG-Premier League,2425,Newcastle,Kieran Trippier,ENG,DF,33.0,1990.0,1309.0,25.0,14.0,Kieran Trippier,100.0,4000000.0,1,2
ENG-Premier League,2425,Everton,Orel Mangala,BEL,MF,26.0,1998.0,1328.0,20.0,15.0,Orel Mangala,100.0,18000000.0,1,1
ENG-Premier League,2425,Tottenham,Radu Drăgușin,ROU,DF,22.0,2002.0,1252.0,16.0,14.0,Radu Drăgușin,100.0,25000000.0,1,2
ENG-Premier League,2425,Southampton,Adam Armstrong,ENG,"FW,MF",27.0,1997.0,1248.0,20.0,15.0,Adam Armstrong,100.0,12000000.0,0,3
ENG-Premier League,2425,Everton,Jesper Lindstrøm,DEN,MF,24.0,2000.0,1239.0,25.0,15.0,Jesper Lindstrøm,100.0,18000000.0,1,0
ENG-Premier League,2425,Ipswich Town,Kalvin Phillips,ENG,MF,28.0,1995.0,1237.0,19.0,14.0,Kalvin Phillips,100.0,12000000.0,1,2
ENG-Premier League,2425,Tottenham,Lucas Bergvall,SWE,MF,18.0,2006.0,1212.0,27.0,11.0,Lucas Bergvall,100.0,38000000.0,1,2
ENG-Premier League,2425,Arsenal,Ben White,ENG,DF,26.0,1997.0,1198.0,17.0,13.0,Ben White,100.0,45000000.0,1,2
ENG-Premier League,2425,Liverpool,Diogo Jota,POR,FW,27.0,1996.0,1196.0,26.0,14.0,Diogo Jota,100.0,40000000.0,2,3
ENG-Premier League,2425,Ipswich Town,Luke Woolfenden,ENG,DF,25.0,1998.0,1187.0,15.0,12.0,Luke Woolfenden,100.0,2000000.0,1,2
ENG-Premier League,2425,Ipswich Town,Jack Clarke,ENG,MF,23.0,2000.0,1181.0,32.0,12.0,Jack Clarke,100.0,15000000.0,0,0
ENG-Premier League,2425,Chelsea,Wesley Fofana,FRA,DF,23.0,2000.0,1172.0,14.0,14.0,Wesley Fofana,100.0,25000000.0,1,2
ENG-Premier League,2425,Manchester Utd,Leny Yoro,FRA,DF,18.0,2005.0,1165.0,21.0,12.0,Leny Yoro,100.0,55000000.0,1,2
ENG-Premier League,2425,Fulham,Harry Wilson,WAL,"MF,FW",27.0,1997.0,1162.0,25.0,12.0,Harry Wilson,100.0,15000000.0,2,3
ENG-Premier League,2425,West Ham,Guido Rodríguez,ARG,MF,30.0,1994.0,1149.0,23.0,16.0,Guido Rodríguez,100.0,10000000.0,1,2
ENG-Premier League,2425,Aston Villa,Ian Maatsen,NED,DF,22.0,2002.0,1139.0,29.0,10.0,Ian Maatsen,100.0,28000000.0,1,0
ENG-Premier League,2425,Aston Villa,Leon Bailey,JAM,MF,26.0,1997.0,1139.0,24.0,14.0,Leon Bailey,100.0,28000000.0,0,0
ENG-Premier League,2425,Liverpool,Darwin Núñez,URU,FW,25.0,1999.0,1133.0,30.0,8.0,Darwin Núñez,100.0,45000000.0,2,3
ENG-Premier League,2425,Leicester City,Oliver Skipp,ENG,MF,23.0,2000.0,1129.0,24.0,10.0,Oliver Skipp,100.0,10000000.0,1,2
ENG-Premier League,2425,Leicester City,Caleb Okoli,ITA,DF,23.0,2001.0,1125.0,19.0,12.0,Caleb Okoli,100.0,10000000.0,3,1
ENG-Premier League,2425,Arsenal,Jakub Kiwior,POL,DF,24.0,2000.0,1122.0,17.0,10.0,Jakub Kiwior,100.0,28000000.0,3,1
ENG-Premier League,2425,Aston Villa,Tyrone Mings,ENG,DF,31.0,1993.0,1120.0,14.0,12.0,Tyrone Mings,100.0,5000000.0,1,2
ENG-Premier League,2425,Leicester City,Luke Thomas,ENG,DF,23.0,2001.0,1110.0,14.0,13.0,Luke Thomas,100.0,6000000.0,1,2
ENG-Premier League,2425,Bournemouth,Marcos Senesi,ARG,DF,27.0,1997.0,1106.0,17.0,13.0,Marcos Senesi,100.0,22000000.0,1,2
ENG-Premier League,2425,Brentford,Mads Roerslev,DEN,DF,25.0,1999.0,1399.0,26.0,13.0,Mads Roerslev,100.0,6000000.0,1,2
ENG-Premier League,2425,Brighton,Simon Adingra,CIV,MF,22.0,2002.0,1097.0,29.0,12.0,Simon Adingra,100.0,28000000.0,0,0
ENG-Premier League,2425,Newcastle,Joe Willock,ENG,MF,24.0,1999.0,1086.0,32.0,11.0,Joe Willock,100.0,22000000.0,1,2
ENG-Premier League,2425,Southampton,James Bree,ENG,"DF,MF",26.0,1997.0,1075.0,17.0,13.0,James Bree,100.0,2500000.0,1,2
ENG-Premier League,2425,West Ham,Vladimír Coufal,CZE,"DF,MF",31.0,1992.0,1067.0,22.0,11.0,Vladimír Coufal,100.0,5000000.0,1,2
ENG-Premier League,2425,Chelsea,Reece James,ENG,"DF,MF",24.0,1999.0,1063.0,19.0,12.0,Reece James,100.0,30000000.0,3,0
ENG-Premier League,2425,Manchester Utd,Christian Eriksen,DEN,MF,32.0,1992.0,1061.0,23.0,11.0,Christian Eriksen,100.0,4000000.0,0,0
ENG-Premier League,2425,Crystal Palace,Trevoh Chalobah,ENG,DF,25.0,1999.0,1970.0,25.0,23.0,Trevoh Chalobah,100.0,25000000.0,3,1
ENG-Premier League,2425,Southampton,Paul Onuachu,NGA,FW,30.0,1994.0,1050.0,25.0,11.0,Paul Onuachu,100.0,6000000.0,2,3
ENG-Premier League,2425,Everton,Michael Keane,ENG,DF,31.0,1993.0,1049.0,14.0,11.0,Michael Keane,100.0,5000000.0,3,1
ENG-Premier League,2425,West Ham,James Ward-Prowse,ENG,MF,29.0,1994.0,1439.0,24.0,17.0,James Ward-Prowse,100.0,8000000.0,1,0
ENG-Premier League,2425,Crystal Palace,Eddie Nketiah,ENG,"FW,MF",25.0,1999.0,1034.0,29.0,9.0,Eddie Nketiah,100.0,18000000.0,2,3
ENG-Premier League,2425,Tottenham,Micky van de Ven,NED,DF,23.0,2001.0,1015.0,13.0,12.0,Micky van de Ven,100.0,50000000.0,1,2
ENG-Premier League,2425,Brighton,Mats Wieffer,NED,"DF,MF",24.0,1999.0,1015.0,25.0,10.0,Mats Wieffer,100.0,25000000.0,1,0
ENG-Premier League,2425,Wolves,Gonçalo Guedes,POR,"MF,FW",27.0,1996.0,995.0,29.0,10.0,Gonçalo Guedes,100.0,11000000.0,0,0
ENG-Premier League,2425,Ipswich Town,Sammie Szmodics,IRL,MF,28.0,1995.0,992.0,20.0,13.0,Sammie Szmodics,100.0,10000000.0,2,3
ENG-Premier League,2425,Arsenal,Riccardo Calafiori,ITA,DF,22.0,2002.0,983.0,19.0,11.0,Riccardo Calafiori,100.0,35000000.0,3,0
ENG-Premier League,2425,Manchester Utd,Marcus Rashford,ENG,MF,26.0,1997.0,1422.0,25.0,16.0,Marcus Rashford,100.0,50000000.0,2,0
ENG-Premier League,2425,Wolves,Craig Dawson,ENG,DF,34.0,1990.0,971.0,15.0,10.0,Craig Dawson,100.0,1500000.0,1,2
ENG-Premier League,2425,Manchester City,Kyle Walker,ENG,DF,34.0,1990.0,1629.0,26.0,16.0,Kyle Walker,100.0,4000000.0,1,2
ENG-Premier League,2425,Fulham,Rodrigo Muniz,BRA,FW,23.0,2001.0,964.0,31.0,8.0,Rodrigo Muniz,100.0,20000000.0,2,3
ENG-Premier League,2425,Brighton,Igor,BRA,DF,26.0,1998.0,961.0,13.0,10.0,Igor Julio,90.0,20000000.0,1,2
ENG-Premier League,2425,Bournemouth,David Brooks,WAL,MF,27.0,1997.0,960.0,29.0,9.0,David Brooks,100.0,10000000.0,0,0
ENG-Premier League,2425,Nottingham,Álex Moreno,ESP,DF,31.0,1993.0,955.0,15.0,11.0,Álex Moreno,100.0,7000000.0,1,2
ENG-Premier League,2425,Brighton,Matt O'Riley,DEN,MF,23.0,2000.0,938.0,21.0,11.0,Matt O'Riley,100.0,22000000.0,0,0
ENG-Premier League,2425,Ipswich Town,Wes Burns,WAL,MF,29.0,1994.0,926.0,18.0,12.0,Wes Burns,100.0,2000000.0,1,2
ENG-Premier League,2425,Chelsea,Christopher Nkunku,FRA,"MF,FW",26.0,1997.0,921.0,27.0,9.0,Christopher Nkunku,100.0,35000000.0,2,0
ENG-Premier League,2425,Tottenham,Mathys Tel,FRA,FW,19.0,2005.0,1167.0,21.0,13.0,Mathys Tel,100.0,35000000.0,0,0
ENG-Premier League,2425,Nottingham,Morato,BRA,DF,23.0,2001.0,907.0,26.0,6.0,Morato,100.0,14000000.0,1,2
ENG-Premier League,2425,Ipswich Town,Julio Enciso,PAR,MF,20.0,2004.0,1163.0,25.0,14.0,Julio Enciso,100.0,22000000.0,0,0
ENG-Premier League,2425,Aston Villa,Marco Asensio,ESP,MF,28.0,1996.0,1361.0,25.0,17.0,Marco Asensio,100.0,20000000.0,2,0
ITA-Serie A,2324,Empoli,Sebastiano Luperto,ITA,DF,26.0,1996.0,3406.0,38.0,38.0,Sebastiano Luperto,100.0,3500000.0,1,1
ITA-Serie A,2324,Lecce,Federico Baschirotto,ITA,DF,26.0,1996.0,3294.0,37.0,37.0,Federico Baschirotto,100.0,6000000.0,1,2
ITA-Serie A,2324,Roma,Bryan Cristante,ITA,MF,28.0,1995.0,3289.0,37.0,37.0,Bryan Cristante,100.0,20000000.0,1,1
ITA-Serie A,2324,Napoli,Stanislav Lobotka,SVK,MF,28.0,1994.0,3282.0,38.0,38.0,Stanislav Lobotka,100.0,28000000.0,1,2
ITA-Serie A,2324,Udinese,Walace,BRA,MF,28.0,1995.0,3238.0,37.0,37.0,Walace,100.0,6000000.0,1,1
ITA-Serie A,2324,Udinese,Nehuén Pérez,ARG,DF,23.0,2000.0,3238.0,36.0,36.0,Nehuén Pérez,100.0,13000000.0,1,2
ITA-Serie A,2324,Napoli,Giovanni Di Lorenzo,ITA,DF,29.0,1993.0,3234.0,36.0,36.0,Giovanni Di Lorenzo,100.0,15000000.0,0,0
ITA-Serie A,2324,Juventus,Gleison Bremer,BRA,DF,26.0,1997.0,3233.0,36.0,36.0,Bremer,90.0,60000000.0,3,1
ITA-Serie A,2324,Monza,Matteo Pessina,ITA,MF,26.0,1997.0,3222.0,37.0,37.0,Matteo Pessina,100.0,15000000.0,3,1
ITA-Serie A,2324,Lecce,Marin Pongračić,CRO,DF,25.0,1997.0,3219.0,36.0,36.0,Marin Pongracic,100.0,7000000.0,1,2
ITA-Serie A,2324,Genoa,Morten Frendrup,DEN,MF,22.0,2001.0,3145.0,37.0,36.0,Morten Frendrup,100.0,15000000.0,1,1
ITA-Serie A,2324,Frosinone,Matìas Soulé,ARG,"MF,FW",20.0,2003.0,3121.0,36.0,36.0,Matías Soulé,100.0,25000000.0,0,0
ITA-Serie A,2324,Lazio,Adam Marušić,MNE,"DF,MF",30.0,1992.0,3100.0,37.0,37.0,Adam Marusic,100.0,5000000.0,3,1
ITA-Serie A,2324,Sassuolo,Andrea Pinamonti,ITA,FW,24.0,1999.0,3076.0,38.0,37.0,Andrea Pinamonti,100.0,15000000.0,2,0
ITA-Serie A,2324,Torino,Raoul Bellanova,ITA,MF,23.0,2000.0,3046.0,37.0,36.0,Raoul Bellanova,100.0,15000000.0,0,0
ITA-Serie A,2324,Lecce,Valentin Gendrey,FRA,DF,23.0,2000.0,3044.0,37.0,35.0,Valentin Gendrey,100.0,7000000.0,3,1
ITA-Serie A,2324,Genoa,Albert Guðmundsson,ISL,"FW,MF",26.0,1997.0,3016.0,35.0,34.0,Albert Gudmundsson,94.44444444444444,30000000.0,0,0
ITA-Serie A,2324,Juventus,Manuel Locatelli,ITA,MF,25.0,1998.0,3008.0,36.0,34.0,Manuel Locatelli,100.0,28000000.0,1,1
ITA-Serie A,2324,Cagliari,Alberto Dossena,ITA,DF,24.0,1998.0,2977.0,35.0,33.0,Alberto Dossena,100.0,5000000.0,3,1
ITA-Serie A,2324,Lecce,Ylber Ramadani,ALB,MF,27.0,1996.0,2970.0,34.0,34.0,Ylber Ramadani,100.0,4000000.0,1,1
ITA-Serie A,2324,Frosinone,Caleb Okoli,ITA,DF,22.0,2001.0,2914.0,34.0,32.0,Caleb Okoli,100.0,8000000.0,1,2
ITA-Serie A,2324,Sassuolo,Armand Lauriente,FRA,"MF,FW",24.0,1998.0,2908.0,37.0,35.0,Armand Laurienté,100.0,10000000.0,0,0
ITA-Serie A,2324,Torino,Duván Zapata,COL,FW,32.0,1991.0,2992.0,37.0,36.0,Duván Zapata,100.0,8000000.0,2,3
ITA-Serie A,2324,Atalanta,Éderson Silva,BRA,MF,24.0,1999.0,2869.0,36.0,32.0,Éderson,90.0,40000000.0,3,1
ITA-Serie A,2324,Roma,Gianluca Mancini,ITA,DF,27.0,1996.0,2869.0,36.0,34.0,Gianluca Mancini,100.0,25000000.0,3,1
ITA-Serie A,2324,Genoa,Johan Vásquez,MEX,DF,24.0,1998.0,2850.0,37.0,32.0,Johan Vásquez,100.0,10000000.0,1,1
ITA-Serie A,2324,Inter,Nicolò Barella,ITA,MF,26.0,1997.0,2846.0,37.0,34.0,Nicolò Barella,100.0,80000000.0,1,1
ITA-Serie A,2324,Atalanta,Berat Djimsiti,ALB,DF,30.0,1993.0,2832.0,37.0,32.0,Berat Djimsiti,100.0,10000000.0,1,2
ITA-Serie A,2324,Milan,Tijjani Reijnders,NED,MF,25.0,1998.0,2820.0,36.0,33.0,Tijjani Reijnders,100.0,30000000.0,3,1
ITA-Serie A,2324,Frosinone,Enzo Barrenechea,ARG,MF,22.0,2001.0,2811.0,36.0,32.0,Enzo Barrenechea,100.0,7500000.0,1,2
ITA-Serie A,2324,Milan,Theo Hernández,FRA,DF,25.0,1997.0,2791.0,32.0,31.0,Theo Hernández,100.0,60000000.0,0,0
ITA-Serie A,2324,Napoli,Frank Anguissa,CMR,MF,27.0,1995.0,2786.0,34.0,32.0,Frank Anguissa,100.0,27000000.0,1,2
ITA-Serie A,2324,Inter,Henrikh Mkhitaryan,ARM,MF,34.0,1989.0,2785.0,36.0,35.0,Henrikh Mkhitaryan,100.0,6000000.0,1,0
ITA-Serie A,2324,Hellas Verona,Michael Folorunsho,ITA,MF,25.0,1998.0,2781.0,34.0,33.0,Michael Folorunsho,100.0,8500000.0,0,0
ITA-Serie A,2324,Torino,Ricardo Rodríguez,SUI,"DF,MF",30.0,1992.0,2772.0,35.0,34.0,Ricardo Rodríguez,100.0,3500000.0,3,0
ITA-Serie A,2324,Lazio,Felipe Anderson,BRA,"FW,MF",30.0,1993.0,2770.0,38.0,33.0,Felipe Anderson,100.0,8000000.0,0,0
ITA-Serie A,2324,Bologna,Joshua Zirkzee,NED,FW,22.0,2001.0,2759.0,34.0,32.0,Joshua Zirkzee,100.0,50000000.0,2,3
ITA-Serie A,2324,Salernitana,Antonio Candreva,ITA,MF,36.0,1987.0,2750.0,34.0,32.0,Antonio Candreva,100.0,1000000.0,0,0
ITA-Serie A,2324,Salernitana,Domagoj Bradarić,CRO,"MF,DF",23.0,1999.0,2749.0,34.0,30.0,Domagoj Bradarić,100.0,5000000.0,1,2
ITA-Serie A,2324,Napoli,Khvicha Kvaratskhelia,GEO,FW,22.0,2001.0,2737.0,34.0,32.0,Khvicha Kvaratskhelia,100.0,80000000.0,2,3
ITA-Serie A,2324,Frosinone,Simone Romagnoli,ITA,DF,33.0,1990.0,2715.0,33.0,30.0,Simone Romagnoli,100.0,800000.0,3,1
ITA-Serie A,2324,Bologna,Lewis Ferguson,SCO,MF,23.0,1999.0,2712.0,31.0,31.0,Lewis Ferguson,100.0,24000000.0,0,0
ITA-Serie A,2324,Cagliari,Antoine Makoumbou,CGO,MF,25.0,1998.0,2702.0,32.0,32.0,Antoine Makoumbou,100.0,4500000.0,3,1
ITA-Serie A,2324,Inter,Marcus Thuram,FRA,FW,25.0,1997.0,2687.0,35.0,34.0,Marcus Thuram,100.0,65000000.0,2,3
ITA-Serie A,2324,Monza,Andrea Colpani,ITA,MF,24.0,1999.0,2657.0,38.0,36.0,Andrea Colpani,100.0,18000000.0,0,0
ITA-Serie A,2324,Inter,Lautaro Martínez,ARG,FW,25.0,1997.0,2656.0,33.0,31.0,Lautaro Martínez,100.0,110000000.0,2,3
ITA-Serie A,2324,Juventus,Adrien Rabiot,FRA,MF,28.0,1995.0,2651.0,31.0,30.0,Adrien Rabiot,100.0,35000000.0,3,0
ITA-Serie A,2324,Roma,Romelu Lukaku,BEL,FW,30.0,1993.0,2641.0,32.0,30.0,Romelu Lukaku,100.0,30000000.0,2,3
ITA-Serie A,2324,Juventus,Federico Gatti,ITA,DF,25.0,1998.0,2637.0,32.0,30.0,Federico Gatti,100.0,18000000.0,3,1
ITA-Serie A,2324,Roma,Leandro Paredes,ARG,MF,29.0,1994.0,2634.0,34.0,32.0,Leandro Paredes,100.0,8000000.0,3,0
ITA-Serie A,2324,Atalanta,Teun Koopmeiners,NED,MF,25.0,1998.0,2627.0,34.0,29.0,Teun Koopmeiners,100.0,50000000.0,2,0
ITA-Serie A,2324,Bologna,Remo Freuler,SUI,MF,31.0,1992.0,2624.0,32.0,30.0,Remo Freuler,100.0,6500000.0,1,1
ITA-Serie A,2324,Sassuolo,Martin Erlić,CRO,DF,25.0,1998.0,2618.0,32.0,31.0,Martin Erlić,100.0,3000000.0,3,1
ITA-Serie A,2324,Monza,Pablo Marí,ESP,DF,29.0,1993.0,2615.0,34.0,30.0,Pablo Marí,100.0,3500000.0,1,2
ITA-Serie A,2324,Torino,Nikola Vlašić,CRO,MF,25.0,1997.0,2608.0,33.0,30.0,Nikola Vlašić,100.0,10000000.0,0,0
ITA-Serie A,2324,Empoli,Youssef Maleh,MAR,MF,24.0,1998.0,2602.0,34.0,30.0,Youssef Maleh,100.0,4500000.0,1,2
ITA-Serie A,2324,Milan,Christian Pulisic,USA,"MF,FW",24.0,1998.0,2602.0,36.0,32.0,Christian Pulisic,100.0,40000000.0,2,0
ITA-Serie A,2324,Napoli,Amir Rrahmani,KVX,DF,29.0,1994.0,2600.0,30.0,30.0,Amir Rrahmani,100.0,15000000.0,3,1
ITA-Serie A,2324,Atalanta,Marten de Roon,NED,"MF,DF",32.0,1991.0,2599.0,30.0,29.0,Marten de Roon,100.0,7000000.0,1,2
ITA-Serie A,2324,Juventus,Weston McKennie,USA,MF,24.0,1998.0,2594.0,34.0,29.0,Weston McKennie,100.0,28000000.0,1,2
ITA-Serie A,2324,Udinese,Lorenzo Lucca,ITA,FW,22.0,2000.0,2592.0,37.0,30.0,Lorenzo Lucca,100.0,12000000.0,2,3
ITA-Serie A,2324,Cagliari,Gabriele Zappa,ITA,"DF,MF",23.0,1999.0,2561.0,38.0,25.0,Gabriele Zappa,100.0,2500000.0,1,0
ITA-Serie A,2324,Inter,Hakan Çalhanoğlu,TUR,MF,29.0,1994.0,2556.0,32.0,32.0,Hakan Çalhanoğlu,100.0,45000000.0,0,0
ITA-Serie A,2324,Empoli,Nicolò Cambiaghi,ITA,"FW,MF",22.0,2000.0,2553.0,37.0,29.0,Nicolò Cambiaghi,100.0,7000000.0,0,0
ITA-Serie A,2324,Bologna,Sam Beukema,NED,DF,24.0,1998.0,2547.0,30.0,29.0,Sam Beukema,100.0,18000000.0,3,1
ITA-Serie A,2324,Atalanta,Giorgio Scalvini,ITA,DF,19.0,2003.0,2544.0,33.0,31.0,Giorgio Scalvini,100.0,45000000.0,1,0
ITA-Serie A,2324,Genoa,Milan Badelj,CRO,MF,34.0,1989.0,2535.0,33.0,32.0,Milan Badelj,100.0,800000.0,1,1
ITA-Serie A,2324,Torino,Alessandro Buongiorno,ITA,DF,24.0,1999.0,2527.0,29.0,29.0,Alessandro Buongiorno,100.0,35000000.0,3,1
ITA-Serie A,2324,Milan,Rafael Leão,POR,"MF,FW",24.0,1999.0,2512.0,34.0,29.0,Rafael Leão,100.0,90000000.0,2,0
ITA-Serie A,2324,Fiorentina,Nikola Milenković,SRB,DF,25.0,1997.0,2510.0,34.0,27.0,Nikola Milenković,100.0,15000000.0,1,2
ITA-Serie A,2324,Sassuolo,Matheus Henrique,BRA,MF,25.0,1997.0,2501.0,31.0,27.0,Matheus Henrique,100.0,8500000.0,3,1
ITA-Serie A,2324,Lecce,Antonino Gallo,ITA,DF,23.0,2000.0,2490.0,35.0,30.0,Antonino Gallo,100.0,4500000.0,1,2
ITA-Serie A,2324,Hellas Verona,Ondrej Duda,SVK,MF,28.0,1994.0,2456.0,32.0,29.0,Ondrej Duda,100.0,4000000.0,1,0
ITA-Serie A,2324,Juventus,Danilo,BRA,DF,32.0,1991.0,2452.0,29.0,27.0,Danilo,100.0,10000000.0,1,1
ITA-Serie A,2324,Atalanta,Matteo Ruggeri,ITA,MF,21.0,2002.0,2449.0,34.0,28.0,Matteo Ruggeri,100.0,20000000.0,1,2
ITA-Serie A,2324,Hellas Verona,Giangiacomo Magnani,ITA,DF,27.0,1995.0,2444.0,33.0,27.0,Giangiacomo Magnani,100.0,3000000.0,1,2
ITA-Serie A,2324,Genoa,Stefano Sabelli,ITA,"MF,DF",30.0,1993.0,2429.0,32.0,30.0,Stefano Sabelli,100.0,1500000.0,1,2
ITA-Serie A,2324,Cagliari,Tommaso Augello,ITA,"DF,MF",28.0,1994.0,2418.0,32.0,28.0,Tommaso Augello,100.0,2000000.0,0,0
ITA-Serie A,2324,Lazio,Alessio Romagnoli,ITA,DF,28.0,1995.0,2411.0,29.0,26.0,Alessio Romagnoli,100.0,15000000.0,1,2
ITA-Serie A,2324,Bologna,Stefan Posch,AUT,DF,26.0,1997.0,2409.0,31.0,29.0,Stefan Posch,100.0,14000000.0,1,1
ITA-Serie A,2324,Inter,Matteo Darmian,ITA,"MF,DF",33.0,1989.0,2404.0,33.0,27.0,Matteo Darmian,100.0,4000000.0,3,1
ITA-Serie A,2324,Sassuolo,Kristian Thorstvedt,NOR,MF,24.0,1999.0,2397.0,34.0,30.0,Kristian Thorstvedt,100.0,8000000.0,3,0
ITA-Serie A,2324,Torino,Samuele Ricci,ITA,MF,21.0,2001.0,2395.0,32.0,28.0,Samuele Ricci,100.0,22000000.0,1,0
ITA-Serie A,2324,Inter,Francesco Acerbi,ITA,DF,35.0,1988.0,2388.0,29.0,26.0,Francesco Acerbi,100.0,3500000.0,3,1
ITA-Serie A,2324,Genoa,Koni De Winter,BEL,DF,21.0,2002.0,2380.0,29.0,26.0,Koni De Winter,100.0,12000000.0,1,2
ITA-Serie A,2324,Lecce,Nikola Krstović,MNE,FW,23.0,2000.0,2373.0,35.0,30.0,Nikola Krstović,100.0,6000000.0,2,3
ITA-Serie A,2324,Juventus,Andrea Cambiaso,ITA,MF,23.0,2000.0,2372.0,34.0,28.0,Andrea Cambiaso,100.0,25000000.0,0,0
ITA-Serie A,2324,Udinese,Lazar Samardzic,SRB,MF,21.0,2002.0,2372.0,34.0,28.0,Lazar Samardžić,100.0,20000000.0,0,0
ITA-Serie A,2324,Lazio,Mattéo Guendouzi,FRA,MF,24.0,1999.0,2386.0,35.0,27.0,Mattéo Guendouzi,100.0,25000000.0,3,1
ITA-Serie A,2324,Milan,Olivier Giroud,FRA,FW,36.0,1986.0,2363.0,35.0,28.0,Olivier Giroud,100.0,3000000.0,2,3
ITA-Serie A,2324,Monza,Roberto Gagliardini,ITA,"MF,DF",29.0,1994.0,2360.0,33.0,29.0,Roberto Gagliardini,100.0,3000000.0,1,1
ITA-Serie A,2324,Napoli,Matteo Politano,ITA,FW,29.0,1993.0,2360.0,37.0,31.0,Matteo Politano,100.0,13000000.0,0,0
ITA-Serie A,2324,Fiorentina,Cristiano Biraghi,ITA,DF,30.0,1992.0,2356.0,29.0,27.0,Cristiano Biraghi,100.0,3500000.0,0,0
ITA-Serie A,2324,Bologna,Riccardo Calafiori,ITA,DF,21.0,2002.0,2349.0,30.0,26.0,Riccardo Calafiori,100.0,30000000.0,3,0
ITA-Serie A,2324,Cagliari,Nahitan Nández,URU,"MF,DF",27.0,1995.0,2341.0,33.0,29.0,Nahitan Nández,100.0,5000000.0,0,0
ITA-Serie A,2324,Frosinone,Marco Brescianini,ITA,MF,23.0,2000.0,2321.0,36.0,24.0,Marco Brescianini,100.0,3500000.0,3,3
ITA-Serie A,2324,Lazio,Luis Alberto,ESP,MF,30.0,1992.0,2311.0,33.0,29.0,Luis Alberto,100.0,11000000.0,0,0
ITA-Serie A,2324,Juventus,Dušan Vlahović,SRB,FW,23.0,2000.0,2307.0,33.0,27.0,Dušan Vlahović,100.0,65000000.0,2,3
ITA-Serie A,2324,Bologna,Victor Bernth Kristiansen,DEN,DF,20.0,2002.0,2307.0,32.0,26.0,Victor Kristiansen,95.0,15000000.0,1,2
ITA-Serie A,2324,Genoa,Mattia Bani,ITA,DF,29.0,1993.0,2306.0,27.0,27.0,Mattia Bani,100.0,2500000.0,3,1
ITA-Serie A,2324,Fiorentina,Lucas Martínez Quarta,ARG,DF,27.0,1996.0,2291.0,29.0,26.0,Lucas Martínez Quarta,100.0,15000000.0,3,1
ITA-Serie A,2324,Fiorentina,Giacomo Bonaventura,ITA,MF,33.0,1989.0,2277.0,31.0,27.0,Giacomo Bonaventura,100.0,3000000.0,0,0
ITA-Serie A,2324,Sassuolo,Gian Marco Ferrari,ITA,DF,31.0,1992.0,2272.0,31.0,25.0,Gian Marco Ferrari,100.0,1400000.0,1,1
ITA-Serie A,2324,Inter,Alessandro Bastoni,ITA,DF,24.0,1999.0,2268.0,28.0,28.0,Alessandro Bastoni,100.0,70000000.0,1,0
ITA-Serie A,2324,Bologna,Michel Aebischer,SUI,MF,26.0,1997.0,2230.0,36.0,26.0,Michel Aebischer,100.0,9000000.0,1,2
ITA-Serie A,2324,Udinese,Hassane Kamara,CIV,MF,29.0,1994.0,2225.0,35.0,27.0,Hassane Kamara,100.0,4500000.0,1,0
ITA-Serie A,2324,Bologna,Jhon Lucumí,COL,DF,25.0,1998.0,2217.0,29.0,23.0,Jhon Lucumí,100.0,17000000.0,1,2
ITA-Serie A,2324,Genoa,Mateo Retegui,ITA,FW,24.0,1999.0,2216.0,29.0,26.0,Mateo Retegui,100.0,16000000.0,2,3
ITA-Serie A,2324,Frosinone,Luca Mazzitelli,ITA,MF,27.0,1995.0,2210.0,29.0,26.0,Luca Mazzitelli,100.0,4000000.0,3,0
ITA-Serie A,2324,Juventus,Federico Chiesa,ITA,FW,25.0,1997.0,2197.0,33.0,25.0,Federico Chiesa,100.0,35000000.0,2,0
ITA-Serie A,2324,Milan,Davide Calabria,ITA,DF,26.0,1996.0,2185.0,29.0,26.0,Davide Calabria,100.0,13000000.0,1,1
ITA-Serie A,2324,Atalanta,Sead Kolašinac,BIH,DF,30.0,1993.0,2178.0,30.0,25.0,Sead Kolasinac,100.0,10000000.0,1,1
ITA-Serie A,2324,Roma,Diego Llorente,ESP,DF,29.0,1993.0,2170.0,29.0,27.0,Diego Llorente,100.0,7000000.0,3,1
ITA-Serie A,2324,Roma,Obite N'Dicka,CIV,DF,23.0,1999.0,2168.0,25.0,25.0,,69.56521739130434,,1,2
ITA-Serie A,2324,Torino,Adrien Tameze,CMR,"DF,MF",29.0,1994.0,2146.0,29.0,25.0,Adrien Tamèze,100.0,5000000.0,1,2
ITA-Serie A,2324,Hellas Verona,Paweł Dawidowicz,POL,DF,28.0,1995.0,2143.0,28.0,25.0,Paweł Dawidowicz,100.0,3000000.0,1,2
ITA-Serie A,2324,Monza,Luca Caldirola,ITA,DF,32.0,1991.0,2141.0,29.0,23.0,Luca Caldirola,100.0,1300000.0,3,1
ITA-Serie A,2324,Torino,Antonio Sanabria,PAR,FW,27.0,1996.0,2133.0,35.0,23.0,Antonio Sanabria,100.0,7000000.0,0,0
ITA-Serie A,2324,Milan,Fikayo Tomori,ENG,DF,25.0,1997.0,2121.0,26.0,24.0,Fikayo Tomori,100.0,40000000.0,3,1
ITA-Serie A,2324,Frosinone,Walid Cheddira,MAR,FW,25.0,1998.0,2120.0,36.0,24.0,Walid Cheddira,100.0,6000000.0,2,3
ITA-Serie A,2324,Napoli,Juan Jesus,BRA,DF,32.0,1991.0,2116.0,24.0,23.0,Juan Jesus,100.0,2500000.0,3,1
ITA-Serie A,2324,Lecce,Pontus Almqvist,SWE,"FW,MF",24.0,1999.0,2107.0,30.0,25.0,Pontus Almqvist,100.0,3000000.0,1,1
ITA-Serie A,2324,Salernitana,Loum Tchaouna,FRA,"MF,FW",19.0,2003.0,2100.0,33.0,23.0,Loum Tchaouna,100.0,8000000.0,0,0
ITA-Serie A,2324,Torino,Ivan Ilić,SRB,MF,22.0,2001.0,2098.0,31.0,25.0,Ivan Ilić,100.0,18000000.0,0,0
ITA-Serie A,2324,Udinese,Thomas Kristensen,DEN,DF,21.0,2002.0,2096.0,26.0,23.0,Thomas Kristensen,100.0,4500000.0,1,2
ITA-Serie A,2324,Hellas Verona,Tomáš Suslov,SVK,MF,21.0,2002.0,2092.0,32.0,23.0,Tomas Suslov,100.0,7000000.0,0,0
ITA-Serie A,2324,Udinese,Jaka Bijol,SVN,DF,24.0,1999.0,2084.0,24.0,23.0,Jaka Bijol,100.0,10000000.0,1,2
ITA-Serie A,2324,Sassuolo,Jeremy Toljan,GER,DF,28.0,1994.0,2083.0,25.0,24.0,Jeremy Toljan,100.0,3500000.0,1,2
ITA-Serie A,2324,Salernitana,Lassana Coulibaly,MLI,MF,27.0,1996.0,2082.0,28.0,25.0,Lassana Coulibaly,100.0,3500000.0,1,2
ITA-Serie A,2324,Inter,Federico Dimarco,ITA,MF,25.0,1997.0,2077.0,30.0,29.0,Federico Dimarco,100.0,50000000.0,0,0
ITA-Serie A,2324,Milan,Ruben Loftus-Cheek,ENG,MF,27.0,1996.0,2068.0,29.0,26.0,Ruben Loftus-Cheek,100.0,25000000.0,0,0
ITA-Serie A,2324,Fiorentina,Luca Ranieri,ITA,DF,24.0,1999.0,2065.0,26.0,23.0,Luca Ranieri,100.0,8000000.0,3,1
ITA-Serie A,2324,Fiorentina,Michael Kayode,ITA,DF,19.0,2004.0,2058.0,26.0,22.0,Michael Kayode,100.0,25000000.0,3,0
ITA-Serie A,2324,Empoli,Sebastian Walukiewicz,POL,DF,23.0,2000.0,2055.0,27.0,23.0,Sebastian Walukiewicz,100.0,2500000.0,1,2
ITA-Serie A,2324,Atalanta,Mario Pašalić,CRO,MF,28.0,1995.0,2051.0,34.0,23.0,Mario Pašalić,100.0,13000000.0,0,0
ITA-Serie A,2324,Monza,Dany Mota,POR,"MF,FW",25.0,1998.0,2049.0,34.0,24.0,Dany Mota,100.0,5000000.0,0,0
ITA-Serie A,2324,Empoli,Ardian Ismajli,ALB,DF,26.0,1996.0,2045.0,26.0,23.0,Ardian Ismajli,100.0,3000000.0,1,2
ITA-Serie A,2324,Atalanta,Charles De Ketelaere,BEL,"FW,MF",22.0,2001.0,2026.0,35.0,25.0,Charles De Ketelaere,100.0,34000000.0,2,0
ITA-Serie A,2324,Sassuolo,Daniel Boloca,ROU,MF,24.0,1998.0,2022.0,30.0,23.0,Daniel Boloca,100.0,7000000.0,1,1
ITA-Serie A,2324,Monza,Samuele Birindelli,ITA,"MF,DF",24.0,1999.0,2013.0,35.0,22.0,Samuele Birindelli,100.0,3500000.0,1,2
ITA-Serie A,2324,Torino,Valentino Lazaro,AUT,MF,27.0,1996.0,1994.0,35.0,21.0,Valentino Lazaro,100.0,3500000.0,0,2
ITA-Serie A,2324,Salernitana,Lorenzo Pirola,ITA,DF,21.0,2002.0,1987.0,27.0,24.0,Lorenzo Pirola,100.0,5500000.0,1,1
ITA-Serie A,2324,Udinese,Sandi Lovrić,SVN,MF,25.0,1998.0,1987.0,29.0,21.0,Sandi Lovrić,100.0,8000000.0,0,0
ITA-Serie A,2324,Fiorentina,Arthur Melo,BRA,MF,26.0,1996.0,1986.0,33.0,23.0,Arthur Melo,100.0,15000000.0,3,1
ITA-Serie A,2324,Napoli,Victor Osimhen,NGA,FW,24.0,1998.0,1982.0,25.0,22.0,Victor Osimhen,100.0,100000000.0,2,3
ITA-Serie A,2324,Cagliari,Matteo Prati,ITA,MF,19.0,2003.0,1972.0,26.0,19.0,Matteo Prati,100.0,10000000.0,1,1
ITA-Serie A,2324,Roma,Paulo Dybala,ARG,"FW,MF",29.0,1993.0,1959.0,28.0,25.0,Paulo Dybala,100.0,20000000.0,2,0
ITA-Serie A,2324,Lazio,Mattia Zaccagni,ITA,"FW,MF",28.0,1995.0,1956.0,28.0,24.0,Mattia Zaccagni,100.0,20000000.0,0,0
ITA-Serie A,2324,Cagliari,Zito Luvumbo,ANG,"MF,FW",21.0,2002.0,1946.0,30.0,19.0,Zito Luvumbo,100.0,7500000.0,0,0
ITA-Serie A,2324,Hellas Verona,Darko Lazović,SRB,MF,32.0,1990.0,1928.0,32.0,22.0,Darko Lazović,100.0,1500000.0,0,0
ITA-Serie A,2324,Napoli,Piotr Zieliński,POL,MF,29.0,1994.0,1924.0,28.0,23.0,Piotr Zielinski,100.0,22000000.0,0,0
ITA-Serie A,2324,Fiorentina,Nicolás González,ARG,MF,25.0,1998.0,1913.0,29.0,21.0,Nico González,89.65517241379311,35000000.0,2,3
ITA-Serie A,2324,Empoli,Liberato Cacace,NZL,"DF,MF",22.0,2000.0,1912.0,31.0,18.0,Liberato Cacace,100.0,2000000.0,1,2
ITA-Serie A,2324,Atalanta,Ademola Lookman,NGA,"FW,MF",25.0,1997.0,1894.0,31.0,22.0,Ademola Lookman,100.0,40000000.0,2,3
ITA-Serie A,2324,Fiorentina,Alfred Duncan,GHA,MF,30.0,1993.0,1888.0,30.0,24.0,Alfred Duncan,100.0,4000000.0,0,0
ITA-Serie A,2324,Bologna,Alexis Saelemaekers,BEL,MF,24.0,1999.0,1887.0,30.0,21.0,Alexis Saelemaekers,100.0,12000000.0,0,0
ITA-Serie A,2324,Empoli,Emmanuel Gyasi,GHA,MF,29.0,1994.0,1879.0,33.0,21.0,Emmanuel Gyasi,100.0,1800000.0,1,3
ITA-Serie A,2324,Atalanta,Davide Zappacosta,ITA,MF,31.0,1992.0,1867.0,31.0,23.0,Davide Zappacosta,100.0,6000000.0,0,0
ITA-Serie A,2324,Roma,Lorenzo Pellegrini,ITA,MF,27.0,1996.0,1859.0,29.0,20.0,Lorenzo Pellegrini,100.0,25000000.0,0,0
ITA-Serie A,2324,Torino,Karol Linetty,POL,MF,28.0,1995.0,1858.0,28.0,19.0,Karol Linetty,100.0,3500000.0,1,2
ITA-Serie A,2324,Udinese,Roberto Pereyra,ARG,"FW,MF",32.0,1991.0,1858.0,27.0,22.0,Roberto Pereyra,100.0,2000000.0,0,0
ITA-Serie A,2324,Udinese,João Ferreira,POR,"DF,MF",22.0,2001.0,1822.0,35.0,18.0,João Ferreira,100.0,2000000.0,1,2
ITA-Serie A,2324,Lecce,Remi Oudin,FRA,"MF,FW",26.0,1996.0,1819.0,31.0,21.0,Rémi Oudin,100.0,3500000.0,0,0
ITA-Serie A,2324,Empoli,Răzvan Marin,ROU,MF,27.0,1996.0,1818.0,30.0,20.0,Răzvan Marin,100.0,2700000.0,0,0
ITA-Serie A,2324,Juventus,Filip Kostić,SRB,MF,30.0,1992.0,1815.0,29.0,26.0,Filip Kostic,100.0,6500000.0,0,0
ITA-Serie A,2324,Lazio,Mario Gila,ESP,DF,22.0,2000.0,1809.0,21.0,21.0,Mario Gila,100.0,13000000.0,1,2
ITA-Serie A,2324,Empoli,Alberto Grassi,ITA,MF,28.0,1995.0,1807.0,27.0,22.0,Alberto Grassi,100.0,1800000.0,1,2
ITA-Serie A,2324,Salernitana,Giulio Maggiore,ITA,MF,25.0,1998.0,1800.0,27.0,20.0,Giulio Maggiore,100.0,3500000.0,3,0
ITA-Serie A,2324,Udinese,Martín Payero,ARG,MF,24.0,1998.0,1796.0,29.0,21.0,Martín Payero,100.0,4500000.0,1,1
ITA-Serie A,2324,Bologna,Riccardo Orsolini,ITA,MF,26.0,1997.0,1792.0,33.0,19.0,Riccardo Orsolini,100.0,16000000.0,2,0
ITA-Serie A,2324,Empoli,Matteo Cancellieri,ITA,"FW,MF",21.0,2002.0,1788.0,36.0,18.0,Matteo Cancellieri,100.0,4800000.0,0,3
ITA-Serie A,2324,Roma,Edoardo Bove,ITA,MF,21.0,2002.0,1780.0,31.0,18.0,Edoardo Bove,100.0,18000000.0,1,2
ITA-Serie A,2324,Bologna,Dan Ndoye,SUI,"MF,FW",22.0,2000.0,1771.0,32.0,20.0,Dan Ndoye,100.0,14000000.0,0,0
ITA-Serie A,2324,Empoli,Bartosz Bereszyński,POL,DF,31.0,1992.0,1762.0,24.0,22.0,Bartosz Bereszyński,100.0,1300000.0,1,2
ITA-Serie A,2324,Salernitana,Norbert Gyömbér,SVK,DF,31.0,1992.0,1760.0,22.0,20.0,Norbert Gyömbér,100.0,1300000.0,1,2
ITA-Serie A,2324,Roma,Rasmus Kristensen,DEN,"MF,DF",26.0,1997.0,1744.0,29.0,19.0,Rasmus Nissen Kristensen,95.0,10000000.0,3,0
ITA-Serie A,2324,Roma,Stephan El Shaarawy,ITA,"FW,MF",30.0,1992.0,1738.0,33.0,19.0,Stephan El Shaarawy,100.0,5000000.0,0,0
ITA-Serie A,2324,Milan,Alessandro Florenzi,ITA,"DF,MF",32.0,1991.0,1732.0,31.0,19.0,Alessandro Florenzi,100.0,2000000.0,0,0
ITA-Serie A,2324,Inter,Carlos Augusto,BRA,"MF,DF",24.0,1999.0,1725.0,37.0,14.0,Carlos Augusto,100.0,22000000.0,1,2
ITA-Serie A,2324,Hellas Verona,Jackson Tchatchoua,CMR,DF,21.0,2001.0,1725.0,26.0,19.0,Jackson Tchatchoua,100.0,3000000.0,1,2
ITA-Serie A,2324,Monza,Giorgos Kyriakopoulos,GRE,"MF,DF",27.0,1996.0,1712.0,28.0,20.0,Georgios Kyriakopoulos,93.02325581395348,3500000.0,0,2
ITA-Serie A,2324,Genoa,Radu Drăgușin,ROU,DF,21.0,2002.0,2139.0,28.0,23.0,Radu Drăgușin,100.0,25000000.0,3,1
ITA-Serie A,2324,Udinese,Florian Thauvin,FRA,FW,30.0,1993.0,1710.0,29.0,19.0,Florian Thauvin,100.0,3000000.0,0,0
ITA-Serie A,2324,Udinese,Festy Ebosele,IRL,MF,20.0,2002.0,1700.0,31.0,20.0,Festy Ebosele,100.0,6000000.0,1,2
ITA-Serie A,2324,Fiorentina,Lucas Beltrán,ARG,"FW,MF",22.0,2001.0,1692.0,32.0,21.0,Lucas Beltrán,100.0,16000000.0,2,0
ITA-Serie A,2324,Fiorentina,Jonathan Ikone,FRA,MF,25.0,1998.0,1682.0,28.0,18.0,Jonathan Ikoné,100.0,10000000.0,0,3
ITA-Serie A,2324,Lazio,Valentín Castellanos,ARG,FW,24.0,1998.0,1682.0,35.0,16.0,,77.77777777777779,,2,3
ITA-Serie A,2324,Inter,Benjamin Pavard,FRA,DF,27.0,1996.0,1672.0,23.0,21.0,Benjamin Pavard,100.0,50000000.0,1,2
ITA-Serie A,2324,Lazio,Manuel Lazzari,ITA,"DF,MF",29.0,1993.0,1671.0,24.0,19.0,Manuel Lazzari,100.0,4000000.0,1,2
ITA-Serie A,2324,Hellas Verona,Suat Serdar,GER,MF,26.0,1997.0,1659.0,25.0,19.0,Suat Serdar,100.0,5000000.0,1,2
ITA-Serie A,2324,Lazio,Ciro Immobile,ITA,FW,33.0,1990.0,1652.0,31.0,21.0,Ciro Immobile,100.0,4000000.0,2,3
ITA-Serie A,2324,Monza,Armando Izzo,ITA,DF,31.0,1992.0,1650.0,23.0,20.0,Armando Izzo,100.0,2500000.0,1,2
ITA-Serie A,2324,Lecce,Alexis Blin,FRA,MF,26.0,1996.0,1642.0,31.0,16.0,Alexis Blin,100.0,3000000.0,1,2
ITA-Serie A,2324,Inter,Denzel Dumfries,NED,MF,27.0,1996.0,1639.0,31.0,19.0,Denzel Dumfries,100.0,24000000.0,0,0
ITA-Serie A,2324,Hellas Verona,Diego Coppola,ITA,DF,19.0,2003.0,1634.0,24.0,18.0,Diego Coppola,100.0,6000000.0,3,1
ITA-Serie A,2324,Napoli,Leo Østigård,NOR,DF,23.0,1999.0,1625.0,25.0,18.0,Leo Østigård,100.0,8000000.0,3,1
ITA-Serie A,2324,Milan,Malick Thiaw,GER,DF,21.0,2001.0,1619.0,21.0,19.0,Malick Thiaw,100.0,25000000.0,1,2
ITA-Serie A,2324,Sassuolo,Marcus Pedersen,NOR,DF,23.0,2000.0,1613.0,28.0,16.0,Marcus Pedersen,100.0,5500000.0,1,2
ITA-Serie A,2324,Cagliari,Alessandro Deiola,ITA,MF,27.0,1995.0,1608.0,27.0,19.0,Alessandro Deiola,100.0,1900000.0,1,1
ITA-Serie A,2324,Lazio,Patric,ESP,DF,30.0,1993.0,1608.0,20.0,19.0,Patric,100.0,4000000.0,3,1
ITA-Serie A,2324,Monza,Patrick Ciurria,ITA,MF,28.0,1995.0,1598.0,22.0,18.0,Patrick Ciurria,100.0,4000000.0,1,0
ITA-Serie A,2324,Fiorentina,Rolando Mandragora,ITA,MF,26.0,1997.0,1588.0,33.0,16.0,Rolando Mandragora,100.0,8500000.0,0,3
ITA-Serie A,2324,Inter,Stefan de Vrij,NED,DF,31.0,1992.0,1586.0,25.0,17.0,Stefan de Vrij,100.0,7000000.0,3,1
ITA-Serie A,2324,Napoli,Giacomo Raspadori,ITA,FW,23.0,2000.0,1584.0,37.0,14.0,Giacomo Raspadori,100.0,25000000.0,2,0
ITA-Serie A,2324,Napoli,Mathías Olivera,URU,DF,25.0,1997.0,1569.0,23.0,18.0,Mathías Olivera,100.0,15000000.0,3,1
ITA-Serie A,2324,Lecce,Patrick Dorgu,DEN,"MF,DF",18.0,2004.0,1564.0,32.0,17.0,Patrick Dorgu,100.0,12000000.0,0,0
ITA-Serie A,2324,Frosinone,Francesco Gelli,ITA,"MF,DF",26.0,1996.0,1561.0,27.0,16.0,Francesco Gelli,100.0,1000000.0,1,2
ITA-Serie A,2324,Lazio,Nicolò Casale,ITA,DF,25.0,1998.0,1559.0,20.0,16.0,Nicolò Casale,100.0,14000000.0,1,2
ITA-Serie A,2324,Fiorentina,M'Bala Nzola,ANG,FW,26.0,1996.0,1552.0,33.0,15.0,M'Bala Nzola,100.0,7000000.0,2,3
ITA-Serie A,2324,Genoa,Ruslan Malinovskyi,UKR,"MF,FW",30.0,1993.0,1544.0,28.0,18.0,Ruslan Malinovskyi,100.0,8000000.0,0,3
ITA-Serie A,2324,Lazio,Daichi Kamada,JPN,MF,26.0,1996.0,1544.0,29.0,17.0,Daichi Kamada,100.0,18000000.0,1,1
ITA-Serie A,2324,Monza,Danilo D'Ambrosio,ITA,DF,34.0,1988.0,1536.0,24.0,16.0,Danilo D'Ambrosio,100.0,1000000.0,1,2
ITA-Serie A,2324,Frosinone,Pol Lirola,ESP,"DF,MF",25.0,1997.0,1536.0,25.0,18.0,Pol Lirola,100.0,1800000.0,3,1
ITA-Serie A,2324,Sassuolo,Ruan,BRA,DF,24.0,1999.0,1516.0,26.0,16.0,Ruan,100.0,2500000.0,1,2
ITA-Serie A,2324,Hellas Verona,Juan David Cabal,COL,DF,22.0,2001.0,1497.0,22.0,17.0,Juan Jesus,85.5,2500000.0,1,2
ITA-Serie A,2324,Monza,Andrea Carboni,ITA,DF,22.0,2001.0,1487.0,21.0,16.0,Andrea Carboni,100.0,4000000.0,1,1
ITA-Serie A,2324,Salernitana,Grigoris Kastanos,CYP,MF,25.0,1998.0,1480.0,26.0,18.0,Grigoris Kastanos,100.0,1800000.0,0,0
ITA-Serie A,2324,Milan,Yunus Musah,USA,MF,20.0,2002.0,1478.0,30.0,13.0,Yunus Musah,100.0,22000000.0,1,2
ITA-Serie A,2324,Monza,Warren Bondo,FRA,MF,19.0,2003.0,1475.0,25.0,14.0,Warren Bondo,100.0,6000000.0,1,1
ITA-Serie A,2324,Frosinone,Ilario Monterisi,ITA,DF,21.0,2001.0,1469.0,24.0,16.0,Ilario Monterisi,100.0,2800000.0,3,1
ITA-Serie A,2324,Fiorentina,Fabiano Parisi,ITA,DF,22.0,2000.0,1454.0,21.0,16.0,Fabiano Parisi,100.0,9500000.0,1,2
ITA-Serie A,2324,Atalanta,Gianluca Scamacca,ITA,FW,24.0,1999.0,1453.0,29.0,17.0,Gianluca Scamacca,100.0,35000000.0,2,3
ITA-Serie A,2324,Sassuolo,Domenico Berardi,ITA,"MF,FW",28.0,1994.0,1431.0,17.0,17.0,Domenico Berardi,100.0,10000000.0,2,0
ITA-Serie A,2324,Hellas Verona,Cyril Ngonge,BEL,"MF,FW",23.0,2000.0,1746.0,32.0,18.0,Cyril Ngonge,100.0,12000000.0,2,0
ITA-Serie A,2324,Milan,Yacine Adli,FRA,MF,23.0,2000.0,1407.0,24.0,17.0,Yacine Adli,100.0,15000000.0,3,0
ITA-Serie A,2324,Torino,Mërgim Vojvoda,KVX,"MF,DF",28.0,1995.0,1379.0,28.0,15.0,Mërgim Vojvoda,100.0,3000000.0,1,2
ITA-Serie A,2324,Lecce,Roberto Piccoli,ITA,FW,22.0,2001.0,1417.0,37.0,12.0,Roberto Piccoli,100.0,4000000.0,2,3
ITA-Serie A,2324,Lecce,Mohamed Kaba,GUI,MF,21.0,2001.0,1378.0,23.0,15.0,Mohamed Kaba,100.0,3500000.0,1,2
ITA-Serie A,2324,Genoa,Aarón Martín,ESP,"MF,DF",26.0,1997.0,1376.0,22.0,17.0,Aarón Martín,100.0,5000000.0,1,2
ITA-Serie A,2324,Lazio,Danilo Cataldi,ITA,MF,28.0,1994.0,1361.0,28.0,15.0,Danilo Cataldi,100.0,5500000.0,3,0
ITA-Serie A,2324,Monza,Lorenzo Colombo,ITA,FW,21.0,2002.0,1359.0,25.0,16.0,Lorenzo Colombo,100.0,6000000.0,2,3
ITA-Serie A,2324,Salernitana,Federico Fazio,ARG,DF,36.0,1987.0,1355.0,17.0,15.0,Federico Fazio,100.0,400000.0,3,1
ITA-Serie A,2324,Lecce,Lameck Banda,ZAM,"FW,MF",22.0,2001.0,1350.0,21.0,17.0,Lameck Banda,100.0,6000000.0,0,0
ITA-Serie A,2324,Sassuolo,Josh Doig,SCO,"DF,MF",21.0,2002.0,2173.0,28.0,26.0,Josh Doig,100.0,6000000.0,1,2
ITA-Serie A,2324,Hellas Verona,Tijjani Noslin,NED,"FW,MF",24.0,1999.0,1339.0,17.0,17.0,Tijjani Noslin,100.0,10000000.0,2,3
ITA-Serie A,2324,Cagliari,Ibrahim Sulemana,GHA,MF,20.0,2003.0,1339.0,21.0,16.0,Ibrahim Sulemana,100.0,4000000.0,3,1
ITA-Serie A,2324,Lazio,Nicolò Rovella,ITA,MF,21.0,2001.0,1318.0,23.0,16.0,Nicolò Rovella,100.0,18000000.0,1,2
ITA-Serie A,2324,Roma,Leonardo Spinazzola,ITA,"MF,DF",30.0,1993.0,1312.0,24.0,15.0,Leonardo Spinazzola,100.0,4000000.0,0,0
ITA-Serie A,2324,Sassuolo,Nedim Bajrami,ALB,"MF,FW",24.0,1999.0,1310.0,28.0,15.0,Nedim Bajrami,100.0,4500000.0,0,0
ITA-Serie A,2324,Hellas Verona,Filippo Terracciano,ITA,"MF,DF",20.0,2003.0,1372.0,21.0,15.0,Filippo Terracciano,100.0,4500000.0,1,2
ITA-Serie A,2324,Lecce,Joan Gonzàlez,ESP,MF,21.0,2002.0,1291.0,29.0,13.0,Joan González,100.0,4500000.0,0,0
ITA-Serie A,2324,Milan,Matteo Gabbia,ITA,DF,23.0,1999.0,1752.0,25.0,20.0,Matteo Gabbia,100.0,8000000.0,3,1
ITA-Serie A,2324,Salernitana,Pasquale Mazzocchi,ITA,"MF,DF",28.0,1995.0,1700.0,28.0,20.0,Pasquale Mazzocchi,100.0,3000000.0,1,2
ITA-Serie A,2324,Empoli,Francesco Caputo,ITA,FW,35.0,1987.0,1268.0,20.0,15.0,Francesco Caputo,100.0,1000000.0,2,3
ITA-Serie A,2324,Frosinone,Nadir Zortea,ITA,"MF,DF",24.0,1999.0,1407.0,19.0,14.0,Nadir Zortea,100.0,3000000.0,0,0
ITA-Serie A,2324,Juventus,Timothy Weah,USA,MF,23.0,2000.0,1258.0,30.0,12.0,Timothy Weah,100.0,12000000.0,1,2
ITA-Serie A,2324,Monza,Milan Đurić,BIH,FW,33.0,1990.0,2461.0,37.0,26.0,Milan Djuric,86.95652173913044,1500000.0,2,3
ITA-Serie A,2324,Empoli,Jacopo Fazzini,ITA,MF,20.0,2003.0,1232.0,31.0,14.0,Jacopo Fazzini,100.0,6000000.0,1,0
ITA-Serie A,2324,Cagliari,Yerry Mina,COL,DF,28.0,1994.0,1259.0,18.0,14.0,Yerry Mina,100.0,3000000.0,3,1
ITA-Serie A,2324,Cagliari,Nicolas Viola,ITA,"MF,FW",33.0,1989.0,1207.0,26.0,11.0,Nicolas Viola,100.0,800000.0,0,0
ITA-Serie A,2324,Genoa,Kevin Strootman,NED,MF,33.0,1990.0,1207.0,27.0,15.0,Kevin Strootman,100.0,800000.0,1,2
ITA-Serie A,2324,Cagliari,Gianluca Lapadula,PER,FW,33.0,1990.0,1205.0,23.0,14.0,Gianluca Lapadula,100.0,1500000.0,2,3
ITA-Serie A,2324,Napoli,Mário Rui,POR,DF,32.0,1991.0,1205.0,21.0,14.0,Mário Rui,100.0,3500000.0,1,2
ITA-Serie A,2324,Lecce,Hamza Rafia,TUN,MF,24.0,1999.0,1204.0,28.0,17.0,Hamza Rafia,100.0,1700000.0,1,0
ITA-Serie A,2324,Lazio,Elseid Hysaj,ALB,DF,29.0,1994.0,1199.0,22.0,11.0,Elseid Hysaj,100.0,2500000.0,1,2
ITA-Serie A,2324,Frosinone,Anthony Oyono,GAB,"DF,MF",22.0,2001.0,1198.0,16.0,14.0,Anthony Oyono,100.0,2000000.0,1,2
ITA-Serie A,2324,Roma,Rick Karsdorp,NED,"MF,DF",28.0,1995.0,1191.0,18.0,14.0,Rick Karsdorp,100.0,5000000.0,1,2
ITA-Serie A,2324,Juventus,Daniele Rugani,ITA,DF,29.0,1994.0,1187.0,17.0,13.0,Daniele Rugani,100.0,4000000.0,3,1
ITA-Serie A,2324,Frosinone,Emanuele Valeri,ITA,"MF,DF",24.0,1998.0,1178.0,16.0,14.0,Emanuele Valeri,100.0,2300000.0,1,0
ITA-Serie A,2324,Atalanta,Aleksei Miranchuk,RUS,"MF,FW",27.0,1995.0,1176.0,27.0,12.0,Aleksey Miranchuk,94.11764705882352,10000000.0,0,0
ITA-Serie A,2324,Milan,Simon Kjær,DEN,DF,34.0,1989.0,1171.0,20.0,14.0,Simon Kjaer,85.71428571428572,1500000.0,1,2
ITA-Serie A,2324,Monza,Valentin Carboni,ARG,MF,18.0,2005.0,1169.0,31.0,10.0,Valentín Carboni,100.0,15000000.0,0,0
ITA-Serie A,2324,Genoa,Alessandro Vogliacco,ITA,DF,24.0,1998.0,1169.0,20.0,14.0,Alessandro Vogliacco,100.0,2000000.0,1,2
ITA-Serie A,2324,Salernitana,Toma Bašić,CRO,MF,26.0,1996.0,1162.0,15.0,14.0,Toma Bašić,100.0,2800000.0,1,2
ITA-Serie A,2324,Genoa,Morten Thorsby,NOR,MF,27.0,1996.0,1157.0,24.0,9.0,Morten Thorsby,100.0,3000000.0,3,3
ITA-Serie A,2324,Lazio,Matías Vecino,URU,MF,31.0,1991.0,1153.0,31.0,8.0,Matías Vecino,100.0,2500000.0,2,3
ITA-Serie A,2324,Milan,Ismaël Bennacer,ALG,MF,25.0,1997.0,1151.0,20.0,13.0,Ismaël Bennacer,100.0,30000000.0,3,0
ITA-Serie A,2324,Frosinone,Riccardo Marchizza,ITA,DF,25.0,1998.0,1148.0,13.0,13.0,Riccardo Marchizza,100.0,2500000.0,0,2
ITA-Serie A,2324,Salernitana,Mateusz Łęgowski,POL,MF,20.0,2003.0,1145.0,29.0,10.0,Mateusz Łęgowski,100.0,3000000.0,1,2
ITA-Serie A,2324,Salernitana,Boulaye Dia,SEN,"FW,MF",26.0,1996.0,1143.0,17.0,12.0,Boulaye Dia,100.0,10000000.0,2,3
ITA-Serie A,2324,Roma,Angeliño,ESP,"DF,MF",26.0,1997.0,1141.0,16.0,14.0,Angeliño,100.0,8000000.0,1,2
ITA-Serie A,2324,Genoa,Caleb Ekuban,GHA,FW,29.0,1994.0,1131.0,29.0,10.0,Caleb Ekuban,100.0,1500000.0,2,3
ITA-Serie A,2324,Atalanta,Hans Hateboer,NED,MF,29.0,1994.0,1113.0,23.0,10.0,Hans Hateboer,100.0,3500000.0,1,2
ITA-Serie A,2324,Lecce,Gabriel Strefezza,BRA,"FW,MF",26.0,1997.0,1112.0,19.0,13.0,Gabriel Strefezza,100.0,6000000.0,0,0
ITA-Serie A,2324,Cagliari,Gaetano Oristanio,ITA,"FW,MF",20.0,2002.0,1104.0,25.0,11.0,Gaetano Oristanio,100.0,4000000.0,0,3
ITA-Serie A,2324,Fiorentina,Riccardo Sottil,ITA,MF,24.0,1999.0,1103.0,22.0,13.0,Riccardo Sottil,100.0,6000000.0,0,0
ITA-Serie A,2324,Juventus,Fabio Miretti,ITA,MF,19.0,2003.0,1103.0,25.0,16.0,Fabio Miretti,100.0,15000000.0,0,0
ITA-Serie A,2324,Empoli,Tyronne Ebuehi,NGA,DF,27.0,1995.0,1099.0,15.0,11.0,Tyronne Ebuehi,100.0,2000000.0,1,2
ITA-Serie A,2324,Fiorentina,Christian Kouamé,CIV,MF,25.0,1997.0,1089.0,23.0,11.0,Christian Kouamé,100.0,7500000.0,0,0
ITA-Serie A,2324,Empoli,Giuseppe Pezzella,ITA,"MF,DF",25.0,1997.0,1085.0,19.0,14.0,Giuseppe Pezzella,100.0,2200000.0,1,2
ITA-Serie A,2324,Hellas Verona,Martin Hongla,CMR,MF,25.0,1998.0,1646.0,28.0,18.0,Martin Hongla,100.0,2500000.0,1,2
ITA-Serie A,2324,Lazio,Gustav Isaksen,DEN,"FW,MF",22.0,2001.0,1074.0,28.0,12.0,Gustav Isaksen,100.0,12000000.0,0,0
ITA-Serie A,2324,Salernitana,Chukwubuikem Ikwuemesi,NGA,FW,21.0,2001.0,1061.0,25.0,11.0,Chukwubuikem Ikwuemesi,100.0,1800000.0,0,3
ITA-Serie A,2324,Frosinone,Reinier,BRA,"MF,FW",21.0,2002.0,1059.0,22.0,13.0,Reinier,100.0,3500000.0,3,0
ITA-Serie A,2324,Bologna,Giovanni Fabbian,ITA,MF,20.0,2003.0,1057.0,27.0,11.0,Giovanni Fabbian,100.0,14000000.0,2,3
ITA-Serie A,2324,Genoa,Junior Messias,BRA,"MF,FW",32.0,1991.0,1053.0,18.0,13.0,Junior Messias,100.0,2500000.0,0,0
ITA-Serie A,2324,Udinese,Jordan Zemura,ZIM,MF,23.0,1999.0,1038.0,27.0,10.0,Jordan Zemura,100.0,5000000.0,3,1
ITA-Serie A,2324,Salernitana,Junior Sambia,CTA,MF,26.0,1996.0,1032.0,18.0,10.0,Junior Sambia,100.0,2000000.0,0,0
ITA-Serie A,2324,Torino,Adam Masina,MAR,DF,29.0,1994.0,1088.0,20.0,11.0,Adam Masina,100.0,1500000.0,1,2
ITA-Serie A,2324,Frosinone,Abdou Harroui,NED,MF,25.0,1998.0,1019.0,18.0,13.0,Abdou Harroui,100.0,2700000.0,2,3
ITA-Serie A,2324,Milan,Samuel Chukwueze,NGA,"MF,FW",24.0,1999.0,1017.0,24.0,12.0,Samuel Chukwueze,100.0,20000000.0,0,3
ITA-Serie A,2324,Napoli,Jens Cajuste,SWE,MF,23.0,1999.0,1016.0,26.0,11.0,Jens Cajuste,100.0,10000000.0,1,2
ITA-Serie A,2324,Hellas Verona,Federico Bonazzoli,ITA,FW,26.0,1997.0,1016.0,24.0,10.0,Federico Bonazzoli,100.0,2500000.0,2,3
ITA-Serie A,2324,Sassuolo,Matías Viña,URU,DF,25.0,1997.0,1014.0,15.0,13.0,Matías Viña,100.0,8000000.0,1,2
ITA-Serie A,2324,Cagliari,Edoardo Goldaniga,ITA,DF,29.0,1993.0,1011.0,13.0,12.0,Edoardo Goldaniga,100.0,1200000.0,1,2
ITA-Serie A,2324,Cagliari,Andrea Petagna,ITA,FW,28.0,1995.0,995.0,18.0,13.0,Andrea Petagna,100.0,3800000.0,0,3
ITA-Serie A,2324,Sassuolo,Mattia Viti,ITA,DF,21.0,2002.0,979.0,15.0,12.0,Mattia Viti,100.0,5000000.0,3,1
ITA-Serie A,2324,Roma,Nicola Zalewski,POL,"MF,FW",21.0,2002.0,968.0,22.0,10.0,Nicola Zalewski,100.0,12000000.0,1,2
ITA-Serie A,2324,Atalanta,Rafael Tolói,ITA,DF,32.0,1990.0,965.0,18.0,10.0,Rafael Tolói,100.0,2500000.0,1,2
ITA-Serie A,2324,Cagliari,Mateusz Wieteska,POL,DF,26.0,1997.0,1139.0,21.0,12.0,Mateusz Wieteska,100.0,3000000.0,3,1
ITA-Serie A,2324,Udinese,Kingsley Ehizibue,NED,MF,28.0,1995.0,955.0,23.0,11.0,Kingsley Ehizibue,100.0,2200000.0,1,0
ITA-Serie A,2324,Inter,Davide Frattesi,ITA,MF,23.0,1999.0,955.0,32.0,6.0,Davide Frattesi,100.0,35000000.0,2,3
ITA-Serie A,2324,Napoli,Natan,BRA,DF,22.0,2001.0,952.0,14.0,11.0,Natan,100.0,12000000.0,1,2
ITA-Serie A,2324,Juventus,Kenan Yıldız,TUR,FW,18.0,2005.0,952.0,27.0,9.0,Kenan Yıldız,100.0,30000000.0,0,0
ITA-Serie A,2324,Cagliari,Paulo Azzi,BRA,"MF,DF",29.0,1994.0,950.0,25.0,9.0,Paulo Azzi,100.0,1000000.0,1,0
ITA-Serie A,2324,Fiorentina,Andrea Belotti,ITA,FW,29.0,1993.0,1628.0,29.0,17.0,Andrea Belotti,100.0,5000000.0,2,3
ITA-Serie A,2324,Atalanta,Emil Holm,SWE,MF,23.0,2000.0,947.0,22.0,12.0,Emil Holm,100.0,12000000.0,0,0
ITA-Serie A,2324,Salernitana,Matteo Lovato,ITA,DF,23.0,2000.0,1491.0,26.0,17.0,Matteo Lovato,100.0,4000000.0,1,2
ITA-Serie A,2324,Cagliari,Adam Obert,SVK,DF,20.0,2002.0,941.0,17.0,10.0,Adam Obert,100.0,3500000.0,1,2
ITA-Serie A,2324,Atalanta,Isak Hien,SWE,DF,24.0,1999.0,1801.0,26.0,18.0,Isak Hien,100.0,20000000.0,1,2
ITA-Serie A,2324,Cagliari,Eldor Shomurodov,UZB,"MF,FW",28.0,1995.0,936.0,22.0,10.0,Eldor Shomurodov,100.0,5000000.0,2,3
ITA-Serie A,2324,Bologna,Kacper Urbanski,POL,"MF,FW",18.0,2004.0,926.0,22.0,9.0,Kacper Urbański,100.0,7000000.0,1,0
ITA-Serie A,2324,Salernitana,Alessandro Zanoli,ITA,"MF,DF",22.0,2000.0,973.0,21.0,10.0,Alessandro Zanoli,100.0,5000000.0,1,2
ITA-Serie A,2324,Juventus,Arkadiusz Milik,POL,FW,29.0,1994.0,919.0,32.0,7.0,Arkadiusz Milik,100.0,6000000.0,2,3
ITA-Serie A,2324,Inter,Yann Aurel Bisseck,GER,DF,22.0,2000.0,904.0,16.0,9.0,Yann Sommer,85.5,5000000.0,3,0
ITA-Serie A,2324,Bologna,Babis Lykogiannis,GRE,DF,29.0,1993.0,904.0,22.0,10.0,,74.64285714285714,,0,0
ITA-Serie A,2324,Fiorentina,Maxime Lopez,FRA,MF,25.0,1997.0,940.0,21.0,9.0,Maxime Lopez,100.0,7500000.0,1,2
ITA-Serie A,2324,Empoli,Tommaso Baldanzi,ITA,"MF,FW",20.0,2003.0,1263.0,27.0,14.0,Tommaso Baldanzi,100.0,15000000.0,0,0
ITA-Serie A,2324,Cagliari,Gianluca Gaetano,ITA,"MF,FW",23.0,2000.0,906.0,20.0,11.0,Gianluca Gaetano,100.0,6000000.0,2,3
ITA-Serie A,2324,Hellas Verona,Davide Faraoni,ITA,MF,31.0,1991.0,994.0,19.0,11.0,Davide Faraoni,100.0,1500000.0,1,2
ITA-Serie A,2425,Lecce,Federico Baschirotto,ITA,DF,27.0,1996.0,3420.0,38.0,38.0,Federico Baschirotto,100.0,3600000.0,3,1
ITA-Serie A,2425,Roma,Obite N'Dicka,CIV,DF,24.0,1999.0,3420.0,38.0,38.0,,69.56521739130434,,1,2
ITA-Serie A,2425,Napoli,Amir Rrahmani,KVX,DF,30.0,1994.0,3406.0,38.0,38.0,Amir Rrahmani,100.0,12000000.0,1,1
ITA-Serie A,2425,Napoli,Giovanni Di Lorenzo,ITA,DF,30.0,1993.0,3330.0,37.0,37.0,Giovanni Di Lorenzo,100.0,12000000.0,3,1
ITA-Serie A,2425,Lazio,Mattéo Guendouzi,FRA,MF,25.0,1999.0,3270.0,37.0,37.0,Mattéo Guendouzi,100.0,32000000.0,1,1
ITA-Serie A,2425,Cagliari,Sebastiano Luperto,ITA,DF,27.0,1996.0,3240.0,36.0,36.0,Sebastiano Luperto,100.0,4000000.0,1,1
ITA-Serie A,2425,Empoli,Emmanuel Gyasi,GHA,MF,30.0,1994.0,3217.0,37.0,37.0,Emmanuel Gyasi,100.0,1400000.0,3,3
ITA-Serie A,2425,Bologna,Remo Freuler,SUI,MF,32.0,1992.0,3204.0,37.0,37.0,Remo Freuler,100.0,5000000.0,1,1
ITA-Serie A,2425,Udinese,Jesper Karlström,SWE,MF,29.0,1995.0,3186.0,37.0,36.0,Jesper Karlström,100.0,4000000.0,1,2
ITA-Serie A,2425,Roma,Angeliño,ESP,"MF,DF",27.0,1997.0,3177.0,38.0,36.0,Angeliño,100.0,20000000.0,3,0
ITA-Serie A,2425,Hellas Verona,Jackson Tchatchoua,CMR,"MF,DF",22.0,2001.0,3167.0,36.0,36.0,Jackson Tchatchoua,100.0,8000000.0,3,0
ITA-Serie A,2425,Roma,Gianluca Mancini,ITA,DF,28.0,1996.0,3143.0,37.0,36.0,Gianluca Mancini,100.0,15000000.0,3,0
ITA-Serie A,2425,Milan,Tijjani Reijnders,NED,MF,26.0,1998.0,3128.0,37.0,36.0,Tijjani Reijnders,100.0,60000000.0,0,0
ITA-Serie A,2425,Venezia,Jay Idzes,IDN,DF,24.0,2000.0,3127.0,35.0,35.0,Jay Idzes,100.0,7500000.0,1,1
ITA-Serie A,2425,Cagliari,Roberto Piccoli,ITA,FW,23.0,2001.0,3127.0,37.0,37.0,Roberto Piccoli,100.0,12000000.0,2,3
ITA-Serie A,2425,Fiorentina,Dodô,BRA,"DF,MF",25.0,1998.0,3115.0,35.0,35.0,Dodô,100.0,24000000.0,0,2
ITA-Serie A,2425,Genoa,Morten Frendrup,DEN,MF,23.0,2001.0,3103.0,35.0,35.0,Morten Frendrup,100.0,20000000.0,1,1
ITA-Serie A,2425,Genoa,Aarón Martín,ESP,"DF,MF",27.0,1997.0,3085.0,36.0,35.0,Aarón Martín,100.0,6500000.0,0,2
ITA-Serie A,2425,Fiorentina,Luca Ranieri,ITA,DF,25.0,1999.0,3071.0,36.0,35.0,Luca Ranieri,100.0,12000000.0,3,1
ITA-Serie A,2425,Cagliari,Gabriele Zappa,ITA,DF,24.0,1999.0,3060.0,37.0,35.0,Gabriele Zappa,100.0,4000000.0,3,0
ITA-Serie A,2425,Atalanta,Marten de Roon,NED,"MF,DF",33.0,1991.0,3058.0,36.0,34.0,Marten de Roon,100.0,5000000.0,3,1
ITA-Serie A,2425,Lecce,Nikola Krstović,MNE,FW,24.0,2000.0,3057.0,37.0,37.0,Nikola Krstović,100.0,15000000.0,2,3
ITA-Serie A,2425,Genoa,Johan Vásquez,MEX,DF,25.0,1998.0,3041.0,36.0,34.0,Johan Vásquez,100.0,14000000.0,3,1
ITA-Serie A,2425,Bologna,Sam Beukema,NED,DF,25.0,1998.0,3012.0,35.0,33.0,Sam Beukema,100.0,28000000.0,1,2
ITA-Serie A,2425,Parma,Simon Sohm,SUI,MF,23.0,2001.0,2989.0,37.0,36.0,Simon Sohm,100.0,5000000.0,3,1
ITA-Serie A,2425,Udinese,Jaka Bijol,SVN,DF,25.0,1999.0,2963.0,34.0,34.0,Jaka Bijol,100.0,18000000.0,1,1
ITA-Serie A,2425,Parma,Enrico Delprato,ITA,"DF,MF",24.0,1999.0,2947.0,34.0,32.0,Enrico Delprato,100.0,6500000.0,3,1
ITA-Serie A,2425,Napoli,Scott McTominay,SCO,MF,27.0,1996.0,2957.0,36.0,33.0,Scott McTominay,100.0,50000000.0,2,0
ITA-Serie A,2425,Hellas Verona,Diego Coppola,ITA,DF,20.0,2003.0,2927.0,34.0,33.0,Diego Coppola,100.0,10000000.0,3,1
ITA-Serie A,2425,Atalanta,Éderson Silva,BRA,MF,25.0,1999.0,2881.0,37.0,32.0,Éderson,90.0,50000000.0,3,1
ITA-Serie A,2425,Empoli,Giuseppe Pezzella,ITA,MF,26.0,1997.0,2878.0,35.0,34.0,Giuseppe Pezzella,100.0,2500000.0,1,2
ITA-Serie A,2425,Parma,Emanuele Valeri,ITA,"DF,MF",25.0,1998.0,2873.0,35.0,34.0,Emanuele Valeri,100.0,3000000.0,0,0
ITA-Serie A,2425,Venezia,Hans Nicolussi Caviglia,ITA,MF,24.0,2000.0,2861.0,35.0,33.0,Hans Nicolussi Caviglia,100.0,8500000.0,3,0
ITA-Serie A,2425,Napoli,Frank Anguissa,CMR,MF,28.0,1995.0,2852.0,35.0,32.0,Frank Anguissa,100.0,27000000.0,3,0
ITA-Serie A,2425,Genoa,Andrea Pinamonti,ITA,FW,25.0,1999.0,2850.0,36.0,33.0,Andrea Pinamonti,100.0,15000000.0,2,3
ITA-Serie A,2425,Monza,Giorgos Kyriakopoulos,GRE,MF,28.0,1996.0,2845.0,34.0,33.0,Georgios Kyriakopoulos,93.02325581395348,2500000.0,0,0
ITA-Serie A,2425,Torino,Saúl Coco,EQG,DF,25.0,1999.0,2845.0,32.0,32.0,Saúl Coco,100.0,10000000.0,3,1
ITA-Serie A,2425,Napoli,Romelu Lukaku,BEL,FW,31.0,1993.0,2843.0,36.0,35.0,Romelu Lukaku,100.0,22000000.0,2,3
ITA-Serie A,2425,Torino,Samuele Ricci,ITA,MF,22.0,2001.0,2825.0,34.0,34.0,Samuele Ricci,100.0,30000000.0,1,1
ITA-Serie A,2425,Juventus,Manuel Locatelli,ITA,MF,26.0,1998.0,2822.0,36.0,34.0,Manuel Locatelli,100.0,30000000.0,1,1
ITA-Serie A,2425,Napoli,Matteo Politano,ITA,"FW,MF",30.0,1993.0,2804.0,37.0,34.0,Matteo Politano,100.0,10000000.0,0,0
ITA-Serie A,2425,Lazio,Mario Gila,ESP,DF,23.0,2000.0,2741.0,32.0,31.0,Mario Gila,100.0,30000000.0,1,1
ITA-Serie A,2425,Lazio,Nicolò Rovella,ITA,MF,22.0,2001.0,2718.0,33.0,31.0,Nicolò Rovella,100.0,30000000.0,1,2
ITA-Serie A,2425,Cagliari,Tommaso Augello,ITA,"MF,DF",29.0,1994.0,2713.0,38.0,30.0,Tommaso Augello,100.0,1800000.0,0,2
ITA-Serie A,2425,Cagliari,Nadir Zortea,ITA,MF,25.0,1999.0,2713.0,35.0,33.0,Nadir Zortea,100.0,5000000.0,0,0
ITA-Serie A,2425,Fiorentina,Moise Kean,ITA,FW,24.0,2000.0,2704.0,32.0,31.0,Moise Kean,100.0,50000000.0,2,3
ITA-Serie A,2425,Milan,Theo Hernández,FRA,"DF,MF",26.0,1997.0,2696.0,33.0,30.0,Theo Hernández,100.0,35000000.0,0,0
ITA-Serie A,2425,Como,Nicolás Paz,ARG,"MF,FW",19.0,2004.0,2687.0,35.0,30.0,Nicolás Valentini,85.5,6000000.0,2,3
ITA-Serie A,2425,Lazio,Mattia Zaccagni,ITA,"MF,FW",29.0,1995.0,2686.0,34.0,33.0,Mattia Zaccagni,100.0,20000000.0,0,0
ITA-Serie A,2425,Lazio,Alessio Romagnoli,ITA,DF,29.0,1995.0,2672.0,32.0,31.0,Alessio Romagnoli,100.0,7000000.0,3,1
ITA-Serie A,2425,Lecce,Lassana Coulibaly,MLI,MF,28.0,1996.0,2667.0,38.0,30.0,Lassana Coulibaly,100.0,2500000.0,3,1
ITA-Serie A,2425,Monza,Pedro Pereira,POR,"MF,DF",26.0,1998.0,2665.0,35.0,32.0,Pedro Pereira,100.0,1500000.0,1,0
ITA-Serie A,2425,Torino,Ché Adams,SCO,FW,28.0,1996.0,2652.0,36.0,30.0,Ché Adams,100.0,15000000.0,2,3
ITA-Serie A,2425,Atalanta,Berat Djimsiti,ALB,DF,31.0,1993.0,2640.0,34.0,32.0,Berat Djimsiti,100.0,6000000.0,1,1
ITA-Serie A,2425,Napoli,Stanislav Lobotka,SVK,MF,29.0,1994.0,2636.0,32.0,31.0,Stanislav Lobotka,100.0,25000000.0,1,2
ITA-Serie A,2425,Como,Gabriel Strefezza,BRA,"MF,FW",27.0,1997.0,2619.0,37.0,32.0,Gabriel Strefezza,100.0,6000000.0,0,0
ITA-Serie A,2425,Como,Marc-Oliver Kempf,GER,DF,29.0,1995.0,2615.0,31.0,30.0,Marc Oliver Kempf,100.0,3000000.0,1,2
ITA-Serie A,2425,Bologna,Jhon Lucumí,COL,DF,26.0,1998.0,2614.0,32.0,29.0,Jhon Lucumí,100.0,22000000.0,1,2
ITA-Serie A,2425,Como,Lucas Da Cunha,FRA,MF,23.0,2001.0,2613.0,36.0,30.0,Lucas Da Cunha,100.0,10000000.0,0,0
ITA-Serie A,2425,Lecce,Antonino Gallo,ITA,DF,24.0,2000.0,2609.0,31.0,31.0,Antonino Gallo,100.0,4300000.0,1,2
ITA-Serie A,2425,Monza,Alessandro Bianco,ITA,MF,21.0,2002.0,2618.0,35.0,29.0,Alessandro Bianco,100.0,5000000.0,1,1
ITA-Serie A,2425,Empoli,Mattia Viti,ITA,DF,22.0,2002.0,2572.0,30.0,30.0,Mattia Viti,100.0,5500000.0,3,1
ITA-Serie A,2425,Roma,Manu Koné,FRA,MF,23.0,2001.0,2572.0,34.0,31.0,Manu Koné,100.0,40000000.0,1,0
ITA-Serie A,2425,Cagliari,Yerry Mina,COL,DF,29.0,1994.0,2569.0,31.0,31.0,Yerry Mina,100.0,3000000.0,1,1
ITA-Serie A,2425,Inter,Lautaro Martínez,ARG,FW,26.0,1997.0,2564.0,31.0,31.0,Lautaro Martínez,100.0,95000000.0,2,3
ITA-Serie A,2425,Empoli,Saba Goglichidze,GEO,DF,20.0,2004.0,2539.0,33.0,29.0,Saba Goglichidze,100.0,8000000.0,1,2
ITA-Serie A,2425,Como,Edoardo Goldaniga,ITA,DF,30.0,1993.0,2532.0,32.0,28.0,Edoardo Goldaniga,100.0,3000000.0,1,1
ITA-Serie A,2425,Parma,Ange-Yoan Bonny,CIV,FW,20.0,2003.0,2529.0,37.0,30.0,Ange-Yoan Bonny,100.0,20000000.0,0,3
ITA-Serie A,2425,Fiorentina,Robin Gosens,GER,"DF,MF",30.0,1994.0,2611.0,33.0,30.0,Robin Gosens,100.0,8000000.0,3,0
ITA-Serie A,2425,Venezia,Gianluca Busio,USA,MF,22.0,2002.0,2518.0,33.0,28.0,Gianluca Busio,100.0,6000000.0,1,0
ITA-Serie A,2425,Empoli,Ardian Ismajli,ALB,DF,27.0,1996.0,2508.0,29.0,29.0,Ardian Ismajli,100.0,6000000.0,1,2
ITA-Serie A,2425,Milan,Youssouf Fofana,FRA,MF,25.0,1999.0,2504.0,35.0,29.0,Youssouf Fofana,100.0,30000000.0,1,0
ITA-Serie A,2425,Udinese,Kingsley Ehizibue,NED,"MF,DF",29.0,1995.0,2498.0,33.0,30.0,Kingsley Ehizibue,100.0,2400000.0,1,2
ITA-Serie A,2425,Inter,Nicolò Barella,ITA,MF,27.0,1997.0,2493.0,33.0,29.0,Nicolò Barella,100.0,75000000.0,0,0
ITA-Serie A,2425,Milan,Christian Pulisic,USA,"MF,FW",25.0,1998.0,2478.0,34.0,29.0,Christian Pulisic,100.0,50000000.0,0,0
ITA-Serie A,2425,Venezia,Mikael Ellertsson,ISL,MF,22.0,2002.0,2470.0,36.0,29.0,Mikael Egill Ellertsson,95.0,3400000.0,3,1
ITA-Serie A,2425,Monza,Armando Izzo,ITA,DF,32.0,1992.0,2435.0,30.0,28.0,Armando Izzo,100.0,1500000.0,3,1
ITA-Serie A,2425,Lecce,Frederic Guilbert,FRA,DF,29.0,1994.0,2435.0,31.0,31.0,Frédéric Guilbert,100.0,2500000.0,1,2
ITA-Serie A,2425,Roma,Artem Dovbyk,UKR,FW,27.0,1997.0,2418.0,32.0,27.0,Artem Dovbyk,100.0,30000000.0,2,3
ITA-Serie A,2425,Cagliari,Michel Ndary Adopo,FRA,MF,24.0,2000.0,2409.0,35.0,27.0,Michel Adopo,85.5,4000000.0,1,1
ITA-Serie A,2425,Juventus,Kenan Yıldız,TUR,MF,19.0,2005.0,2402.0,35.0,28.0,Kenan Yıldız,100.0,50000000.0,0,0
ITA-Serie A,2425,Atalanta,Raoul Bellanova,ITA,MF,24.0,2000.0,2489.0,35.0,28.0,Raoul Bellanova,100.0,24000000.0,0,0
ITA-Serie A,2425,Inter,Alessandro Bastoni,ITA,DF,25.0,1999.0,2401.0,33.0,31.0,Alessandro Bastoni,100.0,80000000.0,3,0
ITA-Serie A,2425,Inter,Henrikh Mkhitaryan,ARM,MF,35.0,1989.0,2396.0,32.0,30.0,Henrikh Mkhitaryan,100.0,4000000.0,3,0
ITA-Serie A,2425,Hellas Verona,Ondrej Duda,SVK,MF,29.0,1994.0,2395.0,28.0,27.0,Ondrej Duda,100.0,3500000.0,1,0
ITA-Serie A,2425,Lazio,Valentín Castellanos,ARG,FW,25.0,1998.0,2384.0,29.0,28.0,,77.77777777777779,,2,3
ITA-Serie A,2425,Atalanta,Mateo Retegui,ITA,FW,25.0,1999.0,2383.0,36.0,32.0,Mateo Retegui,100.0,45000000.0,2,3
ITA-Serie A,2425,Napoli,Mathías Olivera,URU,DF,26.0,1997.0,2370.0,32.0,26.0,Mathías Olivera,100.0,20000000.0,1,2
ITA-Serie A,2425,Udinese,Lorenzo Lucca,ITA,FW,23.0,2000.0,2353.0,33.0,27.0,Lorenzo Lucca,100.0,22000000.0,2,3
ITA-Serie A,2425,Torino,Guillermo Maripán,CHI,DF,30.0,1994.0,2340.0,28.0,27.0,Guillermo Maripán,100.0,4000000.0,1,1
ITA-Serie A,2425,Lazio,Adam Marušić,MNE,DF,31.0,1992.0,2337.0,35.0,26.0,Adam Marusic,100.0,3500000.0,3,0
ITA-Serie A,2425,Empoli,Liam Henderson,SCO,MF,28.0,1996.0,2337.0,36.0,27.0,Liam Henderson,100.0,2000000.0,1,2
ITA-Serie A,2425,Juventus,Pierre Kalulu,FRA,DF,24.0,2000.0,2337.0,29.0,25.0,Pierre Kalulu,100.0,28000000.0,3,1
ITA-Serie A,2425,Empoli,Sebastiano Esposito,ITA,"FW,MF",22.0,2002.0,2331.0,33.0,27.0,Sebastiano Esposito,100.0,8500000.0,0,0
ITA-Serie A,2425,Atalanta,Isak Hien,SWE,DF,25.0,1999.0,2327.0,30.0,27.0,Isak Hien,100.0,30000000.0,1,2
ITA-Serie A,2425,Juventus,Khéphren Thuram,FRA,MF,23.0,2001.0,2326.0,35.0,26.0,Khéphren Thuram,100.0,40000000.0,3,0
ITA-Serie A,2425,Milan,Rafael Leão,POR,"MF,FW",25.0,1999.0,2323.0,34.0,25.0,Rafael Leão,100.0,70000000.0,2,0
ITA-Serie A,2425,Venezia,Gaetano Oristanio,ITA,"FW,MF",21.0,2002.0,2315.0,37.0,29.0,Gaetano Oristanio,100.0,6000000.0,0,3
ITA-Serie A,2425,Juventus,Weston McKennie,USA,"MF,DF",25.0,1998.0,2310.0,32.0,27.0,Weston McKennie,100.0,22000000.0,3,1
ITA-Serie A,2425,Udinese,Sandi Lovrić,SVN,MF,26.0,1998.0,2308.0,36.0,31.0,Sandi Lovrić,100.0,8500000.0,1,0
ITA-Serie A,2425,Torino,Valentino Lazaro,AUT,MF,28.0,1996.0,2307.0,33.0,26.0,Valentino Lazaro,100.0,4500000.0,0,2
ITA-Serie A,2425,Bologna,Santiago Castro,ARG,FW,19.0,2004.0,2294.0,36.0,27.0,Santiago Castro,100.0,35000000.0,2,3
ITA-Serie A,2425,Inter,Marcus Thuram,FRA,FW,26.0,1997.0,2290.0,32.0,27.0,Marcus Thuram,100.0,75000000.0,2,3
ITA-Serie A,2425,Bologna,Juan Miranda,ESP,DF,24.0,2000.0,2277.0,31.0,25.0,Juan Miranda,100.0,15000000.0,0,0
ITA-Serie A,2425,Roma,Zeki Çelik,TUR,"DF,MF",27.0,1997.0,2256.0,31.0,27.0,Zeki Çelik,100.0,6000000.0,1,2
ITA-Serie A,2425,Atalanta,Ademola Lookman,NGA,"MF,FW",26.0,1997.0,2247.0,31.0,28.0,Ademola Lookman,100.0,60000000.0,2,3
ITA-Serie A,2425,Empoli,Lorenzo Colombo,ITA,"FW,MF",22.0,2002.0,2233.0,37.0,26.0,Lorenzo Colombo,100.0,5000000.0,0,3
ITA-Serie A,2425,Empoli,Liberato Cacace,NZL,"MF,DF",23.0,2000.0,2230.0,33.0,24.0,Liberato Cacace,100.0,3000000.0,0,0
ITA-Serie A,2425,Juventus,Andrea Cambiaso,ITA,"DF,MF",24.0,2000.0,2221.0,33.0,25.0,Andrea Cambiaso,100.0,35000000.0,3,0
ITA-Serie A,2425,Lazio,Gustav Isaksen,DEN,MF,23.0,2001.0,2210.0,37.0,29.0,Gustav Isaksen,100.0,20000000.0,0,0
ITA-Serie A,2425,Empoli,Alberto Grassi,ITA,MF,29.0,1995.0,2203.0,28.0,27.0,Alberto Grassi,100.0,1800000.0,1,1
ITA-Serie A,2425,Fiorentina,Pietro Comuzzo,ITA,DF,19.0,2005.0,2200.0,33.0,24.0,Pietro Comuzzo,100.0,25000000.0,3,1
ITA-Serie A,2425,Juventus,Federico Gatti,ITA,DF,26.0,1998.0,2195.0,30.0,26.0,Federico Gatti,100.0,24000000.0,1,1
ITA-Serie A,2425,Monza,Andrea Carboni,ITA,DF,23.0,2001.0,2191.0,26.0,25.0,Andrea Carboni,100.0,2800000.0,1,2
ITA-Serie A,2425,Inter,Federico Dimarco,ITA,MF,26.0,1997.0,2177.0,33.0,29.0,Federico Dimarco,100.0,50000000.0,0,0
ITA-Serie A,2425,Lazio,Boulaye Dia,SEN,"MF,FW",27.0,1996.0,2177.0,35.0,27.0,Boulaye Dia,100.0,15000000.0,2,3
ITA-Serie A,2425,Milan,Matteo Gabbia,ITA,DF,24.0,1999.0,2152.0,26.0,24.0,Matteo Gabbia,100.0,14000000.0,3,1
ITA-Serie A,2425,Cagliari,Antoine Makoumbou,CGO,MF,26.0,1998.0,2150.0,33.0,27.0,Antoine Makoumbou,100.0,3500000.0,1,2
ITA-Serie A,2425,Lecce,Kialonda,ANG,DF,26.0,1997.0,2144.0,24.0,24.0,,64.28571428571429,,1,2
ITA-Serie A,2425,Bologna,Dan Ndoye,SUI,"MF,FW",23.0,2000.0,2143.0,30.0,26.0,Dan Ndoye,100.0,35000000.0,0,0
ITA-Serie A,2425,Genoa,Koni De Winter,BEL,DF,22.0,2002.0,2135.0,25.0,23.0,Koni De Winter,100.0,22000000.0,3,1
ITA-Serie A,2425,Torino,Nikola Vlašić,CRO,"MF,FW",26.0,1997.0,2117.0,30.0,23.0,Nikola Vlašić,100.0,8000000.0,0,0
ITA-Serie A,2425,Monza,Dany Mota,POR,"MF,FW",26.0,1998.0,2104.0,31.0,24.0,Dany Mota,100.0,4000000.0,0,0
ITA-Serie A,2425,Hellas Verona,Tomáš Suslov,SVK,"MF,FW",22.0,2002.0,2080.0,31.0,27.0,Tomas Suslov,100.0,6000000.0,1,2
ITA-Serie A,2425,Atalanta,Charles De Ketelaere,BEL,"MF,FW",23.0,2001.0,2070.0,36.0,25.0,Charles De Ketelaere,100.0,35000000.0,2,0
ITA-Serie A,2425,Atalanta,Davide Zappacosta,ITA,MF,32.0,1992.0,2067.0,30.0,26.0,Davide Zappacosta,100.0,5000000.0,0,0
ITA-Serie A,2425,Genoa,Stefano Sabelli,ITA,"DF,MF",31.0,1993.0,2058.0,34.0,23.0,Stefano Sabelli,100.0,1400000.0,1,2
ITA-Serie A,2425,Parma,Botond Balogh,HUN,DF,22.0,2002.0,2053.0,29.0,23.0,Botond Balogh,100.0,2400000.0,1,2
ITA-Serie A,2425,Como,Patrick Cutrone,ITA,FW,26.0,1998.0,2047.0,33.0,23.0,Patrick Cutrone,100.0,6000000.0,2,3
ITA-Serie A,2425,Roma,Bryan Cristante,ITA,MF,29.0,1995.0,2045.0,30.0,23.0,Bryan Cristante,100.0,7000000.0,3,1
ITA-Serie A,2425,Hellas Verona,Daniele Ghilardi,ITA,DF,21.0,2003.0,2029.0,24.0,21.0,Daniele Ghilardi,100.0,5000000.0,1,2
ITA-Serie A,2425,Lecce,Tete Morente,ESP,"MF,FW",27.0,1996.0,2021.0,31.0,23.0,Tete Morente,100.0,2000000.0,0,0
ITA-Serie A,2425,Udinese,Hassane Kamara,CIV,"MF,DF",30.0,1994.0,2001.0,30.0,25.0,Hassane Kamara,100.0,3500000.0,1,0
ITA-Serie A,2425,Parma,Dennis Man,ROU,"MF,FW",25.0,1998.0,1995.0,33.0,23.0,Dennis Man,100.0,10000000.0,0,0
ITA-Serie A,2425,Juventus,Teun Koopmeiners,NED,MF,26.0,1998.0,1994.0,28.0,23.0,Teun Koopmeiners,100.0,35000000.0,0,0
ITA-Serie A,2425,Atalanta,Mario Pašalić,CRO,MF,29.0,1995.0,1967.0,34.0,23.0,Mario Pašalić,100.0,10000000.0,0,0
ITA-Serie A,2425,Udinese,Florian Thauvin,FRA,"FW,MF",31.0,1993.0,1956.0,25.0,24.0,Florian Thauvin,100.0,5000000.0,0,0
ITA-Serie A,2425,Inter,Denzel Dumfries,NED,MF,28.0,1996.0,1955.0,29.0,20.0,Denzel Dumfries,100.0,35000000.0,2,3
ITA-Serie A,2425,Fiorentina,Lucas Beltrán,ARG,"MF,FW",23.0,2001.0,1953.0,33.0,21.0,Lucas Beltrán,100.0,18000000.0,0,0
ITA-Serie A,2425,Bologna,Jens Odgaard,DEN,MF,25.0,1999.0,1952.0,29.0,24.0,Jens Odgaard,100.0,12000000.0,2,3
ITA-Serie A,2425,Inter,Hakan Çalhanoğlu,TUR,MF,30.0,1994.0,1947.0,29.0,26.0,Hakan Çalhanoğlu,100.0,30000000.0,0,0
ITA-Serie A,2425,Lecce,Santiago Pierotti,ARG,"MF,FW",23.0,2001.0,1937.0,36.0,22.0,Santiago Pierotti,100.0,4000000.0,3,3
ITA-Serie A,2425,Hellas Verona,Domagoj Bradarić,CRO,"MF,DF",24.0,1999.0,1933.0,28.0,24.0,Domagoj Bradarić,100.0,4000000.0,3,0
ITA-Serie A,2425,Fiorentina,Rolando Mandragora,ITA,MF,27.0,1997.0,1931.0,29.0,22.0,Rolando Mandragora,100.0,12000000.0,0,0
ITA-Serie A,2425,Napoli,Alessandro Buongiorno,ITA,DF,25.0,1999.0,1924.0,22.0,22.0,Alessandro Buongiorno,100.0,50000000.0,3,1
ITA-Serie A,2425,Torino,Adam Masina,MAR,DF,30.0,1994.0,1919.0,28.0,20.0,Adam Masina,100.0,1500000.0,3,1
ITA-Serie A,2425,Hellas Verona,Amin Sarr,SWE,FW,23.0,2001.0,1907.0,32.0,25.0,Amin Sarr,100.0,5000000.0,3,3
ITA-Serie A,2425,Atalanta,Sead Kolašinac,BIH,DF,31.0,1993.0,1903.0,23.0,23.0,Sead Kolasinac,100.0,7000000.0,1,2
ITA-Serie A,2425,Genoa,Morten Thorsby,NOR,MF,28.0,1996.0,1898.0,30.0,22.0,Morten Thorsby,100.0,3000000.0,1,3
ITA-Serie A,2425,Udinese,Jurgen Ekkelenkamp,NED,MF,24.0,2000.0,1892.0,34.0,20.0,Jurgen Ekkelenkamp,100.0,7000000.0,3,1
ITA-Serie A,2425,Bologna,Riccardo Orsolini,ITA,"MF,FW",27.0,1997.0,1878.0,30.0,23.0,Riccardo Orsolini,100.0,25000000.0,2,3
ITA-Serie A,2425,Milan,Strahinja Pavlović,SRB,DF,23.0,2001.0,1864.0,24.0,21.0,Strahinja Pavlović,100.0,18000000.0,3,1
ITA-Serie A,2425,Como,Máximo Perrone,ARG,MF,21.0,2003.0,1857.0,26.0,20.0,Máximo Perrone,100.0,12000000.0,1,2
ITA-Serie A,2425,Hellas Verona,Paweł Dawidowicz,POL,"DF,MF",29.0,1995.0,1845.0,26.0,24.0,Paweł Dawidowicz,100.0,2500000.0,1,2
ITA-Serie A,2425,Lecce,Patrick Dorgu,DEN,"MF,DF",19.0,2004.0,2682.0,33.0,31.0,Patrick Dorgu,100.0,25000000.0,0,0
ITA-Serie A,2425,Parma,Mandela Keita,BEL,MF,22.0,2002.0,1826.0,30.0,24.0,Mandela Keita,100.0,12000000.0,1,2
ITA-Serie A,2425,Como,Alberto Dossena,ITA,DF,25.0,1998.0,1825.0,23.0,20.0,Alberto Dossena,100.0,8000000.0,1,2
ITA-Serie A,2425,Lecce,Ylber Ramadani,ALB,MF,28.0,1996.0,1807.0,29.0,21.0,Ylber Ramadani,100.0,1800000.0,1,1
ITA-Serie A,2425,Milan,Malick Thiaw,GER,DF,22.0,2001.0,1806.0,22.0,19.0,Malick Thiaw,100.0,18000000.0,1,2
ITA-Serie A,2425,Juventus,Dušan Vlahović,SRB,FW,24.0,2000.0,1784.0,29.0,21.0,Dušan Vlahović,100.0,35000000.0,2,3
ITA-Serie A,2425,Inter,Matteo Darmian,ITA,"MF,DF",34.0,1989.0,1781.0,29.0,20.0,Matteo Darmian,100.0,2500000.0,3,0
ITA-Serie A,2425,Roma,Matìas Soulé,ARG,MF,21.0,2003.0,1781.0,27.0,22.0,Matías Soulé,100.0,30000000.0,0,0
ITA-Serie A,2425,Udinese,Thomas Kristensen,DEN,DF,22.0,2002.0,1754.0,24.0,19.0,Thomas Kristensen,100.0,6000000.0,3,1
ITA-Serie A,2425,Atalanta,Matteo Ruggeri,ITA,"MF,DF",22.0,2002.0,1751.0,30.0,19.0,Matteo Ruggeri,100.0,16000000.0,1,2
ITA-Serie A,2425,Juventus,Nicolás González,ARG,"MF,FW",26.0,1998.0,1750.0,26.0,23.0,Nico González,89.65517241379311,24000000.0,0,0
ITA-Serie A,2425,Fiorentina,Danilo Cataldi,ITA,MF,29.0,1994.0,1728.0,25.0,23.0,Danilo Cataldi,100.0,3500000.0,3,1
ITA-Serie A,2425,Como,Alberto Moreno,ESP,DF,32.0,1992.0,1727.0,24.0,21.0,Alberto Moreno,100.0,1500000.0,1,2
ITA-Serie A,2425,Inter,Stefan de Vrij,NED,DF,32.0,1992.0,1726.0,26.0,18.0,Stefan de Vrij,100.0,5000000.0,3,1
ITA-Serie A,2425,Juventus,Nicolò Savona,ITA,DF,21.0,2003.0,1724.0,28.0,19.0,Nicolò Savona,100.0,12000000.0,3,1
ITA-Serie A,2425,Lecce,Balthazar Pierret,FRA,MF,24.0,2000.0,1723.0,30.0,21.0,Balthazar Pierret,100.0,1700000.0,1,2
ITA-Serie A,2425,Genoa,Alessandro Zanoli,ITA,MF,23.0,2000.0,1711.0,31.0,19.0,Alessandro Zanoli,100.0,6000000.0,1,0
ITA-Serie A,2425,Inter,Francesco Acerbi,ITA,DF,36.0,1988.0,1710.0,23.0,20.0,Francesco Acerbi,100.0,3000000.0,1,2
ITA-Serie A,2425,Inter,Carlos Augusto,BRA,"DF,MF",25.0,1999.0,1691.0,29.0,15.0,Carlos Augusto,100.0,26000000.0,3,0
ITA-Serie A,2425,Lazio,Nuno Tavares,POR,DF,24.0,2000.0,1686.0,23.0,22.0,Nuno Tavares,100.0,25000000.0,0,0
ITA-Serie A,2425,Genoa,Fabio Miretti,ITA,MF,20.0,2003.0,1677.0,25.0,22.0,Fabio Miretti,100.0,14000000.0,0,0
ITA-Serie A,2425,Udinese,Oumar Solet,FRA,DF,24.0,2000.0,1672.0,19.0,19.0,Oumar Solet,100.0,18000000.0,3,1
ITA-Serie A,2425,Torino,Sebastian Walukiewicz,POL,DF,24.0,2000.0,1841.0,31.0,22.0,Sebastian Walukiewicz,100.0,4500000.0,1,2
ITA-Serie A,2425,Hellas Verona,Reda Belahyane,MAR,MF,20.0,2004.0,1856.0,28.0,18.0,Reda Belahyane,100.0,10000000.0,1,2
ITA-Serie A,2425,Monza,Gianluca Caprari,ITA,"MF,FW",31.0,1993.0,1651.0,34.0,18.0,Gianluca Caprari,100.0,1000000.0,0,0
ITA-Serie A,2425,Como,Alieu Fadera,GAM,MF,22.0,2001.0,1644.0,28.0,20.0,Alieu Fadera,100.0,4500000.0,0,0
ITA-Serie A,2425,Inter,Yann Aurel Bisseck,GER,DF,23.0,2000.0,1643.0,27.0,17.0,Yann Sommer,85.5,4000000.0,3,1
ITA-Serie A,2425,Venezia,Francesco Zampano,ITA,MF,30.0,1993.0,1639.0,24.0,17.0,Francesco Zampano,100.0,1000000.0,3,0
ITA-Serie A,2425,Juventus,Timothy Weah,USA,"MF,DF",24.0,2000.0,1638.0,30.0,18.0,Timothy Weah,100.0,17000000.0,3,0
ITA-Serie A,2425,Monza,Pablo Marí,ESP,DF,30.0,1993.0,2726.0,32.0,31.0,Pablo Marí,100.0,3500000.0,1,2
ITA-Serie A,2425,Roma,Lorenzo Pellegrini,ITA,MF,28.0,1996.0,1626.0,25.0,20.0,Lorenzo Pellegrini,100.0,9000000.0,0,0
ITA-Serie A,2425,Monza,Warren Bondo,FRA,MF,20.0,2003.0,1780.0,24.0,22.0,Warren Bondo,100.0,10000000.0,1,2
ITA-Serie A,2425,Cagliari,Zito Luvumbo,ANG,"FW,MF",22.0,2002.0,1606.0,26.0,19.0,Zito Luvumbo,100.0,5000000.0,0,0
ITA-Serie A,2425,Venezia,Joel Pohjanpalo,FIN,FW,29.0,1994.0,1603.0,20.0,19.0,Joel Pohjanpalo,100.0,4500000.0,2,3
ITA-Serie A,2425,Milan,Fikayo Tomori,ENG,DF,26.0,1997.0,1593.0,22.0,19.0,Fikayo Tomori,100.0,20000000.0,1,2
ITA-Serie A,2425,Inter,Benjamin Pavard,FRA,DF,28.0,1996.0,1584.0,23.0,18.0,Benjamin Pavard,100.0,25000000.0,1,2
ITA-Serie A,2425,Milan,Yunus Musah,USA,"MF,FW",21.0,2002.0,1571.0,29.0,19.0,Yunus Musah,100.0,20000000.0,1,2
ITA-Serie A,2425,Parma,Lautaro Valenti,ARG,DF,25.0,1999.0,1556.0,20.0,18.0,Lautaro Valenti,100.0,1500000.0,3,1
ITA-Serie A,2425,Torino,Karol Linetty,POL,MF,29.0,1995.0,1540.0,28.0,18.0,Karol Linetty,100.0,1800000.0,1,1
ITA-Serie A,2425,Genoa,Patrizio Masini,ITA,MF,23.0,2001.0,1538.0,26.0,16.0,Patrizio Masini,100.0,6000000.0,3,1
ITA-Serie A,2425,Venezia,Fali Candé,GNB,DF,26.0,1998.0,1530.0,17.0,17.0,Fali Candé,100.0,2500000.0,3,1
ITA-Serie A,2425,Venezia,Alessio Zerbin,ITA,MF,25.0,1999.0,1520.0,20.0,17.0,Alessio Zerbin,100.0,4000000.0,1,0
ITA-Serie A,2425,Napoli,Leonardo Spinazzola,ITA,"DF,MF",31.0,1993.0,1517.0,27.0,17.0,Leonardo Spinazzola,100.0,3500000.0,0,0
ITA-Serie A,2425,Hellas Verona,Casper Tengstedt,DEN,FW,24.0,2000.0,1517.0,25.0,20.0,Casper Tengstedt,100.0,6000000.0,2,3
ITA-Serie A,2425,Empoli,Youssef Maleh,MAR,MF,25.0,1998.0,1510.0,22.0,17.0,Youssef Maleh,100.0,3200000.0,1,2
ITA-Serie A,2425,Genoa,Mattia Bani,ITA,DF,30.0,1993.0,1507.0,20.0,19.0,Mattia Bani,100.0,1800000.0,1,2
ITA-Serie A,2425,Genoa,Milan Badelj,CRO,MF,35.0,1989.0,1472.0,23.0,21.0,Milan Badelj,100.0,800000.0,1,1
ITA-Serie A,2425,Monza,Samuele Birindelli,ITA,MF,25.0,1999.0,1468.0,21.0,18.0,Samuele Birindelli,100.0,2800000.0,0,0
ITA-Serie A,2425,Hellas Verona,Darko Lazović,SRB,MF,33.0,1990.0,1459.0,27.0,17.0,Darko Lazović,100.0,800000.0,0,0
ITA-Serie A,2425,Parma,Adrian Bernabe,ESP,MF,23.0,2001.0,1453.0,21.0,18.0,Adrián Bernabé,100.0,15000000.0,0,0
ITA-Serie A,2425,Fiorentina,Andrea Colpani,ITA,MF,25.0,1999.0,1450.0,25.0,18.0,Andrea Colpani,100.0,9500000.0,0,0
ITA-Serie A,2425,Cagliari,Alessandro Deiola,ITA,MF,28.0,1995.0,1432.0,29.0,16.0,Alessandro Deiola,100.0,1600000.0,3,1
ITA-Serie A,2425,Torino,Gvidas Gineitis,LTU,MF,20.0,2004.0,1430.0,30.0,15.0,Gvidas Gineitis,100.0,6000000.0,0,0
ITA-Serie A,2425,Parma,Matteo Cancellieri,ITA,"MF,FW",22.0,2002.0,1424.0,27.0,19.0,Matteo Cancellieri,100.0,4500000.0,3,0
ITA-Serie A,2425,Roma,Paulo Dybala,ARG,"FW,MF",30.0,1993.0,1417.0,24.0,16.0,Paulo Dybala,100.0,8000000.0,2,0
ITA-Serie A,2425,Udinese,Jordan Zemura,ZIM,"MF,DF",24.0,1999.0,1415.0,23.0,13.0,Jordan Zemura,100.0,4500000.0,1,0
ITA-Serie A,2425,Lazio,Manuel Lazzari,ITA,DF,30.0,1993.0,1406.0,25.0,16.0,Manuel Lazzari,100.0,3500000.0,0,2
ITA-Serie A,2425,Cagliari,Răzvan Marin,ROU,MF,28.0,1996.0,1406.0,33.0,13.0,Răzvan Marin,100.0,3500000.0,0,0
ITA-Serie A,2425,Roma,Alexis Saelemaekers,BEL,"MF,FW",25.0,1999.0,1479.0,23.0,18.0,Alexis Saelemaekers,100.0,17000000.0,0,0
ITA-Serie A,2425,Lecce,Gaby Jean,FRA,DF,24.0,2000.0,1388.0,19.0,16.0,Gaby Jean,100.0,2000000.0,1,2
ITA-Serie A,2425,Empoli,Jacopo Fazzini,ITA,MF,21.0,2003.0,1383.0,20.0,16.0,Jacopo Fazzini,100.0,10000000.0,0,0
ITA-Serie A,2425,Udinese,Martín Payero,ARG,MF,25.0,1998.0,1381.0,25.0,16.0,Martín Payero,100.0,5500000.0,0,0
ITA-Serie A,2425,Milan,Emerson,BRA,DF,25.0,1999.0,1377.0,17.0,16.0,Emerson Royal,90.0,9000000.0,1,2
ITA-Serie A,2425,Hellas Verona,Suat Serdar,GER,MF,27.0,1997.0,1376.0,22.0,16.0,Suat Serdar,100.0,4500000.0,1,1
ITA-Serie A,2425,Hellas Verona,Daniel Mosquera,COL,FW,24.0,1999.0,1375.0,35.0,12.0,Daniel Mosquera,100.0,1500000.0,2,3
ITA-Serie A,2425,Roma,Leandro Paredes,ARG,MF,30.0,1994.0,1373.0,22.0,15.0,Leandro Paredes,100.0,5000000.0,0,0
ITA-Serie A,2425,Venezia,Ridgeciano Haps,SUR,"MF,DF",31.0,1993.0,1369.0,25.0,14.0,Ridgeciano Haps,100.0,900000.0,1,1
ITA-Serie A,2425,Fiorentina,Marin Pongračić,CRO,DF,26.0,1997.0,1367.0,20.0,14.0,Marin Pongracic,100.0,10000000.0,1,2
ITA-Serie A,2425,Torino,Marcus Pedersen,NOR,"MF,DF",24.0,2000.0,1362.0,29.0,15.0,Marcus Pedersen,100.0,3000000.0,1,2
ITA-Serie A,2425,Juventus,Francisco Conceição,POR,MF,21.0,2002.0,1340.0,26.0,12.0,Francisco Conceição,100.0,28000000.0,0,0
ITA-Serie A,2425,Parma,Hernani,BRA,MF,30.0,1994.0,1327.0,25.0,15.0,Hernani,100.0,1600000.0,3,0
ITA-Serie A,2425,Torino,Antonio Sanabria,PAR,FW,28.0,1996.0,1318.0,26.0,16.0,Antonio Sanabria,100.0,2800000.0,3,1
ITA-Serie A,2425,Venezia,Michael Svoboda,AUT,DF,25.0,1998.0,1314.0,16.0,15.0,Michael Svoboda,100.0,2500000.0,3,1
ITA-Serie A,2425,Monza,Daniel Maldini,ITA,"MF,FW",22.0,2001.0,1564.0,30.0,18.0,Daniel Maldini,100.0,10000000.0,2,0
ITA-Serie A,2425,Parma,Valentin Mihaila,ROU,"MF,FW",24.0,2000.0,1288.0,21.0,16.0,Valentin Mihăilă,100.0,3000000.0,0,0
ITA-Serie A,2425,Napoli,David Neres,BRA,FW,27.0,1997.0,1283.0,28.0,13.0,David Neres,100.0,30000000.0,0,0
ITA-Serie A,2425,Bologna,Benjamín Domínguez,ARG,MF,20.0,2003.0,1281.0,24.0,16.0,Benja Domínguez,90.9090909090909,15000000.0,0,0
ITA-Serie A,2425,Fiorentina,Albert Guðmundsson,ISL,"FW,MF",27.0,1997.0,1273.0,24.0,16.0,Albert Gudmundsson,94.44444444444444,18000000.0,2,0
ITA-Serie A,2425,Monza,Milan Đurić,BIH,FW,34.0,1990.0,1538.0,27.0,16.0,Milan Djuric,86.95652173913044,1500000.0,2,3
ITA-Serie A,2425,Cagliari,Nicolas Viola,ITA,"MF,FW",34.0,1989.0,1267.0,27.0,18.0,Nicolas Viola,100.0,1000000.0,0,0
ITA-Serie A,2425,Milan,Álex Jiménez,ESP,"MF,DF",19.0,2005.0,1266.0,22.0,14.0,Álex Jiménez,100.0,15000000.0,1,0
ITA-Serie A,2425,Como,Ignace Van Der Brempt,BEL,DF,22.0,2002.0,1257.0,20.0,14.0,Ignace Van der Brempt,100.0,4000000.0,1,2
ITA-Serie A,2425,Como,Assane Diao,SEN,"MF,FW",18.0,2005.0,1529.0,25.0,16.0,Assane Diao,100.0,30000000.0,2,0
ITA-Serie A,2425,Udinese,Arthur Atta,FRA,"MF,FW",21.0,2003.0,1251.0,27.0,12.0,Arthur Atta,100.0,8000000.0,1,0
ITA-Serie A,2425,Fiorentina,Yacine Adli,FRA,MF,24.0,2000.0,1234.0,26.0,15.0,Yacine Adli,100.0,11000000.0,0,0
ITA-Serie A,2425,Roma,Niccolò Pisilli,ITA,MF,19.0,2004.0,1227.0,28.0,11.0,Niccolò Pisilli,100.0,13000000.0,3,0
ITA-Serie A,2425,Venezia,John Yeboah,ECU,"FW,MF",24.0,2000.0,1226.0,33.0,11.0,John Yeboah,100.0,2800000.0,0,0
ITA-Serie A,2425,Inter,Davide Frattesi,ITA,MF,24.0,1999.0,1225.0,28.0,9.0,Davide Frattesi,100.0,35000000.0,2,0
ITA-Serie A,2425,Bologna,Nikola Moro,CRO,MF,26.0,1998.0,1208.0,22.0,15.0,Nikola Moro,100.0,4500000.0,1,2
ITA-Serie A,2425,Parma,Antoine Hainaut,FRA,"DF,MF",22.0,2002.0,1206.0,25.0,10.0,Antoine Hainaut,100.0,1000000.0,3,1
ITA-Serie A,2425,Parma,Giovanni Leoni,ITA,DF,17.0,2006.0,1199.0,17.0,14.0,Giovanni Leoni,100.0,18000000.0,3,1
ITA-Serie A,2425,Milan,Tammy Abraham,ENG,FW,26.0,1997.0,1184.0,29.0,12.0,Tammy Abraham,100.0,15000000.0,2,3
ITA-Serie A,2425,Torino,Borna Sosa,CRO,"MF,DF",26.0,1998.0,1181.0,19.0,14.0,Borna Sosa,100.0,4500000.0,1,2
ITA-Serie A,2425,Bologna,Tommaso Pobega,ITA,MF,25.0,1999.0,1178.0,21.0,13.0,Tommaso Pobega,100.0,9000000.0,3,1
ITA-Serie A,2425,Napoli,Khvicha Kvaratskhelia,GEO,"FW,MF",23.0,2001.0,2094.0,31.0,26.0,Khvicha Kvaratskhelia,100.0,90000000.0,2,0
ITA-Serie A,2425,Napoli,Billy Gilmour,SCO,MF,23.0,2001.0,1275.0,28.0,14.0,Billy Gilmour,100.0,20000000.0,1,2
ITA-Serie A,2425,Atalanta,Lazar Samardzic,SRB,MF,22.0,2002.0,1169.0,31.0,7.0,Lazar Samardžić,100.0,17000000.0,0,0
ITA-Serie A,2425,Como,Yannik Engelhardt,GER,"MF,DF",23.0,2001.0,1164.0,26.0,11.0,Yannik Engelhardt,100.0,6000000.0,3,1
ITA-Serie A,2425,Udinese,Christian Kabasele,BEL,DF,33.0,1991.0,1161.0,16.0,12.0,Christian Kabasele,100.0,700000.0,3,1
ITA-Serie A,2425,Juventus,Randal Kolo Muani,FRA,FW,25.0,1998.0,1518.0,26.0,15.0,Randal Kolo Muani,100.0,30000000.0,2,3
ITA-Serie A,2425,Torino,Cristiano Biraghi,ITA,DF,31.0,1992.0,1591.0,23.0,18.0,Cristiano Biraghi,100.0,1800000.0,0,0
ITA-Serie A,2425,Lecce,Þórir Jóhann Helgason,ISL,MF,23.0,2000.0,1156.0,21.0,13.0,Thórir Jóhann Helgason,93.02325581395348,3000000.0,0,0
ITA-Serie A,2425,Bologna,Thijs Dallinga,NED,FW,23.0,2000.0,1154.0,31.0,11.0,Thijs Dallinga,100.0,12000000.0,2,3
ITA-Serie A,2425,Bologna,Emil Holm,SWE,DF,24.0,2000.0,1137.0,21.0,12.0,Emil Holm,100.0,8000000.0,3,0
ITA-Serie A,2425,Hellas Verona,Nicolás Valentini,ARG,DF,23.0,2001.0,1129.0,14.0,13.0,Nicolás Valentini,100.0,6000000.0,1,2
ITA-Serie A,2425,Atalanta,Odilon Kossounou,CIV,DF,23.0,2001.0,1125.0,18.0,12.0,Odilon Kossounou,100.0,25000000.0,1,2
ITA-Serie A,2425,Fiorentina,Fabiano Parisi,ITA,"MF,DF",23.0,2000.0,1124.0,26.0,11.0,Fabiano Parisi,100.0,6000000.0,3,1
ITA-Serie A,2425,Venezia,Joël Schingtienne,BEL,DF,21.0,2002.0,1122.0,16.0,12.0,Joël Schingtienne,100.0,3500000.0,1,2
ITA-Serie A,2425,Venezia,Marin Šverko,CRO,DF,26.0,1998.0,1117.0,16.0,12.0,Marin Šverko,100.0,1000000.0,3,1
ITA-Serie A,2425,Empoli,Faustino Anjorin,ENG,MF,22.0,2001.0,1114.0,22.0,14.0,Tino Anjorin,85.71428571428572,6000000.0,0,0
ITA-Serie A,2425,Parma,Pontus Almqvist,SWE,"FW,MF",25.0,1999.0,1112.0,29.0,10.0,Pontus Almqvist,100.0,2500000.0,1,0
ITA-Serie A,2425,Monza,Patrick Ciurria,ITA,MF,29.0,1995.0,1111.0,21.0,12.0,Patrick Ciurria,100.0,1500000.0,0,0
ITA-Serie A,2425,Torino,Mërgim Vojvoda,KVX,"DF,MF",29.0,1995.0,1822.0,28.0,20.0,Mërgim Vojvoda,100.0,3000000.0,3,0
ITA-Serie A,2425,Napoli,Giacomo Raspadori,ITA,"FW,MF",24.0,2000.0,1103.0,26.0,11.0,Giacomo Raspadori,100.0,25000000.0,2,0
ITA-Serie A,2425,Lazio,Pedro,ESP,"MF,FW",37.0,1987.0,1102.0,30.0,6.0,Pedro,100.0,1000000.0,2,0
ITA-Serie A,2425,Milan,Álvaro Morata,ESP,"FW,MF",31.0,1992.0,1099.0,16.0,13.0,Álvaro Morata,100.0,11000000.0,2,3
ITA-Serie A,2425,Fiorentina,Amir Richardson,MAR,MF,22.0,2002.0,1099.0,27.0,10.0,Amir Richardson,100.0,8500000.0,3,3
ITA-Serie A,2425,Roma,Stephan El Shaarawy,ITA,"MF,FW",31.0,1992.0,1098.0,31.0,12.0,Stephan El Shaarawy,100.0,3500000.0,0,0
ITA-Serie A,2425,Roma,Eldor Shomurodov,UZB,FW,29.0,1995.0,1097.0,27.0,11.0,Eldor Shomurodov,100.0,5000000.0,2,3
ITA-Serie A,2425,Monza,Danilo D'Ambrosio,ITA,DF,35.0,1988.0,1095.0,20.0,12.0,Danilo D'Ambrosio,100.0,700000.0,1,2
ITA-Serie A,2425,Juventus,Renato Veiga,POR,DF,21.0,2003.0,1274.0,20.0,13.0,Renato Veiga,100.0,25000000.0,1,2
ITA-Serie A,2425,Como,Maxence Caqueret,FRA,MF,24.0,2000.0,1660.0,27.0,21.0,Maxence Caqueret,100.0,16000000.0,3,0
ITA-Serie A,2425,Parma,Woyo Coulibaly,MLI,DF,25.0,1999.0,1193.0,18.0,13.0,Woyo Coulibaly,100.0,2000000.0,1,2
ITA-Serie A,2425,Cagliari,José Luis Palomino,ARG,DF,34.0,1990.0,1081.0,18.0,10.0,José Luis Palomino,100.0,700000.0,3,1
ITA-Serie A,2425,Cagliari,Adam Obert,SVK,"DF,MF",21.0,2002.0,1077.0,21.0,13.0,Adam Obert,100.0,3000000.0,3,1
ITA-Serie A,2425,Napoli,Juan Jesus,BRA,DF,33.0,1991.0,1074.0,15.0,12.0,Juan Jesus,100.0,1500000.0,1,2
ITA-Serie A,2425,Empoli,Luca Marianucci,ITA,DF,20.0,2004.0,1069.0,18.0,12.0,Luca Marianucci,100.0,7500000.0,1,2
ITA-Serie A,2425,Lazio,Luca Pellegrini,ITA,DF,25.0,1999.0,1067.0,22.0,10.0,Luca Pellegrini,100.0,3000000.0,0,0
ITA-Serie A,2425,Udinese,Keinan Davis,ENG,FW,26.0,1998.0,1066.0,23.0,10.0,Keinan Davis,100.0,3400000.0,2,3
ITA-Serie A,2425,Hellas Verona,Giangiacomo Magnani,ITA,DF,28.0,1995.0,1065.0,17.0,11.0,Giangiacomo Magnani,100.0,1800000.0,3,1
ITA-Serie A,2425,Bologna,Lorenzo De Silvestri,ITA,DF,36.0,1988.0,1060.0,18.0,13.0,Lorenzo De Silvestri,100.0,800000.0,3,0
ITA-Serie A,2425,Lecce,Hamza Rafia,TUN,MF,25.0,1999.0,1058.0,18.0,14.0,Hamza Rafia,100.0,1400000.0,1,2
ITA-Serie A,2425,Bologna,Babis Lykogiannis,GRE,DF,30.0,1993.0,1048.0,17.0,12.0,,74.64285714285714,,0,0
ITA-Serie A,2425,Torino,Yann Karamoh,FRA,"MF,FW",26.0,1998.0,1046.0,29.0,10.0,Yann Karamoh,100.0,1800000.0,0,0
ITA-Serie A,2425,Milan,Ruben Loftus-Cheek,ENG,MF,28.0,1996.0,1037.0,19.0,10.0,Ruben Loftus-Cheek,100.0,10000000.0,1,2
ITA-Serie A,2425,Como,Álex Valle,ESP,DF,20.0,2004.0,1030.0,15.0,12.0,Álex Valle,100.0,6000000.0,1,2
ITA-Serie A,2425,Bologna,Giovanni Fabbian,ITA,MF,21.0,2003.0,1023.0,30.0,9.0,Giovanni Fabbian,100.0,12000000.0,0,0
ITA-Serie A,2425,Torino,Elif Elmas,MKD,"MF,FW",24.0,1999.0,1065.0,15.0,12.0,Eljif Elmas,95.23809523809524,14000000.0,2,0
ITA-Serie A,2425,Torino,Cesare Casadei,ITA,MF,21.0,2003.0,1017.0,15.0,13.0,Cesare Casadei,100.0,15000000.0,3,1
ITA-Serie A,2425,Juventus,Lloyd Kelly,ENG,DF,25.0,1998.0,1316.0,22.0,15.0,Lloyd Kelly,100.0,16000000.0,1,2
ITA-Serie A,2425,Cagliari,Gianluca Gaetano,ITA,"MF,FW",24.0,2000.0,1009.0,28.0,8.0,Gianluca Gaetano,100.0,4000000.0,0,0
ITA-Serie A,2425,Venezia,Antonio Candela,ITA,"MF,DF",24.0,2000.0,1914.0,26.0,24.0,Antonio Candela,100.0,1800000.0,1,2
ITA-Serie A,2425,Hellas Verona,Flavius Daniliuc,AUT,DF,23.0,2001.0,1004.0,18.0,9.0,Flavius Daniliuc,100.0,2700000.0,1,2
ITA-Serie A,2425,Atalanta,Marco Brescianini,ITA,MF,24.0,2000.0,991.0,29.0,9.0,Marco Brescianini,100.0,8000000.0,2,3
ITA-Serie A,2425,Inter,Kristjan Asllani,ALB,MF,22.0,2002.0,988.0,22.0,10.0,Kristjan Asllani,100.0,13000000.0,0,0
ITA-Serie A,2425,Bologna,Lewis Ferguson,SCO,MF,24.0,1999.0,983.0,16.0,10.0,Lewis Ferguson,100.0,28000000.0,3,1
ITA-Serie A,2425,Inter,Piotr Zieliński,POL,MF,30.0,1994.0,980.0,26.0,8.0,Piotr Zielinski,100.0,10000000.0,0,0
ITA-Serie A,2425,Monza,Jean-Daniel Akpa-Akpro,CIV,MF,31.0,1992.0,966.0,14.0,12.0,Jean-Daniel Akpa Akpro,100.0,500000.0,1,2
ITA-Serie A,2425,Fiorentina,Nicolò Fagioli,ITA,MF,23.0,2001.0,1533.0,32.0,15.0,Nicolò Fagioli,100.0,18000000.0,1,0
ITA-Serie A,2425,Venezia,Alfred Duncan,GHA,MF,31.0,1993.0,957.0,16.0,12.0,Alfred Duncan,100.0,1400000.0,1,2
ITA-Serie A,2425,Lazio,Fisayo Dele-Bashiru,NGA,MF,23.0,2001.0,947.0,20.0,12.0,Fisayo Dele-Bashiru,100.0,7500000.0,3,0
ITA-Serie A,2425,Hellas Verona,Dailon Livramento,CPV,"MF,FW",23.0,2001.0,940.0,29.0,8.0,Dailon Livramento,100.0,800000.0,3,3
ITA-Serie A,2425,Venezia,Issa Doumbia,ITA,MF,20.0,2003.0,939.0,24.0,10.0,Issa Doumbia,100.0,2400000.0,1,2
ITA-Serie A,2425,Milan,Samuel Chukwueze,NGA,"MF,FW",25.0,1999.0,925.0,26.0,9.0,Samuel Chukwueze,100.0,10000000.0,0,0
ITA-Serie A,2425,Cagliari,Mattia Felici,ITA,MF,23.0,2001.0,925.0,20.0,9.0,Mattia Felici,100.0,2800000.0,0,0
ITA-Serie A,2425,Torino,Ivan Ilić,SRB,MF,23.0,2001.0,920.0,19.0,9.0,Ivan Ilić,100.0,16000000.0,0,0
ITA-Serie A,2425,Roma,Mats Hummels,GER,DF,35.0,1988.0,915.0,14.0,11.0,Mats Hummels,100.0,2000000.0,1,2
ITA-Serie A,2425,Bologna,Nicolò Casale,ITA,DF,26.0,1998.0,1035.0,17.0,11.0,Nicolò Casale,100.0,6000000.0,1,2
ITA-Serie A,2425,Genoa,Alan Matturro,URU,DF,19.0,2004.0,900.0,13.0,9.0,Alan Matturro,100.0,7000000.0,1,2
ITA-Serie A,2425,Fiorentina,Riccardo Sottil,ITA,MF,25.0,1999.0,956.0,24.0,9.0,Riccardo Sottil,100.0,5000000.0,0,0
ITA-Serie A,2425,Parma,Alessandro Vogliacco,ITA,DF,25.0,1998.0,1487.0,22.0,18.0,Alessandro Vogliacco,100.0,2800000.0,3,1
ITA-Serie A,2425,Milan,João Félix,POR,MF,24.0,1999.0,1129.0,27.0,11.0,João Félix,100.0,20000000.0,2,0
ITA-Serie A,2425,Bologna,Stefan Posch,AUT,DF,27.0,1997.0,1101.0,19.0,11.0,Stefan Posch,100.0,8000000.0,1,2
ITA-Serie A,2425,Bologna,Davide Calabria,ITA,DF,27.0,1996.0,948.0,18.0,11.0,Davide Calabria,100.0,4500000.0,1,2
ITA-Serie A,2425,Fiorentina,Christian Kouamé,CIV,"MF,FW",26.0,1997.0,1129.0,26.0,10.0,Christian Kouamé,100.0,4000000.0,0,3
ITA-Serie A,2425,Roma,Nicola Zalewski,POL,MF,22.0,2002.0,968.0,23.0,8.0,Nicola Zalewski,100.0,12000000.0,0,0
GER-Bundesliga,2324,Heidenheim,Patrick Mainka,GER,DF,28.0,1994.0,3060.0,34.0,34.0,Patrick Mainka,100.0,2500000.0,1,1
GER-Bundesliga,2324,Frankfurt,Willian Pacho,ECU,DF,21.0,2001.0,2970.0,33.0,33.0,Willian Pacho,100.0,35000000.0,1,2
GER-Bundesliga,2324,Bochum,Bernardo,BRA,DF,28.0,1995.0,2924.0,33.0,33.0,Bernardo,100.0,5500000.0,1,1
GER-Bundesliga,2324,Augsburg,Ohis Felix Uduokhai,GER,DF,25.0,1997.0,2921.0,33.0,33.0,Felix Uduokhai,95.0,7000000.0,3,1
GER-Bundesliga,2324,Freiburg,Maximilian Eggestein,GER,MF,26.0,1996.0,2914.0,33.0,33.0,Maximilian Eggestein,100.0,10000000.0,1,1
GER-Bundesliga,2324,Stuttgart,Waldemar Anton,GER,DF,27.0,1996.0,2886.0,33.0,32.0,Waldemar Anton,100.0,20000000.0,1,2
GER-Bundesliga,2324,Augsburg,Ermedin Demirović,BIH,"FW,MF",25.0,1998.0,2873.0,33.0,33.0,Ermedin Demirovic,100.0,28000000.0,2,3
GER-Bundesliga,2324,Heidenheim,Tim Kleindienst,GER,FW,27.0,1995.0,2869.0,33.0,33.0,Tim Kleindienst,100.0,6000000.0,2,3
GER-Bundesliga,2324,Dortmund,Nico Schlotterbeck,GER,DF,23.0,1999.0,2859.0,33.0,32.0,Nico Schlotterbeck,100.0,40000000.0,1,1
GER-Bundesliga,2324,Bayern Munich,Harry Kane,ENG,FW,30.0,1993.0,2839.0,32.0,32.0,Harry Kane,100.0,100000000.0,2,3
GER-Bundesliga,2324,Mainz 05,Sepp van den Berg,NED,DF,21.0,2001.0,2839.0,33.0,31.0,Sepp van den Berg,100.0,12000000.0,3,1
GER-Bundesliga,2324,Leverkusen,Granit Xhaka,SUI,MF,30.0,1992.0,2821.0,33.0,32.0,Granit Xhaka,100.0,20000000.0,3,1
GER-Bundesliga,2324,Heidenheim,Jonas Föhrenbach,GER,DF,27.0,1996.0,2788.0,33.0,32.0,Jonas Föhrenbach,100.0,2000000.0,1,2
GER-Bundesliga,2324,Leverkusen,Álex Grimaldo,ESP,MF,27.0,1995.0,2784.0,33.0,31.0,,77.41935483870968,,0,0
GER-Bundesliga,2324,Köln,Timo Hübers,GER,DF,27.0,1996.0,2778.0,31.0,31.0,Timo Hübers,100.0,5500000.0,1,2
GER-Bundesliga,2324,Gladbach,Julian Weigl,GER,MF,27.0,1995.0,2764.0,31.0,31.0,Julian Weigl,100.0,6000000.0,3,1
GER-Bundesliga,2324,RB Leipzig,David Raum,GER,DF,25.0,1998.0,2739.0,31.0,31.0,David Raum,100.0,20000000.0,0,0
GER-Bundesliga,2324,Frankfurt,Robin Koch,GER,DF,27.0,1996.0,2738.0,31.0,31.0,Robin Koch,100.0,18000000.0,3,1
GER-Bundesliga,2324,Köln,Julian Chabot,GER,DF,25.0,1998.0,2703.0,32.0,32.0,,69.23076923076923,,1,2
GER-Bundesliga,2324,Union Berlin,Diogo Leite,POR,DF,24.0,1999.0,2702.0,32.0,31.0,Diogo Leite,100.0,15000000.0,1,2
GER-Bundesliga,2324,RB Leipzig,Loïs Openda,BEL,FW,23.0,2000.0,2697.0,34.0,33.0,Loïs Openda,100.0,60000000.0,2,3
GER-Bundesliga,2324,Werder Bremen,Marvin Ducksch,GER,FW,29.0,1994.0,2696.0,33.0,32.0,Marvin Ducksch,100.0,9000000.0,2,0
GER-Bundesliga,2324,Stuttgart,Angelo Stiller,GER,MF,22.0,2001.0,2778.0,32.0,31.0,Angelo Stiller,100.0,20000000.0,1,0
GER-Bundesliga,2324,Bochum,Kevin Stöger,AUT,MF,29.0,1993.0,2668.0,32.0,32.0,Kevin Stöger,100.0,5000000.0,0,0
GER-Bundesliga,2324,RB Leipzig,Xavi Simons,NED,MF,20.0,2003.0,2653.0,32.0,32.0,Xavi Simons,100.0,80000000.0,0,0
GER-Bundesliga,2324,Wolfsburg,Jonas Wind,DEN,FW,24.0,1999.0,2651.0,34.0,31.0,Jonas Wind,100.0,20000000.0,2,3
GER-Bundesliga,2324,Heidenheim,Eren Dinkçi,GER,MF,21.0,2001.0,2650.0,33.0,33.0,Eren Dinkçi,100.0,12000000.0,0,0
GER-Bundesliga,2324,Werder Bremen,Mitchell Weiser,GER,MF,29.0,1994.0,2636.0,30.0,30.0,Mitchell Weiser,100.0,6000000.0,0,0
GER-Bundesliga,2324,Leverkusen,Jonathan Tah,GER,DF,27.0,1996.0,2631.0,31.0,30.0,Jonathan Tah,100.0,30000000.0,3,1
GER-Bundesliga,2324,Stuttgart,Atakan Karazor,TUR,MF,26.0,1996.0,2623.0,33.0,31.0,Atakan Karazor,100.0,12000000.0,1,2
GER-Bundesliga,2324,Mainz 05,Leandro Barreiro Martins,LUX,MF,23.0,2000.0,2606.0,31.0,29.0,Leandro Barreiro,90.0,17000000.0,3,0
GER-Bundesliga,2324,Heidenheim,Jan-Niklas Beste,GER,MF,24.0,1999.0,2603.0,31.0,31.0,Niklas Beste,95.0,15000000.0,0,0
GER-Bundesliga,2324,Werder Bremen,Romano Schmid,AUT,"MF,FW",23.0,2000.0,2601.0,33.0,30.0,Romano Schmid,100.0,10000000.0,0,0
GER-Bundesliga,2324,Frankfurt,Tuta,BRA,"DF,MF",24.0,1999.0,2600.0,30.0,30.0,Tuta,100.0,12000000.0,1,1
GER-Bundesliga,2324,Augsburg,Jeffrey Gouweleeuw,NED,DF,32.0,1991.0,2593.0,30.0,29.0,Jeffrey Gouweleeuw,100.0,2000000.0,1,1
GER-Bundesliga,2324,Werder Bremen,Anthony Jung,GER,"DF,MF",31.0,1991.0,2579.0,31.0,30.0,Anthony Jung,100.0,1000000.0,3,1
GER-Bundesliga,2324,Bochum,Anthony Losilla,FRA,MF,37.0,1986.0,2576.0,31.0,31.0,Anthony Losilla,100.0,500000.0,1,0
GER-Bundesliga,2324,Stuttgart,Chris Führich,GER,MF,25.0,1998.0,2567.0,34.0,33.0,Chris Führich,100.0,28000000.0,0,0
GER-Bundesliga,2324,RB Leipzig,Benjamin Henrichs,GER,"DF,MF",26.0,1997.0,2526.0,33.0,28.0,Benjamin Henrichs,100.0,20000000.0,1,0
GER-Bundesliga,2324,Wolfsburg,Maximilian Arnold,GER,MF,29.0,1994.0,2506.0,30.0,27.0,Maximilian Arnold,100.0,7000000.0,1,0
GER-Bundesliga,2324,Mainz 05,Anthony Caci,FRA,"MF,DF",26.0,1997.0,2486.0,31.0,29.0,Anthony Caci,100.0,7000000.0,1,0
GER-Bundesliga,2324,Gladbach,Nico Elvedi,SUI,DF,26.0,1996.0,2482.0,30.0,28.0,Nico Elvedi,100.0,10000000.0,3,1
GER-Bundesliga,2324,RB Leipzig,Xaver Schlager,AUT,MF,25.0,1997.0,2477.0,29.0,29.0,Xaver Schlager,100.0,28000000.0,1,2
GER-Bundesliga,2324,Heidenheim,Omar Traoré,GER,DF,25.0,1998.0,2472.0,31.0,29.0,Omar Traoré,100.0,2500000.0,1,2
GER-Bundesliga,2324,Köln,Eric Martel,GER,MF,21.0,2002.0,2457.0,30.0,29.0,Eric Martel,100.0,7500000.0,1,1
GER-Bundesliga,2324,Wolfsburg,Joakim Mæhle,DEN,"DF,MF",26.0,1997.0,2452.0,30.0,27.0,Joakim Maehle,88.0,14000000.0,3,0
GER-Bundesliga,2324,Hoffenheim,Maximilian Beier,GER,"FW,MF",20.0,2002.0,2420.0,33.0,29.0,Maximilian Beier,100.0,30000000.0,2,3
GER-Bundesliga,2324,Hoffenheim,Pavel Kadeřábek,CZE,"MF,DF",31.0,1992.0,2412.0,29.0,28.0,Pavel Kaderabek,100.0,3000000.0,3,0
GER-Bundesliga,2324,Darmstadt 98,Tim Skarke,GER,"FW,MF",26.0,1996.0,2404.0,30.0,29.0,Tim Skarke,100.0,3000000.0,0,3
GER-Bundesliga,2324,Augsburg,Phillip Tietz,GER,FW,26.0,1997.0,2382.0,34.0,31.0,Phillip Tietz,100.0,5000000.0,2,3
GER-Bundesliga,2324,Leverkusen,Florian Wirtz,GER,MF,20.0,2003.0,2372.0,32.0,26.0,Florian Wirtz,100.0,130000000.0,2,3
GER-Bundesliga,2324,Wolfsburg,Maxence Lacroix,FRA,DF,23.0,2000.0,2362.0,28.0,27.0,Maxence Lacroix,100.0,20000000.0,3,1
GER-Bundesliga,2324,Darmstadt 98,Christoph Klarer,AUT,DF,23.0,2000.0,2354.0,30.0,28.0,Christoph Klarer,100.0,3000000.0,3,1
GER-Bundesliga,2324,Gladbach,Franck Honorat,FRA,"MF,FW",26.0,1996.0,2345.0,32.0,28.0,Franck Honorat,100.0,12000000.0,0,0
GER-Bundesliga,2324,Freiburg,Nicolas Höfler,GER,MF,33.0,1990.0,2330.0,28.0,26.0,Nicolas Höfler,100.0,2000000.0,3,1
GER-Bundesliga,2324,Werder Bremen,Jens Stage,DEN,MF,26.0,1996.0,2327.0,30.0,26.0,Jens Stage,100.0,7500000.0,3,1
GER-Bundesliga,2324,Freiburg,Vincenzo Grifo,ITA,MF,30.0,1993.0,2325.0,32.0,29.0,Vincenzo Grifo,100.0,9000000.0,0,0
GER-Bundesliga,2324,Hoffenheim,Anton Stach,GER,MF,24.0,1998.0,2491.0,33.0,28.0,Anton Stach,100.0,15000000.0,1,1
GER-Bundesliga,2324,Freiburg,Lucas Höler,GER,"FW,MF",29.0,1994.0,2305.0,33.0,26.0,Lucas Höler,100.0,4000000.0,0,0
GER-Bundesliga,2324,Frankfurt,Omar Marmoush,EGY,"FW,MF",24.0,1999.0,2301.0,29.0,27.0,Omar Marmoush,100.0,22000000.0,2,3
GER-Bundesliga,2324,Hoffenheim,Florian Grillitsch,AUT,"DF,MF",27.0,1995.0,2295.0,30.0,25.0,Florian Grillitsch,100.0,6500000.0,1,0
GER-Bundesliga,2324,Heidenheim,Lennard Maloney,USA,MF,23.0,1999.0,2284.0,29.0,27.0,Lennard Maloney,100.0,5000000.0,1,1
GER-Bundesliga,2324,Union Berlin,Robin Gosens,GER,"MF,DF",29.0,1994.0,2283.0,30.0,27.0,Robin Gosens,100.0,12000000.0,3,0
GER-Bundesliga,2324,Hoffenheim,Ozan Kabak,TUR,DF,23.0,2000.0,2282.0,28.0,28.0,Ozan Kabak,100.0,10000000.0,3,1
GER-Bundesliga,2324,Leverkusen,Jeremie Frimpong,NED,MF,22.0,2000.0,2251.0,31.0,27.0,Jeremie Frimpong,100.0,50000000.0,2,0
GER-Bundesliga,2324,Freiburg,Ritsu Doan,JPN,MF,25.0,1998.0,2246.0,30.0,26.0,Ritsu Doan,100.0,18000000.0,0,0
GER-Bundesliga,2324,Stuttgart,Enzo Millot,FRA,MF,21.0,2002.0,2241.0,31.0,27.0,Enzo Millot,100.0,30000000.0,0,0
GER-Bundesliga,2324,Bayern Munich,Leon Goretzka,GER,MF,28.0,1995.0,2241.0,30.0,25.0,Leon Goretzka,100.0,30000000.0,0,0
GER-Bundesliga,2324,Gladbach,Joe Scally,USA,"DF,MF",20.0,2002.0,2236.0,31.0,25.0,Joe Scally,100.0,10000000.0,3,1
GER-Bundesliga,2324,Stuttgart,Hiroki Ito,JPN,DF,24.0,1999.0,2228.0,26.0,25.0,Hiroki Ito,100.0,30000000.0,1,2
GER-Bundesliga,2324,Gladbach,Luca Netz,GER,"MF,DF",20.0,2003.0,2225.0,30.0,25.0,Luca Netz,100.0,10000000.0,1,2
GER-Bundesliga,2324,Dortmund,Julian Brandt,GER,MF,27.0,1996.0,2223.0,32.0,26.0,Julian Brandt,100.0,40000000.0,0,0
GER-Bundesliga,2324,Bochum,Erhan Mašović,SRB,"DF,MF",24.0,1998.0,2219.0,29.0,24.0,Erhan Masovic,100.0,5000000.0,1,2
GER-Bundesliga,2324,Dortmund,Niclas Füllkrug,GER,FW,30.0,1993.0,2392.0,31.0,29.0,Niclas Füllkrug,100.0,15000000.0,2,3
GER-Bundesliga,2324,Stuttgart,Serhou Guirassy,GUI,FW,27.0,1996.0,2208.0,28.0,25.0,Serhou Guirassy,100.0,40000000.0,2,3
GER-Bundesliga,2324,Leverkusen,Jonas Hofmann,GER,MF,31.0,1992.0,2204.0,32.0,26.0,Jonas Hofmann,100.0,10000000.0,0,0
GER-Bundesliga,2324,Hoffenheim,Andrej Kramarić,CRO,"MF,FW",32.0,1991.0,2199.0,30.0,25.0,Andrej Kramaric,100.0,5000000.0,2,0
GER-Bundesliga,2324,Werder Bremen,Marco Friedl,AUT,DF,25.0,1998.0,2197.0,25.0,25.0,Marco Friedl,100.0,7500000.0,3,1
GER-Bundesliga,2324,Köln,Florian Kainz,AUT,MF,30.0,1992.0,2197.0,33.0,29.0,Florian Kainz,100.0,2500000.0,0,0
GER-Bundesliga,2324,RB Leipzig,Castello Lukeba,FRA,DF,20.0,2002.0,2191.0,32.0,24.0,Castello Lukeba,100.0,40000000.0,3,1
GER-Bundesliga,2324,Bochum,Keven Schlotterbeck,GER,DF,26.0,1997.0,2185.0,27.0,24.0,Keven Schlotterbeck,100.0,6000000.0,3,1
GER-Bundesliga,2324,Mainz 05,Dominik Kohr,GER,"DF,MF",29.0,1994.0,2184.0,31.0,27.0,Dominik Kohr,100.0,3000000.0,1,1
GER-Bundesliga,2324,Bayern Munich,Joshua Kimmich,GER,"MF,DF",28.0,1995.0,2176.0,28.0,27.0,Joshua Kimmich,100.0,50000000.0,0,0
GER-Bundesliga,2324,Frankfurt,Ellyes Skhiri,TUN,MF,28.0,1995.0,2168.0,27.0,24.0,Ellyes Skhiri,100.0,11000000.0,3,1
GER-Bundesliga,2324,Union Berlin,Danilho Doekhi,NED,DF,25.0,1998.0,2160.0,24.0,24.0,Danilho Doekhi,100.0,17000000.0,3,1
GER-Bundesliga,2324,Hoffenheim,Grischa Prömel,GER,MF,28.0,1995.0,2139.0,28.0,27.0,Grischa Prömel,100.0,7000000.0,3,0
GER-Bundesliga,2324,RB Leipzig,Mohamed Simakan,FRA,DF,23.0,2000.0,2138.0,32.0,23.0,Mohamed Simakan,100.0,35000000.0,1,1
GER-Bundesliga,2324,Bayern Munich,Leroy Sané,GER,MF,27.0,1996.0,2137.0,27.0,25.0,Leroy Sané,100.0,70000000.0,2,0
GER-Bundesliga,2324,Gladbach,Rocco Reitz,GER,MF,21.0,2002.0,2136.0,34.0,24.0,Rocco Reitz,100.0,10000000.0,3,0
GER-Bundesliga,2324,Mainz 05,Lee Jae-sung,KOR,MF,30.0,1992.0,2113.0,29.0,24.0,Jae-sung Lee,95.0,2500000.0,3,0
GER-Bundesliga,2324,Frankfurt,Ansgar Knauff,GER,"MF,FW",21.0,2002.0,2109.0,31.0,24.0,Ansgar Knauff,100.0,10000000.0,3,0
GER-Bundesliga,2324,Wolfsburg,Lovro Majer,CRO,"MF,FW",25.0,1998.0,2122.0,33.0,25.0,Lovro Majer,100.0,20000000.0,0,0
GER-Bundesliga,2324,Stuttgart,Maximilian Mittelstädt,GER,"DF,MF",26.0,1997.0,2103.0,31.0,23.0,Maximilian Mittelstädt,100.0,17000000.0,1,0
GER-Bundesliga,2324,Stuttgart,Deniz Undav,GER,"FW,MF",27.0,1996.0,2089.0,30.0,23.0,Deniz Undav,100.0,25000000.0,2,3
GER-Bundesliga,2324,Leverkusen,Edmond Tapsoba,BFA,DF,24.0,1999.0,2087.0,28.0,23.0,Edmond Tapsoba,100.0,45000000.0,1,2
GER-Bundesliga,2324,Frankfurt,Mario Götze,GER,MF,31.0,1992.0,2068.0,30.0,23.0,Mario Götze,100.0,5500000.0,3,0
GER-Bundesliga,2324,Gladbach,Maximilian Wöber,AUT,DF,25.0,1998.0,2066.0,25.0,24.0,Maximilian Wöber,100.0,10000000.0,3,0
GER-Bundesliga,2324,Bayern Munich,Alphonso Davies,CAN,DF,22.0,2000.0,2065.0,29.0,24.0,Alphonso Davies,100.0,50000000.0,3,0
GER-Bundesliga,2324,Köln,Dejan Ljubičić,AUT,MF,25.0,1997.0,2048.0,26.0,24.0,Dejan Ljubicic,100.0,5000000.0,1,1
GER-Bundesliga,2324,Augsburg,Kevin Mbabu,SUI,"DF,MF",28.0,1995.0,2047.0,25.0,22.0,Kevin Mbabu,100.0,4000000.0,1,2
GER-Bundesliga,2324,Freiburg,Manuel Gulde,GER,DF,32.0,1991.0,2047.0,27.0,23.0,Manuel Gulde,100.0,1500000.0,3,1
GER-Bundesliga,2324,Heidenheim,Benedikt Gimber,GER,DF,26.0,1997.0,2021.0,24.0,24.0,Benedikt Gimber,100.0,2800000.0,1,1
GER-Bundesliga,2324,Wolfsburg,Ridle Baku,GER,"MF,DF",25.0,1998.0,2013.0,33.0,22.0,Ridle Baku,100.0,7000000.0,1,0
GER-Bundesliga,2324,Heidenheim,Jan Schöppner,GER,MF,24.0,1999.0,1998.0,26.0,23.0,Jan Schöppner,100.0,3000000.0,3,1
GER-Bundesliga,2324,Mainz 05,Phillipp Mwene,AUT,"MF,DF",29.0,1994.0,1996.0,23.0,23.0,Phillipp Mwene,100.0,1800000.0,1,0
GER-Bundesliga,2324,Bochum,Takuma Asano,JPN,"FW,MF",28.0,1994.0,1986.0,29.0,26.0,Takuma Asano,100.0,4000000.0,2,3
GER-Bundesliga,2324,Augsburg,Elvis Rexhbeçaj,KVX,MF,25.0,1997.0,1985.0,25.0,24.0,Elvis Rexhbecaj,100.0,3500000.0,3,1
GER-Bundesliga,2324,Hoffenheim,Wout Weghorst,NED,FW,30.0,1992.0,1977.0,28.0,24.0,Wout Weghorst,100.0,6000000.0,2,3
GER-Bundesliga,2324,Bayern Munich,Kim Min-jae,KOR,DF,26.0,1996.0,1970.0,25.0,22.0,Min-jae Kim,95.0,45000000.0,3,1
GER-Bundesliga,2324,Augsburg,Ruben Vargas,SUI,"MF,FW",24.0,1998.0,1962.0,31.0,25.0,Rubén Vargas,100.0,7500000.0,0,3
GER-Bundesliga,2324,Dortmund,Marcel Sabitzer,AUT,MF,29.0,1994.0,1961.0,25.0,23.0,Marcel Sabitzer,100.0,20000000.0,0,0
GER-Bundesliga,2324,Frankfurt,Junior Dina Ebimbe,CMR,MF,22.0,2000.0,1956.0,31.0,25.0,Junior Dina Ebimbe,100.0,12000000.0,0,3
GER-Bundesliga,2324,Dortmund,Emre Can,GER,MF,29.0,1994.0,1953.0,25.0,22.0,Emre Can,100.0,10000000.0,3,1
GER-Bundesliga,2324,Werder Bremen,Miloš Veljković,SRB,DF,27.0,1995.0,1920.0,23.0,21.0,Milos Veljkovic,100.0,4500000.0,3,1
GER-Bundesliga,2324,Union Berlin,Robin Knoche,GER,DF,31.0,1992.0,1917.0,24.0,20.0,Robin Knoche,100.0,2500000.0,3,1
GER-Bundesliga,2324,Gladbach,Alassane Pléa,FRA,"FW,MF",30.0,1993.0,1913.0,27.0,24.0,Alassane Pléa,100.0,7000000.0,2,0
GER-Bundesliga,2324,Freiburg,Matthias Ginter,GER,DF,29.0,1994.0,1913.0,23.0,22.0,Matthias Ginter,100.0,10000000.0,1,2
GER-Bundesliga,2324,Frankfurt,Fares Chaïbi,ALG,"MF,FW",20.0,2002.0,1970.0,30.0,21.0,Farès Chaïbi,100.0,18000000.0,0,0
GER-Bundesliga,2324,Köln,Linton Maina,GER,MF,24.0,1999.0,1901.0,31.0,21.0,Linton Maina,100.0,3000000.0,0,0
GER-Bundesliga,2324,Frankfurt,Hugo Larsson,SWE,MF,19.0,2004.0,1886.0,29.0,21.0,Hugo Larsson,100.0,28000000.0,3,1
GER-Bundesliga,2324,Bochum,Ivan Ordets,UKR,DF,31.0,1992.0,1880.0,24.0,21.0,Ivan Ordets,100.0,2500000.0,1,1
GER-Bundesliga,2324,Bochum,Patrick Osterhage,GER,MF,23.0,2000.0,1861.0,24.0,21.0,Patrick Osterhage,100.0,7000000.0,3,1
GER-Bundesliga,2324,Freiburg,Lukas Kübler,GER,DF,30.0,1992.0,1847.0,26.0,22.0,Lukas Kübler,100.0,2000000.0,3,1
GER-Bundesliga,2324,Freiburg,Roland Sallai,HUN,"MF,FW",26.0,1997.0,1840.0,27.0,22.0,Roland Sallai,100.0,15000000.0,0,0
GER-Bundesliga,2324,Darmstadt 98,Fabian Holland,GER,"MF,DF",33.0,1990.0,1835.0,23.0,23.0,Fabian Holland,100.0,500000.0,1,2
GER-Bundesliga,2324,Leverkusen,Exequiel Palacios,ARG,MF,24.0,1998.0,1831.0,24.0,21.0,Exequiel Palacios,100.0,45000000.0,3,0
GER-Bundesliga,2324,Leverkusen,Odilon Kossounou,CIV,DF,22.0,2001.0,1811.0,22.0,21.0,Odilon Kossounou,100.0,35000000.0,3,1
GER-Bundesliga,2324,Freiburg,Kiliann Sildillia,FRA,DF,21.0,2002.0,1806.0,27.0,20.0,Kiliann Sildillia,100.0,15000000.0,1,2
GER-Bundesliga,2324,Darmstadt 98,Matthias Bader,GER,"MF,DF",26.0,1997.0,1802.0,24.0,21.0,Matthias Bader,100.0,1800000.0,3,1
GER-Bundesliga,2324,Werder Bremen,Senne Lynen,BEL,MF,24.0,1999.0,1797.0,32.0,20.0,Senne Lynen,100.0,7000000.0,1,2
GER-Bundesliga,2324,Augsburg,Mads Pedersen,DEN,"DF,MF",26.0,1996.0,1786.0,27.0,19.0,Mads Pedersen,100.0,2500000.0,3,0
GER-Bundesliga,2324,Darmstadt 98,Emir Karic,BIH,"MF,DF",26.0,1997.0,1783.0,27.0,18.0,Emir Karić,100.0,1000000.0,1,2
GER-Bundesliga,2324,Dortmund,Donyell Malen,NED,"MF,FW",24.0,1999.0,1781.0,27.0,21.0,Donyell Malen,100.0,40000000.0,2,3
GER-Bundesliga,2324,Bayern Munich,Konrad Laimer,AUT,"MF,DF",26.0,1997.0,1772.0,29.0,18.0,Konrad Laimer,100.0,30000000.0,1,2
GER-Bundesliga,2324,Dortmund,Julian Ryerson,NOR,DF,25.0,1997.0,1767.0,21.0,20.0,Julian Ryerson,100.0,20000000.0,3,0
GER-Bundesliga,2324,Bayern Munich,Dayot Upamecano,FRA,DF,24.0,1998.0,1762.0,25.0,19.0,Dayot Upamecano,100.0,45000000.0,3,1
GER-Bundesliga,2324,Köln,Max Finkgräfe,GER,DF,19.0,2004.0,1756.0,24.0,18.0,Max Finkgräfe,100.0,6000000.0,1,0
GER-Bundesliga,2324,Bayern Munich,Jamal Musiala,GER,MF,20.0,2003.0,1755.0,24.0,20.0,Jamal Musiala,100.0,120000000.0,2,0
GER-Bundesliga,2324,Frankfurt,Aurélio Buta,POR,"MF,DF",26.0,1997.0,1744.0,30.0,20.0,Aurélio Buta,100.0,5000000.0,1,0
GER-Bundesliga,2324,Wolfsburg,Moritz Jenz,GER,DF,24.0,1999.0,1742.0,22.0,21.0,Moritz Jenz,100.0,7500000.0,1,2
GER-Bundesliga,2324,Wolfsburg,Mattias Svanberg,SWE,MF,24.0,1999.0,1715.0,25.0,20.0,Mattias Svanberg,100.0,12000000.0,0,0
GER-Bundesliga,2324,Darmstadt 98,Matej Maglica,CRO,DF,24.0,1998.0,1698.0,26.0,21.0,Matej Maglica,100.0,2000000.0,3,1
GER-Bundesliga,2324,Leverkusen,Robert Andrich,GER,"MF,DF",28.0,1994.0,1690.0,28.0,18.0,Robert Andrich,100.0,17000000.0,3,1
GER-Bundesliga,2324,Freiburg,Michael Gregoritsch,AUT,FW,29.0,1994.0,1682.0,32.0,19.0,Michael Gregoritsch,100.0,8000000.0,2,3
GER-Bundesliga,2324,Bochum,Matúš Bero,SVK,"MF,FW",27.0,1995.0,1661.0,24.0,20.0,Matus Bero,100.0,3500000.0,1,0
GER-Bundesliga,2324,Köln,Rasmus Carstensen,DEN,"DF,MF",22.0,2000.0,1659.0,23.0,18.0,Rasmus Carstensen,100.0,2000000.0,1,2
GER-Bundesliga,2324,Bayern Munich,Thomas Müller,GER,MF,33.0,1989.0,1654.0,31.0,20.0,Thomas Müller,100.0,8000000.0,2,3
GER-Bundesliga,2324,Union Berlin,Christopher Trimmel,AUT,"MF,DF",36.0,1987.0,1646.0,26.0,19.0,Christopher Trimmel,100.0,600000.0,0,0
GER-Bundesliga,2324,Mainz 05,Brajan Gruda,GER,"MF,FW",19.0,2004.0,1641.0,28.0,19.0,Brajan Gruda,100.0,20000000.0,0,0
GER-Bundesliga,2324,Hoffenheim,Ihlas Bebou,TOG,"FW,MF",29.0,1994.0,1636.0,32.0,16.0,Ihlas Bebou,100.0,4000000.0,2,3
GER-Bundesliga,2324,Wolfsburg,Cedric Zesiger,SUI,DF,25.0,1998.0,1634.0,23.0,18.0,Cédric Zesiger,100.0,5000000.0,1,2
GER-Bundesliga,2324,Wolfsburg,Yannick Gerhardt,GER,MF,29.0,1994.0,1630.0,25.0,18.0,Yannick Gerhardt,100.0,4000000.0,3,1
GER-Bundesliga,2324,Köln,Denis Huseinbasic,BIH,MF,22.0,2001.0,1627.0,26.0,18.0,Denis Huseinbasic,100.0,4000000.0,1,2
GER-Bundesliga,2324,Augsburg,Iago,BRA,"DF,MF",26.0,1997.0,1622.0,23.0,18.0,Iago,100.0,4000000.0,1,0
GER-Bundesliga,2324,Darmstadt 98,Luca Pfeiffer,GER,"FW,MF",26.0,1996.0,1619.0,24.0,20.0,Luca Pfeiffer,100.0,1200000.0,0,3
GER-Bundesliga,2324,Werder Bremen,Felix Agu,NGA,MF,23.0,1999.0,1614.0,24.0,19.0,Felix Agu,100.0,4000000.0,1,2
GER-Bundesliga,2324,Dortmund,Marco Reus,GER,MF,34.0,1989.0,1601.0,26.0,18.0,Marco Reus,100.0,5000000.0,2,0
GER-Bundesliga,2324,Gladbach,Ko Itakura,JPN,"DF,MF",26.0,1997.0,1596.0,20.0,18.0,Ko Itakura,100.0,12000000.0,3,1
GER-Bundesliga,2324,RB Leipzig,Willi Orban,HUN,DF,30.0,1992.0,1582.0,19.0,18.0,Willi Orbán,100.0,10000000.0,1,2
GER-Bundesliga,2324,Dortmund,Mats Hummels,GER,DF,34.0,1988.0,1581.0,25.0,20.0,Mats Hummels,100.0,5000000.0,3,1
GER-Bundesliga,2324,Köln,Jan Thielmann,GER,"FW,MF",21.0,2002.0,1579.0,22.0,20.0,Jan Thielmann,100.0,5000000.0,0,0
GER-Bundesliga,2324,Werder Bremen,Leonardo Bittencourt,GER,MF,29.0,1993.0,1578.0,29.0,19.0,Leonardo Bittencourt,100.0,2500000.0,1,0
GER-Bundesliga,2324,Union Berlin,Lucas Tousart,FRA,MF,26.0,1997.0,1572.0,23.0,18.0,Lucas Tousart,100.0,7000000.0,1,1
GER-Bundesliga,2324,Bochum,Philipp Hofmann,GER,FW,30.0,1993.0,1571.0,29.0,18.0,Philipp Hofmann,100.0,1800000.0,2,3
GER-Bundesliga,2324,Gladbach,Marvin Friedrich,GER,DF,27.0,1995.0,1566.0,24.0,17.0,Marvin Friedrich,100.0,3500000.0,1,2
GER-Bundesliga,2324,Gladbach,Manu Koné,FRA,MF,22.0,2001.0,1561.0,22.0,18.0,Manu Koné,100.0,20000000.0,1,0
GER-Bundesliga,2324,Leverkusen,Victor Boniface,NGA,FW,22.0,2000.0,1546.0,23.0,18.0,Victor Boniface,100.0,40000000.0,2,3
GER-Bundesliga,2324,Hoffenheim,John Brooks,USA,DF,30.0,1993.0,1539.0,21.0,18.0,John Brooks,100.0,2000000.0,3,1
GER-Bundesliga,2324,Mainz 05,Jonathan Burkardt,GER,"FW,MF",23.0,2000.0,1538.0,21.0,18.0,Jonathan Burkardt,100.0,12000000.0,2,3
GER-Bundesliga,2324,RB Leipzig,Benjamin Šeško,SVN,FW,20.0,2003.0,1526.0,31.0,17.0,Benjamin Sesko,100.0,50000000.0,2,3
GER-Bundesliga,2324,RB Leipzig,Amadou Haidara,MLI,MF,25.0,1998.0,1526.0,21.0,19.0,Amadou Haidara,100.0,20000000.0,3,1
GER-Bundesliga,2324,Stuttgart,Jamie Leweling,GER,MF,22.0,2001.0,1523.0,34.0,17.0,Jamie Leweling,100.0,9000000.0,2,0
GER-Bundesliga,2324,Dortmund,Niklas Süle,GER,DF,27.0,1995.0,1514.0,23.0,14.0,Niklas Süle,100.0,15000000.0,3,1
GER-Bundesliga,2324,Darmstadt 98,Fabian Nürnberger,BUL,MF,24.0,1999.0,1513.0,21.0,17.0,Fabian Nürnberger,100.0,2500000.0,1,0
GER-Bundesliga,2324,Heidenheim,Marvin Pieringer,GER,"FW,MF",23.0,1999.0,1513.0,31.0,18.0,Marvin Pieringer,100.0,3000000.0,0,3
GER-Bundesliga,2324,Mainz 05,Karim Onisiwo,AUT,"FW,MF",31.0,1992.0,1493.0,24.0,17.0,Karim Onisiwo,100.0,1500000.0,0,3
GER-Bundesliga,2324,Leverkusen,Piero Hincapié,ECU,DF,21.0,2002.0,1484.0,26.0,16.0,Piero Hincapié,100.0,40000000.0,1,1
GER-Bundesliga,2324,Darmstadt 98,Marvin Mehlem,GER,MF,25.0,1997.0,1482.0,20.0,19.0,Marvin Mehlem,100.0,2500000.0,3,0
GER-Bundesliga,2324,Freiburg,Merlin Röhl,GER,"MF,FW",21.0,2002.0,1477.0,24.0,17.0,Merlin Röhl,100.0,12000000.0,0,3
GER-Bundesliga,2324,Stuttgart,Dan-Axel Zagadou,FRA,DF,24.0,1999.0,1453.0,19.0,16.0,Dan-Axel Zagadou,100.0,10000000.0,3,1
GER-Bundesliga,2324,RB Leipzig,Dani Olmo,ESP,MF,25.0,1998.0,1449.0,21.0,17.0,Dani Olmo,100.0,50000000.0,0,0
GER-Bundesliga,2324,RB Leipzig,Lukas Klostermann,GER,DF,27.0,1996.0,1436.0,25.0,16.0,Lukas Klostermann,100.0,8000000.0,3,1
GER-Bundesliga,2324,Wolfsburg,Kevin Paredes,USA,"MF,DF",20.0,2003.0,1432.0,28.0,15.0,Kevin Paredes,100.0,7500000.0,0,0
GER-Bundesliga,2324,Wolfsburg,Sebastiaan Bornauw,BEL,DF,24.0,1999.0,1431.0,20.0,16.0,Sebastiaan Bornauw,100.0,7000000.0,1,2
GER-Bundesliga,2324,Gladbach,Jordan Pefok,USA,FW,27.0,1996.0,1447.0,26.0,18.0,Jordan,90.0,4000000.0,2,3
GER-Bundesliga,2324,Augsburg,Arne Engels,BEL,"MF,DF",19.0,2003.0,1405.0,32.0,13.0,Arne Engels,100.0,9000000.0,0,0
GER-Bundesliga,2324,Bayern Munich,Matthijs de Ligt,NED,DF,23.0,1999.0,1390.0,22.0,16.0,Matthijs de Ligt,100.0,65000000.0,3,1
GER-Bundesliga,2324,Augsburg,Niklas Dorsch,GER,MF,25.0,1998.0,1386.0,21.0,16.0,Niklas Dorsch,100.0,4000000.0,1,2
GER-Bundesliga,2324,Gladbach,Nathan N'Goumou,CMR,"MF,FW",23.0,2000.0,1385.0,32.0,14.0,Nathan Ngoumou,100.0,5000000.0,0,0
GER-Bundesliga,2324,Darmstadt 98,Oscar Vilhelmsson,SWE,FW,19.0,2003.0,1374.0,26.0,16.0,Oscar Vilhelmsson,100.0,2000000.0,2,3
GER-Bundesliga,2324,Union Berlin,Alex Král,CZE,MF,25.0,1998.0,1370.0,24.0,13.0,Alex Král,100.0,5000000.0,1,2
GER-Bundesliga,2324,Werder Bremen,Olivier Deman,BEL,MF,23.0,2000.0,1365.0,29.0,14.0,Olivier Deman,100.0,5000000.0,3,0
GER-Bundesliga,2324,Darmstadt 98,Klaus Gjasula,ALB,"DF,MF",33.0,1989.0,1363.0,22.0,17.0,Klaus Gjasula,100.0,400000.0,1,2
GER-Bundesliga,2324,RB Leipzig,Kevin Kampl,SVN,MF,32.0,1990.0,1363.0,26.0,14.0,Kevin Kampl,100.0,3500000.0,3,1
GER-Bundesliga,2324,Mainz 05,Ludovic Ajorque,FRA,FW,29.0,1994.0,1360.0,26.0,15.0,Ludovic Ajorque,100.0,3000000.0,3,3
GER-Bundesliga,2324,Hoffenheim,Marius Bülter,GER,MF,30.0,1993.0,1351.0,30.0,15.0,Marius Bülter,100.0,2500000.0,0,0
GER-Bundesliga,2324,Darmstadt 98,Tobias Kempe,GER,MF,34.0,1989.0,1350.0,24.0,15.0,Tobias Kempe,100.0,500000.0,0,0
GER-Bundesliga,2324,Frankfurt,Philipp Max,GER,"MF,DF",29.0,1993.0,1350.0,23.0,17.0,Philipp Max,100.0,2000000.0,3,0
GER-Bundesliga,2324,Gladbach,Robin Hack,GER,"FW,MF",24.0,1998.0,1348.0,29.0,14.0,Robin Hack,100.0,8000000.0,2,3
GER-Bundesliga,2324,Mainz 05,Tom Krauß,GER,MF,22.0,2001.0,1346.0,29.0,13.0,Tom Krauß,100.0,4000000.0,1,1
GER-Bundesliga,2324,Union Berlin,Kevin Volland,GER,"FW,MF",31.0,1992.0,1345.0,26.0,17.0,Kevin Volland,100.0,4000000.0,0,0
GER-Bundesliga,2324,Union Berlin,Rani Khedira,TUN,MF,29.0,1994.0,1343.0,20.0,18.0,Rani Khedira,100.0,5000000.0,1,2
GER-Bundesliga,2324,Augsburg,Fredrik Jensen,FIN,MF,25.0,1997.0,1338.0,22.0,18.0,Fredrik Jensen,100.0,3500000.0,0,0
GER-Bundesliga,2324,Union Berlin,Kevin Vogt,GER,DF,31.0,1991.0,2642.0,32.0,30.0,Kevin Vogt,100.0,2000000.0,1,2
GER-Bundesliga,2324,Mainz 05,Nadiem Amiri,GER,MF,26.0,1996.0,1401.0,23.0,16.0,Nadiem Amiri,100.0,7000000.0,0,0
GER-Bundesliga,2324,Frankfurt,Niels Nkounkou,FRA,"MF,DF",22.0,2000.0,1309.0,29.0,13.0,Niels Nkounkou,100.0,7500000.0,3,0
GER-Bundesliga,2324,Union Berlin,Josip Juranović,CRO,"MF,DF",27.0,1995.0,1294.0,21.0,14.0,Josip Juranovic,100.0,7500000.0,0,0
GER-Bundesliga,2324,Mainz 05,Edimilson Fernandes,SUI,DF,27.0,1996.0,1290.0,21.0,13.0,Edimilson Fernandes,100.0,3500000.0,1,2
GER-Bundesliga,2324,Union Berlin,Benedict Hollerbach,GER,"FW,MF",22.0,2001.0,1282.0,28.0,15.0,Benedict Hollerbach,100.0,4000000.0,0,0
GER-Bundesliga,2324,Köln,Faride Alidou,GER,"MF,FW",22.0,2001.0,1282.0,26.0,14.0,Faride Alidou,100.0,2500000.0,0,0
GER-Bundesliga,2324,Union Berlin,Brenden Aaronson,USA,"MF,FW",22.0,2000.0,1267.0,30.0,14.0,Brenden Aaronson,100.0,12000000.0,0,0
GER-Bundesliga,2324,Köln,Davie Selke,GER,FW,28.0,1995.0,1265.0,19.0,16.0,Davie Selke,100.0,2800000.0,2,3
GER-Bundesliga,2324,Freiburg,Philipp Lienhart,AUT,DF,27.0,1996.0,1265.0,15.0,14.0,Philipp Lienhart,100.0,15000000.0,3,1
GER-Bundesliga,2324,Dortmund,Ian Maatsen,NED,DF,21.0,2002.0,1473.0,28.0,16.0,Ian Maatsen,100.0,40000000.0,3,0
GER-Bundesliga,2324,Union Berlin,Kevin Behrens,GER,FW,32.0,1991.0,1878.0,31.0,21.0,Kevin Behrens,100.0,2000000.0,2,3
GER-Bundesliga,2324,Leverkusen,Josip Stanišić,CRO,"DF,MF",23.0,2000.0,1261.0,20.0,13.0,Josip Stanisic,100.0,28000000.0,3,1
GER-Bundesliga,2324,Hoffenheim,Robert Skov,DEN,MF,27.0,1996.0,1260.0,25.0,14.0,Robert Skov,100.0,5000000.0,0,0
GER-Bundesliga,2324,Heidenheim,Norman Theuerkauf,GER,"MF,DF",36.0,1987.0,1259.0,25.0,14.0,Norman Theuerkauf,100.0,300000.0,1,2
GER-Bundesliga,2324,Bochum,Moritz Broschinski,GER,"FW,MF",22.0,2000.0,1247.0,26.0,14.0,Moritz Broschinski,100.0,3000000.0,0,3
GER-Bundesliga,2324,Mainz 05,Silvan Widmer,SUI,"MF,DF",30.0,1993.0,1242.0,20.0,13.0,Silvan Widmer,100.0,3000000.0,3,0
GER-Bundesliga,2324,Darmstadt 98,Bartol Franjić,CRO,MF,23.0,2000.0,1229.0,20.0,14.0,Bartol Franjic,100.0,1800000.0,1,2
GER-Bundesliga,2324,Bayern Munich,Aleksandar Pavlovic,GER,MF,19.0,2004.0,1227.0,19.0,14.0,Aleksandar Pavlovic,100.0,30000000.0,3,1
GER-Bundesliga,2324,Gladbach,Florian Neuhaus,GER,MF,26.0,1997.0,1224.0,25.0,15.0,Florian Neuhaus,100.0,7000000.0,0,0
GER-Bundesliga,2324,Union Berlin,Janik Haberer,GER,MF,29.0,1994.0,1221.0,21.0,14.0,Janik Haberer,100.0,3000000.0,1,1
GER-Bundesliga,2324,Darmstadt 98,Christoph Zimmermann,GER,DF,30.0,1993.0,1220.0,19.0,12.0,Christoph Zimmermann,100.0,1000000.0,1,2
GER-Bundesliga,2324,RB Leipzig,Yussuf Poulsen,DEN,FW,29.0,1994.0,1217.0,28.0,12.0,Yussuf Poulsen,100.0,6000000.0,2,3
GER-Bundesliga,2324,Bochum,Christopher Antwi-Adjei,GHA,"FW,MF",29.0,1994.0,1216.0,25.0,11.0,Christopher Antwi-Adjei,100.0,1200000.0,0,3
GER-Bundesliga,2324,Union Berlin,András Schäfer,HUN,MF,24.0,1999.0,1214.0,20.0,14.0,András Schäfer,100.0,5000000.0,1,0
GER-Bundesliga,2324,Bayern Munich,Noussair Mazraoui,MAR,DF,25.0,1997.0,1197.0,19.0,15.0,Noussair Mazraoui,100.0,30000000.0,1,2
GER-Bundesliga,2324,Bayern Munich,Raphaël Guerreiro,POR,"MF,DF",29.0,1993.0,1191.0,20.0,13.0,Raphaël Guerreiro,100.0,12000000.0,3,0
GER-Bundesliga,2324,Werder Bremen,Nick Woltemade,GER,"FW,MF",21.0,2002.0,1189.0,30.0,12.0,Nick Woltemade,100.0,4000000.0,3,0
GER-Bundesliga,2324,Bochum,Cristian Gamboa,CRC,"DF,MF",33.0,1989.0,1187.0,22.0,12.0,Cristian Gamboa,100.0,500000.0,1,2
GER-Bundesliga,2324,Dortmund,Salih Özcan,TUR,MF,25.0,1998.0,1184.0,23.0,13.0,Salih Özcan,100.0,10000000.0,1,2
GER-Bundesliga,2324,Stuttgart,Josha Vagnoman,GER,"MF,DF",22.0,2000.0,1183.0,18.0,12.0,Josha Vagnoman,100.0,10000000.0,0,0
GER-Bundesliga,2324,Bayern Munich,Eric Dier,ENG,DF,29.0,1994.0,1367.0,19.0,14.0,Eric Dier,100.0,12000000.0,1,2
GER-Bundesliga,2324,Dortmund,Marius Wolf,GER,DF,28.0,1995.0,1166.0,22.0,12.0,Marius Wolf,100.0,3000000.0,1,2
GER-Bundesliga,2324,RB Leipzig,Christoph Baumgartner,AUT,"MF,FW",23.0,1999.0,1158.0,32.0,11.0,Christoph Baumgartner,100.0,18000000.0,2,3
GER-Bundesliga,2324,Köln,Benno Schmitz,GER,DF,28.0,1994.0,1155.0,22.0,13.0,Benno Schmitz,100.0,1500000.0,1,2
GER-Bundesliga,2324,Wolfsburg,Aster Vranckx,BEL,MF,20.0,2002.0,1153.0,24.0,12.0,Aster Vranckx,100.0,12000000.0,1,2
GER-Bundesliga,2324,Köln,Luca Waldschmidt,GER,MF,27.0,1996.0,1146.0,22.0,14.0,Luca Waldschmidt,100.0,2500000.0,0,3
GER-Bundesliga,2324,Darmstadt 98,Jannik Müller,GER,DF,29.0,1994.0,1134.0,16.0,12.0,Jannik Müller,100.0,800000.0,1,2
GER-Bundesliga,2324,Bayern Munich,Kingsley Coman,FRA,MF,27.0,1996.0,1113.0,17.0,15.0,Kingsley Coman,100.0,50000000.0,0,0
GER-Bundesliga,2324,Hoffenheim,Kevin Akpoguma,NGA,DF,28.0,1995.0,1097.0,17.0,11.0,Kevin Akpoguma,100.0,3000000.0,1,2
GER-Bundesliga,2324,Werder Bremen,Niklas Stark,GER,DF,28.0,1995.0,1088.0,17.0,12.0,Niklas Stark,100.0,5500000.0,3,1
GER-Bundesliga,2324,Köln,Leart Paqarada,KVX,DF,28.0,1994.0,1075.0,17.0,11.0,Leart Paçarada,92.85714285714286,1500000.0,1,0
GER-Bundesliga,2324,Union Berlin,Aïssa Laïdouni,TUN,MF,26.0,1996.0,1071.0,23.0,10.0,Aïssa Laïdouni,100.0,6000000.0,0,2
GER-Bundesliga,2324,Bochum,Maximilian Wittek,GER,"MF,DF",27.0,1995.0,1070.0,21.0,13.0,Maximilian Wittek,100.0,2000000.0,0,0
GER-Bundesliga,2324,Stuttgart,Pascal Stenzel,GER,DF,27.0,1996.0,1064.0,23.0,14.0,Pascal Stenzel,100.0,2500000.0,0,0
GER-Bundesliga,2324,Leverkusen,Patrik Schick,CZE,FW,27.0,1996.0,1063.0,20.0,12.0,Patrik Schick,100.0,22000000.0,2,3
GER-Bundesliga,2324,Freiburg,Christian Günter,GER,"MF,DF",30.0,1993.0,1060.0,15.0,13.0,Christian Günter,100.0,5000000.0,0,0
GER-Bundesliga,2324,Dortmund,Jamie Gittens,ENG,"MF,FW",18.0,2004.0,1058.0,25.0,14.0,Jamie Gittens,100.0,28000000.0,0,3
GER-Bundesliga,2324,Augsburg,Kristijan Jakić,CRO,MF,26.0,1997.0,1251.0,18.0,14.0,Kristijan Jakic,100.0,6500000.0,3,1
GER-Bundesliga,2324,Bayern Munich,Mathys Tel,FRA,"MF,FW",18.0,2005.0,1050.0,30.0,6.0,Mathys Tel,100.0,40000000.0,2,3
GER-Bundesliga,2324,Dortmund,Ramy Bensebaini,ALG,DF,28.0,1995.0,1033.0,17.0,11.0,Ramy Bensebaini,100.0,7000000.0,1,2
GER-Bundesliga,2324,Wolfsburg,Tiago Tomás,POR,"FW,MF",21.0,2002.0,1032.0,26.0,11.0,Tiago Tomás,100.0,6000000.0,0,0
GER-Bundesliga,2324,Freiburg,Jordy Makengo,FRA,"DF,MF",21.0,2001.0,1026.0,20.0,10.0,Jordy Makengo,100.0,3500000.0,1,2
GER-Bundesliga,2324,Darmstadt 98,Julian Justvan,GER,MF,25.0,1998.0,1072.0,18.0,11.0,Julian Justvan,100.0,1500000.0,0,0
GER-Bundesliga,2324,Darmstadt 98,Mathias Honsak,AUT,"MF,FW",26.0,1996.0,1021.0,23.0,10.0,Mathias Honsak,100.0,1200000.0,1,0
GER-Bundesliga,2324,Dortmund,Felix Nmecha,GER,MF,22.0,2000.0,1021.0,20.0,10.0,Felix Nmecha,100.0,20000000.0,0,0
GER-Bundesliga,2324,Werder Bremen,Justin Njinmah,GER,FW,22.0,2000.0,1016.0,24.0,10.0,Justin Njinmah,100.0,9000000.0,2,3
GER-Bundesliga,2324,Heidenheim,Kevin Sessa,GER,MF,23.0,2000.0,1011.0,30.0,7.0,Kevin Sessa,100.0,2500000.0,0,0
GER-Bundesliga,2324,Hoffenheim,Umut Tohumcu,GER,MF,18.0,2004.0,1011.0,20.0,12.0,Umut Tohumcu,100.0,7000000.0,1,2
GER-Bundesliga,2324,Stuttgart,Anthony Rouault,FRA,DF,22.0,2001.0,1010.0,22.0,11.0,Anthony Rouault,100.0,7000000.0,1,2
GER-Bundesliga,2324,Augsburg,Arne Maier,GER,"MF,FW",24.0,1999.0,1003.0,22.0,10.0,Arne Maier,100.0,5000000.0,0,0
GER-Bundesliga,2324,Mainz 05,Andreas Hanche-Olsen,NOR,DF,26.0,1997.0,992.0,15.0,12.0,Andreas Hanche-Olsen,100.0,9000000.0,3,1
GER-Bundesliga,2324,Werder Bremen,Rafael Borré,COL,FW,27.0,1995.0,991.0,19.0,11.0,Rafael Santos Borré,85.5,8000000.0,2,3
GER-Bundesliga,2324,Heidenheim,Adrian Beck,GER,MF,26.0,1997.0,974.0,23.0,11.0,Adrian Beck,100.0,1500000.0,3,0
GER-Bundesliga,2324,Bochum,Felix Passlack,GER,"DF,MF",25.0,1998.0,960.0,15.0,13.0,Felix Passlack,100.0,1800000.0,0,0
GER-Bundesliga,2324,Dortmund,Jadon Sancho,ENG,"MF,FW",23.0,2000.0,1026.0,17.0,11.0,Jadon Sancho,100.0,30000000.0,0,0
GER-Bundesliga,2324,Wolfsburg,Václav Černý,CZE,"MF,FW",25.0,1997.0,921.0,22.0,12.0,Vaclav Cerny,100.0,7000000.0,2,0
GER-Bundesliga,2324,Freiburg,Yannik Keitel,GER,"DF,MF",23.0,2000.0,920.0,15.0,11.0,Yannik Keitel,100.0,5000000.0,3,1
GER-Bundesliga,2324,Dortmund,Karim Adeyemi,GER,"FW,MF",21.0,2002.0,913.0,21.0,10.0,Karim Adeyemi,100.0,28000000.0,0,0
GER-Bundesliga,2324,Heidenheim,Tim Siersleben,GER,DF,23.0,2000.0,910.0,14.0,10.0,Tim Siersleben,100.0,1500000.0,1,2
GER-Bundesliga,2324,Wolfsburg,Rogério,BRA,"DF,MF",25.0,1998.0,906.0,13.0,10.0,Rogério,100.0,5000000.0,3,0
GER-Bundesliga,2324,Stuttgart,Silas Katompa,COD,MF,24.0,1998.0,900.0,27.0,8.0,Silas,90.0,10000000.0,2,0
GER-Bundesliga,2425,Heidenheim,Patrick Mainka,GER,DF,29.0,1994.0,3060.0,34.0,34.0,Patrick Mainka,100.0,3000000.0,1,1
GER-Bundesliga,2425,Union Berlin,Danilho Doekhi,NED,DF,26.0,1998.0,3060.0,34.0,34.0,Danilho Doekhi,100.0,13000000.0,1,1
GER-Bundesliga,2425,Mainz 05,Kaishū Sano,JPN,MF,23.0,2000.0,3043.0,34.0,34.0,Kaishu Sano,100.0,20000000.0,1,2
GER-Bundesliga,2425,St Pauli,Hauke Wahl,GER,DF,30.0,1994.0,2970.0,33.0,33.0,Hauke Wahl,100.0,1500000.0,1,2
GER-Bundesliga,2425,Leverkusen,Jonathan Tah,GER,DF,28.0,1996.0,2970.0,33.0,33.0,Jonathan Tah,100.0,30000000.0,3,1
GER-Bundesliga,2425,Augsburg,Jeffrey Gouweleeuw,NED,DF,33.0,1991.0,2944.0,33.0,33.0,Jeffrey Gouweleeuw,100.0,1500000.0,1,1
GER-Bundesliga,2425,Leverkusen,Granit Xhaka,SUI,MF,31.0,1992.0,2888.0,33.0,33.0,Granit Xhaka,100.0,12000000.0,3,0
GER-Bundesliga,2425,Gladbach,Julian Weigl,GER,MF,28.0,1995.0,2881.0,33.0,33.0,Julian Weigl,100.0,6000000.0,1,2
GER-Bundesliga,2425,St Pauli,Philipp Treu,GER,MF,23.0,2000.0,2881.0,33.0,33.0,Philipp Treu,100.0,5000000.0,1,2
GER-Bundesliga,2425,Werder Bremen,Mitchell Weiser,GER,MF,30.0,1994.0,2868.0,32.0,32.0,Mitchell Weiser,100.0,5000000.0,0,0
GER-Bundesliga,2425,Freiburg,Ritsu Doan,JPN,MF,26.0,1998.0,2862.0,34.0,33.0,Ritsu Doan,100.0,25000000.0,0,0
GER-Bundesliga,2425,Bayern Munich,Joshua Kimmich,GER,MF,29.0,1995.0,2847.0,33.0,32.0,Joshua Kimmich,100.0,45000000.0,0,0
GER-Bundesliga,2425,Freiburg,Maximilian Eggestein,GER,MF,27.0,1996.0,2845.0,33.0,33.0,Maximilian Eggestein,100.0,10000000.0,1,1
GER-Bundesliga,2425,Werder Bremen,Romano Schmid,AUT,MF,24.0,2000.0,2834.0,32.0,32.0,Romano Schmid,100.0,17000000.0,0,0
GER-Bundesliga,2425,St Pauli,Eric Smith,SWE,"DF,MF",27.0,1997.0,2827.0,32.0,32.0,Eric Smith,100.0,5000000.0,1,0
GER-Bundesliga,2425,Gladbach,Ko Itakura,JPN,DF,27.0,1997.0,2790.0,31.0,31.0,Ko Itakura,100.0,12000000.0,3,1
GER-Bundesliga,2425,Freiburg,Philipp Lienhart,AUT,DF,28.0,1996.0,2770.0,32.0,31.0,Philipp Lienhart,100.0,12000000.0,3,1
GER-Bundesliga,2425,Hoffenheim,Andrej Kramarić,CRO,MF,33.0,1991.0,2767.0,32.0,32.0,Andrej Kramaric,100.0,4000000.0,2,0
GER-Bundesliga,2425,Stuttgart,Angelo Stiller,GER,MF,23.0,2001.0,2741.0,32.0,31.0,Angelo Stiller,100.0,45000000.0,0,0
GER-Bundesliga,2425,Gladbach,Tim Kleindienst,GER,FW,28.0,1995.0,2737.0,31.0,31.0,Tim Kleindienst,100.0,17000000.0,2,3
GER-Bundesliga,2425,Werder Bremen,Senne Lynen,BEL,MF,25.0,1999.0,2733.0,32.0,32.0,Senne Lynen,100.0,9000000.0,1,2
GER-Bundesliga,2425,Union Berlin,Rani Khedira,TUN,MF,30.0,1994.0,2723.0,32.0,31.0,Rani Khedira,100.0,2500000.0,3,1
GER-Bundesliga,2425,Bochum,Maximilian Wittek,GER,"DF,MF",28.0,1995.0,2706.0,33.0,32.0,Maximilian Wittek,100.0,1500000.0,1,0
GER-Bundesliga,2425,Frankfurt,Arthur Theate,BEL,DF,24.0,2000.0,2704.0,31.0,31.0,Arthur Theate,100.0,24000000.0,1,2
GER-Bundesliga,2425,Mainz 05,Anthony Caci,FRA,MF,27.0,1997.0,2684.0,33.0,33.0,Anthony Caci,100.0,12000000.0,0,0
GER-Bundesliga,2425,Heidenheim,Jan Schöppner,GER,MF,25.0,1999.0,2681.0,33.0,32.0,Jan Schöppner,100.0,4000000.0,3,1
GER-Bundesliga,2425,Heidenheim,Benedikt Gimber,GER,DF,27.0,1997.0,2671.0,32.0,32.0,Benedikt Gimber,100.0,3000000.0,1,2
GER-Bundesliga,2425,Leverkusen,Piero Hincapié,ECU,DF,22.0,2002.0,2670.0,32.0,28.0,Piero Hincapié,100.0,50000000.0,3,1
GER-Bundesliga,2425,Augsburg,Dimitris Giannoulis,GRE,MF,28.0,1995.0,2650.0,31.0,31.0,Dimitrios Giannoulis,97.43589743589745,3000000.0,1,0
GER-Bundesliga,2425,Mainz 05,Lee Jae-sung,KOR,MF,31.0,1992.0,2650.0,33.0,31.0,Jae-sung Lee,95.0,2500000.0,0,0
GER-Bundesliga,2425,Leverkusen,Álex Grimaldo,ESP,MF,28.0,1995.0,2636.0,32.0,31.0,,77.41935483870968,,0,0
GER-Bundesliga,2425,Stuttgart,Atakan Karazor,TUR,MF,27.0,1996.0,2618.0,32.0,31.0,Atakan Karazor,100.0,12000000.0,3,0
GER-Bundesliga,2425,Heidenheim,Omar Traoré,GER,"DF,MF",26.0,1998.0,2616.0,30.0,30.0,Omar Traoré,100.0,4000000.0,1,2
GER-Bundesliga,2425,Bochum,Ibrahima Sissoko,MLI,MF,26.0,1997.0,2610.0,32.0,30.0,Ibrahima Sissoko,100.0,6000000.0,1,1
GER-Bundesliga,2425,St Pauli,Jackson Irvine,AUS,MF,31.0,1993.0,2610.0,29.0,29.0,Jackson Irvine,100.0,2000000.0,1,2
GER-Bundesliga,2425,Mainz 05,Phillipp Mwene,AUT,MF,30.0,1994.0,2607.0,32.0,32.0,Phillipp Mwene,100.0,1800000.0,1,0
GER-Bundesliga,2425,Dortmund,Serhou Guirassy,GUI,FW,28.0,1996.0,2598.0,30.0,29.0,Serhou Guirassy,100.0,45000000.0,2,3
GER-Bundesliga,2425,Frankfurt,Robin Koch,GER,DF,28.0,1996.0,2586.0,30.0,30.0,Robin Koch,100.0,18000000.0,3,1
GER-Bundesliga,2425,Augsburg,Frank Onyeka,NGA,MF,26.0,1998.0,2611.0,33.0,30.0,Frank Onyeka,100.0,7000000.0,1,2
GER-Bundesliga,2425,Hoffenheim,Anton Stach,GER,"MF,DF",25.0,1998.0,2585.0,30.0,29.0,Anton Stach,100.0,14000000.0,1,1
GER-Bundesliga,2425,Gladbach,Joe Scally,USA,DF,21.0,2002.0,2578.0,32.0,30.0,Joe Scally,100.0,10000000.0,1,2
GER-Bundesliga,2425,Bochum,Matúš Bero,SVK,MF,28.0,1995.0,2565.0,30.0,29.0,Matus Bero,100.0,3000000.0,0,0
GER-Bundesliga,2425,Frankfurt,Hugo Ekitike,FRA,FW,22.0,2002.0,2563.0,33.0,31.0,Hugo Ekitiké,100.0,75000000.0,2,3
GER-Bundesliga,2425,Freiburg,Matthias Ginter,GER,DF,30.0,1994.0,2561.0,32.0,28.0,Matthias Ginter,100.0,7000000.0,3,1
GER-Bundesliga,2425,Hoffenheim,Tom Bischof,GER,MF,19.0,2005.0,2559.0,31.0,30.0,Tom Bischof,100.0,30000000.0,0,0
GER-Bundesliga,2425,Augsburg,Chrislain Matsima,FRA,DF,22.0,2002.0,2551.0,30.0,28.0,Chrislain Matsima,100.0,22000000.0,3,1
GER-Bundesliga,2425,Union Berlin,Diogo Leite,POR,DF,25.0,1999.0,2546.0,30.0,29.0,Diogo Leite,100.0,17000000.0,1,1
GER-Bundesliga,2425,Union Berlin,Benedict Hollerbach,GER,"FW,MF",23.0,2001.0,2540.0,34.0,30.0,Benedict Hollerbach,100.0,12000000.0,2,3
GER-Bundesliga,2425,Frankfurt,Rasmus Kristensen,DEN,"DF,MF",27.0,1997.0,2513.0,30.0,28.0,Rasmus Nissen Kristensen,95.0,14000000.0,3,0
GER-Bundesliga,2425,Leverkusen,Edmond Tapsoba,BFA,DF,25.0,1999.0,2507.0,29.0,29.0,Edmond Tapsoba,100.0,35000000.0,1,2
GER-Bundesliga,2425,Mainz 05,Nadiem Amiri,GER,MF,27.0,1996.0,2473.0,30.0,30.0,Nadiem Amiri,100.0,20000000.0,0,0
GER-Bundesliga,2425,Stuttgart,Maximilian Mittelstädt,GER,"DF,MF",27.0,1997.0,2469.0,31.0,28.0,Maximilian Mittelstädt,100.0,20000000.0,0,0
GER-Bundesliga,2425,Wolfsburg,Konstantinos Koulierakis,GRE,DF,20.0,2003.0,2468.0,30.0,28.0,Konstantinos Koulierakis,100.0,25000000.0,1,2
GER-Bundesliga,2425,Wolfsburg,Mohamed Amoura,ALG,"FW,MF",24.0,2000.0,2467.0,31.0,29.0,Mohamed Amoura,100.0,32000000.0,2,3
GER-Bundesliga,2425,Wolfsburg,Denis Vavro,SVK,DF,28.0,1996.0,2461.0,29.0,27.0,Denis Vavro,100.0,7000000.0,3,1
GER-Bundesliga,2425,RB Leipzig,Loïs Openda,BEL,FW,24.0,2000.0,2453.0,33.0,28.0,Loïs Openda,100.0,50000000.0,2,3
GER-Bundesliga,2425,Holstein Kiel,Timo Becker,GER,"DF,MF",27.0,1997.0,2445.0,30.0,28.0,Timo Becker,100.0,1500000.0,1,2
GER-Bundesliga,2425,Freiburg,Vincenzo Grifo,ITA,MF,31.0,1993.0,2432.0,34.0,31.0,Vincenzo Grifo,100.0,6000000.0,0,0
GER-Bundesliga,2425,Werder Bremen,Marvin Ducksch,GER,FW,30.0,1994.0,2418.0,32.0,30.0,Marvin Ducksch,100.0,6000000.0,0,0
GER-Bundesliga,2425,Holstein Kiel,Nicolai Remberg,GER,MF,24.0,2000.0,2417.0,32.0,26.0,Nicolai Remberg,100.0,3000000.0,1,2
GER-Bundesliga,2425,Frankfurt,Hugo Larsson,SWE,MF,20.0,2004.0,2393.0,33.0,28.0,Hugo Larsson,100.0,40000000.0,3,1
GER-Bundesliga,2425,Bayern Munich,Harry Kane,ENG,FW,31.0,1993.0,2381.0,31.0,28.0,Harry Kane,100.0,75000000.0,2,3
GER-Bundesliga,2425,RB Leipzig,Benjamin Šeško,SVN,"FW,MF",21.0,2003.0,2380.0,33.0,30.0,Benjamin Sesko,100.0,70000000.0,2,3
GER-Bundesliga,2425,Wolfsburg,Maximilian Arnold,GER,MF,30.0,1994.0,2356.0,28.0,27.0,Maximilian Arnold,100.0,5000000.0,0,0
GER-Bundesliga,2425,Leverkusen,Florian Wirtz,GER,MF,21.0,2003.0,2351.0,31.0,25.0,Florian Wirtz,100.0,140000000.0,2,0
GER-Bundesliga,2425,Mainz 05,Paul Nebel,GER,MF,21.0,2002.0,2345.0,31.0,26.0,Paul Nebel,100.0,24000000.0,0,0
GER-Bundesliga,2425,Bayern Munich,Michael Olise,FRA,MF,22.0,2001.0,2334.0,34.0,28.0,Michael Olise,100.0,100000000.0,2,0
GER-Bundesliga,2425,Bochum,Felix Passlack,GER,"MF,DF",26.0,1998.0,2334.0,31.0,30.0,Felix Passlack,100.0,2000000.0,0,0
GER-Bundesliga,2425,Dortmund,Pascal Groß,GER,"MF,DF",33.0,1991.0,2327.0,30.0,28.0,Pascal Groß,100.0,5000000.0,0,0
GER-Bundesliga,2425,Leverkusen,Jeremie Frimpong,NED,MF,23.0,2000.0,2314.0,33.0,25.0,Jeremie Frimpong,100.0,50000000.0,0,0
GER-Bundesliga,2425,St Pauli,Manolis Saliakas,GRE,MF,27.0,1996.0,2314.0,30.0,26.0,Manolis Saliakas,100.0,3000000.0,3,0
GER-Bundesliga,2425,Freiburg,Christian Günter,GER,DF,31.0,1993.0,2314.0,29.0,27.0,Christian Günter,100.0,3500000.0,0,0
GER-Bundesliga,2425,Augsburg,Kristijan Jakić,CRO,MF,27.0,1997.0,2306.0,31.0,27.0,Kristijan Jakic,100.0,6500000.0,1,2
GER-Bundesliga,2425,Dortmund,Julian Brandt,GER,MF,28.0,1996.0,2303.0,30.0,28.0,Julian Brandt,100.0,25000000.0,0,0
GER-Bundesliga,2425,Wolfsburg,Kilian Fischer,GER,DF,23.0,2000.0,2297.0,32.0,29.0,Kilian Fischer,100.0,6000000.0,3,1
GER-Bundesliga,2425,Mainz 05,Dominik Kohr,GER,"DF,MF",30.0,1994.0,2295.0,28.0,28.0,Dominik Kohr,100.0,3500000.0,3,1
GER-Bundesliga,2425,Bayern Munich,Kim Min-jae,KOR,DF,27.0,1996.0,2283.0,27.0,27.0,Min-jae Kim,95.0,40000000.0,3,1
GER-Bundesliga,2425,Bochum,Philipp Hofmann,GER,FW,31.0,1993.0,2277.0,32.0,27.0,Philipp Hofmann,100.0,1000000.0,0,3
GER-Bundesliga,2425,Frankfurt,Tuta,BRA,"DF,MF",25.0,1999.0,2274.0,30.0,26.0,Tuta,100.0,15000000.0,3,1
GER-Bundesliga,2425,Stuttgart,Julian Chabot,GER,DF,26.0,1998.0,2269.0,31.0,27.0,,69.23076923076923,,3,0
GER-Bundesliga,2425,Freiburg,Patrick Osterhage,GER,MF,24.0,2000.0,2267.0,30.0,27.0,Patrick Osterhage,100.0,10000000.0,1,0
GER-Bundesliga,2425,Dortmund,Julian Ryerson,NOR,"DF,MF",26.0,1997.0,2259.0,29.0,27.0,Julian Ryerson,100.0,20000000.0,3,0
GER-Bundesliga,2425,Frankfurt,Ellyes Skhiri,TUN,MF,29.0,1995.0,2231.0,30.0,26.0,Ellyes Skhiri,100.0,7500000.0,3,1
GER-Bundesliga,2425,RB Leipzig,Willi Orban,HUN,DF,31.0,1992.0,2222.0,25.0,25.0,Willi Orbán,100.0,8000000.0,3,1
GER-Bundesliga,2425,Hoffenheim,Kevin Akpoguma,NGA,DF,29.0,1995.0,2220.0,32.0,23.0,Kevin Akpoguma,100.0,2500000.0,1,2
GER-Bundesliga,2425,Bochum,Tim Oermann,GER,DF,20.0,2003.0,2213.0,29.0,26.0,Tim Oermann,100.0,5000000.0,1,2
GER-Bundesliga,2425,Heidenheim,Marvin Pieringer,GER,FW,24.0,1999.0,2206.0,31.0,26.0,Marvin Pieringer,100.0,5500000.0,2,3
GER-Bundesliga,2425,Werder Bremen,Jens Stage,DEN,MF,27.0,1996.0,2204.0,28.0,26.0,Jens Stage,100.0,14000000.0,2,0
GER-Bundesliga,2425,Wolfsburg,Joakim Mæhle,DEN,"DF,MF",27.0,1997.0,2188.0,28.0,25.0,Joakim Maehle,88.0,14000000.0,3,1
GER-Bundesliga,2425,Hoffenheim,Arthur Chaves,BRA,DF,23.0,2001.0,2185.0,26.0,24.0,Arthur Chaves,100.0,5000000.0,1,1
GER-Bundesliga,2425,Gladbach,Robin Hack,GER,MF,25.0,1998.0,2172.0,33.0,27.0,Robin Hack,100.0,12000000.0,0,0
GER-Bundesliga,2425,Werder Bremen,Marco Friedl,AUT,DF,26.0,1998.0,2161.0,26.0,25.0,Marco Friedl,100.0,12000000.0,1,2
GER-Bundesliga,2425,RB Leipzig,Xavi Simons,NED,MF,21.0,2003.0,2150.0,25.0,25.0,Xavi Simons,100.0,70000000.0,2,0
GER-Bundesliga,2425,Augsburg,Marius Wolf,GER,MF,29.0,1995.0,2144.0,32.0,28.0,Marius Wolf,100.0,3000000.0,3,0
GER-Bundesliga,2425,St Pauli,David Nemeth,AUT,DF,23.0,2001.0,2137.0,24.0,24.0,David Nemeth,100.0,4000000.0,1,2
GER-Bundesliga,2425,Gladbach,Nico Elvedi,SUI,DF,27.0,1996.0,2135.0,25.0,25.0,Nico Elvedi,100.0,8000000.0,3,1
GER-Bundesliga,2425,Mainz 05,Jonathan Burkardt,GER,FW,24.0,2000.0,2109.0,29.0,28.0,Jonathan Burkardt,100.0,35000000.0,2,3
GER-Bundesliga,2425,Augsburg,Alexis Claude-Maurice,FRA,"MF,FW",26.0,1998.0,2109.0,28.0,25.0,Alexis Claude-Maurice,100.0,12000000.0,2,0
GER-Bundesliga,2425,Werder Bremen,Niklas Stark,GER,DF,29.0,1995.0,2106.0,26.0,25.0,Niklas Stark,100.0,4000000.0,1,2
GER-Bundesliga,2425,Dortmund,Emre Can,GER,"DF,MF",30.0,1994.0,2105.0,31.0,23.0,Emre Can,100.0,7000000.0,3,1
GER-Bundesliga,2425,RB Leipzig,Nicolas Seiwald,AUT,"MF,DF",23.0,2001.0,2084.0,30.0,20.0,Nicolas Seiwald,100.0,18000000.0,1,2
GER-Bundesliga,2425,Dortmund,Ramy Bensebaini,ALG,DF,29.0,1995.0,2022.0,31.0,23.0,Ramy Bensebaini,100.0,7000000.0,1,0
GER-Bundesliga,2425,Mainz 05,Danny da Costa,GER,DF,31.0,1993.0,2006.0,25.0,25.0,Danny da Costa,100.0,1500000.0,1,2
GER-Bundesliga,2425,Dortmund,Nico Schlotterbeck,GER,DF,24.0,1999.0,1982.0,23.0,23.0,Nico Schlotterbeck,100.0,40000000.0,1,2
GER-Bundesliga,2425,Stuttgart,Chris Führich,GER,MF,26.0,1998.0,1981.0,33.0,23.0,Chris Führich,100.0,15000000.0,0,0
GER-Bundesliga,2425,Holstein Kiel,Finn Porath,GER,MF,27.0,1997.0,1970.0,31.0,20.0,Finn Porath,100.0,1700000.0,0,0
GER-Bundesliga,2425,Wolfsburg,Jonas Wind,DEN,"FW,MF",25.0,1999.0,1966.0,31.0,21.0,Jonas Wind,100.0,12000000.0,2,0
GER-Bundesliga,2425,Holstein Kiel,Shuto Machino,JPN,"FW,MF",24.0,1999.0,1953.0,32.0,23.0,Shuto Machino,100.0,5000000.0,2,3
GER-Bundesliga,2425,Dortmund,Waldemar Anton,GER,DF,28.0,1996.0,1949.0,26.0,22.0,Waldemar Anton,100.0,18000000.0,3,1
GER-Bundesliga,2425,Frankfurt,Nathaniel Brown,GER,"MF,DF",21.0,2003.0,1947.0,26.0,22.0,Nathaniel Brown,100.0,22000000.0,0,0
GER-Bundesliga,2425,Gladbach,Lukas Ullrich,GER,DF,20.0,2004.0,1903.0,26.0,24.0,Lukas Ullrich,100.0,8000000.0,3,0
GER-Bundesliga,2425,Gladbach,Alassane Pléa,FRA,MF,31.0,1993.0,1902.0,30.0,24.0,Alassane Pléa,100.0,5000000.0,2,0
GER-Bundesliga,2425,Werder Bremen,Anthony Jung,GER,DF,32.0,1991.0,1898.0,28.0,20.0,Anthony Jung,100.0,1000000.0,1,2
GER-Bundesliga,2425,Holstein Kiel,Armin Gigovic,BIH,MF,22.0,2002.0,1895.0,31.0,23.0,Armin Gigovic,100.0,3000000.0,3,0
GER-Bundesliga,2425,Wolfsburg,Tiago Tomás,POR,"MF,FW",22.0,2002.0,1884.0,32.0,23.0,Tiago Tomás,100.0,12000000.0,0,0
GER-Bundesliga,2425,Hoffenheim,Adam Hložek,CZE,"FW,MF",22.0,2002.0,1871.0,27.0,22.0,Adam Hlozek,100.0,18000000.0,2,3
GER-Bundesliga,2425,Freiburg,Lucas Höler,GER,"FW,MF",30.0,1994.0,1867.0,31.0,21.0,Lucas Höler,100.0,3000000.0,2,0
GER-Bundesliga,2425,Bochum,Ivan Ordets,UKR,DF,32.0,1992.0,1861.0,22.0,21.0,Ivan Ordets,100.0,1000000.0,1,2
GER-Bundesliga,2425,Stuttgart,Ermedin Demirović,BIH,FW,26.0,1998.0,1855.0,34.0,20.0,Ermedin Demirovic,100.0,22000000.0,2,3
GER-Bundesliga,2425,St Pauli,Johannes Eggestein,GER,FW,26.0,1998.0,1853.0,27.0,22.0,Johannes Eggestein,100.0,2500000.0,0,3
GER-Bundesliga,2425,Holstein Kiel,Magnus Knudsen,NOR,MF,23.0,2001.0,1850.0,31.0,22.0,Magnus Knudsen,100.0,2500000.0,1,2
GER-Bundesliga,2425,Stuttgart,Enzo Millot,FRA,MF,22.0,2002.0,1843.0,29.0,22.0,Enzo Millot,100.0,35000000.0,2,0
GER-Bundesliga,2425,Freiburg,Lukas Kübler,GER,DF,31.0,1992.0,1842.0,28.0,22.0,Lukas Kübler,100.0,1500000.0,3,1
GER-Bundesliga,2425,RB Leipzig,Lukas Klostermann,GER,DF,28.0,1996.0,1838.0,28.0,20.0,Lukas Klostermann,100.0,8000000.0,3,1
GER-Bundesliga,2425,Stuttgart,Josha Vagnoman,GER,"DF,MF",23.0,2000.0,1834.0,26.0,19.0,Josha Vagnoman,100.0,10000000.0,1,0
GER-Bundesliga,2425,Heidenheim,Jonas Föhrenbach,GER,"DF,MF",28.0,1996.0,1832.0,27.0,22.0,Jonas Föhrenbach,100.0,1500000.0,1,2
GER-Bundesliga,2425,Gladbach,Rocco Reitz,GER,MF,22.0,2002.0,1830.0,27.0,21.0,Rocco Reitz,100.0,15000000.0,1,1
GER-Bundesliga,2425,St Pauli,Morgan Guilavogui,GUI,"FW,MF",26.0,1998.0,1807.0,25.0,21.0,Morgan Guilavogui,100.0,4000000.0,2,3
GER-Bundesliga,2425,Bayern Munich,Jamal Musiala,GER,MF,21.0,2003.0,1798.0,25.0,21.0,Jamal Musiala,100.0,140000000.0,2,3
GER-Bundesliga,2425,Augsburg,Elvis Rexhbeçaj,KVX,MF,26.0,1997.0,1785.0,27.0,22.0,Elvis Rexhbecaj,100.0,3500000.0,0,0
GER-Bundesliga,2425,RB Leipzig,David Raum,GER,"MF,DF",26.0,1998.0,1783.0,22.0,21.0,David Raum,100.0,20000000.0,0,0
GER-Bundesliga,2425,Bochum,Bernardo,BRA,DF,29.0,1995.0,1782.0,21.0,19.0,Bernardo,100.0,5500000.0,1,2
GER-Bundesliga,2425,Dortmund,Jamie Gittens,ENG,MF,19.0,2004.0,1776.0,32.0,21.0,Jamie Gittens,100.0,50000000.0,2,0
GER-Bundesliga,2425,Heidenheim,Paul Wanner,AUT,"MF,FW",18.0,2005.0,1771.0,29.0,20.0,Paul Wanner,100.0,18000000.0,3,0
GER-Bundesliga,2425,Wolfsburg,Patrick Wimmer,AUT,"MF,FW",23.0,2001.0,1770.0,29.0,22.0,Patrick Wimmer,100.0,15000000.0,0,0
GER-Bundesliga,2425,Bayern Munich,Dayot Upamecano,FRA,DF,25.0,1998.0,1759.0,20.0,20.0,Dayot Upamecano,100.0,50000000.0,3,1
GER-Bundesliga,2425,Werder Bremen,Felix Agu,NGA,MF,24.0,1999.0,1751.0,22.0,21.0,Felix Agu,100.0,8000000.0,3,0
GER-Bundesliga,2425,Union Berlin,Leopold Querfeld,AUT,DF,20.0,2003.0,1747.0,27.0,17.0,Leopold Querfeld,100.0,13000000.0,3,1
GER-Bundesliga,2425,Union Berlin,Christopher Trimmel,AUT,"MF,DF",37.0,1987.0,1740.0,26.0,20.0,Christopher Trimmel,100.0,600000.0,1,2
GER-Bundesliga,2425,Holstein Kiel,Lasse Rosenboom,GER,MF,22.0,2002.0,1734.0,26.0,21.0,Lasse Rosenboom,100.0,1500000.0,3,1
GER-Bundesliga,2425,Hoffenheim,Marius Bülter,GER,"MF,FW",31.0,1993.0,1729.0,25.0,22.0,Marius Bülter,100.0,2500000.0,0,0
GER-Bundesliga,2425,Stuttgart,Deniz Undav,GER,"FW,MF",28.0,1996.0,1726.0,27.0,20.0,Deniz Undav,100.0,20000000.0,2,3
GER-Bundesliga,2425,Bayern Munich,Konrad Laimer,AUT,DF,27.0,1997.0,1699.0,29.0,19.0,Konrad Laimer,100.0,25000000.0,3,1
GER-Bundesliga,2425,Union Berlin,Janik Haberer,GER,MF,30.0,1994.0,1696.0,28.0,21.0,Janik Haberer,100.0,2500000.0,1,2
GER-Bundesliga,2425,Augsburg,Phillip Tietz,GER,FW,27.0,1997.0,1686.0,34.0,19.0,Phillip Tietz,100.0,5000000.0,2,3
GER-Bundesliga,2425,Leverkusen,Patrik Schick,CZE,FW,28.0,1996.0,1684.0,31.0,19.0,Patrik Schick,100.0,27000000.0,2,3
GER-Bundesliga,2425,Union Berlin,Tom Rothe,GER,"MF,DF",19.0,2004.0,1670.0,26.0,19.0,Tom Rothe,100.0,10000000.0,3,0
GER-Bundesliga,2425,Stuttgart,Jamie Leweling,GER,MF,23.0,2001.0,1663.0,27.0,22.0,Jamie Leweling,100.0,20000000.0,0,0
GER-Bundesliga,2425,Holstein Kiel,Marko Ivezić,SRB,DF,22.0,2001.0,1657.0,23.0,18.0,Marko Ivezic,100.0,2000000.0,1,2
GER-Bundesliga,2425,St Pauli,Carlo Boukhalfa,MAR,MF,25.0,1999.0,1646.0,25.0,19.0,Carlo Boukhalfa,100.0,2000000.0,3,1
GER-Bundesliga,2425,St Pauli,Dapo Afolayan,ENG,"FW,MF",26.0,1997.0,1639.0,32.0,17.0,Oladapo Afolayan,89.65517241379311,4000000.0,0,0
GER-Bundesliga,2425,Bayern Munich,Leroy Sané,GER,MF,28.0,1996.0,1637.0,30.0,17.0,Leroy Sané,100.0,32000000.0,2,3
GER-Bundesliga,2425,Augsburg,Samuel Essende,COD,FW,26.0,1998.0,1636.0,30.0,21.0,Samuel Essende,100.0,4500000.0,2,3
GER-Bundesliga,2425,Stuttgart,Nick Woltemade,GER,"FW,MF",22.0,2002.0,1622.0,28.0,17.0,Nick Woltemade,100.0,30000000.0,2,3
GER-Bundesliga,2425,Dortmund,Marcel Sabitzer,AUT,MF,30.0,1994.0,1616.0,26.0,18.0,Marcel Sabitzer,100.0,8000000.0,1,1
GER-Bundesliga,2425,RB Leipzig,Christoph Baumgartner,AUT,"MF,FW",24.0,1999.0,1610.0,31.0,18.0,Christoph Baumgartner,100.0,12000000.0,1,0
GER-Bundesliga,2425,Bochum,Jakov Medić,CRO,DF,25.0,1998.0,1603.0,23.0,17.0,Jakov Medic,100.0,2000000.0,3,1
GER-Bundesliga,2425,Mainz 05,Moritz Jenz,GER,DF,25.0,1999.0,1600.0,19.0,18.0,Moritz Jenz,100.0,5000000.0,1,2
GER-Bundesliga,2425,Leverkusen,Robert Andrich,GER,"MF,DF",29.0,1994.0,1598.0,23.0,19.0,Robert Andrich,100.0,9000000.0,3,1
GER-Bundesliga,2425,Heidenheim,Adrian Beck,GER,"MF,FW",27.0,1997.0,1598.0,32.0,18.0,Adrian Beck,100.0,2000000.0,0,0
GER-Bundesliga,2425,Frankfurt,Ansgar Knauff,GER,MF,22.0,2002.0,1597.0,30.0,18.0,Ansgar Knauff,100.0,15000000.0,0,3
GER-Bundesliga,2425,RB Leipzig,Kevin Kampl,SVN,MF,33.0,1990.0,1593.0,26.0,18.0,Kevin Kampl,100.0,2500000.0,3,1
GER-Bundesliga,2425,Dortmund,Maximilian Beier,GER,"MF,FW",21.0,2002.0,1591.0,29.0,17.0,Maximilian Beier,100.0,25000000.0,2,3
GER-Bundesliga,2425,RB Leipzig,Castello Lukeba,FRA,DF,21.0,2002.0,1577.0,23.0,18.0,Castello Lukeba,100.0,40000000.0,1,2
GER-Bundesliga,2425,Hoffenheim,Pavel Kadeřábek,CZE,"MF,DF",32.0,1992.0,1576.0,24.0,18.0,Pavel Kaderabek,100.0,1700000.0,3,0
GER-Bundesliga,2425,RB Leipzig,Arthur Vermeeren,BEL,MF,19.0,2005.0,1572.0,28.0,18.0,Arthur Vermeeren,100.0,22000000.0,1,2
GER-Bundesliga,2425,Bayern Munich,Raphaël Guerreiro,POR,"DF,MF",30.0,1993.0,1572.0,23.0,19.0,Raphaël Guerreiro,100.0,8000000.0,0,0
GER-Bundesliga,2425,Hoffenheim,Alexander Prass,AUT,"MF,DF",23.0,2001.0,1566.0,23.0,19.0,Alexander Prass,100.0,5000000.0,1,2
GER-Bundesliga,2425,Bayern Munich,Alphonso Davies,CAN,DF,23.0,2000.0,1560.0,19.0,17.0,Alphonso Davies,100.0,50000000.0,1,0
GER-Bundesliga,2425,RB Leipzig,Antonio Nusa,NOR,"MF,DF",19.0,2005.0,1558.0,25.0,16.0,Antonio Nusa,100.0,28000000.0,0,0
GER-Bundesliga,2425,RB Leipzig,Lutsharel Geertruida,NED,DF,24.0,2000.0,1557.0,24.0,17.0,Lutsharel Geertruida,100.0,20000000.0,3,1
GER-Bundesliga,2425,Gladbach,Kevin Stöger,AUT,MF,30.0,1993.0,1551.0,31.0,16.0,Kevin Stöger,100.0,3500000.0,0,0
GER-Bundesliga,2425,Freiburg,Junior Adamu,AUT,FW,23.0,2001.0,1545.0,25.0,19.0,Junior Adamu,100.0,5000000.0,0,3
GER-Bundesliga,2425,Holstein Kiel,Phil Harres,GER,FW,22.0,2002.0,1544.0,26.0,17.0,Phil Harres,100.0,4000000.0,2,3
GER-Bundesliga,2425,Frankfurt,Mario Götze,GER,MF,32.0,1992.0,1542.0,24.0,18.0,Mario Götze,100.0,4000000.0,3,1
GER-Bundesliga,2425,Holstein Kiel,David Zec,SVN,DF,24.0,2000.0,1541.0,18.0,18.0,David Zec,100.0,2500000.0,3,1
GER-Bundesliga,2425,Union Berlin,András Schäfer,HUN,MF,25.0,1999.0,1534.0,26.0,17.0,András Schäfer,100.0,5000000.0,3,1
GER-Bundesliga,2425,Wolfsburg,Yannick Gerhardt,GER,"MF,DF",30.0,1994.0,1518.0,29.0,15.0,Yannick Gerhardt,100.0,2500000.0,1,1
GER-Bundesliga,2425,Dortmund,Felix Nmecha,GER,MF,23.0,2000.0,1509.0,26.0,19.0,Felix Nmecha,100.0,28000000.0,3,1
GER-Bundesliga,2425,Werder Bremen,Amos Pieper,GER,DF,26.0,1998.0,1498.0,23.0,16.0,Amos Pieper,100.0,3500000.0,1,2
GER-Bundesliga,2425,Frankfurt,Nnamdi Collins,GER,"DF,MF",20.0,2004.0,1489.0,24.0,15.0,Nnamdi Collins,100.0,10000000.0,3,1
GER-Bundesliga,2425,Bayern Munich,Eric Dier,ENG,DF,30.0,1994.0,1463.0,21.0,16.0,Eric Dier,100.0,8000000.0,3,1
GER-Bundesliga,2425,Leverkusen,Aleix García,ESP,MF,27.0,1997.0,1455.0,28.0,17.0,Aleix García,100.0,20000000.0,0,0
GER-Bundesliga,2425,Bayern Munich,Aleksandar Pavlovic,GER,MF,20.0,2004.0,1451.0,21.0,18.0,Aleksandar Pavlovic,100.0,55000000.0,3,1
GER-Bundesliga,2425,Frankfurt,Omar Marmoush,EGY,"FW,MF",25.0,1999.0,2623.0,33.0,31.0,Omar Marmoush,100.0,75000000.0,2,3
GER-Bundesliga,2425,Gladbach,Franck Honorat,FRA,MF,27.0,1996.0,1439.0,19.0,18.0,Franck Honorat,100.0,12000000.0,0,0
GER-Bundesliga,2425,Mainz 05,Stefan Bell,GER,DF,32.0,1991.0,1436.0,18.0,15.0,Stefan Bell,100.0,800000.0,1,2
GER-Bundesliga,2425,Dortmund,Karim Adeyemi,GER,"MF,FW",22.0,2002.0,1433.0,25.0,17.0,Karim Adeyemi,100.0,45000000.0,2,3
GER-Bundesliga,2425,Hoffenheim,Valentin Gendrey,FRA,"DF,MF",24.0,2000.0,1594.0,24.0,16.0,Valentin Gendrey,100.0,7000000.0,0,0
GER-Bundesliga,2425,Gladbach,Philipp Sander,GER,MF,26.0,1998.0,1400.0,27.0,16.0,Philipp Sander,100.0,4000000.0,1,1
GER-Bundesliga,2425,Heidenheim,Marnon Busch,GER,"DF,MF",29.0,1994.0,1396.0,23.0,15.0,Marnon Busch,100.0,1200000.0,1,2
GER-Bundesliga,2425,Bochum,Moritz Broschinski,GER,"FW,MF",23.0,2000.0,1390.0,33.0,15.0,Moritz Broschinski,100.0,2000000.0,0,3
GER-Bundesliga,2425,Union Berlin,Kevin Vogt,GER,DF,32.0,1991.0,1367.0,18.0,16.0,Kevin Vogt,100.0,1000000.0,3,1
GER-Bundesliga,2425,Leverkusen,Nathan Tella,NGA,"MF,FW",25.0,1999.0,1359.0,27.0,17.0,Nathan Tella,100.0,15000000.0,0,3
GER-Bundesliga,2425,Werder Bremen,Derrick Köhn,GHA,"MF,DF",25.0,1999.0,1343.0,27.0,14.0,Derrick Köhn,100.0,5000000.0,0,0
GER-Bundesliga,2425,Heidenheim,Niklas Dorsch,GER,MF,26.0,1998.0,1367.0,23.0,19.0,Niklas Dorsch,100.0,3500000.0,3,0
GER-Bundesliga,2425,Bayern Munich,Leon Goretzka,GER,MF,29.0,1995.0,1325.0,26.0,13.0,Leon Goretzka,100.0,22000000.0,3,0
GER-Bundesliga,2425,Holstein Kiel,Steven Skrzybski,GER,"FW,MF",31.0,1992.0,1323.0,24.0,15.0,Steven Skrzybski,100.0,1000000.0,2,0
GER-Bundesliga,2425,RB Leipzig,Amadou Haidara,MLI,MF,26.0,1998.0,1320.0,28.0,16.0,Amadou Haidara,100.0,16000000.0,1,2
GER-Bundesliga,2425,Hoffenheim,Stanley N'Soki,FRA,DF,25.0,1999.0,1308.0,22.0,16.0,Stanley Nsoki,100.0,2500000.0,1,2
GER-Bundesliga,2425,Holstein Kiel,Marco Komenda,CRO,DF,27.0,1996.0,1307.0,19.0,17.0,Marco Komenda,100.0,800000.0,1,2
GER-Bundesliga,2425,Wolfsburg,Bence Dárdai,HUN,MF,18.0,2006.0,1304.0,21.0,16.0,Bence Dárdai,100.0,12000000.0,3,1
GER-Bundesliga,2425,Augsburg,Keven Schlotterbeck,GER,DF,27.0,1997.0,1297.0,18.0,15.0,Keven Schlotterbeck,100.0,6000000.0,3,1
GER-Bundesliga,2425,Mainz 05,Andreas Hanche-Olsen,NOR,DF,27.0,1997.0,1284.0,22.0,12.0,Andreas Hanche-Olsen,100.0,6000000.0,3,1
GER-Bundesliga,2425,Bayern Munich,Kingsley Coman,FRA,MF,28.0,1996.0,1282.0,28.0,14.0,Kingsley Coman,100.0,30000000.0,2,3
GER-Bundesliga,2425,Holstein Kiel,Max Geschwill,GER,DF,23.0,2001.0,1282.0,19.0,13.0,Max Geschwill,100.0,1500000.0,3,1
GER-Bundesliga,2425,RB Leipzig,Ridle Baku,GER,MF,26.0,1998.0,2445.0,34.0,29.0,Ridle Baku,100.0,9000000.0,0,0
GER-Bundesliga,2425,Union Berlin,Jeong Woo-yeong,KOR,"MF,FW",24.0,1999.0,1263.0,23.0,17.0,Woo-yeong Jeong,95.0,4000000.0,0,0
GER-Bundesliga,2425,Holstein Kiel,Alexander Bernhardsson,SWE,"FW,MF",25.0,1998.0,1263.0,19.0,15.0,Alexander Bernhardsson,100.0,3000000.0,2,3
GER-Bundesliga,2425,St Pauli,Danel Sinani,LUX,"FW,MF",27.0,1997.0,1250.0,26.0,14.0,Danel Sinani,100.0,1500000.0,0,0
GER-Bundesliga,2425,Freiburg,Max Rosenfelder,GER,DF,21.0,2003.0,1249.0,25.0,13.0,Max Rosenfelder,100.0,8000000.0,3,1
GER-Bundesliga,2425,Bayern Munich,Serge Gnabry,GER,"MF,FW",29.0,1995.0,1242.0,27.0,13.0,Serge Gnabry,100.0,22000000.0,2,3
GER-Bundesliga,2425,Holstein Kiel,Lewis Holtby,GER,MF,33.0,1990.0,1238.0,25.0,13.0,Lewis Holtby,100.0,500000.0,1,2
GER-Bundesliga,2425,Bayern Munich,Thomas Müller,GER,"MF,FW",34.0,1989.0,1225.0,30.0,12.0,Thomas Müller,100.0,6000000.0,0,0
GER-Bundesliga,2425,Augsburg,Cedric Zesiger,SUI,DF,26.0,1998.0,1743.0,22.0,20.0,Cédric Zesiger,100.0,7000000.0,1,2
GER-Bundesliga,2425,Wolfsburg,Mattias Svanberg,SWE,MF,25.0,1999.0,1219.0,20.0,14.0,Mattias Svanberg,100.0,12000000.0,0,0
GER-Bundesliga,2425,Heidenheim,Frans Krätzig,GER,"MF,DF",21.0,2003.0,1273.0,17.0,16.0,Frans Krätzig,100.0,3500000.0,3,0
GER-Bundesliga,2425,Stuttgart,Anthony Rouault,FRA,DF,23.0,2001.0,2184.0,29.0,25.0,Anthony Rouault,100.0,10000000.0,1,1
GER-Bundesliga,2425,Freiburg,Eren Dinkçi,GER,MF,22.0,2001.0,1196.0,23.0,13.0,Eren Dinkçi,100.0,8000000.0,1,2
GER-Bundesliga,2425,Heidenheim,Tim Siersleben,GER,DF,24.0,2000.0,1182.0,16.0,14.0,Tim Siersleben,100.0,2000000.0,1,2
GER-Bundesliga,2425,Werder Bremen,Marco Grüll,AUT,"FW,MF",26.0,1998.0,1181.0,30.0,13.0,Marco Grüll,100.0,4000000.0,2,3
GER-Bundesliga,2425,Heidenheim,Mathias Honsak,AUT,"MF,FW",27.0,1996.0,1181.0,22.0,12.0,Mathias Honsak,100.0,2000000.0,0,0
GER-Bundesliga,2425,Union Berlin,Tim Skarke,GER,"FW,MF",27.0,1996.0,1164.0,33.0,11.0,Tim Skarke,100.0,2000000.0,0,3
GER-Bundesliga,2425,St Pauli,Noah Weißhaupt,GER,"FW,MF",22.0,2001.0,1240.0,22.0,13.0,Noah Weißhaupt,100.0,5000000.0,0,0
GER-Bundesliga,2425,Union Berlin,Josip Juranović,CRO,"MF,DF",28.0,1995.0,1159.0,17.0,13.0,Josip Juranovic,100.0,4000000.0,1,2
GER-Bundesliga,2425,Leverkusen,Exequiel Palacios,ARG,MF,25.0,1998.0,1155.0,24.0,11.0,Exequiel Palacios,100.0,40000000.0,0,0
GER-Bundesliga,2425,Stuttgart,Ramon Hendriks,NED,DF,23.0,2001.0,1154.0,25.0,10.0,Ramon Hendriks,100.0,5000000.0,1,2
GER-Bundesliga,2425,Heidenheim,Léo Scienza,BRA,"MF,FW",25.0,1998.0,1153.0,25.0,13.0,Léo Scienza,100.0,3000000.0,0,0
GER-Bundesliga,2425,Bochum,Dani de Wit,NED,"MF,FW",26.0,1998.0,1153.0,28.0,11.0,Dani de Wit,100.0,2500000.0,3,0
GER-Bundesliga,2425,Bochum,Anthony Losilla,FRA,MF,38.0,1986.0,1137.0,21.0,13.0,Anthony Losilla,100.0,500000.0,1,2
GER-Bundesliga,2425,Bochum,Gerrit Holtmann,PHI,"MF,DF",29.0,1995.0,1136.0,23.0,12.0,Gerrit Holtmann,100.0,700000.0,0,0
GER-Bundesliga,2425,Wolfsburg,Jakub Kamiński,POL,"MF,DF",22.0,2002.0,1130.0,22.0,12.0,Jakub Kamiński,100.0,5000000.0,1,2
GER-Bundesliga,2425,RB Leipzig,El Chadaille Bitshiabu,FRA,DF,19.0,2005.0,1130.0,21.0,13.0,El Chadaille Bitshiabu,100.0,18000000.0,1,2
GER-Bundesliga,2425,Bochum,Tom Krauß,GER,MF,23.0,2001.0,1077.0,14.0,13.0,Tom Krauß,100.0,4000000.0,1,2
GER-Bundesliga,2425,Bochum,Giorgos Masouras,GRE,FW,30.0,1994.0,1055.0,14.0,12.0,Georgios Masouras,90.9090909090909,2000000.0,2,3
GER-Bundesliga,2425,Dortmund,Niklas Süle,GER,DF,28.0,1995.0,1053.0,15.0,12.0,Niklas Süle,100.0,8000000.0,1,2
GER-Bundesliga,2425,Bochum,Myron Boadu,NED,FW,23.0,2001.0,1042.0,19.0,11.0,Myron Boadu,100.0,7000000.0,2,3
GER-Bundesliga,2425,Werder Bremen,Miloš Veljković,SRB,DF,28.0,1995.0,1029.0,14.0,11.0,Milos Veljkovic,100.0,3000000.0,1,2
GER-Bundesliga,2425,Frankfurt,Fares Chaïbi,ALG,MF,21.0,2002.0,1013.0,26.0,10.0,Farès Chaïbi,100.0,9000000.0,0,0
GER-Bundesliga,2425,Leverkusen,Victor Boniface,NGA,FW,23.0,2000.0,1008.0,19.0,12.0,Victor Boniface,100.0,40000000.0,2,3
GER-Bundesliga,2425,Gladbach,Marvin Friedrich,GER,DF,28.0,1995.0,989.0,22.0,9.0,Marvin Friedrich,100.0,3500000.0,1,2
GER-Bundesliga,2425,Werder Bremen,Leonardo Bittencourt,GER,MF,30.0,1993.0,982.0,27.0,10.0,Leonardo Bittencourt,100.0,1500000.0,0,0
GER-Bundesliga,2425,Gladbach,Luca Netz,GER,DF,21.0,2003.0,969.0,24.0,8.0,Luca Netz,100.0,6000000.0,1,2
GER-Bundesliga,2425,Freiburg,Merlin Röhl,GER,MF,22.0,2002.0,965.0,19.0,11.0,Merlin Röhl,100.0,12000000.0,1,2
GER-Bundesliga,2425,Heidenheim,Budu Zivzivadze,GEO,FW,30.0,1994.0,958.0,15.0,10.0,Budu Zivzivadze,100.0,2000000.0,0,3
GER-Bundesliga,2425,Werder Bremen,Justin Njinmah,GER,"FW,MF",23.0,2000.0,952.0,26.0,10.0,Justin Njinmah,100.0,7000000.0,2,3
GER-Bundesliga,2425,Augsburg,Arne Maier,GER,MF,25.0,1999.0,938.0,28.0,7.0,Arne Maier,100.0,4000000.0,0,0
GER-Bundesliga,2425,Union Berlin,Andrej Ilic,SRB,FW,24.0,2000.0,937.0,16.0,11.0,Andrej Ilic,100.0,4000000.0,2,3
GER-Bundesliga,2425,RB Leipzig,Benjamin Henrichs,GER,"DF,MF",27.0,1997.0,935.0,15.0,10.0,Benjamin Henrichs,100.0,15000000.0,1,2
GER-Bundesliga,2425,St Pauli,Lars Ritzka,GER,"MF,DF",26.0,1998.0,922.0,21.0,11.0,Lars Ritzka,100.0,1000000.0,3,1
GER-Bundesliga,2425,Union Berlin,Aljoscha Kemlein,GER,MF,19.0,2004.0,922.0,15.0,11.0,Aljoscha Kemlein,100.0,7000000.0,3,1
GER-Bundesliga,2425,Frankfurt,Jean Mattéo Bahoya,FRA,MF,19.0,2005.0,921.0,24.0,10.0,Jean-Mattéo Bahoya,100.0,17000000.0,0,0
GER-Bundesliga,2425,Bochum,Erhan Mašović,SRB,"DF,MF",25.0,1998.0,910.0,16.0,10.0,Erhan Masovic,100.0,2000000.0,3,1
GER-Bundesliga,2425,Werder Bremen,Oliver Burke,SCO,FW,27.0,1997.0,908.0,25.0,9.0,Oliver Burke,100.0,3000000.0,2,3
GER-Bundesliga,2425,Union Berlin,Jordan Pefok,USA,FW,28.0,1996.0,1288.0,25.0,16.0,Jordan,90.0,3000000.0,0,3
GER-Bundesliga,2425,St Pauli,Elias Saad,TUN,"FW,MF",24.0,1999.0,900.0,18.0,10.0,Elias Saad,100.0,4000000.0,2,3
GER-Bundesliga,2425,St Pauli,Karol Mets,EST,DF,31.0,1993.0,900.0,10.0,10.0,Karol Mets,100.0,1300000.0,1,2
GER-Bundesliga,2425,St Pauli,Siebe Van Der Heyden,BEL,"DF,MF",26.0,1998.0,969.0,15.0,12.0,Siebe Van der Heyden,100.0,2500000.0,3,1
GER-Bundesliga,2425,Dortmund,Donyell Malen,NED,MF,25.0,1999.0,919.0,28.0,8.0,Donyell Malen,100.0,25000000.0,2,3
