league,season,team,player,nation,pos,age,born,90s,Performance_CrdY,Performance_CrdR,Performance_2CrdY,Performance_Fls,Performance_Fld,Performance_Off,Performance_Crs,Performance_Int,Performance_TklW,Performance_PKwon,Performance_PKcon,Performance_OG
ENG-Premier League,2324,Arsenal,Aaron Ramsdale,ENG,GK,25,1998,6.0,0,0,0,0,1,0,0,0,0,,,0
ENG-Premier League,2324,Arsenal,Ben White,ENG,DF,25,1997,33.2,8,0,0,19,12,11,57,30,28,,,0
ENG-Premier League,2324,Arsenal,Bukayo Saka,ENG,FW,21,2001,32.4,4,0,0,41,69,8,181,16,37,,,0
ENG-Premier League,2324,Arsenal,Cédric Soares,POR,"DF,MF",31,1991,0.7,0,0,0,0,1,0,4,0,0,,,0
ENG-Premier League,2324,Arsenal,David Raya,ESP,GK,27,1995,32.0,2,0,0,0,4,0,0,0,1,,,0
ENG-Premier League,2324,Arsenal,Declan Rice,ENG,MF,24,1999,35.8,5,0,0,34,14,2,61,44,50,,,0
ENG-Premier League,2324,Arsenal,Eddie Nketiah,ENG,FW,24,1999,12.0,3,0,0,24,28,8,5,4,7,,,0
ENG-Premier League,2324,Arsenal,Emile Smith Rowe,ENG,MF,23,2000,3.9,0,0,0,5,2,0,1,3,1,,,0
ENG-Premier League,2324,Arsenal,Ethan Nwaneri,ENG,MF,16,2007,0.2,0,0,0,1,1,0,0,0,0,,,0
ENG-Premier League,2324,Arsenal,Fabio Vieira,POR,MF,23,2000,3.3,0,1,0,8,10,2,15,2,2,,,0
ENG-Premier League,2324,Arsenal,Gabriel Jesus,BRA,FW,26,1997,16.4,6,0,0,26,32,16,9,13,17,,,0
ENG-Premier League,2324,Arsenal,Gabriel Magalhães,BRA,DF,25,1997,33.8,4,0,0,35,33,0,4,29,29,,,1
ENG-Premier League,2324,Arsenal,Gabriel Martinelli,BRA,FW,22,2001,22.4,1,0,0,23,24,10,109,4,23,,,0
ENG-Premier League,2324,Arsenal,Jakub Kiwior,POL,DF,23,2000,10.5,1,0,0,10,3,0,12,7,13,,,0
ENG-Premier League,2324,Arsenal,Jorginho,ITA,MF,31,1991,10.2,1,0,0,9,15,0,3,11,10,,,0
ENG-Premier League,2324,Arsenal,Jurriën Timber,NED,DF,22,2001,0.8,2,0,0,3,0,1,1,0,2,,,0
ENG-Premier League,2324,Arsenal,Kai Havertz,GER,"MF,FW",24,1999,29.3,11,0,0,49,44,15,11,18,17,,,0
ENG-Premier League,2324,Arsenal,Leandro Trossard,BEL,"FW,MF",28,1994,18.3,2,0,0,15,20,9,57,8,14,,,0
ENG-Premier League,2324,Arsenal,Martin Ødegaard,NOR,MF,24,1998,34.3,2,0,0,30,36,3,77,14,18,,,0
ENG-Premier League,2324,Arsenal,Mohamed Elneny,EGY,MF,31,1992,0.3,0,0,0,1,0,0,0,1,0,,,0
ENG-Premier League,2324,Arsenal,Oleksandr Zinchenko,UKR,DF,26,1996,19.1,2,0,0,7,9,1,30,19,30,,,0
ENG-Premier League,2324,Arsenal,Reiss Nelson,ENG,FW,23,1999,3.0,1,0,0,5,6,0,14,1,5,,,0
ENG-Premier League,2324,Arsenal,Takehiro Tomiyasu,JPN,DF,24,1998,12.8,2,1,1,14,8,1,14,18,8,,,0
ENG-Premier League,2324,Arsenal,Thomas Partey,GHA,"MF,DF",30,1993,8.8,3,0,0,10,6,0,2,10,11,,,0
ENG-Premier League,2324,Arsenal,William Saliba,FRA,DF,22,2001,38.0,4,0,0,22,16,0,3,29,26,,,0
ENG-Premier League,2324,Aston Villa,Bertrand Traoré,BFA,"FW,MF",27,1995,0.1,0,0,0,0,0,0,0,0,1,,,0
ENG-Premier League,2324,Aston Villa,Boubacar Kamara,FRA,MF,23,1999,18.4,7,1,0,35,29,0,2,20,30,,,0
ENG-Premier League,2324,Aston Villa,Calum Chambers,ENG,MF,28,1995,1.7,1,0,0,3,1,0,0,2,0,,,0
ENG-Premier League,2324,Aston Villa,Cameron Archer,ENG,"FW,MF",22,2001,0.1,1,0,0,1,0,0,0,0,0,,,0
ENG-Premier League,2324,Aston Villa,Clément Lenglet,FRA,DF,28,1995,12.8,3,0,0,3,12,0,3,8,9,,,0
ENG-Premier League,2324,Aston Villa,Diego Carlos,BRA,DF,30,1993,20.2,4,0,0,26,4,1,1,12,16,,,0
ENG-Premier League,2324,Aston Villa,Douglas Luiz,BRA,MF,25,1998,33.3,12,0,0,51,41,0,116,22,37,,,0
ENG-Premier League,2324,Aston Villa,Emiliano Martínez,ARG,GK,30,1992,33.5,4,0,0,1,7,0,0,0,0,,,2
ENG-Premier League,2324,Aston Villa,Ezri Konsa,ENG,DF,25,1997,34.1,5,0,0,15,64,0,18,26,33,,,0
ENG-Premier League,2324,Aston Villa,Finley Munroe,ENG,DF,18,2005,0.0,0,0,0,0,0,0,0,0,0,,,0
ENG-Premier League,2324,Aston Villa,Jacob Ramsey,ENG,MF,22,2001,9.5,2,0,0,7,12,0,11,3,8,,,0
ENG-Premier League,2324,Aston Villa,Jaden Philogene Bidace,ENG,"FW,MF",21,2002,0.0,0,0,0,0,0,0,0,0,0,,,0
ENG-Premier League,2324,Aston Villa,John McGinn,SCO,MF,28,1994,33.3,9,1,0,39,69,2,77,20,34,,,0
ENG-Premier League,2324,Aston Villa,Jáder Durán,COL,FW,19,2003,5.3,5,0,0,12,8,4,6,1,5,,,0
ENG-Premier League,2324,Aston Villa,Kaine Kesler-Hayden,ENG,"DF,MF",20,2002,0.1,0,0,0,0,0,0,0,0,0,,,0
ENG-Premier League,2324,Aston Villa,Leander Dendoncker,BEL,MF,28,1995,1.3,0,0,0,1,1,0,0,2,4,,,0
ENG-Premier League,2324,Aston Villa,Leon Bailey,JAM,MF,25,1997,23.0,5,0,0,26,26,11,77,9,8,,,0
ENG-Premier League,2324,Aston Villa,Lucas Digne,FRA,DF,30,1993,26.8,7,0,0,30,29,2,151,25,21,,,0
ENG-Premier League,2324,Aston Villa,Matty Cash,POL,"DF,MF",25,1997,23.8,8,0,0,30,22,0,38,18,30,,,1
ENG-Premier League,2324,Aston Villa,Morgan Rogers,ENG,MF,21,2002,7.1,3,0,0,12,9,0,2,3,1,,,0
ENG-Premier League,2324,Aston Villa,Moussa Diaby,FRA,"MF,FW",24,1999,24.2,1,0,0,16,15,6,45,9,5,,,0
ENG-Premier League,2324,Aston Villa,Nicolò Zaniolo,ITA,"MF,FW",24,1999,9.3,7,0,0,24,21,0,18,1,9,,,0
ENG-Premier League,2324,Aston Villa,Ollie Watkins,ENG,FW,27,1995,35.7,4,0,0,22,41,17,14,4,7,,,0
ENG-Premier League,2324,Aston Villa,Omari Kellyman,ENG,"FW,MF",17,2005,0.4,0,0,0,0,0,0,0,0,0,,,0
ENG-Premier League,2324,Aston Villa,Pau Torres,ESP,DF,26,1997,27.4,1,0,0,17,10,2,8,11,16,,,0
ENG-Premier League,2324,Aston Villa,Philippe Coutinho,BRA,"FW,MF",31,1992,0.3,0,0,0,0,1,0,0,0,0,,,0
ENG-Premier League,2324,Aston Villa,Robin Olsen,SWE,GK,33,1990,4.5,0,0,0,0,2,0,0,0,0,,,0
ENG-Premier League,2324,Aston Villa,Tim Iroegbunam,ENG,MF,20,2003,1.8,0,0,0,9,3,0,0,3,4,,,0
ENG-Premier League,2324,Aston Villa,Tyrone Mings,ENG,DF,30,1993,0.3,0,0,0,0,0,0,0,1,0,,,0
ENG-Premier League,2324,Aston Villa,Youri Tielemans,BEL,"MF,FW",26,1997,18.0,3,0,0,22,29,0,31,14,21,,,0
ENG-Premier League,2324,Aston Villa,Álex Moreno,ESP,DF,30,1993,11.5,2,0,0,11,16,2,37,11,12,,,1
ENG-Premier League,2324,Bournemouth,Adam Smith,ENG,DF,32,1991,23.9,6,0,0,30,22,1,39,21,23,,,0
ENG-Premier League,2324,Bournemouth,Alex Scott,ENG,MF,19,2003,11.3,3,0,0,19,25,1,36,11,16,,,0
ENG-Premier League,2324,Bournemouth,Antoine Semenyo,GHA,MF,23,2000,23.4,6,0,0,43,25,3,46,5,17,,,0
ENG-Premier League,2324,Bournemouth,Chris Mepham,WAL,DF,25,1997,6.9,2,0,0,15,2,0,1,5,11,,,0
ENG-Premier League,2324,Bournemouth,Dango Ouattara,BFA,"DF,MF",21,2002,13.7,3,0,0,15,17,4,37,21,26,,,0
ENG-Premier League,2324,Bournemouth,David Brooks,WAL,MF,26,1997,3.1,1,0,0,6,1,1,15,2,4,,,0
ENG-Premier League,2324,Bournemouth,Dominic Sadi,ENG,MF,19,2003,0.0,0,0,0,0,0,0,0,0,0,,,0
ENG-Premier League,2324,Bournemouth,Dominic Solanke,ENG,FW,25,1997,36.9,3,0,0,41,45,16,6,7,9,,,0
ENG-Premier League,2324,Bournemouth,Enes Ünal,TUR,FW,26,1997,3.6,1,0,0,10,9,6,3,1,4,,,0
ENG-Premier League,2324,Bournemouth,Hamed Junior Traorè,CIV,MF,23,2000,0.5,0,0,0,0,0,0,3,0,0,,,0
ENG-Premier League,2324,Bournemouth,Illia Zabarnyi,UKR,DF,20,2002,37.0,5,0,0,24,24,0,1,31,31,,,0
ENG-Premier League,2324,Bournemouth,Ionuț Radu,ROU,GK,26,1997,2.0,0,0,0,0,0,0,0,0,0,,,0
ENG-Premier League,2324,Bournemouth,Jaidon Anthony,ENG,MF,23,1999,1.7,1,0,0,4,2,2,2,0,1,,,0
ENG-Premier League,2324,Bournemouth,James Hill,ENG,DF,21,2002,0.8,0,0,0,1,0,0,0,3,2,,,0
ENG-Premier League,2324,Bournemouth,Joe Rothwell,ENG,MF,28,1995,4.3,0,0,0,4,2,0,13,2,2,,,0
ENG-Premier League,2324,Bournemouth,Justin Kluivert,NED,MF,24,1999,21.3,5,0,0,52,28,5,28,7,17,,,0
ENG-Premier League,2324,Bournemouth,Kieffer Moore,WAL,"DF,FW",30,1992,1.2,0,0,0,5,2,0,2,0,0,,,0
ENG-Premier League,2324,Bournemouth,Lewis Cook,ENG,MF,26,1997,31.0,5,1,0,39,16,2,133,67,42,,,0
ENG-Premier League,2324,Bournemouth,Lloyd Kelly,ENG,DF,24,1998,17.3,2,0,0,17,13,0,21,13,20,,,0
ENG-Premier League,2324,Bournemouth,Luis Sinisterra,COL,MF,24,1999,7.8,0,0,0,12,6,4,11,8,12,,,0
ENG-Premier League,2324,Bournemouth,Marcos Senesi,ARG,DF,26,1997,24.9,13,0,0,41,11,0,25,33,35,,,0
ENG-Premier League,2324,Bournemouth,Marcus Tavernier,ENG,MF,24,1999,23.5,3,0,0,21,22,3,116,4,33,,,0
ENG-Premier League,2324,Bournemouth,Mark Travers,IRL,GK,24,1999,4.0,0,0,0,1,1,0,0,0,0,,,0
ENG-Premier League,2324,Bournemouth,Max Aarons,ENG,DF,23,2000,13.7,1,0,0,12,26,2,14,8,19,,,0
ENG-Premier League,2324,Bournemouth,Milos Kerkez,HUN,DF,19,2003,21.9,4,1,0,24,21,1,57,16,25,,,1
ENG-Premier League,2324,Bournemouth,Neto,BRA,GK,34,1989,32.0,5,0,0,1,0,0,0,1,0,,,0
ENG-Premier League,2324,Bournemouth,Philip Billing,DEN,MF,27,1996,15.5,3,1,0,19,12,0,28,18,19,,,0
ENG-Premier League,2324,Bournemouth,Romain Faivre,FRA,MF,25,1998,0.5,1,0,0,2,4,0,3,0,1,,,0
ENG-Premier League,2324,Bournemouth,Ryan Christie,SCO,MF,28,1995,32.3,6,0,0,47,38,5,73,51,43,,,0
ENG-Premier League,2324,Bournemouth,Tyler Adams,USA,MF,24,1999,1.3,0,0,0,0,3,0,1,4,3,,,0
ENG-Premier League,2324,Brentford,Aaron Hickey,SCO,"DF,MF",21,2002,7.9,5,0,0,10,16,0,5,3,10,,,0
ENG-Premier League,2324,Brentford,Ben Mee,ENG,DF,33,1989,14.1,1,1,0,7,3,2,5,13,14,,,0
ENG-Premier League,2324,Brentford,Bryan Mbeumo,CMR,FW,23,1999,21.8,2,0,0,22,42,4,93,7,9,,,0
ENG-Premier League,2324,Brentford,Christian Nørgaard,DEN,MF,29,1994,27.8,8,0,0,41,32,1,22,53,50,,,0
ENG-Premier League,2324,Brentford,Ethan Pinnock,JAM,DF,30,1993,28.0,1,0,0,5,11,0,7,43,23,,,0
ENG-Premier League,2324,Brentford,Frank Onyeka,NGA,MF,25,1998,12.9,8,0,0,24,31,4,16,23,20,,,0
ENG-Premier League,2324,Brentford,Ivan Toney,ENG,FW,27,1996,16.1,5,0,0,24,29,7,22,10,4,,,0
ENG-Premier League,2324,Brentford,Josh Dasilva,ENG,MF,24,1998,0.3,0,0,0,2,0,0,6,0,1,,,0
ENG-Premier League,2324,Brentford,Keane Lewis-Potter,ENG,"FW,MF",22,2001,16.0,0,0,0,8,18,3,50,7,7,,,0
ENG-Premier League,2324,Brentford,Kevin Schade,GER,FW,21,2001,3.7,0,0,0,10,6,2,5,1,2,,,0
ENG-Premier League,2324,Brentford,Kristoffer Ajer,NOR,DF,25,1998,20.4,5,0,0,25,10,1,22,21,23,,,0
ENG-Premier League,2324,Brentford,Mads Roerslev,DEN,"MF,DF",24,1999,22.1,1,0,0,10,15,3,61,20,31,,,0
ENG-Premier League,2324,Brentford,Mark Flekken,NED,GK,30,1993,36.5,3,0,0,2,4,0,0,0,1,,,0
ENG-Premier League,2324,Brentford,Mathias Jensen,DEN,MF,27,1996,24.5,5,0,0,28,20,1,111,21,33,,,0
ENG-Premier League,2324,Brentford,Mathias Jørgensen,DEN,DF,33,1990,12.1,4,0,0,11,6,3,9,11,12,,,0
ENG-Premier League,2324,Brentford,Michael Olakigbe,ENG,MF,19,2004,0.7,0,0,0,2,2,1,7,1,0,,,0
ENG-Premier League,2324,Brentford,Mikkel Damsgaard,DEN,MF,23,2000,9.4,2,0,0,14,8,3,29,12,18,,,0
ENG-Premier League,2324,Brentford,Myles Peart-Harris,ENG,MF,20,2002,0.1,0,0,0,2,2,0,1,0,0,,,0
ENG-Premier League,2324,Brentford,Nathan Collins,IRL,DF,22,2001,29.5,3,0,0,13,23,3,4,43,20,,,0
ENG-Premier League,2324,Brentford,Neal Maupay,FRA,FW,26,1996,14.7,8,0,0,19,26,4,8,2,7,,,0
ENG-Premier League,2324,Brentford,Rico Henry,JAM,DF,26,1997,4.5,1,0,0,4,6,2,11,5,5,,,0
ENG-Premier League,2324,Brentford,Saman Ghoddos,IRN,"DF,MF",29,1993,8.2,5,0,0,12,9,2,43,5,21,,,0
ENG-Premier League,2324,Brentford,Sergio Reguilón,ESP,"MF,DF",26,1996,12.4,4,1,0,10,15,1,72,15,22,,,0
ENG-Premier League,2324,Brentford,Shandon Baptiste,GRN,MF,25,1998,2.5,1,0,0,3,0,0,3,3,3,,,0
ENG-Premier League,2324,Brentford,Thomas Strakosha,ALB,GK,28,1995,1.5,0,0,0,0,1,0,0,0,0,,,0
ENG-Premier League,2324,Brentford,Vitaly Janelt,GER,"MF,DF",25,1998,33.9,8,0,0,27,28,3,58,37,36,,,0
ENG-Premier League,2324,Brentford,Yehor Yarmoliuk,UKR,MF,19,2004,7.6,2,0,0,11,6,1,13,6,11,,,0
ENG-Premier League,2324,Brentford,Yoane Wissa,COD,FW,26,1996,27.7,7,0,0,38,50,19,21,9,14,,,0
ENG-Premier League,2324,Brighton,Adam Lallana,ENG,MF,35,1988,9.4,2,0,0,9,11,2,7,3,3,,,0
ENG-Premier League,2324,Brighton,Adam Webster,ENG,DF,28,1995,12.7,2,0,0,9,2,0,1,16,12,,,1
ENG-Premier League,2324,Brighton,Ansu Fati,ESP,"MF,FW",20,2002,5.8,2,0,0,6,13,2,3,2,3,,,0
ENG-Premier League,2324,Brighton,Bart Verbruggen,NED,GK,20,2002,21.0,3,0,0,1,2,0,0,0,1,,,0
ENG-Premier League,2324,Brighton,Benicio Boaitey,ENG,FW,19,2004,0.4,1,0,0,2,0,1,0,0,0,,,0
ENG-Premier League,2324,Brighton,Billy Gilmour,SCO,MF,22,2001,23.6,8,1,0,22,30,0,33,10,18,,,0
ENG-Premier League,2324,Brighton,Carlos Baleba,CMR,MF,19,2004,14.7,7,0,0,40,27,0,0,18,21,,,0
ENG-Premier League,2324,Brighton,Danny Welbeck,ENG,"FW,MF",32,1990,18.8,4,0,0,12,21,9,3,8,18,,,0
ENG-Premier League,2324,Brighton,Evan Ferguson,IRL,FW,18,2004,15.2,1,0,0,23,25,5,1,2,7,,,0
ENG-Premier League,2324,Brighton,Facundo Buonanotte,ARG,"MF,FW",18,2004,15.2,7,0,0,34,41,3,6,7,22,,,0
ENG-Premier League,2324,Brighton,Igor,BRA,DF,25,1998,18.2,4,0,0,21,4,0,1,14,18,,,0
ENG-Premier League,2324,Brighton,Jack Hinshelwood,ENG,"DF,MF",18,2005,9.7,1,0,0,11,3,1,10,14,5,,,0
ENG-Premier League,2324,Brighton,Jakub Moder,POL,"MF,DF",24,1999,6.9,2,0,0,8,5,2,6,1,10,,,0
ENG-Premier League,2324,Brighton,James Milner,ENG,"DF,MF",37,1986,8.6,3,0,0,11,4,3,29,8,14,,,0
ENG-Premier League,2324,Brighton,Jan Paul van Hecke,NED,DF,23,2000,26.3,4,0,0,14,17,0,4,30,25,,,0
ENG-Premier League,2324,Brighton,Jason Steele,ENG,GK,32,1990,17.0,0,0,0,0,1,0,0,0,0,,,0
ENG-Premier League,2324,Brighton,João Pedro,BRA,"MF,FW",21,2001,22.7,2,0,0,19,60,11,29,10,15,,,0
ENG-Premier League,2324,Brighton,Joël Veltman,NED,DF,31,1992,17.6,4,0,0,16,42,1,11,18,41,,,0
ENG-Premier League,2324,Brighton,Julio Enciso,PAR,MF,19,2004,5.3,2,0,0,6,10,1,8,0,2,,,0
ENG-Premier League,2324,Brighton,Kaoru Mitoma,JPN,"MF,FW",26,1997,16.5,4,0,0,14,23,7,45,5,5,,,0
ENG-Premier League,2324,Brighton,Lewis Dunk,ENG,DF,31,1991,31.9,7,1,0,23,12,1,7,31,16,,,0
ENG-Premier League,2324,Brighton,Mahmoud Dahoud,GER,MF,27,1996,5.0,1,1,0,6,2,0,3,1,4,,,0
ENG-Premier League,2324,Brighton,Mark O'Mahony,IRL,FW,18,2005,0.7,1,0,0,1,0,0,0,0,0,,,0
ENG-Premier League,2324,Brighton,Odeluga Offiah,ENG,DF,20,2002,1.4,0,0,0,2,2,0,3,1,0,,,0
ENG-Premier League,2324,Brighton,Pascal Groß,GER,"MF,DF",32,1991,34.6,6,0,0,23,27,3,240,21,46,,,0
ENG-Premier League,2324,Brighton,Pervis Estupiñán,ECU,"DF,MF",25,1998,13.8,4,0,0,22,17,5,65,20,13,,,1
ENG-Premier League,2324,Brighton,Simon Adingra,CIV,MF,21,2002,24.7,3,0,0,29,19,18,76,21,20,,,0
ENG-Premier League,2324,Brighton,Solly March,ENG,"MF,DF",29,1994,6.2,1,0,0,11,8,7,21,11,13,,,0
ENG-Premier League,2324,Brighton,Tariq Lamptey,GHA,"DF,MF",22,2000,10.2,3,0,0,11,18,3,32,5,14,,,0
ENG-Premier League,2324,Brighton,Valentín Barco,ARG,DF,19,2004,3.4,1,0,0,7,7,0,30,4,5,,,0
ENG-Premier League,2324,Burnley,Aaron Ramsey,ENG,MF,20,2003,5.9,1,0,0,7,3,1,2,1,14,,,0
ENG-Premier League,2324,Burnley,Ameen Al-Dakhil,BEL,DF,21,2002,11.7,1,0,0,6,4,0,3,11,5,,,1
ENG-Premier League,2324,Burnley,Anass Zaroury,MAR,FW,22,2000,1.7,0,1,0,4,3,0,11,0,0,,,0
ENG-Premier League,2324,Burnley,Arijanet Muric,KVX,GK,24,1998,10.0,0,0,0,0,3,0,0,0,1,,,1
ENG-Premier League,2324,Burnley,Benson Manuel,ANG,MF,26,1997,1.3,0,0,0,1,4,0,9,0,2,,,0
ENG-Premier League,2324,Burnley,Charlie Taylor,ENG,DF,29,1993,25.9,8,0,0,20,16,2,71,21,20,,,0
ENG-Premier League,2324,Burnley,Connor Roberts,WAL,DF,27,1995,9.1,5,1,1,5,9,3,10,4,5,,,0
ENG-Premier League,2324,Burnley,Dara O'Shea,IRL,DF,24,1999,32.1,5,1,0,36,15,1,11,33,18,,,1
ENG-Premier League,2324,Burnley,David Datro Fofana,CIV,FW,20,2002,9.8,1,0,0,16,10,10,3,1,5,,,0
ENG-Premier League,2324,Burnley,Han-Noah Massengo,FRA,MF,22,2001,0.2,0,0,0,0,0,0,2,0,1,,,0
ENG-Premier League,2324,Burnley,Hannes Delcroix,HAI,DF,24,1999,6.5,2,0,0,6,0,0,5,12,6,,,0
ENG-Premier League,2324,Burnley,Hjalmar Ekdal,SWE,DF,24,1998,4.9,2,0,0,8,2,0,0,6,2,,,0
ENG-Premier League,2324,Burnley,Jack Cork,ENG,"DF,MF",34,1989,0.3,0,0,0,4,1,0,1,1,0,,,0
ENG-Premier League,2324,Burnley,Jacob Bruun Larsen,DEN,MF,24,1998,13.9,1,0,0,12,7,11,61,8,4,,,0
ENG-Premier League,2324,Burnley,James Trafford,ENG,GK,20,2002,28.0,2,0,0,0,5,0,0,1,1,,,0
ENG-Premier League,2324,Burnley,Jay Rodriguez,ENG,FW,34,1989,9.1,0,0,0,18,6,7,2,1,9,,,0
ENG-Premier League,2324,Burnley,Jordan Beyer,GER,DF,23,2000,13.7,6,0,0,11,6,0,0,17,19,,,0
ENG-Premier League,2324,Burnley,Josh Brownhill,ENG,MF,27,1995,25.0,4,1,0,38,25,2,57,33,35,,,0
ENG-Premier League,2324,Burnley,Josh Cullen,IRL,MF,27,1996,22.9,9,0,0,24,49,1,26,14,26,,,0
ENG-Premier League,2324,Burnley,Jóhann Berg Guðmundsson,ISL,MF,32,1990,13.2,2,0,0,9,20,2,70,15,4,,,0
ENG-Premier League,2324,Burnley,Lorenz Assignon,TOG,DF,23,2000,13.7,5,1,1,33,16,2,28,17,17,,,0
ENG-Premier League,2324,Burnley,Luca Koleosho,ITA,"MF,FW",18,2004,10.8,0,0,0,18,13,8,23,2,5,,,0
ENG-Premier League,2324,Burnley,Lyle Foster,RSA,"FW,MF",22,2000,21.1,0,1,0,24,11,13,3,1,10,,,0
ENG-Premier League,2324,Burnley,Maxime Estève,FRA,DF,21,2002,14.5,6,0,0,25,16,0,5,28,11,,,0
ENG-Premier League,2324,Burnley,Michael Obafemi,IRL,FW,23,2000,0.2,0,0,0,0,0,0,0,0,0,,,0
ENG-Premier League,2324,Burnley,Mike Trésor,BEL,"MF,FW",24,1999,4.7,0,0,0,0,3,2,31,1,6,,,0
ENG-Premier League,2324,Burnley,Nathan Redmond,ENG,"FW,MF",29,1994,1.6,1,0,0,4,2,2,3,0,1,,,0
ENG-Premier League,2324,Burnley,Sander Berge,NOR,MF,25,1998,33.4,10,1,1,40,19,1,12,24,47,,,0
ENG-Premier League,2324,Burnley,Vitinho,BRA,"DF,MF",24,1999,25.7,1,0,0,27,28,6,55,9,34,,,0
ENG-Premier League,2324,Burnley,Wilson Odobert,FRA,"MF,FW",18,2004,23.3,3,0,0,9,19,1,35,6,13,,,0
ENG-Premier League,2324,Burnley,Zeki Amdouni,SUI,FW,22,2000,21.7,2,0,0,22,39,2,7,10,19,,,0
ENG-Premier League,2324,Chelsea,Alex Matos,ENG,MF,18,2004,0.0,0,0,0,0,0,0,0,0,0,,,0
ENG-Premier League,2324,Chelsea,Alfie Gilchrist,ENG,DF,19,2003,2.3,1,0,0,4,0,0,1,3,0,,,0
ENG-Premier League,2324,Chelsea,Armando Broja,ALB,FW,21,2001,5.0,0,0,0,4,8,6,1,0,0,,,0
ENG-Premier League,2324,Chelsea,Axel Disasi,FRA,DF,25,1998,28.7,6,0,0,17,17,4,10,17,19,,,1
ENG-Premier League,2324,Chelsea,Ben Chilwell,ENG,"MF,DF",26,1996,8.4,5,0,0,11,12,4,43,4,10,,,0
ENG-Premier League,2324,Chelsea,Benoît Badiashile,FRA,DF,22,2001,14.9,3,0,0,17,6,1,2,18,15,,,1
ENG-Premier League,2324,Chelsea,Carney Chukwuemeka,AUT,MF,19,2003,2.5,2,0,0,3,2,0,1,0,4,,,0
ENG-Premier League,2324,Chelsea,Cesare Casadei,ITA,MF,20,2003,0.9,0,0,0,4,1,0,0,0,3,,,0
ENG-Premier League,2324,Chelsea,Christopher Nkunku,FRA,"MF,FW",25,1997,4.9,0,0,0,8,7,3,4,2,4,,,0
ENG-Premier League,2324,Chelsea,Cole Palmer,ENG,"MF,FW",21,2002,29.0,7,0,0,23,26,6,81,19,12,,,0
ENG-Premier League,2324,Chelsea,Conor Gallagher,ENG,MF,23,2000,34.8,9,1,1,83,64,1,64,40,49,,,0
ENG-Premier League,2324,Chelsea,Deivid Washington,BRA,FW,18,2005,0.1,0,0,0,0,0,0,0,0,1,,,0
ENG-Premier League,2324,Chelsea,Enzo Fernández,ARG,MF,22,2001,24.5,7,0,0,32,31,4,45,17,24,,,0
ENG-Premier League,2324,Chelsea,Ian Maatsen,NED,MF,21,2002,2.3,1,0,0,5,1,0,8,3,2,,,0
ENG-Premier League,2324,Chelsea,Jimi Tauriainen,ENG,FW,19,2004,0.0,0,0,0,0,0,0,0,0,0,,,0
ENG-Premier League,2324,Chelsea,Joshua Acheampong,ENG,DF,17,2006,0.1,0,0,0,0,0,0,0,0,0,,,0
ENG-Premier League,2324,Chelsea,Lesley Ugochukwu,FRA,MF,19,2004,3.3,2,0,0,4,2,0,0,1,10,,,0
ENG-Premier League,2324,Chelsea,Levi Colwill,ENG,DF,20,2003,20.0,2,0,0,25,14,4,12,25,33,,,0
ENG-Premier League,2324,Chelsea,Malo Gusto,FRA,"DF,MF",20,2003,19.5,7,1,0,22,29,6,64,17,29,,,0
ENG-Premier League,2324,Chelsea,Marc Cucurella,ESP,DF,25,1998,19.8,10,0,0,23,35,1,17,21,39,,,1
ENG-Premier League,2324,Chelsea,Mason Burstow,ENG,FW,19,2003,0.1,0,0,0,0,0,0,0,0,0,,,0
ENG-Premier League,2324,Chelsea,Moisés Caicedo,ECU,MF,21,2001,31.8,11,0,0,49,49,0,10,34,46,,,0
ENG-Premier League,2324,Chelsea,Mykhailo Mudryk,UKR,MF,22,2001,17.5,5,0,0,22,27,1,79,9,13,,,0
ENG-Premier League,2324,Chelsea,Nicolas Jackson,SEN,FW,22,2001,31.1,10,0,0,29,40,28,6,4,14,,,0
ENG-Premier League,2324,Chelsea,Noni Madueke,ENG,MF,21,2002,11.7,2,0,0,8,19,3,22,4,11,,,0
ENG-Premier League,2324,Chelsea,Raheem Sterling,ENG,MF,28,1994,22.0,7,0,0,35,41,10,59,10,9,,,0
ENG-Premier League,2324,Chelsea,Reece James,ENG,"DF,MF",23,1999,4.7,2,2,1,4,5,2,28,3,9,,,0
ENG-Premier League,2324,Chelsea,Robert Sánchez,ESP,GK,25,1997,15.9,2,0,0,0,1,0,0,0,0,,,0
ENG-Premier League,2324,Chelsea,Roméo Lavia,BEL,MF,19,2004,0.4,0,0,0,1,1,0,0,0,0,,,0
ENG-Premier League,2324,Chelsea,Thiago Silva,BRA,DF,38,1984,28.1,4,0,0,10,7,1,4,25,15,,,0
ENG-Premier League,2324,Chelsea,Trevoh Chalobah,ENG,DF,24,1999,10.6,1,0,0,3,3,0,0,8,12,,,0
ENG-Premier League,2324,Chelsea,Đorđe Petrović,SRB,GK,23,1999,22.1,2,0,0,0,1,0,0,0,0,,,0
ENG-Premier League,2324,Crystal Palace,Adam Wharton,ENG,MF,19,2004,14.4,2,0,0,18,21,0,25,18,31,,,0
ENG-Premier League,2324,Crystal Palace,Cheick Doucouré,MLI,MF,23,2000,10.2,2,0,0,10,1,0,1,19,16,,,0
ENG-Premier League,2324,Crystal Palace,Chris Richards,USA,"DF,MF",23,2000,23.3,3,0,0,12,6,1,1,24,27,,,0
ENG-Premier League,2324,Crystal Palace,Daniel Muñoz,COL,"MF,DF",27,1996,16.0,4,0,0,29,8,8,10,23,36,,,0
ENG-Premier League,2324,Crystal Palace,David Ozoh,ENG,MF,18,2005,1.7,1,0,0,2,0,0,0,0,6,,,0
ENG-Premier League,2324,Crystal Palace,Dean Henderson,ENG,GK,26,1997,18.0,2,0,0,0,2,0,0,0,1,,,1
ENG-Premier League,2324,Crystal Palace,Eberechi Eze,ENG,"MF,FW",25,1998,22.8,3,0,0,27,48,11,109,11,17,,,0
ENG-Premier League,2324,Crystal Palace,James Tomkins,ENG,"DF,MF",34,1989,0.1,0,0,0,0,0,0,0,0,0,,,0
ENG-Premier League,2324,Crystal Palace,Jaïro Riedewald,NED,MF,26,1996,2.6,0,0,0,3,2,0,3,2,3,,,0
ENG-Premier League,2324,Crystal Palace,Jean-Philippe Mateta,FRA,FW,26,1997,25.4,3,0,0,35,22,24,20,4,16,,,0
ENG-Premier League,2324,Crystal Palace,Jefferson Lerma,COL,"MF,DF",28,1994,26.7,8,0,0,43,25,4,15,36,25,,,0
ENG-Premier League,2324,Crystal Palace,Jeffrey Schlupp,GHA,"MF,FW",30,1992,15.0,1,0,0,24,15,0,11,7,21,,,0
ENG-Premier League,2324,Crystal Palace,Jesurun Rak Sakyi,GHA,"FW,MF",20,2002,1.5,0,0,0,1,5,0,3,3,1,,,0
ENG-Premier League,2324,Crystal Palace,Joachim Andersen,DEN,DF,27,1996,37.9,7,0,0,43,24,1,32,42,36,,,0
ENG-Premier League,2324,Crystal Palace,Joel Ward,ENG,DF,33,1989,22.0,4,0,0,22,6,0,22,13,28,,,1
ENG-Premier League,2324,Crystal Palace,Jordan Ayew,GHA,"MF,FW",31,1991,28.3,9,1,1,47,93,7,97,17,37,,,0
ENG-Premier League,2324,Crystal Palace,Marc Guéhi,ENG,DF,23,2000,22.5,2,0,0,14,26,0,3,15,16,,,0
ENG-Premier League,2324,Crystal Palace,Matheus França,BRA,MF,19,2004,2.6,1,0,0,5,2,2,14,1,3,,,0
ENG-Premier League,2324,Crystal Palace,Michael Olise,FRA,"MF,FW",21,2001,14.2,0,0,0,13,43,2,95,9,10,,,0
ENG-Premier League,2324,Crystal Palace,Naouirou Ahamada,FRA,MF,21,2002,3.9,4,1,1,9,6,1,6,2,9,,,0
ENG-Premier League,2324,Crystal Palace,Nathaniel Clyne,ENG,DF,32,1991,14.9,0,0,0,6,3,0,9,9,15,,,0
ENG-Premier League,2324,Crystal Palace,Odsonne Édouard,FRA,"FW,MF",25,1998,17.3,4,0,0,31,22,9,10,5,12,,,0
ENG-Premier League,2324,Crystal Palace,Remi Matthews,ENG,GK,29,1994,0.0,0,0,0,0,0,0,0,0,0,,,0
ENG-Premier League,2324,Crystal Palace,Sam Johnstone,ENG,GK,30,1993,20.0,1,0,0,1,0,0,0,1,0,,,0
ENG-Premier League,2324,Crystal Palace,Tyrick Mitchell,ENG,"DF,MF",23,1999,35.6,6,0,0,22,16,1,69,24,59,,,0
ENG-Premier League,2324,Crystal Palace,Will Hughes,ENG,MF,28,1995,21.0,6,0,0,39,30,1,30,18,33,,,0
ENG-Premier League,2324,Everton,Abdoulaye Doucouré,MLI,MF,30,1993,29.2,7,0,0,53,8,21,26,16,28,,,0
ENG-Premier League,2324,Everton,Alex Iwobi,NGA,MF,27,1996,1.6,0,0,0,0,0,3,10,1,0,,,0
ENG-Premier League,2324,Everton,Amadou Onana,BEL,MF,21,2001,23.2,5,0,0,37,45,1,3,19,39,,,0
ENG-Premier League,2324,Everton,André Gomes,POR,MF,30,1993,5.6,4,0,0,17,5,0,27,3,4,,,0
ENG-Premier League,2324,Everton,Arnaut Danjuma,NED,"MF,FW",26,1997,6.6,0,0,0,6,5,3,10,3,4,,,0
ENG-Premier League,2324,Everton,Ashley Young,ENG,"DF,MF",38,1985,25.3,7,1,1,33,24,1,98,22,36,,,1
ENG-Premier League,2324,Everton,Ben Godfrey,ENG,DF,25,1998,12.4,2,0,0,8,6,2,21,16,21,,,0
ENG-Premier League,2324,Everton,Beto,GNB,FW,25,1998,10.6,2,0,0,21,19,10,5,1,6,,,0
ENG-Premier League,2324,Everton,Dominic Calvert-Lewin,ENG,FW,26,1997,24.1,2,0,0,31,32,24,3,4,6,,,0
ENG-Premier League,2324,Everton,Dwight McNeil,ENG,MF,23,1999,32.1,2,0,0,18,33,4,229,20,27,,,0
ENG-Premier League,2324,Everton,Idrissa Gueye,SEN,MF,33,1989,20.9,8,0,0,35,31,0,10,28,41,,,0
ENG-Premier League,2324,Everton,Jack Harrison,ENG,MF,26,1996,24.6,1,0,0,20,31,1,82,11,22,,,0
ENG-Premier League,2324,Everton,James Garner,ENG,MF,22,2001,33.4,7,0,0,39,43,3,113,46,42,,,0
ENG-Premier League,2324,Everton,James Tarkowski,ENG,DF,30,1992,38.0,11,0,0,45,25,1,6,55,42,,,0
ENG-Premier League,2324,Everton,Jarrad Branthwaite,ENG,DF,21,2002,34.6,8,0,0,25,19,5,1,48,33,,,0
ENG-Premier League,2324,Everton,Jordan Pickford,ENG,GK,29,1994,38.0,5,0,0,1,6,0,0,0,0,,,1
ENG-Premier League,2324,Everton,Lewis Dobbin,ENG,MF,20,2003,2.6,1,0,0,3,6,0,6,1,7,,,0
ENG-Premier League,2324,Everton,Lewis Warrington,ENG,MF,20,2002,0.0,0,0,0,0,0,0,0,0,0,,,0
ENG-Premier League,2324,Everton,Michael Keane,ENG,DF,30,1993,4.9,2,0,0,5,0,0,0,5,3,,,0
ENG-Premier League,2324,Everton,Nathan Patterson,SCO,DF,21,2001,11.2,4,0,0,18,5,1,32,11,25,,,0
ENG-Premier League,2324,Everton,Neal Maupay,FRA,FW,26,1996,1.2,0,0,0,1,0,2,0,0,0,,,0
ENG-Premier League,2324,Everton,Séamus Coleman,IRL,DF,34,1988,7.4,0,0,0,6,5,0,12,7,14,,,1
ENG-Premier League,2324,Everton,Tom Cannon,IRL,FW,20,2002,0.0,0,0,0,0,0,0,0,0,0,,,0
ENG-Premier League,2324,Everton,Tyler Onyango,ENG,MF,20,2003,0.0,0,0,0,0,0,0,0,0,0,,,0
ENG-Premier League,2324,Everton,Vitaliy Mykolenko,UKR,DF,24,1999,27.4,1,0,0,23,9,1,56,34,37,,,0
ENG-Premier League,2324,Everton,Youssef Chermiti,POR,FW,19,2004,2.3,3,0,0,11,4,6,0,1,2,,,0
ENG-Premier League,2324,Fulham,Adama Traoré,ESP,MF,27,1996,4.2,2,0,0,5,4,0,26,1,3,,,0
ENG-Premier League,2324,Fulham,Aleksandar Mitrović,SRB,FW,28,1994,0.4,0,0,0,0,0,0,0,0,0,,,0
ENG-Premier League,2324,Fulham,Alex Iwobi,NGA,MF,27,1996,24.4,2,0,0,12,5,5,62,15,16,,,0
ENG-Premier League,2324,Fulham,Andreas Pereira,BRA,MF,27,1996,29.0,6,0,0,22,26,3,219,4,13,,,0
ENG-Premier League,2324,Fulham,Antonee Robinson,USA,DF,25,1997,36.3,6,0,0,34,20,3,133,81,56,,,2
ENG-Premier League,2324,Fulham,Armando Broja,ALB,FW,21,2001,1.0,0,0,0,5,3,0,1,0,0,,,0
ENG-Premier League,2324,Fulham,Bernd Leno,GER,GK,31,1992,38.0,3,0,0,0,3,0,0,0,0,,,1
ENG-Premier League,2324,Fulham,Bobby De Cordova-Reid,JAM,"MF,FW",30,1993,15.8,4,0,0,16,25,4,35,5,14,,,0
ENG-Premier League,2324,Fulham,Calvin Bassey,NGA,DF,23,1999,25.6,6,1,1,15,11,2,3,27,29,,,0
ENG-Premier League,2324,Fulham,Carlos Vinícius,BRA,FW,28,1995,3.5,2,0,0,4,2,6,1,0,2,,,0
ENG-Premier League,2324,Fulham,Fodé Ballo-Touré,SEN,"DF,MF",26,1997,0.8,1,0,0,4,2,0,5,3,2,,,0
ENG-Premier League,2324,Fulham,Harrison Reed,ENG,MF,28,1995,14.7,6,0,0,26,10,0,19,9,17,,,0
ENG-Premier League,2324,Fulham,Harry Wilson,WAL,"MF,FW",26,1997,18.0,6,0,0,21,40,5,42,9,13,,,0
ENG-Premier League,2324,Fulham,Issa Diop,MAR,DF,26,1997,15.8,4,1,1,17,4,0,0,17,14,,,0
ENG-Premier League,2324,Fulham,João Palhinha,POR,MF,28,1995,30.0,13,0,0,52,56,2,5,48,77,,,0
ENG-Premier League,2324,Fulham,Kenny Tete,NED,DF,27,1995,9.6,2,0,0,16,12,0,23,16,19,,,0
ENG-Premier League,2324,Fulham,Luke Harris,WAL,MF,18,2005,0.8,0,0,0,2,2,0,0,0,1,,,0
ENG-Premier League,2324,Fulham,Raúl Jiménez,MEX,FW,32,1991,15.5,3,1,0,17,21,12,7,4,12,,,0
ENG-Premier League,2324,Fulham,Rodrigo Muniz,BRA,FW,22,2001,17.7,1,0,0,25,34,4,2,6,4,,,0
ENG-Premier League,2324,Fulham,Saša Lukić,SRB,MF,26,1996,12.5,3,0,0,27,9,0,3,14,21,,,0
ENG-Premier League,2324,Fulham,Tim Ream,USA,DF,35,1987,16.7,4,1,1,8,6,1,1,26,9,,,0
ENG-Premier League,2324,Fulham,Timothy Castagne,BEL,DF,27,1995,29.3,3,0,0,22,11,3,50,37,25,,,0
ENG-Premier League,2324,Fulham,Tom Cairney,SCO,MF,32,1991,16.5,3,0,0,15,23,0,25,12,17,,,1
ENG-Premier League,2324,Fulham,Tosin Adarabioyo,ENG,DF,25,1997,18.0,2,0,0,10,5,0,2,24,12,,,0
ENG-Premier League,2324,Fulham,Willian,BRA,"MF,FW",34,1988,22.8,1,0,0,9,30,1,75,9,11,,,0
ENG-Premier League,2324,Liverpool,Alexis Mac Allister,ARG,MF,24,1998,28.9,7,1,0,53,47,0,31,32,52,,,0
ENG-Premier League,2324,Liverpool,Alisson,BRA,GK,30,1992,28.0,1,0,0,1,5,0,0,0,0,,,0
ENG-Premier League,2324,Liverpool,Andy Robertson,SCO,DF,29,1994,18.8,2,0,0,9,5,3,184,13,25,,,0
ENG-Premier League,2324,Liverpool,Ben Gannon-Doak,SCO,MF,17,2005,0.2,0,0,0,0,0,0,0,0,0,,,0
ENG-Premier League,2324,Liverpool,Bobby Clark,ENG,MF,18,2005,1.0,0,0,0,4,3,0,0,1,1,,,0
ENG-Premier League,2324,Liverpool,Caoimhín Kelleher,IRL,GK,24,1998,10.0,0,0,0,0,0,0,0,0,0,,,0
ENG-Premier League,2324,Liverpool,Cody Gakpo,NED,"FW,MF",24,1999,18.3,1,0,0,28,38,8,21,11,18,,,0
ENG-Premier League,2324,Liverpool,Conor Bradley,NIR,DF,20,2003,8.4,2,0,0,8,12,2,18,10,25,,,1
ENG-Premier League,2324,Liverpool,Curtis Jones,ENG,MF,22,2001,13.0,3,1,0,16,14,5,4,7,14,,,0
ENG-Premier League,2324,Liverpool,Darwin Núñez,URU,FW,24,1999,22.7,9,0,0,28,15,33,19,2,13,,,0
ENG-Premier League,2324,Liverpool,Diogo Jota,POR,FW,26,1996,12.7,3,1,1,27,21,3,9,7,13,,,0
ENG-Premier League,2324,Liverpool,Dominik Szoboszlai,HUN,MF,22,2000,23.4,1,0,0,29,29,3,113,14,18,,,0
ENG-Premier League,2324,Liverpool,Harvey Elliott,ENG,"MF,FW",20,2003,15.0,2,0,0,7,14,1,61,5,17,,,0
ENG-Premier League,2324,Liverpool,Ibrahima Konaté,FRA,DF,24,1999,17.5,5,1,1,25,13,0,1,19,23,,,0
ENG-Premier League,2324,Liverpool,James McConnell,ENG,MF,18,2004,0.0,0,0,0,1,1,0,0,1,0,,,0
ENG-Premier League,2324,Liverpool,Jarell Quansah,ENG,DF,20,2003,13.2,1,0,0,10,2,0,0,16,22,,,0
ENG-Premier League,2324,Liverpool,Jayden Danns,ENG,FW,17,2006,0.1,1,0,0,2,0,0,0,0,0,,,0
ENG-Premier League,2324,Liverpool,Joe Gomez,ENG,DF,26,1997,19.8,5,0,0,28,16,0,39,19,30,,,0
ENG-Premier League,2324,Liverpool,Joël Matip,CMR,DF,31,1991,8.7,2,0,0,7,3,1,0,9,7,,,1
ENG-Premier League,2324,Liverpool,Kaide Gordon,ENG,FW,18,2004,0.0,0,0,0,0,0,0,0,0,0,,,0
ENG-Premier League,2324,Liverpool,Kostas Tsimikas,GRE,DF,27,1996,7.5,0,0,0,11,7,1,72,4,12,,,0
ENG-Premier League,2324,Liverpool,Luis Díaz,COL,FW,26,1997,29.2,3,0,0,54,42,20,27,3,26,,,0
ENG-Premier League,2324,Liverpool,Mohamed Salah,EGY,FW,31,1992,28.2,2,0,0,12,25,18,41,2,11,,,0
ENG-Premier League,2324,Liverpool,Owen Beck,WAL,"DF,MF",20,2002,0.1,0,0,0,0,0,0,0,0,1,,,0
ENG-Premier League,2324,Liverpool,Ryan Gravenberch,NED,MF,21,2002,12.5,0,0,0,20,15,0,4,15,12,,,0
ENG-Premier League,2324,Liverpool,Stefan Bajcetic,ESP,MF,18,2004,0.3,0,0,0,1,2,0,0,0,1,,,0
ENG-Premier League,2324,Liverpool,Thiago Alcántara,ESP,MF,32,1991,0.1,0,0,0,0,0,0,0,0,0,,,0
ENG-Premier League,2324,Liverpool,Trent Alexander-Arnold,ENG,DF,24,1998,23.9,6,0,0,9,9,2,166,29,27,,,0
ENG-Premier League,2324,Liverpool,Virgil van Dijk,NED,DF,32,1991,35.3,3,1,0,23,13,1,0,35,23,,,0
ENG-Premier League,2324,Liverpool,Wataru Endo,JPN,MF,30,1993,19.1,10,0,0,50,25,0,4,19,28,,,0
ENG-Premier League,2324,Luton Town,Albert Sambi Lokonga,BEL,MF,23,1999,14.5,4,0,0,18,27,0,13,11,18,,,0
ENG-Premier League,2324,Luton Town,Alfie Doughty,ENG,"MF,DF",23,1999,32.5,5,0,0,31,9,14,340,30,37,,,0
ENG-Premier League,2324,Luton Town,Amari'i Bell,JAM,DF,29,1994,19.1,0,0,0,22,16,0,14,26,31,,,0
ENG-Premier League,2324,Luton Town,Andros Townsend,ENG,"MF,FW",32,1991,13.4,1,0,0,12,12,2,74,4,13,,,0
ENG-Premier League,2324,Luton Town,Carlton Morris,ENG,"FW,MF",27,1995,31.8,4,0,0,50,43,10,15,1,9,,,0
ENG-Premier League,2324,Luton Town,Cauley Woodrow,ENG,FW,28,1994,4.7,2,0,0,8,4,2,10,1,10,,,0
ENG-Premier League,2324,Luton Town,Chiedozie Ogbene,IRL,MF,26,1997,22.2,1,0,0,9,50,7,79,7,9,,,0
ENG-Premier League,2324,Luton Town,Daiki Hashioka,JPN,"DF,MF",24,1999,6.6,0,0,0,10,6,0,9,8,6,,,2
ENG-Premier League,2324,Luton Town,Elijah Adebayo,ENG,FW,25,1998,15.8,1,0,0,28,16,13,5,4,1,,,0
ENG-Premier League,2324,Luton Town,Fred Onyedinma,ENG,MF,26,1996,4.5,1,0,0,10,6,0,13,1,5,,,0
ENG-Premier League,2324,Luton Town,Gabriel Osho,NGA,DF,24,1998,20.5,3,0,0,23,14,1,3,28,23,,,0
ENG-Premier League,2324,Luton Town,Issa Kaboré,BFA,"MF,DF",22,2001,19.2,7,0,0,27,30,2,65,15,28,,,1
ENG-Premier League,2324,Luton Town,Jacob Brown,SCO,"MF,FW",25,1998,11.3,4,0,0,19,19,6,9,9,12,,,0
ENG-Premier League,2324,Luton Town,James Shea,ENG,GK,32,1991,0.2,0,0,0,0,0,0,0,0,0,,,0
ENG-Premier League,2324,Luton Town,Jordan Clark,ENG,MF,29,1993,14.5,4,0,0,12,26,4,23,10,16,,,0
ENG-Premier League,2324,Luton Town,Joseph Johnson,ENG,DF,17,2006,0.9,1,0,0,1,0,0,0,0,0,,,0
ENG-Premier League,2324,Luton Town,Luke Berry,ENG,MF,31,1992,3.6,1,0,0,6,7,0,8,0,2,,,0
ENG-Premier League,2324,Luton Town,Mads Juel Andersen,DEN,DF,25,1997,4.4,1,0,0,6,2,0,0,8,5,,,0
ENG-Premier League,2324,Luton Town,Marvelous Nakamba,ZIM,MF,29,1994,12.6,5,0,0,24,9,0,4,10,26,,,0
ENG-Premier League,2324,Luton Town,Pelly Ruddock Mpanzu,COD,MF,30,1993,12.2,1,0,0,9,15,0,10,9,5,,,0
ENG-Premier League,2324,Luton Town,Reece Burke,ENG,DF,26,1996,18.4,5,0,0,20,12,0,13,21,24,,,0
ENG-Premier League,2324,Luton Town,Ross Barkley,ENG,MF,29,1993,29.1,6,0,0,25,39,0,46,25,20,,,0
ENG-Premier League,2324,Luton Town,Ryan Giles,ENG,"MF,DF",23,2000,5.6,0,0,0,2,1,0,49,4,6,,,0
ENG-Premier League,2324,Luton Town,Tahith Chong,CUW,"MF,FW",23,1999,22.0,4,0,0,21,65,5,35,7,20,,,0
ENG-Premier League,2324,Luton Town,Teden Mengi,ENG,DF,21,2002,27.4,3,0,0,35,7,1,2,54,22,,,0
ENG-Premier League,2324,Luton Town,Thomas Kaminski,BEL,GK,30,1992,37.8,3,0,0,0,2,0,0,0,1,,,0
ENG-Premier League,2324,Luton Town,Tom Lockyer,WAL,DF,28,1994,13.0,4,0,0,15,10,0,1,23,16,,,1
ENG-Premier League,2324,Luton Town,Zack Nelson,ENG,MF,18,2005,0.1,0,0,0,0,0,0,0,0,0,,,0
ENG-Premier League,2324,Manchester City,Aymeric Laporte,ESP,DF,29,1994,0.1,0,0,0,0,0,0,0,0,0,,,0
ENG-Premier League,2324,Manchester City,Bernardo Silva,POR,MF,28,1994,28.6,8,0,0,22,26,3,83,14,24,,,0
ENG-Premier League,2324,Manchester City,Cole Palmer,ENG,"FW,MF",21,2002,0.1,0,0,0,1,0,0,0,0,0,,,0
ENG-Premier League,2324,Manchester City,Ederson Moraes,BRA,GK,29,1993,30.9,5,0,0,2,4,0,0,0,0,,,0
ENG-Premier League,2324,Manchester City,Erling Haaland,NOR,"FW,MF",23,2000,28.4,1,0,0,18,30,6,5,2,3,,,0
ENG-Premier League,2324,Manchester City,Jack Grealish,ENG,"MF,FW",27,1995,11.2,6,0,0,6,41,2,16,6,8,,,0
ENG-Premier League,2324,Manchester City,James Mcatee,ENG,MF,20,2002,0.0,0,0,0,0,0,0,0,0,0,,,0
ENG-Premier League,2324,Manchester City,Jeremy Doku,BEL,"MF,FW",21,2002,17.7,3,0,0,15,32,4,61,9,22,,,0
ENG-Premier League,2324,Manchester City,John Stones,ENG,DF,29,1994,11.8,2,0,0,3,5,0,5,10,1,,,0
ENG-Premier League,2324,Manchester City,Joško Gvardiol,CRO,DF,21,2002,25.9,3,0,0,20,23,2,33,27,33,,,0
ENG-Premier League,2324,Manchester City,Julián Álvarez,ARG,"MF,FW",23,2000,29.4,2,0,0,23,13,3,137,2,13,,,0
ENG-Premier League,2324,Manchester City,Kalvin Phillips,ENG,"DF,MF",27,1995,1.0,0,0,0,3,2,0,2,2,3,,,0
ENG-Premier League,2324,Manchester City,Kevin De Bruyne,BEL,MF,32,1991,13.6,2,0,0,11,13,1,136,3,9,,,0
ENG-Premier League,2324,Manchester City,Kyle Walker,ENG,"DF,MF",33,1990,30.7,2,0,0,23,18,7,59,24,24,,,0
ENG-Premier League,2324,Manchester City,Manuel Akanji,SUI,"DF,MF",28,1995,27.9,4,1,1,17,19,0,9,22,28,,,0
ENG-Premier League,2324,Manchester City,Mateo Kovačić,CRO,MF,29,1994,17.2,4,0,0,16,15,0,0,10,26,,,0
ENG-Premier League,2324,Manchester City,Matheus Nunes,POR,"MF,FW",24,1998,7.3,0,0,0,8,16,2,19,1,6,,,0
ENG-Premier League,2324,Manchester City,Nathan Aké,NED,DF,28,1995,22.7,0,0,0,10,18,0,11,15,16,,,0
ENG-Premier League,2324,Manchester City,Oscar Bobb,NOR,MF,20,2003,3.4,0,0,0,2,3,0,5,5,3,,,0
ENG-Premier League,2324,Manchester City,Phil Foden,ENG,MF,23,2000,31.7,2,0,0,14,60,5,88,12,20,,,0
ENG-Premier League,2324,Manchester City,Rico Lewis,ENG,"DF,MF",18,2004,9.0,1,0,0,7,20,0,1,4,7,,,0
ENG-Premier League,2324,Manchester City,Rodri,ESP,"MF,DF",27,1996,32.6,8,1,0,41,35,6,12,25,43,,,0
ENG-Premier League,2324,Manchester City,Rúben Dias,POR,"DF,MF",26,1997,28.4,0,0,0,23,15,0,13,30,21,,,1
ENG-Premier League,2324,Manchester City,Sergio Gómez,ESP,"DF,MF",22,2000,0.6,0,0,0,2,0,1,4,1,0,,,0
ENG-Premier League,2324,Manchester City,Stefan Ortega,GER,GK,30,1992,7.1,0,0,0,0,1,0,0,0,0,,,0
ENG-Premier League,2324,Manchester Utd,Aaron Wan-Bissaka,COD,DF,25,1997,19.8,4,0,0,17,9,0,12,39,25,,,0
ENG-Premier League,2324,Manchester Utd,Alejandro Garnacho,ARG,MF,19,2004,28.5,4,0,0,20,54,15,59,18,15,,,0
ENG-Premier League,2324,Manchester Utd,Amad Diallo,CIV,MF,21,2002,4.3,1,0,0,5,4,0,1,1,4,,,0
ENG-Premier League,2324,Manchester Utd,André Onana,CMR,GK,27,1996,38.0,5,0,0,1,4,0,0,0,0,,,0
ENG-Premier League,2324,Manchester Utd,Anthony Martial,FRA,FW,27,1995,5.0,0,0,0,3,6,3,0,0,1,,,0
ENG-Premier League,2324,Manchester Utd,Antony,BRA,MF,23,2000,14.7,5,0,0,19,32,2,15,11,22,,,0
ENG-Premier League,2324,Manchester Utd,Bruno Fernandes,POR,MF,28,1994,34.6,9,0,0,41,27,13,225,25,37,,,0
ENG-Premier League,2324,Manchester Utd,Casemiro,BRA,"MF,DF",31,1992,22.0,7,0,0,30,10,6,13,18,54,,,0
ENG-Premier League,2324,Manchester Utd,Christian Eriksen,DEN,MF,31,1992,12.7,1,0,0,6,3,1,42,4,14,,,0
ENG-Premier League,2324,Manchester Utd,Daniel Gore,ENG,MF,18,2004,0.0,0,0,0,0,1,0,0,1,1,,,0
ENG-Premier League,2324,Manchester Utd,Diogo Dalot,POR,DF,24,1999,35.3,6,1,1,45,14,2,81,38,50,,,0
ENG-Premier League,2324,Manchester Utd,Donny van de Beek,NED,MF,26,1997,0.0,0,0,0,0,0,0,0,0,0,,,0
ENG-Premier League,2324,Manchester Utd,Ethan Wheatley,ENG,FW,17,2006,0.2,0,0,0,3,0,0,0,2,1,,,0
ENG-Premier League,2324,Manchester Utd,Facundo Pellistri,URU,MF,21,2001,1.9,0,0,0,4,6,0,5,1,2,,,0
ENG-Premier League,2324,Manchester Utd,Hannibal Mejbri,TUN,MF,20,2003,1.5,1,0,0,5,6,1,1,0,3,,,0
ENG-Premier League,2324,Manchester Utd,Harry Maguire,ENG,DF,30,1993,18.4,4,0,0,21,10,6,4,24,17,,,0
ENG-Premier League,2324,Manchester Utd,Jadon Sancho,ENG,"FW,MF",23,2000,0.9,0,0,0,0,2,1,1,1,1,,,0
ENG-Premier League,2324,Manchester Utd,Jonny Evans,NIR,DF,35,1988,15.5,2,0,0,17,13,0,0,23,15,,,0
ENG-Premier League,2324,Manchester Utd,Kobbie Mainoo,ENG,MF,18,2005,21.4,3,0,0,16,23,0,7,22,26,,,0
ENG-Premier League,2324,Manchester Utd,Lisandro Martínez,ARG,DF,25,1998,7.2,3,0,0,6,3,0,2,5,9,,,1
ENG-Premier League,2324,Manchester Utd,Luke Shaw,ENG,DF,28,1995,10.7,6,0,0,14,3,0,33,6,9,,,0
ENG-Premier League,2324,Manchester Utd,Marcus Rashford,ENG,"MF,FW",25,1997,25.2,2,0,0,12,21,12,35,4,13,,,0
ENG-Premier League,2324,Manchester Utd,Mason Mount,ENG,MF,24,1999,5.7,2,0,0,10,9,0,14,6,14,,,0
ENG-Premier League,2324,Manchester Utd,Omari Forson,ENG,MF,19,2004,0.8,0,0,0,1,0,0,0,0,0,,,0
ENG-Premier League,2324,Manchester Utd,Raphaël Varane,FRA,DF,30,1993,15.3,2,0,0,8,3,2,0,14,10,,,0
ENG-Premier League,2324,Manchester Utd,Rasmus Højlund,DEN,FW,20,2003,24.0,2,0,0,20,30,15,6,1,6,,,0
ENG-Premier League,2324,Manchester Utd,Scott McTominay,SCO,"MF,FW",26,1996,21.1,2,0,0,27,21,6,4,14,23,,,0
ENG-Premier League,2324,Manchester Utd,Sergio Reguilón,ESP,DF,26,1996,4.6,3,0,0,4,11,3,30,5,9,,,0
ENG-Premier League,2324,Manchester Utd,Sofyan Amrabat,MAR,"MF,DF",26,1996,10.4,6,0,0,24,10,0,7,8,15,,,0
ENG-Premier League,2324,Manchester Utd,Victor Lindelöf,SWE,DF,29,1994,14.8,2,0,0,15,2,3,1,13,11,,,0
ENG-Premier League,2324,Manchester Utd,Willy Kambwala,FRA,DF,18,2004,3.7,1,0,0,4,2,0,0,4,1,,,0
ENG-Premier League,2324,Newcastle,Alex Murphy,IRL,DF,19,2004,0.1,0,0,0,2,0,0,0,1,1,,,0
ENG-Premier League,2324,Newcastle,Alexander Isak,SWE,FW,23,1999,25.1,1,0,0,14,16,17,10,6,0,,,0
ENG-Premier League,2324,Newcastle,Amadou Diallo,ENG,FW,20,2003,0.0,0,0,0,0,0,0,0,0,0,,,0
ENG-Premier League,2324,Newcastle,Anthony Gordon,ENG,FW,22,2001,32.1,12,1,1,38,64,8,111,6,33,,,0
ENG-Premier League,2324,Newcastle,Ben Parkinson,ENG,FW,18,2005,0.3,0,0,0,0,0,1,0,0,0,,,0
ENG-Premier League,2324,Newcastle,Bruno Guimarães,BRA,MF,25,1997,36.3,9,0,0,50,108,0,33,31,52,,,0
ENG-Premier League,2324,Newcastle,Callum Wilson,ENG,FW,31,1992,11.0,3,0,0,15,17,4,3,1,3,,,0
ENG-Premier League,2324,Newcastle,Dan Burn,ENG,DF,31,1992,30.3,4,0,0,32,11,4,11,35,34,,,0
ENG-Premier League,2324,Newcastle,Elliot Anderson,ENG,"MF,FW",20,2002,11.4,3,0,0,22,19,1,19,9,18,,,0
ENG-Premier League,2324,Newcastle,Emil Krafth,SWE,DF,28,1994,10.1,2,0,0,11,7,0,17,8,11,,,0
ENG-Premier League,2324,Newcastle,Fabian Schär,SUI,DF,31,1991,33.9,5,0,0,37,26,0,8,33,25,,,0
ENG-Premier League,2324,Newcastle,Harvey Barnes,ENG,"FW,MF",25,1997,8.9,2,0,0,4,21,2,12,3,1,,,0
ENG-Premier League,2324,Newcastle,Jacob Murphy,ENG,"FW,MF",28,1995,13.2,1,0,0,7,15,1,78,5,12,,,0
ENG-Premier League,2324,Newcastle,Jamaal Lascelles,ENG,DF,29,1993,12.0,4,0,0,17,2,1,1,5,9,,,0
ENG-Premier League,2324,Newcastle,Joe White,ENG,MF,20,2002,0.1,1,0,0,2,0,0,0,0,1,,,0
ENG-Premier League,2324,Newcastle,Joe Willock,ENG,MF,23,1999,4.7,0,0,0,3,3,1,6,1,7,,,0
ENG-Premier League,2324,Newcastle,Joelinton,BRA,"MF,FW",26,1996,14.2,6,0,0,28,22,0,2,19,26,,,0
ENG-Premier League,2324,Newcastle,Kieran Trippier,ENG,DF,32,1990,24.8,5,0,0,27,21,3,214,24,27,,,0
ENG-Premier League,2324,Newcastle,Lewis Hall,ENG,DF,18,2004,8.7,2,0,0,5,5,0,23,13,17,,,0
ENG-Premier League,2324,Newcastle,Lewis Miley,ENG,MF,17,2006,13.4,1,0,0,5,6,2,12,8,21,,,0
ENG-Premier League,2324,Newcastle,Loris Karius,GER,GK,30,1993,1.0,0,0,0,0,0,0,0,0,0,,,0
ENG-Premier League,2324,Newcastle,Martin Dúbravka,SVK,GK,34,1989,22.1,1,0,0,2,5,0,0,0,0,,,0
ENG-Premier League,2324,Newcastle,Matt Ritchie,SCO,"DF,MF",33,1989,1.4,1,0,0,2,1,0,7,1,3,,,0
ENG-Premier League,2324,Newcastle,Matt Targett,ENG,DF,27,1995,0.9,1,0,0,0,2,0,0,0,0,,,0
ENG-Premier League,2324,Newcastle,Michael Ndiweni,ENG,MF,19,2003,0.0,0,0,0,0,0,0,0,0,0,,,0
ENG-Premier League,2324,Newcastle,Miguel Almirón,PAR,FW,29,1994,21.5,2,0,0,16,22,10,24,10,24,,,0
ENG-Premier League,2324,Newcastle,Nick Pope,ENG,GK,31,1992,14.9,1,0,0,0,3,0,0,0,0,,,0
ENG-Premier League,2324,Newcastle,Paul Dummett,WAL,DF,31,1991,0.2,0,0,0,1,0,0,0,0,0,,,0
ENG-Premier League,2324,Newcastle,Sandro Tonali,ITA,MF,23,2000,4.9,2,0,0,9,6,0,11,2,7,,,0
ENG-Premier League,2324,Newcastle,Sean Longstaff,ENG,MF,25,1997,30.5,7,0,0,24,33,2,25,16,31,,,0
ENG-Premier League,2324,Newcastle,Sven Botman,NED,DF,23,2000,15.3,2,0,0,9,2,1,0,9,13,,,1
ENG-Premier League,2324,Newcastle,Tino Livramento,ENG,DF,20,2002,14.6,1,0,0,3,28,1,26,24,14,,,0
ENG-Premier League,2324,Nottingham,Andrew Omobamidele,IRL,DF,21,2002,8.7,2,0,0,6,3,0,0,12,3,,,1
ENG-Premier League,2324,Nottingham,Andrey Santos,BRA,MF,19,2004,0.1,0,0,0,0,0,0,0,0,0,,,0
ENG-Premier League,2324,Nottingham,Anthony Elanga,SWE,"MF,FW",21,2002,27.0,1,0,0,9,26,19,57,8,19,,,0
ENG-Premier League,2324,Nottingham,Brandon Aguilera,CRC,MF,20,2003,0.1,0,0,0,3,0,0,0,0,0,,,0
ENG-Premier League,2324,Nottingham,Brennan Johnson,WAL,"FW,MF",22,2001,2.6,0,0,0,1,7,1,2,0,0,,,0
ENG-Premier League,2324,Nottingham,Callum Hudson-Odoi,ENG,"MF,FW",22,2000,20.6,0,0,0,14,30,9,73,6,8,,,0
ENG-Premier League,2324,Nottingham,Cheikhou Kouyaté,SEN,MF,33,1989,2.4,2,0,0,6,2,0,0,2,5,,,0
ENG-Premier League,2324,Nottingham,Chris Wood,NZL,FW,31,1991,20.1,0,0,0,22,13,7,2,1,4,,,0
ENG-Premier League,2324,Nottingham,Danilo Santos,BRA,MF,22,2001,19.9,4,0,0,13,9,2,26,33,22,,,0
ENG-Premier League,2324,Nottingham,Divock Origi,BEL,"MF,FW",28,1995,6.7,1,0,0,14,8,5,13,2,4,,,0
ENG-Premier League,2324,Nottingham,Felipe,BRA,DF,34,1989,4.2,4,0,0,10,2,0,0,4,9,,,0
ENG-Premier League,2324,Nottingham,Gio Reyna,USA,MF,20,2002,2.6,0,0,0,3,2,0,8,2,3,,,0
ENG-Premier League,2324,Nottingham,Gonzalo Montiel,ARG,DF,26,1997,8.9,5,0,0,6,1,2,16,7,19,,,0
ENG-Premier League,2324,Nottingham,Harry Toffolo,ENG,"DF,MF",27,1995,16.2,3,0,0,17,2,0,46,12,15,,,0
ENG-Premier League,2324,Nottingham,Ibrahim Sangaré,CIV,MF,25,1997,11.5,6,0,0,22,9,2,2,14,22,,,0
ENG-Premier League,2324,Nottingham,Joe Worrall,ENG,DF,26,1997,4.9,0,1,0,3,2,0,0,3,5,,,0
ENG-Premier League,2324,Nottingham,Matt Turner,USA,GK,29,1994,17.0,2,0,0,0,3,0,0,0,0,,,0
ENG-Premier League,2324,Nottingham,Matz Sels,BEL,GK,31,1992,16.0,1,0,0,0,3,0,0,0,0,,,0
ENG-Premier League,2324,Nottingham,Morgan Gibbs-White,ENG,"MF,FW",23,2000,35.1,9,0,0,37,57,6,181,18,24,,,0
ENG-Premier League,2324,Nottingham,Moussa Niakhaté,SEN,DF,27,1996,16.2,5,1,1,11,4,0,11,14,25,,,0
ENG-Premier League,2324,Nottingham,Murillo,BRA,DF,21,2002,31.0,5,0,0,38,7,0,3,40,33,,,1
ENG-Premier League,2324,Nottingham,Neco Williams,WAL,"DF,MF",22,2001,18.2,4,0,0,23,30,4,69,23,39,,,0
ENG-Premier League,2324,Nottingham,Nicolás Domínguez,ARG,MF,25,1998,16.6,4,0,0,26,16,2,6,18,35,,,0
ENG-Premier League,2324,Nottingham,Nuno Tavares,POR,DF,23,2000,5.1,2,0,0,8,2,0,16,1,7,,,0
ENG-Premier League,2324,Nottingham,Odysseas Vlachodimos,GRE,GK,29,1994,5.0,0,0,0,0,1,0,0,0,0,,,0
ENG-Premier League,2324,Nottingham,Ola Aina,NGA,"DF,MF",26,1996,18.8,3,0,0,18,25,2,27,17,29,,,0
ENG-Premier League,2324,Nottingham,Orel Mangala,BEL,MF,25,1998,17.4,6,0,0,23,21,0,2,27,12,,,0
ENG-Premier League,2324,Nottingham,Rodrigo Ribeiro,POR,FW,18,2005,0.2,0,0,0,1,0,0,0,1,0,,,0
ENG-Premier League,2324,Nottingham,Ryan Yates,ENG,MF,25,1997,22.1,6,0,0,54,57,2,6,21,37,,,0
ENG-Premier League,2324,Nottingham,Scott McKenna,SCO,DF,26,1996,4.6,0,0,0,3,2,0,0,4,0,,,0
ENG-Premier League,2324,Nottingham,Serge Aurier,CIV,"DF,MF",30,1992,9.3,2,0,0,8,9,0,22,8,14,,,0
ENG-Premier League,2324,Nottingham,Taiwo Awoniyi,NGA,FW,25,1997,11.6,2,0,0,9,16,13,1,1,6,,,0
ENG-Premier League,2324,Nottingham,Willy Boly,CIV,DF,32,1991,16.0,3,1,1,20,2,1,1,24,30,,,0
ENG-Premier League,2324,Sheffield United,Andre Brooks,JAM,MF,19,2003,10.4,1,0,0,11,9,0,8,15,10,,,0
ENG-Premier League,2324,Sheffield United,Anel Ahmedhodžić,BIH,DF,24,1999,29.4,11,1,1,34,13,2,6,33,35,,,0
ENG-Premier League,2324,Sheffield United,Anis Ben Slimane,TUN,MF,22,2001,4.7,2,0,0,7,6,2,1,5,6,,,1
ENG-Premier League,2324,Sheffield United,Antwoine Hackford,ENG,FW,19,2004,0.1,0,0,0,0,0,0,0,0,0,,,0
ENG-Premier League,2324,Sheffield United,Auston Trusty,USA,DF,24,1998,28.6,4,0,0,23,12,3,6,34,29,,,0
ENG-Premier League,2324,Sheffield United,Ben Brereton,CHI,"FW,MF",24,1999,12.3,3,0,0,11,19,10,9,3,4,,,0
ENG-Premier League,2324,Sheffield United,Ben Osborn,ENG,MF,28,1994,15.2,3,0,0,8,9,1,47,8,8,,,1
ENG-Premier League,2324,Sheffield United,Bénie Traoré,CIV,"FW,MF",20,2002,4.3,0,0,0,10,4,1,3,1,2,,,0
ENG-Premier League,2324,Sheffield United,Cameron Archer,ENG,"FW,MF",22,2001,20.4,1,0,0,14,20,13,5,1,12,,,0
ENG-Premier League,2324,Sheffield United,Chris Basham,ENG,"DF,MF",35,1988,3.6,1,0,0,3,3,2,4,4,2,,,0
ENG-Premier League,2324,Sheffield United,Daniel Jebbison,CAN,FW,19,2003,0.2,0,0,0,0,0,0,0,0,0,,,0
ENG-Premier League,2324,Sheffield United,George Baldock,GRE,"DF,MF",30,1993,10.8,4,0,0,18,14,1,18,10,9,,,0
ENG-Premier League,2324,Sheffield United,Gustavo Hamer,NED,MF,26,1997,32.3,9,0,0,50,17,6,118,26,20,,,0
ENG-Premier League,2324,Sheffield United,Ivo Grbić,CRO,GK,27,1996,8.6,1,0,0,0,2,0,0,0,0,,,0
ENG-Premier League,2324,Sheffield United,Jack Robinson,ENG,DF,29,1993,32.1,10,0,0,19,16,1,12,29,30,,,2
ENG-Premier League,2324,Sheffield United,James Mcatee,ENG,"MF,FW",20,2002,20.2,2,0,0,15,29,1,35,11,20,,,0
ENG-Premier League,2324,Sheffield United,Jayden Bogle,ENG,"MF,DF",23,2000,31.0,9,0,0,39,22,4,41,32,37,,,1
ENG-Premier League,2324,Sheffield United,John Egan,IRL,DF,30,1992,5.4,2,0,0,6,1,0,0,13,3,,,0
ENG-Premier League,2324,Sheffield United,John Fleck,SCO,MF,31,1991,1.0,1,0,0,2,2,0,0,0,0,,,0
ENG-Premier League,2324,Sheffield United,Luke Thomas,ENG,"MF,DF",22,2001,10.2,3,0,0,10,13,0,13,10,9,,,0
ENG-Premier League,2324,Sheffield United,Mason Holgate,JAM,DF,26,1996,7.9,3,1,0,8,4,0,7,10,7,,,0
ENG-Premier League,2324,Sheffield United,Max Lowe,ENG,"MF,DF",26,1997,5.6,1,0,0,7,3,1,8,4,9,,,0
ENG-Premier League,2324,Sheffield United,Oliver Arblaster,ENG,MF,19,2004,10.5,2,0,0,10,12,0,7,15,17,,,1
ENG-Premier League,2324,Sheffield United,Oliver McBurnie,SCO,FW,27,1996,14.2,7,2,2,19,27,4,5,5,6,,,0
ENG-Premier League,2324,Sheffield United,Oliver Norwood,NIR,MF,32,1991,16.0,8,0,0,15,9,0,52,19,26,,,0
ENG-Premier League,2324,Sheffield United,Rhian Brewster,ENG,FW,23,2000,3.8,0,1,0,5,5,1,3,1,1,,,0
ENG-Premier League,2324,Sheffield United,Rhys Norrington-Davies,WAL,DF,24,1999,1.2,1,0,0,3,1,1,2,1,1,,,0
ENG-Premier League,2324,Sheffield United,Ryan One,SCO,MF,17,2006,0.1,0,0,0,0,0,0,0,0,0,,,0
ENG-Premier League,2324,Sheffield United,Sam Curtis,IRL,DF,17,2005,0.3,0,0,0,0,0,0,1,0,0,,,0
ENG-Premier League,2324,Sheffield United,Sydie Peck,ENG,MF,18,2004,0.1,0,0,0,0,0,0,0,0,0,,,0
ENG-Premier League,2324,Sheffield United,Tom Davies,ENG,MF,25,1998,2.5,2,0,0,7,2,0,4,3,5,,,0
ENG-Premier League,2324,Sheffield United,Vinicius Souza,BRA,MF,24,1999,29.6,3,0,0,48,14,2,10,30,73,,,0
ENG-Premier League,2324,Sheffield United,Wes Foderingham,ENG,GK,32,1991,29.4,2,0,0,1,12,0,0,0,5,,,1
ENG-Premier League,2324,Sheffield United,William Osula,DEN,FW,19,2003,8.7,4,0,0,15,12,6,2,2,2,,,0
ENG-Premier League,2324,Sheffield United,Yasser Larouci,ALG,MF,22,2001,5.9,1,0,0,5,5,1,6,7,9,,,0
ENG-Premier League,2324,Tottenham,Alejo Véliz,ARG,FW,19,2003,0.6,1,0,0,0,1,3,0,0,0,,,0
ENG-Premier League,2324,Tottenham,Ben Davies,WAL,DF,30,1993,12.1,2,0,0,8,19,0,10,10,16,,,0
ENG-Premier League,2324,Tottenham,Brennan Johnson,WAL,"MF,FW",22,2001,23.2,3,0,0,17,29,12,71,9,15,,,0
ENG-Premier League,2324,Tottenham,Bryan Gil,ESP,MF,22,2001,2.3,0,0,0,2,3,1,12,2,0,,,0
ENG-Premier League,2324,Tottenham,Cristian Romero,ARG,DF,25,1998,31.0,7,1,0,31,24,1,3,43,41,,,1
ENG-Premier League,2324,Tottenham,Dane Scarlett,ENG,FW,19,2004,0.2,0,0,0,1,2,0,0,0,1,,,0
ENG-Premier League,2324,Tottenham,Davinson Sánchez,COL,DF,27,1996,0.9,1,0,0,2,1,0,0,1,0,,,0
ENG-Premier League,2324,Tottenham,Dejan Kulusevski,SWE,"MF,FW",23,2000,30.7,7,0,0,54,29,10,89,17,33,,,0
ENG-Premier League,2324,Tottenham,Destiny Udogie,ITA,DF,20,2002,26.6,7,1,1,51,36,3,22,37,33,,,0
ENG-Premier League,2324,Tottenham,Emerson,BRA,DF,24,1999,12.9,4,0,0,14,38,0,14,18,24,,,0
ENG-Premier League,2324,Tottenham,Eric Dier,ENG,DF,29,1994,2.2,0,0,0,0,1,2,0,1,1,,,0
ENG-Premier League,2324,Tottenham,Giovani Lo Celso,ARG,MF,27,1996,5.6,2,0,0,12,26,1,14,5,13,,,0
ENG-Premier League,2324,Tottenham,Guglielmo Vicario,ITA,GK,26,1996,38.0,2,0,0,0,8,0,0,1,0,,,0
ENG-Premier League,2324,Tottenham,Ivan Perišić,CRO,"FW,MF",34,1989,1.1,2,0,0,2,1,0,13,2,2,,,0
ENG-Premier League,2324,Tottenham,James Maddison,ENG,MF,26,1996,23.7,5,0,0,21,74,2,134,14,19,,,0
ENG-Premier League,2324,Tottenham,Jamie Donley,NIR,MF,18,2005,0.0,1,0,0,1,1,0,0,0,0,,,0
ENG-Premier League,2324,Tottenham,Manor Solomon,ISR,MF,24,1999,2.2,1,0,0,2,1,1,5,3,3,,,0
ENG-Premier League,2324,Tottenham,Micky van de Ven,NED,DF,22,2001,26.0,5,0,0,13,17,1,3,17,34,,,0
ENG-Premier League,2324,Tottenham,Mikey Moore,ENG,MF,15,2007,0.0,0,0,0,1,0,0,0,0,0,,,0
ENG-Premier League,2324,Tottenham,Oliver Skipp,ENG,"MF,DF",22,2000,7.9,3,0,0,8,12,0,1,4,13,,,0
ENG-Premier League,2324,Tottenham,Pape Matar Sarr,SEN,MF,20,2002,23.0,9,0,0,32,17,0,25,30,24,,,0
ENG-Premier League,2324,Tottenham,Pedro Porro,ESP,DF,23,1999,34.3,3,0,0,37,27,1,198,33,65,,,0
ENG-Premier League,2324,Tottenham,Pierre Højbjerg,DEN,MF,27,1995,14.6,4,0,0,20,17,0,14,16,16,,,1
ENG-Premier League,2324,Tottenham,Radu Drăgușin,ROU,DF,21,2002,4.8,1,0,0,6,4,1,1,8,3,,,0
ENG-Premier League,2324,Tottenham,Richarlison,BRA,"FW,MF",26,1997,16.6,3,0,0,20,30,12,15,8,11,,,0
ENG-Premier League,2324,Tottenham,Rodrigo Bentancur,URU,MF,26,1997,11.2,7,0,0,20,17,0,9,16,16,,,0
ENG-Premier League,2324,Tottenham,Son Heung-min,KOR,"FW,MF",31,1992,32.6,1,0,0,12,39,20,36,8,13,,,1
ENG-Premier League,2324,Tottenham,Timo Werner,GER,"MF,FW",27,1996,9.0,1,0,0,3,5,12,28,3,4,,,0
ENG-Premier League,2324,Tottenham,Yves Bissouma,MLI,MF,26,1996,23.0,10,2,1,35,31,0,1,34,51,,,0
ENG-Premier League,2324,West Ham,Aaron Cresswell,ENG,DF,33,1989,4.8,1,0,0,2,3,1,11,4,2,,,0
ENG-Premier League,2324,West Ham,Alphonse Areola,FRA,GK,30,1993,30.0,1,0,0,2,3,0,0,1,1,,,1
ENG-Premier League,2324,West Ham,Angelo Ogbonna,ITA,DF,35,1988,7.1,1,0,0,1,3,0,0,3,5,,,0
ENG-Premier League,2324,West Ham,Ben Johnson,ENG,"MF,DF",23,2000,6.0,1,0,0,2,7,1,31,5,6,,,0
ENG-Premier League,2324,West Ham,Danny Ings,ENG,"FW,MF",31,1992,4.5,1,0,0,4,6,1,1,4,3,,,0
ENG-Premier League,2324,West Ham,Divin Mubama,ENG,FW,18,2004,0.9,0,0,0,1,1,0,0,0,0,,,0
ENG-Premier League,2324,West Ham,Edson Álvarez,MEX,MF,25,1997,26.4,11,0,0,33,15,1,4,43,40,,,0
ENG-Premier League,2324,West Ham,Emerson Palmieri,ITA,DF,28,1994,34.9,10,0,0,32,33,1,49,40,67,,,1
ENG-Premier League,2324,West Ham,George Earthy,ENG,MF,18,2004,0.4,0,0,0,1,0,0,0,1,0,,,0
ENG-Premier League,2324,West Ham,James Ward-Prowse,ENG,MF,28,1994,33.3,4,0,0,24,20,0,189,38,30,,,0
ENG-Premier League,2324,West Ham,Jarrod Bowen,ENG,"MF,FW",26,1996,33.5,2,0,0,28,42,20,74,19,29,,,0
ENG-Premier League,2324,West Ham,Kaelan Casey,ENG,DF,18,2004,0.0,0,0,0,0,0,0,0,0,0,,,0
ENG-Premier League,2324,West Ham,Kalvin Phillips,ENG,MF,27,1995,3.4,3,1,1,14,5,0,1,3,5,,,0
ENG-Premier League,2324,West Ham,Konstantinos Mavropanos,GRE,DF,25,1997,16.7,2,0,0,15,10,0,1,24,15,,,2
ENG-Premier League,2324,West Ham,Kurt Zouma,FRA,DF,28,1994,31.5,3,0,0,24,6,0,0,27,17,,,0
ENG-Premier League,2324,West Ham,Lucas Paquetá,BRA,MF,25,1997,29.1,10,0,0,47,65,5,37,22,46,,,0
ENG-Premier League,2324,West Ham,Maxwel Cornet,CIV,MF,26,1996,1.2,0,0,0,2,2,3,1,2,2,,,0
ENG-Premier League,2324,West Ham,Michail Antonio,JAM,FW,33,1990,18.8,6,0,0,25,28,9,25,2,8,,,0
ENG-Premier League,2324,West Ham,Mohammed Kudus,GHA,MF,22,2000,27.6,6,0,0,39,75,16,95,11,46,,,0
ENG-Premier League,2324,West Ham,Nayef Aguerd,MAR,DF,27,1996,20.6,3,1,1,10,6,0,5,16,14,,,0
ENG-Premier League,2324,West Ham,Pablo Fornals,ESP,MF,27,1996,4.7,0,0,0,3,5,1,8,6,6,,,0
ENG-Premier League,2324,West Ham,Saïd Benrahma,ALG,MF,27,1995,6.9,1,0,0,5,6,1,17,5,4,,,0
ENG-Premier League,2324,West Ham,Thilo Kehrer,GER,DF,26,1996,0.2,2,0,0,2,0,0,0,0,1,,,0
ENG-Premier League,2324,West Ham,Tomáš Souček,CZE,MF,28,1995,31.9,7,0,0,41,25,10,6,33,36,,,0
ENG-Premier League,2324,West Ham,Vladimír Coufal,CZE,DF,30,1992,34.8,7,1,1,32,27,1,107,38,42,,,0
ENG-Premier League,2324,West Ham,Łukasz Fabiański,POL,GK,38,1985,8.0,0,0,0,0,0,0,0,1,0,,,0
ENG-Premier League,2324,Wolves,Boubacar Traoré,MLI,MF,21,2001,9.1,4,0,0,23,4,1,5,5,22,,,0
ENG-Premier League,2324,Wolves,Craig Dawson,ENG,DF,33,1990,24.5,7,0,0,20,15,4,1,16,19,,,0
ENG-Premier League,2324,Wolves,Daniel Bentley,ENG,GK,30,1993,4.3,0,0,0,0,0,0,0,0,0,,,0
ENG-Premier League,2324,Wolves,Enso Gonzalez,PAR,FW,18,2005,0.0,0,0,0,0,1,0,0,0,0,,,0
ENG-Premier League,2324,Wolves,Fábio Silva,POR,FW,21,2002,2.9,2,0,0,8,4,5,0,2,4,,,0
ENG-Premier League,2324,Wolves,Hugo Bueno,ESP,"MF,DF",20,2002,8.2,1,0,0,7,6,1,29,5,14,,,1
ENG-Premier League,2324,Wolves,Hwang Hee-chan,KOR,"FW,MF",27,1996,23.5,6,0,0,31,32,15,11,9,10,,,0
ENG-Premier League,2324,Wolves,Jean-Ricner Bellegarde,HAI,"MF,FW",25,1998,10.6,0,1,0,10,24,2,30,8,9,,,0
ENG-Premier League,2324,Wolves,Jonny Castro,ESP,"DF,MF",29,1994,0.1,0,0,0,0,0,0,0,0,0,,,0
ENG-Premier League,2324,Wolves,José Sá,POR,GK,30,1993,33.7,1,0,0,0,9,0,0,0,1,,,0
ENG-Premier League,2324,Wolves,João Gomes,BRA,MF,22,2001,29.4,11,0,0,66,38,1,25,18,75,,,0
ENG-Premier League,2324,Wolves,Leon Chiwome,ENG,FW,17,2006,1.9,0,0,0,2,2,2,0,0,1,,,0
ENG-Premier League,2324,Wolves,Mario Lemina,GAB,MF,29,1993,33.0,12,1,1,43,24,8,15,41,58,,,0
ENG-Premier League,2324,Wolves,Matheus Cunha,BRA,"FW,MF",24,1999,27.1,9,0,0,31,50,4,24,11,15,,,0
ENG-Premier League,2324,Wolves,Matheus Nunes,POR,MF,24,1998,2.0,2,1,1,0,6,3,3,5,1,,,0
ENG-Premier League,2324,Wolves,Matt Doherty,IRL,"MF,DF",31,1992,12.8,2,0,0,13,11,5,13,7,18,,,0
ENG-Premier League,2324,Wolves,Max Kilman,ENG,DF,26,1997,38.0,7,0,0,38,18,2,6,38,19,,,0
ENG-Premier League,2324,Wolves,Nathan Fraser,IRL,FW,18,2005,2.1,1,0,0,5,3,0,0,1,2,,,0
ENG-Premier League,2324,Wolves,Nélson Semedo,POR,"MF,DF",29,1993,34.3,10,1,0,48,30,1,80,35,48,,,0
ENG-Premier League,2324,Wolves,Pablo Sarabia,ESP,"MF,FW",31,1992,19.4,5,0,0,21,25,10,132,9,14,,,0
ENG-Premier League,2324,Wolves,Pedro Neto,POR,"MF,FW",23,2000,16.8,4,0,0,15,21,2,114,5,4,,,0
ENG-Premier League,2324,Wolves,Rayan Aït-Nouri,ALG,"MF,DF",22,2001,25.9,7,0,0,25,53,9,42,16,45,,,0
ENG-Premier League,2324,Wolves,Santiago Bueno,URU,DF,24,1998,9.1,1,0,0,10,5,0,2,6,7,,,0
ENG-Premier League,2324,Wolves,Saša Kalajdžić,AUT,FW,26,1997,1.8,0,0,0,6,4,2,1,1,2,,,0
ENG-Premier League,2324,Wolves,Tawanda Chirewa,ZIM,FW,19,2003,1.6,1,0,0,4,2,1,4,1,3,,,0
ENG-Premier League,2324,Wolves,Tommy Doyle,ENG,MF,21,2001,13.6,2,0,0,11,4,0,27,13,13,,,0
ENG-Premier League,2324,Wolves,Toti Gomes,POR,DF,24,1999,30.8,7,0,0,38,13,1,13,23,23,,,0
ESP-La Liga,2324,Alavés,Abde Rebbach,ALG,MF,24,1998,8.0,1,0,0,13,10,3,63,4,5,,,0
ESP-La Liga,2324,Alavés,Abdel Abqar,MAR,DF,24,1999,25.7,10,0,0,32,23,1,2,25,21,,,1
ESP-La Liga,2324,Alavés,Aleksandar Sedlar,SRB,DF,31,1991,10.5,2,0,0,14,4,1,0,15,8,,,0
ESP-La Liga,2324,Alavés,Alex Sola,ESP,MF,24,1999,14.0,2,0,0,11,28,10,82,10,15,,,0
ESP-La Liga,2324,Alavés,Ander Guevara,ESP,MF,26,1997,32.6,7,0,0,49,30,0,10,14,34,,,0
ESP-La Liga,2324,Alavés,Andoni Gorosabel,ESP,DF,26,1996,31.7,6,0,0,29,41,0,83,25,40,,,0
ESP-La Liga,2324,Alavés,Antonio Blanco,ESP,MF,23,2000,27.0,5,1,0,35,40,0,14,33,37,,,0
ESP-La Liga,2324,Alavés,Antonio Sivera,ESP,GK,26,1996,34.0,3,0,0,0,2,0,0,0,0,,,0
ESP-La Liga,2324,Alavés,Carlos Benavídez,URU,MF,25,1998,12.6,5,0,0,37,9,1,6,18,35,,,0
ESP-La Liga,2324,Alavés,Carlos Vicente,ESP,MF,24,1999,12.4,1,0,0,18,25,9,90,5,7,,,0
ESP-La Liga,2324,Alavés,Eneko Ortiz,ESP,MF,20,2003,0.2,0,0,0,0,0,0,1,0,0,,,0
ESP-La Liga,2324,Alavés,Giuliano Simeone,ARG,MF,20,2002,7.0,1,0,0,11,6,2,14,5,5,,,0
ESP-La Liga,2324,Alavés,Ianis Hagi,ROU,MF,24,1998,8.9,3,0,0,13,19,1,54,4,12,,,0
ESP-La Liga,2324,Alavés,Javi López,ESP,DF,21,2002,26.5,3,0,0,26,28,1,102,11,12,,,0
ESP-La Liga,2324,Alavés,Jesús Owono,EQG,GK,22,2001,4.0,1,0,0,0,0,0,0,0,0,,,0
ESP-La Liga,2324,Alavés,Joaquín Panichelli,ARG,"MF,FW",20,2002,2.5,0,0,0,8,4,1,0,1,3,,,0
ESP-La Liga,2324,Alavés,Jon Guridi,ESP,MF,28,1995,29.8,2,0,0,22,30,2,21,19,24,,,0
ESP-La Liga,2324,Alavés,Jon Karrikaburu,ESP,FW,20,2002,0.2,0,0,0,1,0,1,0,0,0,,,0
ESP-La Liga,2324,Alavés,Kiké,ESP,FW,33,1989,15.8,3,0,0,24,36,7,9,2,5,,,0
ESP-La Liga,2324,Alavés,Luis Rioja,ESP,MF,29,1993,27.8,4,0,0,23,18,10,175,17,19,,,0
ESP-La Liga,2324,Alavés,Mamadou Sylla,SEN,FW,29,1994,0.2,0,0,0,1,2,0,0,0,0,,,0
ESP-La Liga,2324,Alavés,Miguel,ESP,FW,23,1999,0.7,0,0,0,2,3,0,0,0,0,,,0
ESP-La Liga,2324,Alavés,Nahuel Tenaglia,ARG,DF,27,1996,12.7,5,0,0,13,14,2,17,13,15,,,0
ESP-La Liga,2324,Alavés,Rafa Marín,ESP,DF,21,2002,27.1,6,0,0,28,16,0,2,31,18,,,1
ESP-La Liga,2324,Alavés,Rubén Duarte,ESP,DF,27,1995,20.9,7,0,0,31,31,0,71,20,17,,,0
ESP-La Liga,2324,Alavés,Samu Omorodion,ESP,FW,19,2004,21.3,6,0,0,30,30,16,2,1,3,,,0
ESP-La Liga,2324,Alavés,Tomás Mendes,ESP,MF,18,2004,0.1,0,0,0,0,0,0,0,0,0,,,0
ESP-La Liga,2324,Alavés,Unai Ropero,ESP,FW,21,2001,0.1,0,0,0,1,0,0,0,0,0,,,0
ESP-La Liga,2324,Alavés,Victor Parada,ESP,DF,21,2002,0.0,0,0,0,0,0,0,0,0,1,,,0
ESP-La Liga,2324,Alavés,Xeber,ESP,"MF,FW",26,1997,3.4,1,0,0,9,0,1,14,1,5,,,0
ESP-La Liga,2324,Almería,Adri Embarba,ESP,"MF,FW",31,1992,27.5,5,0,0,37,41,15,172,15,38,,,0
ESP-La Liga,2324,Almería,Alejandro Pozo Pozo,ESP,"DF,MF",24,1999,10.8,3,0,0,16,6,0,41,7,13,,,0
ESP-La Liga,2324,Almería,Aleksandar Radovanović,SRB,DF,29,1993,6.3,2,0,0,7,2,0,0,11,7,,,0
ESP-La Liga,2324,Almería,Anthony Lozano,HON,FW,30,1993,8.6,1,0,0,22,20,5,4,3,5,,,0
ESP-La Liga,2324,Almería,Arnau Puigmal,ESP,"MF,DF",22,2001,2.8,3,0,0,7,4,0,14,3,1,,,0
ESP-La Liga,2324,Almería,Bruno Langa,MOZ,DF,25,1997,9.1,1,1,0,4,12,0,16,5,11,,,0
ESP-La Liga,2324,Almería,Chumi,ESP,DF,24,1999,27.0,4,0,0,23,8,0,2,15,23,,,0
ESP-La Liga,2324,Almería,César Montes,MEX,DF,26,1997,19.9,5,0,0,22,11,2,3,10,15,,,0
ESP-La Liga,2324,Almería,Diego Mariño,ESP,GK,33,1990,1.0,0,0,0,0,0,0,0,0,0,,,0
ESP-La Liga,2324,Almería,Dion Lopy,SEN,MF,21,2002,21.3,5,0,0,30,40,0,7,14,36,,,0
ESP-La Liga,2324,Almería,Fernando,ESP,GK,33,1990,4.0,0,0,0,0,0,0,0,0,0,,,0
ESP-La Liga,2324,Almería,Gonzalo Melero,ESP,"MF,FW",29,1994,12.3,3,0,0,21,17,0,3,4,9,,,0
ESP-La Liga,2324,Almería,Houboulang Mendes,GNB,DF,25,1998,4.4,0,0,0,6,10,1,5,2,14,,,0
ESP-La Liga,2324,Almería,Ibrahima Koné,MLI,FW,24,1999,3.1,0,0,0,3,4,6,2,0,0,,,0
ESP-La Liga,2324,Almería,Iddrisu Baba,GHA,MF,27,1996,15.9,5,0,0,29,34,0,4,11,24,,,0
ESP-La Liga,2324,Almería,Jonathan Viera,ESP,MF,33,1989,10.1,3,1,1,10,16,4,6,4,9,,,0
ESP-La Liga,2324,Almería,Kaiky,BRA,DF,19,2004,5.8,2,0,0,7,0,0,1,3,4,,,0
ESP-La Liga,2324,Almería,Largie Ramazani,BEL,"MF,FW",22,2001,17.3,11,2,2,27,24,9,31,35,7,,,0
ESP-La Liga,2324,Almería,Lucas Robertone,ARG,MF,26,1997,26.5,11,0,0,38,54,2,65,47,35,,,0
ESP-La Liga,2324,Almería,Luis Suárez,COL,"FW,MF",25,1997,10.2,3,0,0,18,17,5,7,0,5,,,0
ESP-La Liga,2324,Almería,Luka Romero,ARG,MF,18,2004,4.9,2,0,0,8,11,0,2,1,1,,,0
ESP-La Liga,2324,Almería,Luís Maximiano,POR,GK,24,1999,33.0,1,0,0,1,3,0,0,0,0,,,0
ESP-La Liga,2324,Almería,Lázaro,BRA,MF,21,2002,3.2,0,0,0,3,7,2,11,1,1,,,0
ESP-La Liga,2324,Almería,Léo Baptistão,BRA,"FW,MF",30,1992,20.4,6,1,0,21,29,13,26,12,16,,,0
ESP-La Liga,2324,Almería,Marc Pubill,ESP,DF,20,2003,20.9,2,0,0,21,34,0,67,14,26,,,0
ESP-La Liga,2324,Almería,Marciano Tchami,GNB,FW,19,2004,0.5,0,0,0,0,0,0,1,0,0,,,0
ESP-La Liga,2324,Almería,Marcos Peña,ESP,MF,18,2005,4.9,3,0,0,8,4,0,0,13,14,,,0
ESP-La Liga,2324,Almería,Marko Milovanović,SRB,FW,19,2003,3.4,0,0,0,15,6,4,1,0,4,,,0
ESP-La Liga,2324,Almería,Paco Sanz,ESP,DF,18,2004,0.3,0,0,0,0,0,0,0,0,0,,,0
ESP-La Liga,2324,Almería,Rachad Fettal,MAR,FW,18,2005,0.2,0,0,0,1,0,0,0,0,0,,,0
ESP-La Liga,2324,Almería,Sergio Akieme,ESP,"DF,MF",25,1997,18.6,2,0,0,18,17,1,56,10,15,,,0
ESP-La Liga,2324,Almería,Sergio Arribas,ESP,"MF,FW",21,2001,22.7,1,0,0,14,42,2,59,14,17,,,0
ESP-La Liga,2324,Almería,Srđan Babić,SRB,DF,27,1996,1.0,0,0,0,2,0,0,0,0,2,,,0
ESP-La Liga,2324,Almería,Álex Centelles,ESP,DF,25,1997,10.9,2,0,0,10,13,1,43,16,7,,,0
ESP-La Liga,2324,Almería,Édgar González,ESP,"DF,MF",26,1997,28.0,7,1,1,29,7,3,2,35,21,,,0
ESP-La Liga,2324,Athletic Club,Adu Ares,ESP,MF,21,2001,2.9,2,0,0,5,12,1,11,1,4,,,0
ESP-La Liga,2324,Athletic Club,Aingeru Olabarrieta,ESP,FW,17,2005,0.1,0,0,0,0,0,0,2,0,0,,,0
ESP-La Liga,2324,Athletic Club,Aitor Paredes,ESP,DF,23,2000,30.0,9,1,1,37,11,0,1,31,12,,,0
ESP-La Liga,2324,Athletic Club,Ander Herrera,ESP,MF,33,1989,11.4,4,0,0,21,11,0,12,16,33,,,0
ESP-La Liga,2324,Athletic Club,Asier Villalibre,ESP,FW,25,1997,5.7,0,0,0,7,11,3,2,0,1,,,0
ESP-La Liga,2324,Athletic Club,Beñat Prados,ESP,MF,22,2001,16.1,1,0,0,29,24,0,10,23,28,,,0
ESP-La Liga,2324,Athletic Club,Dani García,ESP,MF,33,1990,8.3,4,0,0,11,7,0,0,8,11,,,0
ESP-La Liga,2324,Athletic Club,Daniel Vivian,ESP,DF,24,1999,32.0,6,0,0,37,26,1,5,29,29,,,0
ESP-La Liga,2324,Athletic Club,Gorka Guruzeta,ESP,FW,26,1996,24.6,2,0,0,44,23,11,12,15,22,,,0
ESP-La Liga,2324,Athletic Club,Iker Muniain,ESP,MF,30,1992,6.6,1,0,0,5,11,0,33,0,1,,,0
ESP-La Liga,2324,Athletic Club,Imanol,ESP,DF,23,2000,5.8,2,0,0,5,2,0,21,9,6,,,0
ESP-La Liga,2324,Athletic Club,Iñaki Williams,GHA,MF,29,1994,31.6,4,0,0,32,45,25,110,13,18,,,1
ESP-La Liga,2324,Athletic Club,Iñigo Lekue,ESP,DF,30,1993,22.2,4,0,0,15,7,0,37,16,21,,,0
ESP-La Liga,2324,Athletic Club,Iñigo Ruiz de Galarreta,ESP,MF,29,1993,23.2,7,0,0,54,41,0,58,12,32,,,1
ESP-La Liga,2324,Athletic Club,Julen Agirrezabala,ESP,GK,22,2000,2.6,0,0,0,0,0,0,0,0,0,,,0
ESP-La Liga,2324,Athletic Club,Mikel Jauregizar,ESP,MF,19,2003,1.7,0,0,0,4,1,0,6,0,0,,,0
ESP-La Liga,2324,Athletic Club,Mikel Vesga,ESP,MF,30,1993,17.0,2,0,0,28,6,0,15,31,20,,,0
ESP-La Liga,2324,Athletic Club,Nico Williams,ESP,MF,21,2002,25.1,6,1,1,19,37,12,152,4,12,,,0
ESP-La Liga,2324,Athletic Club,Oihan Sancet,ESP,MF,23,2000,21.9,5,2,1,30,35,3,29,10,11,,,0
ESP-La Liga,2324,Athletic Club,Peru Nolaskoain,ESP,"DF,MF",24,1998,0.1,0,0,0,0,0,0,0,0,1,,,0
ESP-La Liga,2324,Athletic Club,Raúl García,ESP,FW,37,1986,4.7,3,0,0,20,10,5,6,2,6,,,0
ESP-La Liga,2324,Athletic Club,Unai Gómez,ESP,MF,20,2003,9.7,1,0,0,11,20,0,20,2,9,,,0
ESP-La Liga,2324,Athletic Club,Unai Simón,ESP,GK,26,1997,35.4,2,0,0,0,8,0,0,1,1,,,1
ESP-La Liga,2324,Athletic Club,Yeray Álvarez,ESP,DF,28,1995,12.8,1,1,0,15,14,0,1,10,9,,,0
ESP-La Liga,2324,Athletic Club,Yuri Berchiche,ESP,DF,33,1990,21.4,5,0,0,29,33,0,43,19,26,,,1
ESP-La Liga,2324,Athletic Club,Álex Berenguer,ESP,MF,28,1995,17.7,4,0,0,30,22,12,139,5,15,,,0
ESP-La Liga,2324,Athletic Club,Óscar de Marcos,ESP,DF,34,1989,25.1,5,0,0,22,12,5,119,12,41,,,0
ESP-La Liga,2324,Atlético Madrid,Abdellah Raihani,MAR,FW,19,2004,0.1,0,0,0,0,1,0,0,0,0,,,0
ESP-La Liga,2324,Atlético Madrid,Antoine Griezmann,FRA,"FW,MF",32,1991,29.4,5,0,0,16,26,14,125,11,20,,,0
ESP-La Liga,2324,Atlético Madrid,Arthur Vermeeren,BEL,MF,18,2005,1.8,2,0,0,7,1,0,0,6,0,,,0
ESP-La Liga,2324,Atlético Madrid,Axel Witsel,BEL,DF,34,1989,30.9,5,0,0,24,28,0,4,16,21,,,0
ESP-La Liga,2324,Atlético Madrid,César Azpilicueta,ESP,"DF,MF",33,1989,15.8,4,0,0,29,12,0,11,16,15,,,0
ESP-La Liga,2324,Atlético Madrid,Gabriel Paulista,BRA,DF,32,1990,4.5,1,0,0,4,0,0,0,3,5,,,0
ESP-La Liga,2324,Atlético Madrid,Jan Oblak,SVN,GK,30,1993,38.0,1,0,0,0,2,0,0,0,0,,,0
ESP-La Liga,2324,Atlético Madrid,Javi Galán,ESP,"DF,MF",28,1994,1.0,1,0,0,1,4,0,6,1,3,,,0
ESP-La Liga,2324,Atlético Madrid,José María Giménez,URU,DF,28,1995,14.7,5,0,0,17,2,0,1,10,9,,,0
ESP-La Liga,2324,Atlético Madrid,Koke,ESP,MF,31,1992,27.7,5,0,0,19,19,0,10,15,42,,,0
ESP-La Liga,2324,Atlético Madrid,Marcos Llorente,ESP,"MF,DF",28,1995,28.5,5,0,0,31,27,19,70,13,23,,,0
ESP-La Liga,2324,Atlético Madrid,Mario Hermoso,ESP,DF,28,1995,28.4,9,0,0,32,23,1,38,28,25,,,0
ESP-La Liga,2324,Atlético Madrid,Memphis,NED,FW,29,1994,9.9,2,0,0,14,16,8,12,1,2,,,0
ESP-La Liga,2324,Atlético Madrid,Nahuel Molina,ARG,"MF,DF",25,1998,20.6,4,1,0,20,16,7,87,8,22,,,0
ESP-La Liga,2324,Atlético Madrid,Pablo Barrios,ESP,MF,20,2003,17.3,5,0,0,23,24,0,16,27,25,,,0
ESP-La Liga,2324,Atlético Madrid,Reinildo Mandava,MOZ,DF,29,1994,8.1,2,0,0,14,8,0,6,15,21,,,0
ESP-La Liga,2324,Atlético Madrid,Rodrigo De Paul,ARG,MF,29,1994,23.1,7,0,0,26,59,1,45,11,21,,,0
ESP-La Liga,2324,Atlético Madrid,Rodrigo Riquelme,ESP,"MF,DF",23,2000,17.0,1,0,0,11,28,9,63,9,19,,,0
ESP-La Liga,2324,Atlético Madrid,Salim El Jebari,MAR,MF,19,2004,0.1,0,0,0,1,0,0,1,0,0,,,0
ESP-La Liga,2324,Atlético Madrid,Samuel Lino,BRA,"MF,DF",23,1999,23.1,1,0,0,27,56,9,41,14,34,,,0
ESP-La Liga,2324,Atlético Madrid,Saúl Ñíguez,ESP,MF,28,1994,15.3,10,1,1,42,14,2,16,15,39,,,0
ESP-La Liga,2324,Atlético Madrid,Stefan Savić,MNE,DF,32,1991,18.1,7,1,1,16,6,1,4,25,18,,,0
ESP-La Liga,2324,Atlético Madrid,Thomas Lemar,FRA,MF,27,1995,1.8,0,0,0,3,2,0,6,0,1,,,0
ESP-La Liga,2324,Atlético Madrid,Yannick Carrasco,BEL,"DF,MF",29,1993,2.5,0,0,0,2,2,1,8,1,4,,,0
ESP-La Liga,2324,Atlético Madrid,Álvaro Morata,ESP,FW,30,1992,21.2,4,1,1,33,36,33,10,1,10,,,0
ESP-La Liga,2324,Atlético Madrid,Ángel Correa,ARG,"FW,MF",28,1995,17.0,3,0,0,24,32,17,41,2,14,,,0
ESP-La Liga,2324,Atlético Madrid,Çağlar Söyüncü,TUR,DF,27,1996,1.3,0,1,0,3,1,1,0,1,1,,,0
ESP-La Liga,2324,Barcelona,Abde Ezzalzouli,MAR,"FW,MF",21,2001,0.8,0,0,0,1,3,0,7,0,1,,,0
ESP-La Liga,2324,Barcelona,Alejandro Balde,ESP,"DF,MF",19,2003,15.3,1,0,0,8,18,4,37,5,9,,,0
ESP-La Liga,2324,Barcelona,Andreas Christensen,DEN,"DF,MF",27,1996,22.0,4,0,0,26,10,0,0,20,15,,,0
ESP-La Liga,2324,Barcelona,Ansu Fati,ESP,"FW,MF",20,2002,0.6,0,0,0,0,4,1,0,1,0,,,0
ESP-La Liga,2324,Barcelona,Eric García,ESP,"DF,MF",22,2001,0.6,1,0,0,1,0,0,0,0,0,,,0
ESP-La Liga,2324,Barcelona,Fermin López,ESP,"MF,FW",20,2003,16.1,2,0,0,43,17,10,18,3,20,,,0
ESP-La Liga,2324,Barcelona,Ferran Torres,ESP,FW,23,2000,13.5,2,0,0,8,16,16,21,5,8,,,0
ESP-La Liga,2324,Barcelona,Frenkie de Jong,NED,MF,26,1997,18.2,7,0,0,19,22,1,26,15,26,,,0
ESP-La Liga,2324,Barcelona,Gavi,ESP,"MF,FW",18,2004,10.5,5,0,0,31,23,4,8,8,23,,,0
ESP-La Liga,2324,Barcelona,Héctor Fort,ESP,DF,16,2006,3.5,0,0,0,8,1,1,6,2,6,,,0
ESP-La Liga,2324,Barcelona,Iñaki Peña,ESP,GK,24,1999,10.0,0,0,0,0,1,0,0,0,0,,,0
ESP-La Liga,2324,Barcelona,Iñigo Martínez,ESP,DF,32,1991,14.4,5,0,0,10,11,1,3,13,5,,,0
ESP-La Liga,2324,Barcelona,João Cancelo,POR,DF,29,1994,27.8,7,0,0,39,26,4,82,33,47,,,0
ESP-La Liga,2324,Barcelona,João Félix,POR,FW,23,1999,17.1,3,0,0,21,54,9,18,11,16,,,0
ESP-La Liga,2324,Barcelona,Jules Koundé,FRA,DF,24,1998,32.2,4,0,0,23,16,2,35,28,24,,,0
ESP-La Liga,2324,Barcelona,Lamine Yamal,ESP,"FW,MF",16,2007,24.5,3,0,0,23,52,4,87,20,37,,,0
ESP-La Liga,2324,Barcelona,Marc Casado,ESP,MF,19,2003,0.2,0,0,0,0,2,0,0,1,1,,,0
ESP-La Liga,2324,Barcelona,Marc Guiu,ESP,FW,17,2006,0.8,1,0,0,1,2,1,0,0,0,,,0
ESP-La Liga,2324,Barcelona,Marc-André ter Stegen,GER,GK,31,1992,28.0,3,0,0,0,1,0,0,0,0,,,0
ESP-La Liga,2324,Barcelona,Marcos Alonso,ESP,DF,32,1990,2.8,0,0,0,7,6,0,15,3,3,,,0
ESP-La Liga,2324,Barcelona,Oriol Romeu,ESP,MF,31,1991,10.4,4,0,0,15,11,0,7,11,22,,,0
ESP-La Liga,2324,Barcelona,Pau Cubarsí,ESP,DF,16,2007,17.3,4,0,0,15,2,0,1,11,13,,,0
ESP-La Liga,2324,Barcelona,Pedri,ESP,"MF,FW",20,2002,16.4,3,0,0,11,22,1,9,14,22,,,0
ESP-La Liga,2324,Barcelona,Raphinha,BRA,"FW,MF",26,1996,15.2,4,1,0,17,25,7,81,13,8,,,0
ESP-La Liga,2324,Barcelona,Robert Lewandowski,POL,FW,34,1988,30.6,5,0,0,23,55,24,18,9,4,,,0
ESP-La Liga,2324,Barcelona,Ronald Araújo,URU,DF,24,1999,22.2,6,0,0,25,9,0,7,10,22,,,0
ESP-La Liga,2324,Barcelona,Sergi Roberto,ESP,"MF,DF",31,1992,9.6,4,0,0,8,7,1,9,8,11,,,0
ESP-La Liga,2324,Barcelona,Vitor Roque,BRA,FW,18,2005,3.6,4,1,1,13,11,2,2,0,2,,,0
ESP-La Liga,2324,Barcelona,İlkay Gündoğan,GER,MF,32,1990,33.3,5,0,0,16,42,6,157,20,20,,,0
ESP-La Liga,2324,Celta Vigo,Anastasios Douvikas,GRE,FW,23,1999,10.1,2,0,0,17,30,6,3,0,7,,,0
ESP-La Liga,2324,Celta Vigo,Carl Starfelt,SWE,DF,28,1995,24.6,4,0,0,15,10,0,1,37,29,,,0
ESP-La Liga,2324,Celta Vigo,Carles Pérez,ESP,MF,25,1998,8.6,3,0,0,15,12,1,18,5,5,,,0
ESP-La Liga,2324,Celta Vigo,Carlos Dominguez,ESP,DF,22,2001,17.6,2,0,0,15,8,0,3,22,21,,,2
ESP-La Liga,2324,Celta Vigo,Carlos Dotor,ESP,MF,22,2001,7.9,2,0,0,13,10,0,8,4,7,,,0
ESP-La Liga,2324,Celta Vigo,Damián Rodríguez,ESP,MF,20,2003,2.9,1,0,0,4,1,0,9,1,3,,,0
ESP-La Liga,2324,Celta Vigo,Fran Beltrán,ESP,MF,24,1999,27.0,2,0,0,28,16,2,19,19,34,,,0
ESP-La Liga,2324,Celta Vigo,Franco Cervi,ARG,"MF,DF",29,1994,6.1,2,0,0,6,19,2,18,9,19,,,0
ESP-La Liga,2324,Celta Vigo,Gabriel Veiga,ESP,MF,21,2002,0.2,0,0,0,0,0,0,1,0,0,,,0
ESP-La Liga,2324,Celta Vigo,Hugo Sotelo,ESP,MF,19,2003,8.0,1,0,0,16,3,0,29,2,17,,,0
ESP-La Liga,2324,Celta Vigo,Hugo Álvarez,ESP,"MF,FW",20,2003,8.5,1,0,0,9,9,1,22,5,9,,,0
ESP-La Liga,2324,Celta Vigo,Iago Aspas,ESP,FW,35,1987,30.1,6,1,0,19,59,12,149,8,6,,,0
ESP-La Liga,2324,Celta Vigo,Iván Villar,ESP,GK,26,1997,11.3,0,2,0,2,2,0,0,0,0,,,0
ESP-La Liga,2324,Celta Vigo,Jailson Siqueira,BRA,"DF,MF",27,1995,10.0,1,0,0,13,13,0,4,12,18,,,0
ESP-La Liga,2324,Celta Vigo,Javi Rueda,ESP,"DF,MF",21,2002,0.2,0,0,0,0,1,0,0,0,0,,,0
ESP-La Liga,2324,Celta Vigo,Javier Manquillo,ESP,"DF,MF",29,1994,8.3,3,0,0,14,4,0,5,2,12,,,0
ESP-La Liga,2324,Celta Vigo,Jonathan Bamba,CIV,"MF,FW",27,1996,22.0,0,0,0,15,65,7,50,17,8,,,0
ESP-La Liga,2324,Celta Vigo,Joseph Aidoo,GHA,DF,27,1995,4.5,0,0,0,4,0,0,0,3,3,,,0
ESP-La Liga,2324,Celta Vigo,Jørgen Strand Larsen,NOR,FW,23,2000,31.8,5,0,0,64,48,21,19,5,11,,,0
ESP-La Liga,2324,Celta Vigo,Kevin Vázquez,ESP,DF,30,1993,7.8,3,0,0,11,10,0,8,5,13,,,0
ESP-La Liga,2324,Celta Vigo,Luca de la Torre,USA,MF,25,1998,21.7,4,1,1,39,19,4,17,11,21,,,0
ESP-La Liga,2324,Celta Vigo,Manu Sánchez,ESP,"DF,MF",22,2000,19.7,3,0,0,21,5,0,57,19,32,,,0
ESP-La Liga,2324,Celta Vigo,Miguel Rodríguez,ESP,MF,20,2003,3.3,2,0,0,16,11,0,11,4,3,,,0
ESP-La Liga,2324,Celta Vigo,Mihailo Ristić,SRB,"DF,MF",27,1995,9.0,2,0,0,12,14,0,39,11,8,,,0
ESP-La Liga,2324,Celta Vigo,Renato Tapia,PER,"MF,DF",28,1995,14.9,5,1,1,25,27,1,9,20,27,,,0
ESP-La Liga,2324,Celta Vigo,Tadeo Allende,ARG,MF,24,1999,3.7,1,0,0,2,3,4,9,3,2,,,0
ESP-La Liga,2324,Celta Vigo,Unai Núñez,ESP,DF,26,1997,31.1,4,0,0,37,24,0,2,49,30,,,0
ESP-La Liga,2324,Celta Vigo,Vicente Guaita,ESP,GK,36,1987,26.7,2,0,0,1,5,0,0,0,1,,,1
ESP-La Liga,2324,Celta Vigo,Williot Swedberg,SWE,FW,19,2004,4.9,1,0,0,6,11,2,5,1,5,,,0
ESP-La Liga,2324,Celta Vigo,Yoel Lago,ESP,DF,19,2004,1.0,0,0,0,1,2,0,0,0,1,,,0
ESP-La Liga,2324,Celta Vigo,Óscar Mingueza,ESP,"DF,MF",24,1999,33.3,4,0,0,21,44,1,150,19,38,,,0
ESP-La Liga,2324,Cádiz,Aiham Ousou,SYR,DF,23,2000,4.8,0,0,0,4,6,0,0,6,6,,,0
ESP-La Liga,2324,Cádiz,Borja Vázquez,ESP,FW,18,2005,0.0,0,0,0,0,0,0,1,0,0,,,0
ESP-La Liga,2324,Cádiz,Brian Ocampo,URU,MF,24,1999,2.8,2,0,0,9,9,0,19,3,3,,,0
ESP-La Liga,2324,Cádiz,Chris Ramos,ESP,FW,26,1997,29.0,5,0,0,61,46,12,12,9,13,,,0
ESP-La Liga,2324,Cádiz,Darwin Machís,VEN,MF,30,1993,8.7,0,1,0,12,14,2,65,4,15,,,0
ESP-La Liga,2324,Cádiz,David Gil,ESP,GK,29,1994,4.1,1,0,0,0,2,0,0,0,0,,,0
ESP-La Liga,2324,Cádiz,Diadie Samassékou,MLI,MF,27,1996,1.0,0,0,0,2,0,0,0,3,3,,,0
ESP-La Liga,2324,Cádiz,Fali,ESP,DF,29,1993,28.3,12,0,0,23,19,0,8,27,25,,,0
ESP-La Liga,2324,Cádiz,Fede San Emeterio,ESP,MF,26,1997,1.7,1,1,0,8,3,0,1,2,2,,,0
ESP-La Liga,2324,Cádiz,Gonzalo Escalante,ARG,MF,30,1993,18.9,2,1,0,31,14,3,6,27,23,,,0
ESP-La Liga,2324,Cádiz,Isaac Carcelen,ESP,DF,30,1993,29.0,2,0,0,16,44,6,67,23,32,,,0
ESP-La Liga,2324,Cádiz,Iván Alejo,ESP,MF,28,1995,18.8,17,0,0,49,49,8,151,6,23,,,0
ESP-La Liga,2324,Cádiz,Javi Hernández,ESP,DF,25,1998,27.9,10,0,0,45,19,1,126,17,23,,,0
ESP-La Liga,2324,Cádiz,Jeremías Ledesma,ARG,GK,30,1993,33.9,0,0,0,1,5,0,0,0,1,,,0
ESP-La Liga,2324,Cádiz,Jorge Meré,ESP,DF,26,1997,7.5,0,0,0,1,4,0,1,8,7,,,0
ESP-La Liga,2324,Cádiz,Joseba Zaldúa,ESP,"DF,MF",31,1992,7.8,3,0,0,14,4,2,16,1,13,,,1
ESP-La Liga,2324,Cádiz,José Mari,ESP,MF,35,1987,0.2,1,0,0,1,1,0,0,0,1,,,0
ESP-La Liga,2324,Cádiz,Juanmi,ESP,FW,30,1993,9.7,3,0,0,24,11,13,2,5,4,,,0
ESP-La Liga,2324,Cádiz,Karl Etta Eyong,CMR,FW,19,2003,0.2,0,0,0,1,0,1,0,0,1,,,0
ESP-La Liga,2324,Cádiz,Lucas,BRA,DF,22,2001,17.1,6,0,0,12,6,2,72,14,29,,,0
ESP-La Liga,2324,Cádiz,Luis Hernández,ESP,DF,34,1989,8.0,4,0,0,8,0,0,2,8,3,,,0
ESP-La Liga,2324,Cádiz,Mamadou Mbaye,SEN,DF,25,1998,3.2,2,0,0,6,0,0,0,5,3,,,0
ESP-La Liga,2324,Cádiz,Maxi Gómez,URU,FW,26,1996,12.9,2,0,0,20,32,13,20,2,4,,,0
ESP-La Liga,2324,Cádiz,Milutin Osmajić,MNE,FW,24,1999,0.1,0,0,0,0,0,0,0,0,0,,,0
ESP-La Liga,2324,Cádiz,Moussa Diakité,MLI,MF,19,2003,0.0,0,0,0,0,0,0,0,0,0,,,0
ESP-La Liga,2324,Cádiz,Roberto Navarro,ESP,MF,21,2002,21.0,0,1,0,15,27,4,96,16,29,,,0
ESP-La Liga,2324,Cádiz,Roger Martí,ESP,FW,32,1991,15.1,3,0,0,34,28,9,9,8,6,,,0
ESP-La Liga,2324,Cádiz,Rominigue Kouamé,MLI,MF,26,1996,9.1,2,0,0,11,9,1,1,15,10,,,0
ESP-La Liga,2324,Cádiz,Rubén Alcaraz,ESP,MF,32,1991,34.8,14,0,0,84,71,1,36,30,65,,,0
ESP-La Liga,2324,Cádiz,Rubén Sobrino,ESP,"MF,FW",31,1992,18.3,8,1,0,46,31,6,22,17,29,,,0
ESP-La Liga,2324,Cádiz,Sergi Guardiola,ESP,FW,32,1991,5.5,1,0,0,18,22,3,16,0,6,,,0
ESP-La Liga,2324,Cádiz,Víctor Chust,ESP,DF,23,2000,20.7,3,2,0,15,4,0,2,12,17,,,0
ESP-La Liga,2324,Cádiz,Álex Fernández,ESP,MF,30,1992,14.3,3,0,0,5,16,0,35,15,9,,,0
ESP-La Liga,2324,Cádiz,Álvaro Negredo,ESP,FW,37,1985,0.6,0,0,0,0,2,3,1,1,0,,,0
ESP-La Liga,2324,Getafe,Alberto Risco,ESP,MF,17,2005,1.5,0,0,0,1,1,0,2,0,2,,,0
ESP-La Liga,2324,Getafe,Anthony Lozano,HON,FW,30,1993,1.0,1,0,0,6,1,1,1,0,0,,,0
ESP-La Liga,2324,Getafe,Borja Mayoral,ESP,FW,26,1997,23.9,2,0,0,31,31,13,22,3,4,,,0
ESP-La Liga,2324,Getafe,Carles Aleñá,ESP,MF,25,1998,11.3,6,0,0,22,18,3,32,4,9,,,0
ESP-La Liga,2324,Getafe,Carmona,ESP,"MF,DF",21,2002,14.6,8,0,0,33,23,3,29,22,21,,,0
ESP-La Liga,2324,Getafe,Damián Suárez,URU,DF,35,1988,14.4,7,1,0,24,12,0,49,10,20,,,0
ESP-La Liga,2324,Getafe,Daniel Fuzato,BRA,GK,26,1997,0.1,0,0,0,0,0,0,0,0,0,,,0
ESP-La Liga,2324,Getafe,David Soria,ESP,GK,30,1993,37.9,3,0,0,1,2,0,0,1,0,,,0
ESP-La Liga,2324,Getafe,Diego Rico,ESP,DF,30,1993,28.2,10,0,0,32,56,2,132,39,46,,,0
ESP-La Liga,2324,Getafe,Djené,TOG,"DF,MF",31,1991,27.6,14,1,1,51,37,1,32,23,20,,,0
ESP-La Liga,2324,Getafe,Domingos Duarte,POR,DF,28,1995,10.1,5,2,1,8,8,0,2,9,4,,,0
ESP-La Liga,2324,Getafe,Enes Ünal,TUR,FW,26,1997,1.6,0,0,0,5,5,4,1,0,0,,,0
ESP-La Liga,2324,Getafe,Fabrizio Angileri,ARG,DF,29,1994,1.8,2,1,0,1,1,0,8,4,1,,,0
ESP-La Liga,2324,Getafe,Gastón Álvarez,URU,DF,23,2000,28.2,7,0,0,43,10,1,25,34,38,,,0
ESP-La Liga,2324,Getafe,Gorka Rivera Alonso,ESP,DF,18,2004,0.0,0,0,0,0,0,0,0,0,0,,,0
ESP-La Liga,2324,Getafe,Iglesias,ESP,"DF,MF",25,1998,15.7,4,0,0,17,10,1,62,16,21,,,0
ESP-La Liga,2324,Getafe,Ilaix Moriba,GUI,MF,20,2003,6.7,5,1,1,19,23,1,2,5,12,,,0
ESP-La Liga,2324,Getafe,Jaime Mata,ESP,"FW,MF",34,1988,19.9,10,1,1,63,25,31,39,15,15,,,0
ESP-La Liga,2324,Getafe,Jeremy Jorge,ESP,FW,20,2003,0.0,0,0,0,0,0,1,0,0,0,,,0
ESP-La Liga,2324,Getafe,Jordi,ESP,MF,22,2001,6.4,1,0,0,19,6,1,23,8,11,,,0
ESP-La Liga,2324,Getafe,Juanmi Latasa,ESP,FW,22,2001,17.3,7,1,1,66,40,7,3,4,8,,,0
ESP-La Liga,2324,Getafe,Luis Milla,ESP,MF,28,1994,23.5,6,0,0,43,29,1,102,30,34,,,0
ESP-La Liga,2324,Getafe,Mason Greenwood,ENG,"MF,FW",21,2001,29.6,6,1,0,39,42,1,108,3,6,,,0
ESP-La Liga,2324,Getafe,Mauro Arambarri,URU,MF,27,1995,3.8,2,0,0,18,3,0,6,1,2,,,0
ESP-La Liga,2324,Getafe,Nabil Aberdin,FRA,DF,20,2002,2.0,0,0,0,1,1,0,0,0,0,,,0
ESP-La Liga,2324,Getafe,Nemanja Maksimović,SRB,MF,28,1995,36.3,4,0,0,19,13,1,6,44,42,,,0
ESP-La Liga,2324,Getafe,Omar Alderete,PAR,DF,26,1996,24.4,8,1,0,34,11,2,5,14,20,,,0
ESP-La Liga,2324,Getafe,Portu,ESP,"FW,MF",31,1992,1.1,1,0,0,0,0,1,2,0,3,,,0
ESP-La Liga,2324,Getafe,Santiago García,ESP,MF,21,2001,0.3,0,0,0,1,1,0,0,0,0,,,0
ESP-La Liga,2324,Getafe,Stefan Mitrović,SRB,DF,33,1990,7.8,3,0,0,13,2,0,0,5,3,,,0
ESP-La Liga,2324,Getafe,Yassin Tallal,ESP,MF,18,2005,0.0,0,0,0,1,0,0,0,0,0,,,0
ESP-La Liga,2324,Getafe,Yellu Santiago,ESP,MF,19,2004,7.3,4,0,0,17,12,0,4,1,8,,,0
ESP-La Liga,2324,Getafe,Óscar Rodríguez Arnaiz,ESP,"MF,FW",25,1998,10.7,9,0,0,20,15,1,17,6,12,,,0
ESP-La Liga,2324,Girona,Aleix García,ESP,MF,26,1997,35.5,4,1,0,29,36,1,188,36,30,,,0
ESP-La Liga,2324,Girona,Antal Yaakobishvili,HUN,DF,19,2004,0.7,0,0,0,1,0,0,0,3,1,,,0
ESP-La Liga,2324,Girona,Arnau Martinez,ESP,DF,20,2003,13.8,5,0,0,14,22,1,7,9,15,,,0
ESP-La Liga,2324,Girona,Artem Dovbyk,UKR,FW,26,1997,28.7,2,0,0,27,13,33,1,0,3,,,0
ESP-La Liga,2324,Girona,Bernardo Espinosa,COL,DF,34,1989,0.0,0,0,0,0,1,0,0,0,1,,,0
ESP-La Liga,2324,Girona,Cristhian Stuani,URU,FW,36,1986,8.9,6,0,0,28,7,4,1,5,11,,,0
ESP-La Liga,2324,Girona,Daley Blind,NED,DF,33,1990,33.0,6,0,0,19,12,0,16,19,21,,,0
ESP-La Liga,2324,Girona,David López,ESP,DF,33,1989,21.8,4,0,0,17,15,1,0,19,21,,,0
ESP-La Liga,2324,Girona,Eric García,ESP,DF,22,2001,29.3,4,0,0,24,26,3,10,29,40,,,0
ESP-La Liga,2324,Girona,Ibrahima Kebe,MLI,MF,22,2000,0.1,1,0,0,1,2,0,0,1,1,,,0
ESP-La Liga,2324,Girona,Iván Martín,ESP,MF,24,1999,30.3,5,0,0,27,34,4,10,23,25,,,0
ESP-La Liga,2324,Girona,Jastin García,ESP,FW,19,2004,0.4,0,0,0,0,2,0,1,0,0,,,0
ESP-La Liga,2324,Girona,Jhon Solis,COL,MF,18,2004,4.3,0,0,0,10,5,0,0,8,9,,,0
ESP-La Liga,2324,Girona,Juanpe,ESP,DF,32,1991,8.3,4,0,0,5,0,1,1,8,8,,,0
ESP-La Liga,2324,Girona,Miguel Gutiérrez,ESP,"DF,MF",22,2001,33.7,4,0,0,27,26,6,97,24,17,,,0
ESP-La Liga,2324,Girona,Pablo Torre,ESP,MF,20,2003,7.8,1,0,0,8,21,0,7,4,2,,,0
ESP-La Liga,2324,Girona,Paulo Gazzaniga,ARG,GK,31,1992,38.0,2,0,0,0,8,0,0,0,1,,,0
ESP-La Liga,2324,Girona,Portu,ESP,"MF,FW",31,1992,13.2,3,0,0,18,16,9,18,4,13,,,0
ESP-La Liga,2324,Girona,Silvi Clúa,ESP,MF,18,2005,0.0,0,0,0,1,0,0,0,0,0,,,0
ESP-La Liga,2324,Girona,Sávio,BRA,"MF,FW",19,2004,33.1,5,0,0,30,66,16,122,20,26,,,0
ESP-La Liga,2324,Girona,Toni Villa,ESP,MF,28,1995,0.1,0,0,0,0,1,0,0,0,0,,,0
ESP-La Liga,2324,Girona,Valery Fernández,ESP,MF,23,1999,5.6,1,0,0,7,13,3,13,1,9,,,0
ESP-La Liga,2324,Girona,Viktor Tsyhankov,UKR,MF,25,1997,22.8,0,0,0,14,41,3,61,10,20,,,0
ESP-La Liga,2324,Girona,Yan Couto,BRA,"MF,DF",21,2002,24.9,8,0,0,34,42,8,111,10,33,,,0
ESP-La Liga,2324,Girona,Yangel Herrera,VEN,MF,25,1998,23.4,9,0,0,65,62,2,29,25,38,,,0
ESP-La Liga,2324,Granada,Adri Bosch,ESP,DF,22,2001,0.3,0,0,0,0,0,0,0,0,1,,,1
ESP-La Liga,2324,Granada,Alberto Perea,ESP,"FW,MF",32,1990,0.0,0,0,0,0,2,0,1,0,0,,,0
ESP-La Liga,2324,Granada,Alberto Soro,ESP,"FW,MF",24,1999,0.1,0,0,0,0,1,0,0,0,0,,,0
ESP-La Liga,2324,Granada,André Ferreira,POR,GK,27,1996,14.9,1,0,0,2,2,0,0,0,0,,,0
ESP-La Liga,2324,Granada,Antonio Puertas,ESP,"MF,FW",31,1992,8.1,3,1,0,19,12,6,20,7,7,,,0
ESP-La Liga,2324,Granada,Augusto Batalla,ARG,GK,27,1996,17.0,3,0,0,0,2,0,0,0,0,,,0
ESP-La Liga,2324,Granada,Brau,ESP,DF,21,2001,0.3,0,0,0,0,0,0,1,0,0,,,0
ESP-La Liga,2324,Granada,Bruno Méndez,URU,DF,23,1999,14.8,4,0,0,14,0,0,8,25,19,,,0
ESP-La Liga,2324,Granada,Bryan Zaragoza,ESP,"MF,FW",21,2001,18.2,5,0,0,12,33,14,99,3,8,,,0
ESP-La Liga,2324,Granada,Carlos Neva,ESP,DF,27,1996,35.0,4,0,0,22,44,0,86,31,19,,,0
ESP-La Liga,2324,Granada,Facundo Pellistri,URU,"MF,FW",21,2001,13.7,2,1,1,21,21,5,30,4,19,,,0
ESP-La Liga,2324,Granada,Faitout Maouassa,FRA,DF,25,1998,2.5,0,0,0,3,3,0,20,1,6,,,0
ESP-La Liga,2324,Granada,Famara Diedhiou,SEN,FW,30,1992,1.0,1,0,0,6,3,0,2,0,1,,,0
ESP-La Liga,2324,Granada,Gerard Gumbau,ESP,MF,28,1994,29.7,12,0,0,62,26,0,150,26,33,,,0
ESP-La Liga,2324,Granada,Gonzalo Villar,ESP,MF,25,1998,20.0,7,0,0,45,66,2,24,7,33,,,0
ESP-La Liga,2324,Granada,Ignasi Miquel,ESP,DF,30,1992,33.2,5,0,0,32,26,0,3,46,32,,,0
ESP-La Liga,2324,Granada,Jesús Vallejo,ESP,DF,26,1997,1.2,1,0,0,2,1,0,0,0,1,,,0
ESP-La Liga,2324,Granada,José Callejón,ESP,"MF,FW",36,1987,8.9,2,0,0,12,21,3,35,5,5,,,0
ESP-La Liga,2324,Granada,Kamil Jóźwiak,POL,MF,25,1998,6.3,2,0,0,13,12,2,6,2,10,,,0
ESP-La Liga,2324,Granada,Kamil Piątkowski,POL,DF,23,2000,5.6,1,1,0,3,3,0,2,8,10,,,0
ESP-La Liga,2324,Granada,Lucas Boyé,ARG,FW,27,1996,28.2,8,1,0,72,43,8,13,12,25,,,0
ESP-La Liga,2324,Granada,Marc Martínez,ESP,GK,33,1990,3.0,0,0,0,0,0,0,0,0,0,,,0
ESP-La Liga,2324,Granada,Martin Hongla,CMR,"MF,DF",25,1998,6.2,0,0,0,7,1,0,2,5,3,,,0
ESP-La Liga,2324,Granada,Matias Arezo,URU,FW,20,2002,4.1,1,0,0,6,1,8,4,2,3,,,0
ESP-La Liga,2324,Granada,Miguel Ángel Rubio,ESP,DF,25,1998,17.3,5,0,0,20,11,1,1,27,14,,,0
ESP-La Liga,2324,Granada,Myrto Uzuni,ALB,"FW,MF",28,1995,27.2,3,0,0,26,19,18,11,3,13,,,0
ESP-La Liga,2324,Granada,Njegoš Petrović,SRB,MF,24,1999,1.7,0,0,0,0,1,0,1,1,2,,,0
ESP-La Liga,2324,Granada,Pablo Saenz,ESP,MF,22,2001,0.2,0,0,0,0,1,0,1,0,3,,,0
ESP-La Liga,2324,Granada,Raúl Fernández,ESP,GK,35,1988,3.1,0,0,0,0,0,0,0,0,0,,,0
ESP-La Liga,2324,Granada,Raúl Torrente,ESP,DF,21,2001,13.9,4,0,0,18,8,1,2,12,15,,,1
ESP-La Liga,2324,Granada,Ricard Sánchez,ESP,DF,23,2000,25.5,8,0,0,27,21,5,83,13,18,,,0
ESP-La Liga,2324,Granada,Samu Omorodion,ESP,FW,19,2004,0.9,0,0,0,1,3,0,0,0,1,,,0
ESP-La Liga,2324,Granada,Sergio Rodelas,ESP,"MF,FW",18,2004,1.4,0,0,0,2,1,0,4,0,2,,,0
ESP-La Liga,2324,Granada,Sergio Ruiz,ESP,MF,28,1994,27.7,9,0,0,44,66,0,17,27,47,,,0
ESP-La Liga,2324,Granada,Shon Weissman,ISR,FW,27,1996,0.9,0,0,0,1,1,0,1,0,1,,,0
ESP-La Liga,2324,Granada,Theo Corbeanu,CAN,MF,21,2002,2.0,2,0,0,2,1,0,12,2,2,,,0
ESP-La Liga,2324,Granada,Víctor Díaz,ESP,DF,35,1988,1.8,1,0,0,0,0,0,0,1,3,,,0
ESP-La Liga,2324,Granada,Wilson Manafá,POR,"DF,MF",29,1994,2.7,1,0,0,3,0,0,8,2,4,,,0
ESP-La Liga,2324,Granada,Álvaro Carreras,ESP,"MF,FW",20,2003,5.3,1,0,0,6,11,1,15,8,7,,,0
ESP-La Liga,2324,Granada,Óscar Melendo,ESP,"MF,FW",25,1997,12.5,2,0,0,11,37,1,9,4,6,,,0
ESP-La Liga,2324,Las Palmas,Aarón Escandell,ESP,GK,27,1995,1.7,0,1,0,0,0,0,0,0,0,,,0
ESP-La Liga,2324,Las Palmas,Alberto Moleiro,ESP,"MF,FW",19,2003,20.0,1,0,0,17,18,2,27,7,6,,,0
ESP-La Liga,2324,Las Palmas,Benito Ramírez,ESP,MF,28,1995,4.3,0,0,0,4,4,2,33,2,4,,,0
ESP-La Liga,2324,Las Palmas,Cristian Herrera,ESP,MF,32,1991,1.8,1,0,0,3,3,2,1,0,1,,,0
ESP-La Liga,2324,Las Palmas,Daley Sinkgraven,NED,DF,28,1995,4.2,0,1,0,4,5,0,5,6,5,,,0
ESP-La Liga,2324,Las Palmas,Enzo Loiodice,FRA,MF,22,2000,19.9,2,0,0,32,38,1,23,12,35,,,0
ESP-La Liga,2324,Las Palmas,Eric Curbelo,ESP,DF,29,1994,1.1,0,0,0,0,0,0,0,2,3,,,0
ESP-La Liga,2324,Las Palmas,Fabio González,ESP,MF,26,1997,1.4,1,0,0,1,1,0,2,0,2,,,0
ESP-La Liga,2324,Las Palmas,Iñaki González,ESP,MF,19,2004,0.1,0,0,0,0,0,0,0,0,0,,,0
ESP-La Liga,2324,Las Palmas,Javier Muñoz,ESP,MF,28,1995,29.3,6,0,0,37,16,2,47,20,23,,,0
ESP-La Liga,2324,Las Palmas,Jonathan Viera,ESP,"MF,FW",33,1989,6.9,1,0,0,3,17,1,16,0,4,,,0
ESP-La Liga,2324,Las Palmas,José Campaña,ESP,MF,30,1993,1.9,0,0,0,0,5,0,4,2,2,,,0
ESP-La Liga,2324,Las Palmas,Juanma Herzog,ESP,DF,19,2004,3.2,1,0,0,1,1,0,0,1,5,,,0
ESP-La Liga,2324,Las Palmas,Julian Araujo,MEX,DF,21,2001,16.2,5,0,0,13,9,2,22,10,21,,,0
ESP-La Liga,2324,Las Palmas,Kirian Rodríguez,ESP,MF,27,1996,35.7,8,0,0,23,37,1,25,26,33,,,0
ESP-La Liga,2324,Las Palmas,Marc Cardona,ESP,FW,28,1995,8.2,4,0,0,12,19,18,5,2,8,,,0
ESP-La Liga,2324,Las Palmas,Marvin,ESP,"MF,DF",23,2000,20.6,5,0,0,39,26,4,91,15,25,,,0
ESP-La Liga,2324,Las Palmas,Mika Mármol,ESP,DF,22,2001,35.3,6,1,1,23,34,3,5,43,43,,,1
ESP-La Liga,2324,Las Palmas,Munir El Haddadi,MAR,"MF,FW",27,1995,27.2,3,0,0,30,73,21,41,10,28,,,0
ESP-La Liga,2324,Las Palmas,Máximo Perrone,ARG,MF,20,2003,18.0,6,0,0,27,16,0,0,24,19,,,0
ESP-La Liga,2324,Las Palmas,Omenuke Mfulu,COD,MF,29,1994,0.9,1,0,0,0,2,0,0,2,3,,,0
ESP-La Liga,2324,Las Palmas,Pejiño,ESP,"MF,FW",27,1996,5.6,1,0,0,6,4,0,31,2,9,,,0
ESP-La Liga,2324,Las Palmas,Sandro Ramírez,ESP,"FW,MF",28,1995,20.1,3,0,0,20,36,16,87,4,7,,,0
ESP-La Liga,2324,Las Palmas,Saúl Coco,EQG,DF,24,1999,25.5,6,1,0,19,24,0,1,19,20,,,1
ESP-La Liga,2324,Las Palmas,Sergi Cardona,ESP,DF,24,1999,31.3,11,0,0,52,59,5,89,45,58,,,0
ESP-La Liga,2324,Las Palmas,Sory Kaba,GUI,FW,28,1995,8.0,2,0,0,16,15,9,0,0,1,,,0
ESP-La Liga,2324,Las Palmas,Álex Suárez,ESP,DF,30,1993,28.5,7,0,0,26,28,3,15,18,38,,,1
ESP-La Liga,2324,Las Palmas,Álvaro Lemos,ESP,DF,30,1993,2.8,1,0,0,2,3,1,5,2,1,,,0
ESP-La Liga,2324,Las Palmas,Álvaro Vallés,ESP,GK,26,1997,36.3,2,1,0,1,6,0,1,0,3,,,0
ESP-La Liga,2324,Mallorca,Abdón Prats,ESP,FW,30,1992,14.1,4,0,0,18,18,5,8,2,4,,,0
ESP-La Liga,2324,Mallorca,Amath,SEN,"FW,MF",27,1996,4.4,2,0,0,10,7,4,7,3,6,,,0
ESP-La Liga,2324,Mallorca,Antonio Raillo,ESP,DF,31,1991,24.4,6,1,1,32,8,3,2,36,23,,,0
ESP-La Liga,2324,Mallorca,Antonio Sánchez,ESP,MF,26,1997,16.1,3,0,0,26,13,1,34,12,12,,,0
ESP-La Liga,2324,Mallorca,Copete,ESP,DF,23,1999,14.8,7,0,0,36,13,0,9,33,26,,,0
ESP-La Liga,2324,Mallorca,Cyle Larin,CAN,FW,28,1995,20.3,8,0,0,27,34,30,8,3,8,,,0
ESP-La Liga,2324,Mallorca,Dani Rodríguez,ESP,MF,35,1988,29.1,9,0,0,61,43,7,166,14,26,,,0
ESP-La Liga,2324,Mallorca,Dominik Greif,SVK,GK,26,1997,1.0,0,0,0,0,0,0,0,0,0,,,0
ESP-La Liga,2324,Mallorca,Giovanni González,URU,DF,28,1994,27.4,6,0,0,38,20,3,60,28,44,,,0
ESP-La Liga,2324,Mallorca,Iván Cuéllar,ESP,GK,39,1984,1.0,0,0,0,0,0,0,0,0,0,,,0
ESP-La Liga,2324,Mallorca,Jaume Costa,ESP,"DF,MF",35,1988,18.7,7,0,0,25,22,2,63,16,21,,,0
ESP-La Liga,2324,Mallorca,Javier Llabrés,ESP,MF,20,2002,2.7,1,0,0,5,1,0,20,3,1,,,0
ESP-La Liga,2324,Mallorca,Manu Morlanes,ESP,MF,24,1999,17.9,2,0,0,15,24,0,19,18,28,,,0
ESP-La Liga,2324,Mallorca,Martin Valjent,SVK,DF,27,1995,26.1,5,0,0,29,10,2,17,29,19,,,0
ESP-La Liga,2324,Mallorca,Matija Nastasić,SRB,DF,30,1993,25.1,8,0,0,33,7,2,5,27,17,,,0
ESP-La Liga,2324,Mallorca,Nacho Vidal,ESP,DF,28,1995,4.6,2,0,0,9,3,0,15,2,5,,,0
ESP-La Liga,2324,Mallorca,Nemanja Radonjić,SRB,MF,27,1996,3.9,0,0,0,1,5,0,20,3,2,,,0
ESP-La Liga,2324,Mallorca,Omar Mascarell,EQG,MF,30,1993,17.5,8,1,1,31,14,0,4,32,15,,,1
ESP-La Liga,2324,Mallorca,Pablo Maffeo,ESP,"DF,MF",26,1997,16.2,3,1,0,22,20,4,68,11,21,,,0
ESP-La Liga,2324,Mallorca,Predrag Rajković,SRB,GK,27,1995,36.0,2,0,0,1,4,0,0,0,2,,,0
ESP-La Liga,2324,Mallorca,Samu Costa,POR,MF,22,2000,25.6,8,0,0,62,49,6,24,37,56,,,0
ESP-La Liga,2324,Mallorca,Sergi Darder,ESP,MF,29,1993,24.0,4,0,0,19,35,1,147,16,25,,,0
ESP-La Liga,2324,Mallorca,Siebe Van Der Heyden,BEL,DF,25,1998,3.2,2,1,0,8,1,1,0,7,4,,,0
ESP-La Liga,2324,Mallorca,Toni Lato,ESP,DF,25,1997,17.2,3,0,0,19,18,2,48,17,22,,,0
ESP-La Liga,2324,Mallorca,Vedat Muriqi,KVX,FW,29,1994,25.9,5,0,0,39,43,31,11,6,6,,,0
ESP-La Liga,2324,Osasuna,Aimar Oroz,ESP,MF,21,2001,26.0,3,0,0,39,46,2,10,16,27,,,0
ESP-La Liga,2324,Osasuna,Aitor Fernández,ESP,GK,32,1991,6.1,2,0,0,0,0,0,0,0,0,,,0
ESP-La Liga,2324,Osasuna,Ante Budimir,CRO,FW,32,1991,27.1,4,0,0,40,26,27,9,5,13,,,0
ESP-La Liga,2324,Osasuna,Asier Osambela,ESP,MF,19,2004,0.1,0,0,0,1,0,0,0,0,1,,,0
ESP-La Liga,2324,Osasuna,Catena,ESP,DF,28,1994,28.2,8,1,0,47,14,1,0,16,20,,,0
ESP-La Liga,2324,Osasuna,Darko Brašanac,SRB,MF,31,1992,0.5,0,0,0,1,0,0,1,0,0,,,0
ESP-La Liga,2324,Osasuna,David García,ESP,DF,29,1994,25.9,5,0,0,33,13,1,2,20,17,,,0
ESP-La Liga,2324,Osasuna,Ezequiel Ávila,ARG,"FW,MF",29,1994,9.6,3,2,0,8,20,4,80,4,2,,,0
ESP-La Liga,2324,Osasuna,Iker Muñoz,ESP,MF,20,2002,20.6,5,0,0,37,55,0,13,11,17,,,0
ESP-La Liga,2324,Osasuna,Iñigo Arguibide,ESP,FW,18,2005,0.2,0,0,0,1,0,0,0,0,0,,,0
ESP-La Liga,2324,Osasuna,Jesús Areso,ESP,"DF,MF",24,1999,29.6,3,0,0,30,20,3,113,20,26,,,0
ESP-La Liga,2324,Osasuna,Johan Mojica,COL,"DF,MF",30,1992,22.7,1,0,0,22,19,0,115,23,22,,,0
ESP-La Liga,2324,Osasuna,Jon Moncayola,ESP,MF,25,1998,20.0,2,1,0,24,8,0,88,16,19,,,0
ESP-La Liga,2324,Osasuna,Jorge Herrando,ESP,DF,22,2001,18.3,4,0,0,26,10,0,0,14,19,,,0
ESP-La Liga,2324,Osasuna,Jorge Moreno,ESP,DF,22,2001,0.2,0,0,0,0,0,0,1,0,0,,,0
ESP-La Liga,2324,Osasuna,José Arnaiz,ESP,"FW,MF",28,1995,10.3,3,0,0,8,19,3,45,3,8,,,0
ESP-La Liga,2324,Osasuna,Juan Cruz Armada,ESP,DF,31,1992,18.5,3,0,0,20,4,1,21,12,15,,,0
ESP-La Liga,2324,Osasuna,Kike Barja,ESP,"FW,MF",26,1997,3.4,3,0,0,8,4,1,23,3,2,,,0
ESP-La Liga,2324,Osasuna,Lucas Torró,ESP,MF,29,1994,19.9,5,0,0,43,17,0,3,35,15,,,0
ESP-La Liga,2324,Osasuna,Max Svensson,ESP,FW,21,2001,0.0,0,0,0,1,0,0,0,0,0,,,0
ESP-La Liga,2324,Osasuna,Moi Gómez,ESP,"MF,FW",29,1994,22.3,3,0,0,29,30,2,51,10,19,,,0
ESP-La Liga,2324,Osasuna,Nacho Vidal,ESP,DF,28,1995,1.1,0,0,0,0,1,0,0,0,4,,,0
ESP-La Liga,2324,Osasuna,Pablo Ibáñez,ESP,MF,24,1998,12.8,5,0,0,26,16,2,11,9,8,,,0
ESP-La Liga,2324,Osasuna,Raúl,ESP,FW,22,2000,15.1,4,0,0,13,12,9,6,5,4,,,0
ESP-La Liga,2324,Osasuna,Rubén García,ESP,"FW,MF",30,1993,17.2,1,0,0,24,27,6,98,12,18,,,0
ESP-La Liga,2324,Osasuna,Rubén Peña,ESP,"DF,MF",32,1991,23.2,3,0,0,28,23,6,111,29,22,,,0
ESP-La Liga,2324,Osasuna,Sergio Herrera,ESP,GK,30,1993,31.9,2,0,0,0,7,0,0,0,1,,,0
ESP-La Liga,2324,Osasuna,Unai García,ESP,DF,31,1992,6.2,6,1,1,9,1,0,4,7,9,,,0
ESP-La Liga,2324,Osasuna,Xabier Huarte Armendáriz,ESP,MF,22,2001,0.1,0,0,0,0,0,0,0,0,0,,,0
ESP-La Liga,2324,Rayo Vallecano,Abdul Mumin,GHA,DF,25,1998,18.8,5,1,0,15,16,0,2,18,10,,,0
ESP-La Liga,2324,Rayo Vallecano,Alfonso Espino,URU,DF,31,1992,27.9,9,0,0,45,41,0,49,40,45,,,1
ESP-La Liga,2324,Rayo Vallecano,Andrei Ratiu,ROU,"DF,MF",25,1998,7.0,1,0,0,2,4,0,18,1,5,,,0
ESP-La Liga,2324,Rayo Vallecano,Aridane Hernández,ESP,DF,34,1989,18.8,3,0,0,11,12,0,0,15,9,,,0
ESP-La Liga,2324,Rayo Vallecano,Bebé,CPV,"FW,MF",33,1990,2.4,1,0,0,0,2,3,28,0,2,,,0
ESP-La Liga,2324,Rayo Vallecano,Crespo,POR,MF,26,1996,5.9,4,0,0,19,22,0,3,11,7,,,0
ESP-La Liga,2324,Rayo Vallecano,Dani Cárdenas,ESP,GK,26,1997,1.0,0,0,0,0,0,0,0,0,0,,,0
ESP-La Liga,2324,Rayo Vallecano,Diego Méndez,ESP,MF,19,2003,0.1,0,0,0,1,0,0,0,1,1,,,0
ESP-La Liga,2324,Rayo Vallecano,Florian Lejeune,FRA,DF,32,1991,37.0,5,0,0,26,13,3,6,23,26,,,1
ESP-La Liga,2324,Rayo Vallecano,Isaac Palazón Camacho,ESP,MF,28,1994,31.0,8,0,0,32,76,10,130,19,28,,,0
ESP-La Liga,2324,Rayo Vallecano,Iván Balliu,ALB,DF,31,1992,31.9,4,0,0,41,30,8,69,28,31,,,0
ESP-La Liga,2324,Rayo Vallecano,Jorge de Frutos,ESP,MF,26,1997,17.2,1,0,0,15,25,4,54,7,8,,,0
ESP-La Liga,2324,Rayo Vallecano,José Pozo,ESP,"FW,MF",27,1996,0.2,0,0,0,1,1,0,0,0,1,,,0
ESP-La Liga,2324,Rayo Vallecano,Kike Pérez,ESP,"MF,FW",26,1997,9.3,7,0,0,42,34,0,18,8,13,,,0
ESP-La Liga,2324,Rayo Vallecano,Pathé Ciss,SEN,MF,29,1994,18.5,10,0,0,27,29,4,3,28,24,,,0
ESP-La Liga,2324,Rayo Vallecano,Pep Chavarría,ESP,"DF,MF",25,1998,13.0,6,1,1,8,22,3,71,8,16,,,0
ESP-La Liga,2324,Rayo Vallecano,Radamel Falcao,COL,FW,37,1986,4.5,4,0,0,15,10,6,1,3,6,,,0
ESP-La Liga,2324,Rayo Vallecano,Randy Nteka,ANG,FW,25,1997,6.4,3,0,0,19,14,5,3,3,4,,,0
ESP-La Liga,2324,Rayo Vallecano,Raúl de Tomás,ESP,FW,28,1994,14.1,5,0,0,24,26,12,8,1,5,,,0
ESP-La Liga,2324,Rayo Vallecano,Salvi,ESP,MF,32,1991,0.3,0,0,0,0,1,0,0,1,0,,,0
ESP-La Liga,2324,Rayo Vallecano,Sergio Camello,ESP,FW,22,2001,18.5,3,0,0,18,11,7,2,3,6,,,0
ESP-La Liga,2324,Rayo Vallecano,Stole Dimitrievski,MKD,GK,29,1993,37.0,2,0,0,0,3,0,0,0,1,,,0
ESP-La Liga,2324,Rayo Vallecano,Unai López,ESP,MF,27,1995,23.4,8,0,0,60,21,3,73,16,27,,,0
ESP-La Liga,2324,Rayo Vallecano,Álvaro García,ESP,MF,30,1992,27.5,8,1,1,25,23,25,121,36,26,,,0
ESP-La Liga,2324,Rayo Vallecano,Óscar Trejo,ARG,"FW,MF",35,1988,15.3,4,1,0,40,40,3,21,5,15,,,0
ESP-La Liga,2324,Rayo Vallecano,Óscar Valentín,ESP,MF,28,1994,29.9,7,1,1,77,43,0,6,35,64,,,0
ESP-La Liga,2324,Real Betis,Abde Ezzalzouli,MAR,MF,21,2001,9.6,1,0,0,9,16,4,33,5,14,,,0
ESP-La Liga,2324,Real Betis,Abner,BRA,DF,23,2000,15.6,3,0,0,17,2,2,26,16,18,,,0
ESP-La Liga,2324,Real Betis,Aitor Ruibal,ESP,"DF,MF",27,1996,11.3,5,0,0,16,13,1,28,14,27,,,0
ESP-La Liga,2324,Real Betis,Andrés Guardado,MEX,MF,36,1986,5.0,2,0,0,10,3,0,11,6,12,,,0
ESP-La Liga,2324,Real Betis,Assane Diao,SEN,MF,17,2005,11.6,4,0,0,12,22,1,9,7,12,,,0
ESP-La Liga,2324,Real Betis,Ayoze Pérez,ESP,"MF,FW",30,1993,25.5,4,0,0,36,48,10,19,21,34,,,0
ESP-La Liga,2324,Real Betis,Borja Iglesias,ESP,FW,30,1993,4.5,2,0,0,7,5,7,1,2,0,,,0
ESP-La Liga,2324,Real Betis,Chadi Riad,MAR,DF,20,2003,24.0,1,0,0,16,7,1,0,22,23,,,0
ESP-La Liga,2324,Real Betis,Claudio Bravo,CHI,GK,40,1983,7.0,0,0,0,0,1,0,0,0,0,,,0
ESP-La Liga,2324,Real Betis,Cédric Bakambu,COD,FW,32,1991,2.2,1,0,0,4,3,3,0,0,0,,,0
ESP-La Liga,2324,Real Betis,Ezequiel Ávila,ARG,"MF,FW",29,1994,3.3,4,1,1,3,12,0,12,1,1,,,0
ESP-La Liga,2324,Real Betis,Fran Vieites,ESP,GK,24,1999,3.5,0,0,0,0,0,0,0,0,1,,,0
ESP-La Liga,2324,Real Betis,Germán Pezzella,ARG,DF,32,1991,30.7,7,0,0,22,13,6,2,32,24,,,0
ESP-La Liga,2324,Real Betis,Guido Rodríguez,ARG,MF,29,1994,20.5,6,0,0,23,35,4,6,29,30,,,0
ESP-La Liga,2324,Real Betis,Héctor Bellerín,ESP,DF,28,1995,19.0,0,1,0,21,10,1,39,21,22,,,1
ESP-La Liga,2324,Real Betis,Isco,ESP,MF,31,1992,25.8,10,0,0,31,79,3,152,9,26,,,0
ESP-La Liga,2324,Real Betis,Johnny Cardoso,USA,MF,21,2001,14.8,3,0,0,21,19,0,3,31,30,,,0
ESP-La Liga,2324,Real Betis,Juan Cruz,ESP,MF,23,2000,0.8,0,0,0,2,2,0,0,0,0,,,0
ESP-La Liga,2324,Real Betis,Juan Miranda,ESP,DF,23,2000,20.6,8,0,0,21,34,4,62,20,24,,,0
ESP-La Liga,2324,Real Betis,Luiz Felipe,ITA,DF,26,1997,4.0,1,0,0,2,1,0,0,4,3,,,0
ESP-La Liga,2324,Real Betis,Luiz Henrique,BRA,MF,22,2001,6.8,1,0,0,7,15,0,24,5,11,,,0
ESP-La Liga,2324,Real Betis,Marc Bartra,ESP,DF,32,1991,2.5,1,0,0,4,1,0,0,2,3,,,0
ESP-La Liga,2324,Real Betis,Marc Roca,ESP,MF,26,1996,22.0,5,0,0,46,23,1,24,17,37,,,0
ESP-La Liga,2324,Real Betis,Nabil Fekir,FRA,"MF,FW",30,1993,11.7,1,0,0,22,35,8,55,6,9,,,0
ESP-La Liga,2324,Real Betis,Pablo Busto,ESP,DF,17,2005,0.5,0,0,0,0,1,0,1,1,1,,,0
ESP-La Liga,2324,Real Betis,Pablo Fornals,ESP,MF,27,1996,12.8,2,0,0,13,14,4,51,21,17,,,0
ESP-La Liga,2324,Real Betis,Paul Akouokou,CIV,MF,25,1997,0.3,0,0,0,1,1,0,0,1,3,,,0
ESP-La Liga,2324,Real Betis,Ricardo Visus,ESP,DF,22,2001,1.8,0,0,0,3,1,0,0,2,2,,,0
ESP-La Liga,2324,Real Betis,Rodri,ESP,MF,23,2000,11.7,0,0,0,6,29,4,36,8,11,,,0
ESP-La Liga,2324,Real Betis,Rui Silva,POR,GK,29,1994,27.5,4,0,0,2,7,0,0,1,0,,,1
ESP-La Liga,2324,Real Betis,Sergi Altimira,ESP,MF,21,2001,6.3,1,0,0,8,8,0,1,8,8,,,0
ESP-La Liga,2324,Real Betis,Sokratis Papastathopoulos,GRE,DF,35,1988,12.6,6,0,0,13,6,0,0,6,15,,,1
ESP-La Liga,2324,Real Betis,William Carvalho,POR,MF,31,1992,7.6,2,0,0,13,5,0,4,8,12,,,0
ESP-La Liga,2324,Real Betis,Willian José,BRA,FW,31,1991,21.9,0,1,0,9,20,9,7,2,3,,,0
ESP-La Liga,2324,Real Betis,Youssouf Sabaly,SEN,DF,30,1993,11.6,2,0,0,9,6,0,27,11,8,,,0
ESP-La Liga,2324,Real Madrid,Andriy Lunin,UKR,GK,24,1999,21.0,2,0,0,0,3,0,0,0,0,,,0
ESP-La Liga,2324,Real Madrid,Antonio Rüdiger,GER,DF,30,1993,30.1,7,0,0,26,5,1,4,12,17,,,0
ESP-La Liga,2324,Real Madrid,Arda Güler,TUR,"MF,FW",18,2005,4.2,1,0,0,11,8,1,13,2,4,,,0
ESP-La Liga,2324,Real Madrid,Aurélien Tchouaméni,FRA,"MF,DF",23,2000,22.1,7,0,0,20,22,0,22,29,25,,,0
ESP-La Liga,2324,Real Madrid,Brahim Díaz,MAR,"MF,FW",23,1999,17.2,0,0,0,22,42,5,32,5,18,,,0
ESP-La Liga,2324,Real Madrid,Dani Carvajal,ESP,DF,31,1992,24.1,5,1,1,23,19,2,50,20,38,,,0
ESP-La Liga,2324,Real Madrid,Dani Ceballos,ESP,MF,26,1996,6.6,2,0,0,5,19,0,8,0,5,,,0
ESP-La Liga,2324,Real Madrid,David Alaba,AUT,DF,31,1992,12.8,2,0,0,4,0,0,17,15,9,,,1
ESP-La Liga,2324,Real Madrid,Eduardo Camavinga,FRA,MF,20,2002,20.2,9,0,0,49,68,1,4,26,48,,,0
ESP-La Liga,2324,Real Madrid,Federico Valverde,URU,MF,25,1998,32.3,2,0,0,19,15,0,32,43,35,,,0
ESP-La Liga,2324,Real Madrid,Ferland Mendy,FRA,DF,28,1995,19.1,5,0,0,17,14,0,5,12,10,,,0
ESP-La Liga,2324,Real Madrid,Fran Garcia,ESP,DF,23,1999,15.5,2,0,0,10,15,10,60,20,16,,,0
ESP-La Liga,2324,Real Madrid,Gonzalo García,ESP,FW,19,2004,0.2,0,0,0,0,1,0,0,0,0,,,0
ESP-La Liga,2324,Real Madrid,Joselu,ESP,FW,33,1990,18.7,1,0,0,10,15,18,6,6,4,,,0
ESP-La Liga,2324,Real Madrid,Jude Bellingham,ENG,"MF,FW",20,2003,25.7,5,1,0,32,72,4,22,20,35,,,0
ESP-La Liga,2324,Real Madrid,Kepa Arrizabalaga,ESP,GK,28,1994,13.3,1,0,0,0,2,0,0,0,0,,,0
ESP-La Liga,2324,Real Madrid,Lucas Vázquez,ESP,DF,32,1991,15.8,0,0,0,23,24,5,45,12,22,,,0
ESP-La Liga,2324,Real Madrid,Luka Modrić,CRO,MF,37,1985,18.8,2,0,0,19,21,2,90,19,15,,,0
ESP-La Liga,2324,Real Madrid,Mario Martín,ESP,MF,19,2004,0.2,0,0,0,1,1,0,0,0,1,,,0
ESP-La Liga,2324,Real Madrid,Nacho,ESP,DF,33,1990,19.4,4,2,0,21,13,2,3,19,11,,,0
ESP-La Liga,2324,Real Madrid,Nicolás Paz,ARG,MF,18,2004,0.3,0,0,0,1,0,0,1,1,0,,,0
ESP-La Liga,2324,Real Madrid,Rodrygo,BRA,FW,22,2001,26.4,2,0,0,10,46,13,31,8,15,,,0
ESP-La Liga,2324,Real Madrid,Thibaut Courtois,BEL,GK,31,1992,3.7,0,0,0,0,1,0,0,0,0,,,0
ESP-La Liga,2324,Real Madrid,Toni Kroos,GER,MF,33,1990,23.6,3,0,0,17,38,3,119,17,32,,,0
ESP-La Liga,2324,Real Madrid,Vinicius Júnior,BRA,FW,23,2000,20.7,7,0,0,24,54,10,56,1,12,,,0
ESP-La Liga,2324,Real Madrid,Álvaro Rodríguez,URU,FW,19,2004,0.0,0,0,0,0,0,0,0,0,0,,,0
ESP-La Liga,2324,Real Madrid,Éder Militão,BRA,DF,25,1998,5.5,0,0,0,5,5,2,1,5,3,,,0
ESP-La Liga,2324,Real Sociedad,Aihen Muñoz,ESP,DF,25,1997,12.5,2,0,0,18,7,0,29,7,22,,,0
ESP-La Liga,2324,Real Sociedad,Alberto Dadie,ESP,DF,21,2002,0.3,0,0,0,4,0,0,1,0,1,,,0
ESP-La Liga,2324,Real Sociedad,Alex Sola,ESP,"DF,FW",24,1999,0.3,0,0,0,2,2,0,0,1,0,,,0
ESP-La Liga,2324,Real Sociedad,Ander Barrenetxea,ESP,"MF,FW",21,2001,15.9,1,0,0,27,22,3,46,7,21,,,0
ESP-La Liga,2324,Real Sociedad,André Silva,POR,FW,27,1995,8.1,1,0,0,14,8,5,0,1,2,,,0
ESP-La Liga,2324,Real Sociedad,Aritz Elustondo,ESP,DF,29,1994,9.0,2,0,0,9,10,0,1,5,7,,,0
ESP-La Liga,2324,Real Sociedad,Arsen Zakharyan,RUS,"MF,FW",20,2003,13.6,1,0,0,21,11,3,76,4,15,,,0
ESP-La Liga,2324,Real Sociedad,Beñat Turrientes,ESP,MF,21,2002,18.7,4,0,0,36,36,0,19,6,18,,,0
ESP-La Liga,2324,Real Sociedad,Brais Méndez,ESP,"MF,FW",26,1997,26.8,7,0,0,58,56,3,101,12,27,,,0
ESP-La Liga,2324,Real Sociedad,Carlos Fernández,ESP,FW,27,1996,4.5,3,0,0,15,3,2,1,0,9,,,0
ESP-La Liga,2324,Real Sociedad,Hamari Traoré,MLI,DF,31,1992,25.5,7,0,0,32,19,1,46,24,19,,,0
ESP-La Liga,2324,Real Sociedad,Igor Zubeldia,ESP,DF,26,1997,28.0,11,1,0,42,9,0,3,28,24,,,0
ESP-La Liga,2324,Real Sociedad,Javi Galán,ESP,DF,28,1994,11.9,3,0,0,22,19,3,46,12,21,,,0
ESP-La Liga,2324,Real Sociedad,Jon Aramburu,VEN,"DF,MF",21,2002,6.0,3,0,0,11,5,0,7,7,15,,,0
ESP-La Liga,2324,Real Sociedad,Jon Magunazelaia,ESP,FW,22,2001,1.3,0,0,0,2,3,0,3,0,4,,,0
ESP-La Liga,2324,Real Sociedad,Jon Martin,ESP,DF,17,2006,0.3,0,0,0,0,0,0,0,0,0,,,0
ESP-La Liga,2324,Real Sociedad,Jon Pacheco,ESP,DF,22,2001,17.0,8,0,0,29,1,1,1,10,18,,,0
ESP-La Liga,2324,Real Sociedad,Kieran Tierney,SCO,DF,26,1997,13.8,1,0,0,6,8,0,27,10,24,,,0
ESP-La Liga,2324,Real Sociedad,Martín Zubimendi,ESP,MF,24,1999,29.5,5,0,0,34,21,0,7,39,28,,,0
ESP-La Liga,2324,Real Sociedad,Mikel Merino,ESP,MF,27,1996,27.6,10,0,0,70,60,6,19,16,45,,,0
ESP-La Liga,2324,Real Sociedad,Mikel Oyarzabal,ESP,"FW,MF",26,1997,24.0,3,0,0,20,20,18,10,4,18,,,0
ESP-La Liga,2324,Real Sociedad,Mohamed Ali Cho,FRA,FW,19,2004,2.8,0,0,0,5,6,3,11,1,3,,,0
ESP-La Liga,2324,Real Sociedad,Olasagasti,ESP,MF,22,2000,4.0,3,0,0,7,7,1,1,3,12,,,0
ESP-La Liga,2324,Real Sociedad,Robin Le Normand,ESP,DF,26,1996,27.4,13,0,0,33,23,1,1,27,22,,,1
ESP-La Liga,2324,Real Sociedad,Sheraldo Becker,SUR,"FW,MF",28,1995,8.6,1,0,0,11,5,6,45,1,3,,,0
ESP-La Liga,2324,Real Sociedad,Takefusa Kubo,JPN,"FW,MF",22,2001,23.9,1,0,0,22,52,8,143,10,16,,,0
ESP-La Liga,2324,Real Sociedad,Umar Sadiq,NGA,FW,26,1997,12.0,4,0,0,45,19,27,12,0,10,,,0
ESP-La Liga,2324,Real Sociedad,Unai Marrero,ESP,GK,21,2001,1.6,0,0,0,0,0,0,0,0,0,,,0
ESP-La Liga,2324,Real Sociedad,Urko González,ESP,MF,22,2001,1.7,1,0,0,1,2,0,0,1,0,,,0
ESP-La Liga,2324,Real Sociedad,Álex Remiro,ESP,GK,28,1995,36.4,3,1,0,1,4,0,0,0,0,,,0
ESP-La Liga,2324,Real Sociedad,Álvaro Odriozola,ESP,DF,27,1995,4.4,0,0,0,7,4,1,10,9,6,,,0
ESP-La Liga,2324,Sevilla,Adnan Januzaj,BEL,"FW,MF",28,1995,2.1,0,0,0,3,9,0,8,1,3,,,0
ESP-La Liga,2324,Sevilla,Adrià Pedrosa,ESP,"DF,MF",25,1998,19.5,1,0,0,6,32,2,111,13,26,,,0
ESP-La Liga,2324,Sevilla,Alejo Véliz,ARG,FW,19,2003,0.4,0,0,0,4,1,0,0,0,0,,,0
ESP-La Liga,2324,Sevilla,Boubakary Soumaré,FRA,MF,24,1999,25.4,10,0,0,33,29,0,3,25,31,,,0
ESP-La Liga,2324,Sevilla,Diego Iturralde,ESP,DF,20,2003,0.4,0,0,0,1,0,0,0,0,0,,,0
ESP-La Liga,2324,Sevilla,Djibril Sow,SUI,MF,26,1997,16.2,6,0,0,27,19,2,6,18,21,,,0
ESP-La Liga,2324,Sevilla,Dodi Lukebakio,BEL,"MF,FW",25,1997,12.5,0,0,0,24,22,4,36,2,3,,,0
ESP-La Liga,2324,Sevilla,Federico Gattoni,ARG,DF,24,1999,0.1,0,0,0,2,0,0,0,0,0,,,0
ESP-La Liga,2324,Sevilla,Fernando,BRA,MF,36,1987,5.1,0,0,0,6,3,0,4,8,8,,,0
ESP-La Liga,2324,Sevilla,Hannibal Mejbri,TUN,MF,20,2003,1.2,2,0,0,4,4,0,2,0,3,,,0
ESP-La Liga,2324,Sevilla,Isaac Romero,ESP,FW,23,2000,11.5,2,0,0,28,17,6,11,0,3,,,0
ESP-La Liga,2324,Sevilla,Ivan Rakitić,CRO,MF,35,1988,15.8,6,0,0,16,19,1,130,13,16,,,0
ESP-La Liga,2324,Sevilla,Jesús Corona,MEX,"DF,FW",30,1993,0.2,0,0,0,1,0,0,2,1,0,,,0
ESP-La Liga,2324,Sevilla,Jesús Navas,ESP,"DF,MF",37,1985,22.3,6,1,0,12,11,1,142,23,26,,,0
ESP-La Liga,2324,Sevilla,Joan Jordán,ESP,MF,29,1994,4.2,1,0,0,1,3,0,3,4,6,,,0
ESP-La Liga,2324,Sevilla,Juanlu Sánchez,ESP,"DF,MF",19,2003,13.1,2,0,0,11,23,1,61,10,36,,,0
ESP-La Liga,2324,Sevilla,Kike Salas,ESP,DF,21,2002,17.8,10,0,0,32,10,1,8,28,24,,,0
ESP-La Liga,2324,Sevilla,Loïc Bade,FRA,DF,23,2000,25.3,5,1,0,24,10,1,2,38,42,,,0
ESP-La Liga,2324,Sevilla,Lucas Ocampos,ARG,"MF,FW",29,1994,31.9,8,0,0,32,71,8,122,20,47,,,0
ESP-La Liga,2324,Sevilla,Lucien Agoume,FRA,MF,21,2002,8.6,3,0,0,19,2,0,3,7,16,,,0
ESP-La Liga,2324,Sevilla,Manu Bueno,ESP,MF,19,2004,1.3,1,0,0,1,2,0,0,0,2,,,0
ESP-La Liga,2324,Sevilla,Marcos Acuña,ARG,"DF,MF",31,1991,14.4,7,0,0,18,17,1,84,3,20,,,0
ESP-La Liga,2324,Sevilla,Marcão,BRA,DF,27,1996,3.9,2,0,0,5,6,0,0,3,6,,,0
ESP-La Liga,2324,Sevilla,Mariano,DOM,FW,29,1993,2.7,1,0,0,8,1,3,1,0,1,,,0
ESP-La Liga,2324,Sevilla,Marko Dmitrović,SRB,GK,31,1992,13.0,1,0,0,0,1,0,0,1,1,,,1
ESP-La Liga,2324,Sevilla,Nemanja Gudelj,SRB,"DF,MF",31,1991,19.4,7,0,0,30,11,0,3,29,22,,,0
ESP-La Liga,2324,Sevilla,Rafa Mir,ESP,FW,26,1997,4.3,1,0,0,9,5,3,2,0,2,,,0
ESP-La Liga,2324,Sevilla,Sergio Ramos,ESP,DF,37,1986,28.0,7,1,0,27,22,9,2,39,30,,,1
ESP-La Liga,2324,Sevilla,Suso,ESP,MF,29,1993,16.9,5,1,0,22,36,3,133,5,17,,,0
ESP-La Liga,2324,Sevilla,Tanguy Nianzou,FRA,DF,21,2002,3.5,3,0,0,6,4,0,0,3,8,,,0
ESP-La Liga,2324,Sevilla,Yassine Bounou,MAR,GK,32,1991,1.0,0,0,0,0,0,0,0,0,0,,,0
ESP-La Liga,2324,Sevilla,Youssef En-Nesyri,MAR,FW,26,1997,28.6,4,0,0,21,21,22,5,8,7,,,0
ESP-La Liga,2324,Sevilla,Érik Lamela,ARG,MF,31,1992,5.1,3,0,0,18,6,3,12,1,13,,,0
ESP-La Liga,2324,Sevilla,Óliver Torres,ESP,MF,28,1994,18.0,3,0,0,26,23,6,43,7,22,,,0
ESP-La Liga,2324,Sevilla,Ørjan Nyland,NOR,GK,32,1990,24.0,1,0,0,0,2,0,0,0,0,,,0
ESP-La Liga,2324,Valencia,Alberto Marí,ESP,FW,22,2001,3.1,0,0,0,9,6,2,2,0,2,,,0
ESP-La Liga,2324,Valencia,André Almeida,POR,"FW,MF",23,2000,10.7,0,0,0,12,20,1,16,3,14,,,0
ESP-La Liga,2324,Valencia,Cenk Özkacar,TUR,DF,22,2000,17.8,3,0,0,13,8,1,6,18,14,,,1
ESP-La Liga,2324,Valencia,Cristhian Mosquera,ESP,DF,19,2004,34.2,2,0,0,25,27,0,1,33,34,,,0
ESP-La Liga,2324,Valencia,Cristian,ESP,GK,25,1998,0.6,0,0,0,0,0,0,0,0,0,,,0
ESP-La Liga,2324,Valencia,César Tárrega,ESP,DF,21,2002,0.1,0,0,0,0,0,0,0,0,0,,,0
ESP-La Liga,2324,Valencia,Diego López,ESP,"MF,FW",21,2002,29.5,2,0,0,26,31,8,66,21,26,,,0
ESP-La Liga,2324,Valencia,Dimitri Foulquier,FRA,"DF,MF",30,1993,20.5,3,0,0,24,28,2,43,14,21,,,0
ESP-La Liga,2324,Valencia,Francisco Perez,ESP,MF,20,2002,22.8,4,0,0,31,23,8,52,15,17,,,0
ESP-La Liga,2324,Valencia,Gabriel Paulista,BRA,DF,32,1990,15.5,6,1,1,11,4,0,0,23,6,,,0
ESP-La Liga,2324,Valencia,Giorgi Mamardashvili,GEO,GK,22,2000,36.5,3,1,0,3,4,0,0,1,3,,,0
ESP-La Liga,2324,Valencia,Hugo Duro,ESP,FW,23,1999,33.1,4,0,0,41,95,17,7,6,8,,,0
ESP-La Liga,2324,Valencia,Hugo González,ESP,FW,20,2003,1.0,0,0,0,3,2,2,9,0,1,,,0
ESP-La Liga,2324,Valencia,Hugo Guillamón,ESP,MF,23,2000,14.6,7,0,0,36,25,0,7,11,15,,,0
ESP-La Liga,2324,Valencia,Jaume Doménech,ESP,GK,32,1990,0.9,0,0,0,0,1,0,0,0,0,,,0
ESP-La Liga,2324,Valencia,Javier Guerra,ESP,MF,20,2003,27.8,3,1,0,40,30,2,24,18,29,,,0
ESP-La Liga,2324,Valencia,Jesus Vazquez,ESP,DF,20,2003,8.0,1,0,0,8,7,1,18,3,10,,,0
ESP-La Liga,2324,Valencia,José Luis García Vayá,ESP,MF,24,1998,36.7,4,0,0,51,40,1,145,45,55,,,0
ESP-La Liga,2324,Valencia,José Luis Gayà,ESP,DF,28,1995,19.9,2,0,0,24,12,1,82,11,39,,,0
ESP-La Liga,2324,Valencia,Mario Dominguez,ESP,MF,19,2004,0.3,0,0,0,0,0,0,1,0,0,,,0
ESP-La Liga,2324,Valencia,Mouctar Diakhaby,GUI,"DF,MF",26,1996,11.9,6,0,0,9,2,0,0,11,13,,,0
ESP-La Liga,2324,Valencia,Pablo Gozalbez,ESP,MF,22,2001,1.1,0,0,0,7,2,1,1,1,0,,,0
ESP-La Liga,2324,Valencia,Peter González,DOM,MF,21,2002,7.2,1,0,0,11,11,1,18,9,4,,,0
ESP-La Liga,2324,Valencia,Roman Yaremchuk,UKR,FW,27,1995,10.3,2,0,0,7,13,15,3,1,2,,,0
ESP-La Liga,2324,Valencia,Ruben Lendinez,ESP,DF,20,2003,0.1,0,0,0,0,0,0,0,0,1,,,0
ESP-La Liga,2324,Valencia,Selim Amallah,MAR,"MF,FW",26,1996,6.7,5,1,1,21,24,1,3,10,12,,,0
ESP-La Liga,2324,Valencia,Sergi Canós,ESP,MF,26,1997,13.7,1,0,0,17,16,2,36,11,13,,,0
ESP-La Liga,2324,Valencia,Thierry Correia,POR,DF,24,1999,23.9,4,1,0,41,41,2,47,31,36,,,0
ESP-La Liga,2324,Valencia,Yarek Gasiorowski,ESP,DF,18,2005,8.2,1,0,0,11,2,0,6,14,13,,,1
ESP-La Liga,2324,Villarreal,Adrià Altimira,ESP,"DF,MF",22,2001,8.6,3,0,0,12,4,0,5,5,7,,,0
ESP-La Liga,2324,Villarreal,Alberto Moreno,ESP,DF,31,1992,16.5,5,2,2,24,14,5,50,21,20,,,0
ESP-La Liga,2324,Villarreal,Alexander Sørloth,NOR,FW,27,1995,27.7,3,0,0,34,19,23,7,0,4,,,0
ESP-La Liga,2324,Villarreal,Alfonso Pedraza,ESP,DF,27,1996,12.4,4,1,0,14,17,4,58,12,10,,,0
ESP-La Liga,2324,Villarreal,Aïssa Mandi,ALG,DF,31,1991,12.4,3,0,0,7,5,0,0,7,8,,,0
ESP-La Liga,2324,Villarreal,Ben Brereton,CHI,"MF,FW",24,1999,3.0,2,0,0,5,4,2,4,0,2,,,0
ESP-La Liga,2324,Villarreal,Bertrand Traoré,BFA,MF,27,1995,6.3,4,0,0,7,21,2,9,1,5,,,0
ESP-La Liga,2324,Villarreal,Carlos Romero,ESP,DF,21,2001,2.9,1,0,0,2,6,0,11,1,5,,,0
ESP-La Liga,2324,Villarreal,Daniel Parejo,ESP,MF,34,1989,28.7,4,0,0,18,51,0,57,20,31,,,0
ESP-La Liga,2324,Villarreal,Denis Suárez,ESP,MF,29,1994,1.5,0,0,0,4,2,1,4,1,0,,,0
ESP-La Liga,2324,Villarreal,Eric Bailly,CIV,DF,29,1994,9.3,4,0,0,6,5,0,0,8,3,,,1
ESP-La Liga,2324,Villarreal,Filip Jørgensen,DEN,GK,21,2002,36.0,4,0,0,2,5,0,0,2,1,,,0
ESP-La Liga,2324,Villarreal,Francis Coquelin,FRA,MF,32,1991,10.1,4,0,0,18,8,1,3,15,12,,,0
ESP-La Liga,2324,Villarreal,Gerard Moreno,ESP,FW,31,1992,24.6,0,0,0,22,38,17,28,9,11,,,0
ESP-La Liga,2324,Villarreal,Gonçalo Guedes,POR,"FW,MF",26,1996,10.6,0,0,0,5,16,3,28,2,5,,,0
ESP-La Liga,2324,Villarreal,Ilias Akhomach,MAR,MF,19,2004,16.8,4,0,0,42,34,4,29,13,21,,,0
ESP-La Liga,2324,Villarreal,Jorge Cuenca,ESP,DF,23,1999,21.8,7,0,0,25,12,0,13,20,27,,,0
ESP-La Liga,2324,Villarreal,José Luis Morales,ESP,"FW,MF",36,1987,11.6,0,0,0,3,4,13,10,6,3,,,0
ESP-La Liga,2324,Villarreal,Juan Foyth,ARG,DF,25,1998,11.8,1,0,0,18,7,0,18,12,16,,,0
ESP-La Liga,2324,Villarreal,Kiko Femenía,ESP,DF,32,1991,17.6,8,1,1,24,3,0,28,31,26,,,0
ESP-La Liga,2324,Villarreal,Manu Trigueros,ESP,MF,31,1991,3.4,0,0,0,5,3,1,5,3,5,,,0
ESP-La Liga,2324,Villarreal,Matteo Gabbia,ITA,DF,23,1999,5.3,2,0,0,9,3,0,0,7,6,,,0
ESP-La Liga,2324,Villarreal,Pascu,ESP,FW,20,2003,0.2,0,0,0,0,0,0,0,0,0,,,0
ESP-La Liga,2324,Villarreal,Pepe Reina,ESP,GK,40,1982,2.0,2,1,0,0,0,0,0,0,0,,,0
ESP-La Liga,2324,Villarreal,Ramón Terrats,ESP,MF,22,2000,8.7,4,0,0,15,17,1,27,2,13,,,0
ESP-La Liga,2324,Villarreal,Raúl Albiol,ESP,DF,37,1985,22.6,6,0,0,21,8,1,0,17,15,,,0
ESP-La Liga,2324,Villarreal,Santi Comesaña,ESP,MF,26,1996,18.4,8,2,1,33,22,1,5,22,23,,,0
ESP-La Liga,2324,Villarreal,Stefan Lekovic,SRB,DF,19,2004,0.3,0,0,0,0,0,0,0,0,0,,,0
ESP-La Liga,2324,Villarreal,Yerson Mosquera,COL,DF,22,2001,13.7,4,0,0,14,27,0,7,18,14,,,0
ESP-La Liga,2324,Villarreal,Yéremy Pino,ESP,"MF,FW",20,2002,5.3,4,0,0,22,9,3,7,5,18,,,0
ESP-La Liga,2324,Villarreal,Álex Baena,ESP,"MF,FW",22,2001,28.7,11,1,0,52,57,8,173,14,20,,,0
ESP-La Liga,2324,Villarreal,Étienne Capoue,FRA,MF,35,1988,16.2,8,0,0,25,41,2,7,23,21,,,0
GER-Bundesliga,2324,Augsburg,Arne Engels,BEL,"MF,DF",19,2003,15.6,1,1,0,24,15,1,82,14,21,,,0
GER-Bundesliga,2324,Augsburg,Arne Maier,GER,"MF,FW",24,1999,11.1,0,0,0,4,4,0,83,6,9,,,0
GER-Bundesliga,2324,Augsburg,Dion Drena Beljo,CRO,"FW,MF",21,2002,6.5,2,0,0,9,7,6,3,1,0,,,0
GER-Bundesliga,2324,Augsburg,Elvis Rexhbeçaj,KVX,MF,25,1997,22.1,4,0,0,20,42,2,22,20,21,,,0
GER-Bundesliga,2324,Augsburg,Ermedin Demirović,BIH,"FW,MF",25,1998,31.9,7,0,0,60,35,16,10,11,14,,,0
GER-Bundesliga,2324,Augsburg,Finn Dahmen,GER,GK,25,1998,31.0,4,0,0,2,4,0,0,0,0,,,1
GER-Bundesliga,2324,Augsburg,Fredrik Jensen,FIN,MF,25,1997,14.9,1,0,0,14,2,5,91,13,13,,,0
GER-Bundesliga,2324,Augsburg,Iago,BRA,"DF,MF",26,1997,18.0,4,0,0,15,23,4,45,17,17,,,0
GER-Bundesliga,2324,Augsburg,Irvin Cardona,MLT,"FW,MF",25,1997,0.6,1,0,0,1,0,0,5,0,1,,,0
GER-Bundesliga,2324,Augsburg,Jeffrey Gouweleeuw,NED,DF,32,1991,28.8,7,0,0,26,9,4,16,34,24,,,0
GER-Bundesliga,2324,Augsburg,Kevin Mbabu,SUI,"DF,MF",28,1995,22.7,5,0,0,45,26,2,100,22,40,,,0
GER-Bundesliga,2324,Augsburg,Kristijan Jakić,CRO,MF,26,1997,11.7,4,0,0,18,17,0,6,18,12,,,0
GER-Bundesliga,2324,Augsburg,Mads Pedersen,DEN,"DF,MF",26,1996,19.8,5,1,0,34,26,2,54,18,40,,,0
GER-Bundesliga,2324,Augsburg,Mahmut Kücüksahin,,DF,19,2004,0.0,0,0,0,0,0,0,0,0,0,,,0
GER-Bundesliga,2324,Augsburg,Masaya Okugawa,JPN,"FW,MF",27,1996,0.4,0,0,0,0,0,0,0,0,0,,,0
GER-Bundesliga,2324,Augsburg,Maximilian Bauer,GER,DF,23,2000,9.0,3,0,0,13,11,0,1,12,10,,,0
GER-Bundesliga,2324,Augsburg,Mergim Berisha,GER,FW,25,1998,1.4,0,0,0,0,3,1,1,0,0,,,0
GER-Bundesliga,2324,Augsburg,Mert Kömür,GER,FW,18,2005,1.3,0,0,0,2,2,0,1,1,3,,,0
GER-Bundesliga,2324,Augsburg,Nathanaël Mbuku,COD,"FW,MF",21,2002,0.1,0,0,0,0,0,0,0,0,0,,,0
GER-Bundesliga,2324,Augsburg,Niklas Dorsch,GER,MF,25,1998,15.4,5,0,0,19,27,0,3,16,24,,,0
GER-Bundesliga,2324,Augsburg,Ohis Felix Uduokhai,GER,DF,25,1997,32.5,5,1,1,28,23,0,3,44,18,,,1
GER-Bundesliga,2324,Augsburg,Patric Pfeiffer,GHA,DF,23,1999,5.7,0,0,0,7,4,0,2,12,7,,,0
GER-Bundesliga,2324,Augsburg,Pep Biel,ESP,"FW,MF",26,1996,3.2,1,0,0,8,0,0,12,2,3,,,0
GER-Bundesliga,2324,Augsburg,Phillip Tietz,GER,FW,26,1997,26.5,1,0,0,41,17,16,7,5,14,,,0
GER-Bundesliga,2324,Augsburg,Robert Gumny,POL,"DF,MF",25,1998,5.3,3,0,0,8,5,0,9,7,5,,,0
GER-Bundesliga,2324,Augsburg,Ruben Vargas,SUI,"MF,FW",24,1998,21.8,3,0,0,33,28,17,63,5,13,,,0
GER-Bundesliga,2324,Augsburg,Sven Michel,GER,"FW,MF",33,1990,6.5,2,0,0,11,4,4,11,0,5,,,0
GER-Bundesliga,2324,Augsburg,Tim Breithaupt,GER,MF,21,2002,7.0,3,0,0,12,4,0,2,8,12,,,0
GER-Bundesliga,2324,Augsburg,Tomáš Koubek,CZE,GK,30,1992,3.0,0,0,0,0,0,0,0,0,1,,,0
GER-Bundesliga,2324,Bayern Munich,Aleksandar Pavlovic,GER,MF,19,2004,13.6,6,0,0,20,16,0,18,17,19,,,0
GER-Bundesliga,2324,Bayern Munich,Alphonso Davies,CAN,DF,22,2000,22.9,0,0,0,16,20,0,31,25,24,,,0
GER-Bundesliga,2324,Bayern Munich,Bouna Sarr,SEN,DF,31,1992,1.2,0,0,0,0,1,0,1,0,0,,,0
GER-Bundesliga,2324,Bayern Munich,Bryan Zaragoza,ESP,MF,21,2001,2.0,1,0,0,2,1,1,10,1,3,,,0
GER-Bundesliga,2324,Bayern Munich,Daniel Peretz,ISR,GK,23,2000,0.2,0,0,0,0,0,0,0,0,0,,,0
GER-Bundesliga,2324,Bayern Munich,Dayot Upamecano,FRA,DF,24,1998,19.6,3,1,1,22,8,2,3,16,21,,,0
GER-Bundesliga,2324,Bayern Munich,Eric Dier,ENG,DF,29,1994,13.0,1,0,0,12,9,1,7,9,8,,,0
GER-Bundesliga,2324,Bayern Munich,Eric Maxim Choupo-Moting,CMR,MF,34,1989,8.0,1,0,0,10,7,2,11,6,12,,,0
GER-Bundesliga,2324,Bayern Munich,Frans Krätzig,GER,"DF,MF",20,2003,0.6,0,0,0,0,0,1,0,0,0,,,0
GER-Bundesliga,2324,Bayern Munich,Harry Kane,ENG,FW,30,1993,31.5,2,0,0,10,39,13,30,8,9,,,0
GER-Bundesliga,2324,Bayern Munich,Jamal Musiala,GER,MF,20,2003,19.5,2,0,0,26,39,2,9,13,25,,,0
GER-Bundesliga,2324,Bayern Munich,Jonathan Asp Jensen,DEN,FW,17,2006,0.0,0,0,0,0,0,0,0,0,0,,,0
GER-Bundesliga,2324,Bayern Munich,Joshua Kimmich,GER,"MF,DF",28,1995,24.2,1,1,0,11,24,2,194,13,33,,,0
GER-Bundesliga,2324,Bayern Munich,Kim Min-jae,KOR,DF,26,1996,21.9,3,0,0,19,2,1,2,42,23,,,0
GER-Bundesliga,2324,Bayern Munich,Kingsley Coman,FRA,MF,27,1996,12.4,1,0,0,6,19,1,60,2,7,,,0
GER-Bundesliga,2324,Bayern Munich,Konrad Laimer,AUT,"MF,DF",26,1997,19.7,3,0,0,28,15,2,29,15,34,,,0
GER-Bundesliga,2324,Bayern Munich,Leon Goretzka,GER,MF,28,1995,24.9,3,0,0,23,14,2,10,30,21,,,0
GER-Bundesliga,2324,Bayern Munich,Leroy Sané,GER,MF,27,1996,23.7,4,0,0,26,21,10,87,7,8,,,0
GER-Bundesliga,2324,Bayern Munich,Lovro Zvonarek,CRO,MF,18,2005,1.8,0,0,0,3,0,1,1,0,0,,,0
GER-Bundesliga,2324,Bayern Munich,Manuel Neuer,GER,GK,37,1986,22.8,1,0,0,1,2,0,0,0,1,,,0
GER-Bundesliga,2324,Bayern Munich,Mathys Tel,FRA,"MF,FW",18,2005,11.7,2,0,0,18,15,3,19,7,3,,,0
GER-Bundesliga,2324,Bayern Munich,Matteo Perez Vinlöf,SWE,DF,17,2005,0.2,0,0,0,1,1,0,1,1,0,,,0
GER-Bundesliga,2324,Bayern Munich,Matthijs de Ligt,NED,DF,23,1999,15.4,5,0,0,12,8,0,2,13,11,,,0
GER-Bundesliga,2324,Bayern Munich,Noussair Mazraoui,MAR,DF,25,1997,13.3,3,0,0,10,11,0,19,21,20,,,0
GER-Bundesliga,2324,Bayern Munich,Raphaël Guerreiro,POR,"MF,DF",29,1993,13.2,2,0,0,3,7,0,43,13,16,,,0
GER-Bundesliga,2324,Bayern Munich,Ryan Gravenberch,NED,MF,21,2002,0.1,1,0,0,1,0,0,0,0,0,,,0
GER-Bundesliga,2324,Bayern Munich,Sacha Boey,FRA,MF,22,2000,1.2,1,0,0,6,3,0,0,1,0,,,0
GER-Bundesliga,2324,Bayern Munich,Serge Gnabry,GER,MF,28,1995,4.8,0,0,0,6,2,1,10,3,5,,,0
GER-Bundesliga,2324,Bayern Munich,Sven Ulreich,GER,GK,34,1988,11.0,1,0,0,0,0,0,0,0,0,,,0
GER-Bundesliga,2324,Bayern Munich,Thomas Müller,GER,MF,33,1989,18.4,0,0,0,12,22,15,56,2,14,,,0
GER-Bundesliga,2324,Bochum,Andreas Luthe,GER,GK,36,1987,1.0,0,0,0,0,0,0,0,0,0,,,0
GER-Bundesliga,2324,Bochum,Anthony Losilla,FRA,MF,37,1986,28.6,10,0,0,38,22,5,6,24,36,,,0
GER-Bundesliga,2324,Bochum,Bernardo,BRA,DF,28,1995,32.5,9,0,0,53,28,1,30,50,61,,,0
GER-Bundesliga,2324,Bochum,Christopher Antwi-Adjei,GHA,"FW,MF",29,1994,13.5,5,0,0,13,17,18,53,2,12,,,0
GER-Bundesliga,2324,Bochum,Cristian Gamboa,CRC,"DF,MF",33,1989,13.2,6,0,0,14,6,0,24,16,16,,,0
GER-Bundesliga,2324,Bochum,Danilo Soares,BRA,MF,31,1991,3.9,0,0,0,5,5,0,4,7,6,,,0
GER-Bundesliga,2324,Bochum,Erhan Mašović,SRB,"DF,MF",24,1998,24.7,7,0,0,22,16,0,5,21,42,,,1
GER-Bundesliga,2324,Bochum,Felix Passlack,GER,"DF,MF",25,1998,10.7,2,1,0,14,12,2,39,6,14,,,0
GER-Bundesliga,2324,Bochum,Gonçalo Paciência,POR,FW,28,1994,7.2,3,0,0,9,22,2,10,0,4,,,0
GER-Bundesliga,2324,Bochum,Ivan Ordets,UKR,DF,31,1992,20.9,4,0,0,29,20,3,1,30,13,,,1
GER-Bundesliga,2324,Bochum,Keven Schlotterbeck,GER,DF,26,1997,24.3,9,0,0,38,32,1,12,34,24,,,2
GER-Bundesliga,2324,Bochum,Kevin Stöger,AUT,MF,29,1993,29.6,8,0,0,36,63,1,251,19,30,,,0
GER-Bundesliga,2324,Bochum,Lukas Daschner,GER,"FW,MF",24,1998,6.0,2,0,0,4,9,0,20,2,5,,,0
GER-Bundesliga,2324,Bochum,Manuel Riemann,GER,GK,34,1988,33.0,5,0,0,2,4,0,1,1,1,,,0
GER-Bundesliga,2324,Bochum,Matúš Bero,SVK,"MF,FW",27,1995,18.5,6,0,0,39,20,5,15,12,23,,,0
GER-Bundesliga,2324,Bochum,Maximilian Wittek,GER,"MF,DF",27,1995,11.9,4,0,0,21,26,2,51,18,18,,,0
GER-Bundesliga,2324,Bochum,Moritz Broschinski,GER,"FW,MF",22,2000,13.9,4,0,0,31,13,11,12,0,7,,,0
GER-Bundesliga,2324,Bochum,Moritz-Broni Kwarteng,GHA,"MF,FW",25,1998,3.1,1,1,0,5,5,2,5,2,2,,,0
GER-Bundesliga,2324,Bochum,Noah Loosli,SUI,DF,26,1997,3.8,1,0,0,4,0,0,2,8,7,,,0
GER-Bundesliga,2324,Bochum,Patrick Osterhage,GER,MF,23,2000,20.7,5,0,0,21,24,3,21,25,26,,,0
GER-Bundesliga,2324,Bochum,Philipp Förster,GER,MF,28,1995,4.3,1,0,0,6,9,0,28,7,5,,,0
GER-Bundesliga,2324,Bochum,Philipp Hofmann,GER,FW,30,1993,17.5,1,0,0,19,26,4,3,5,5,,,0
GER-Bundesliga,2324,Bochum,Simon Zoller,GER,"FW,MF",32,1991,0.5,0,0,0,1,0,0,0,0,0,,,0
GER-Bundesliga,2324,Bochum,Takuma Asano,JPN,"FW,MF",28,1994,22.1,2,0,0,14,22,23,38,4,6,,,0
GER-Bundesliga,2324,Bochum,Tim Oermann,GER,DF,19,2003,7.9,2,0,0,8,8,0,8,3,11,,,0
GER-Bundesliga,2324,Darmstadt 98,Aaron Seydel,GER,FW,27,1996,6.9,1,0,0,9,7,2,1,1,3,,,0
GER-Bundesliga,2324,Darmstadt 98,Alexander Brunst,GER,GK,28,1995,3.0,2,0,0,0,2,0,0,0,0,,,0
GER-Bundesliga,2324,Darmstadt 98,Andreas Müller,GER,MF,23,2000,3.9,3,0,0,5,4,0,2,4,9,,,0
GER-Bundesliga,2324,Darmstadt 98,Asaf Arania,ISR,FW,17,2005,0.1,0,0,0,0,0,0,0,0,0,,,0
GER-Bundesliga,2324,Darmstadt 98,Bartol Franjić,CRO,MF,23,2000,13.7,5,0,0,20,2,0,4,30,10,,,0
GER-Bundesliga,2324,Darmstadt 98,Braydon Manu,GHA,MF,26,1997,1.9,1,0,0,4,1,0,4,0,0,,,0
GER-Bundesliga,2324,Darmstadt 98,Christoph Klarer,AUT,DF,23,2000,26.2,9,0,0,29,13,4,8,22,22,,,0
GER-Bundesliga,2324,Darmstadt 98,Christoph Zimmermann,GER,DF,30,1993,13.6,5,0,0,13,10,1,0,20,21,,,1
GER-Bundesliga,2324,Darmstadt 98,Clemens Riedel,GER,"DF,MF",20,2003,8.4,2,0,0,10,4,0,8,12,13,,,0
GER-Bundesliga,2324,Darmstadt 98,Emir Karic,BIH,"MF,DF",26,1997,19.8,4,0,0,17,8,5,52,13,27,,,0
GER-Bundesliga,2324,Darmstadt 98,Fabian Holland,GER,"MF,DF",33,1990,20.4,4,1,0,34,33,1,26,23,25,,,0
GER-Bundesliga,2324,Darmstadt 98,Fabian Nürnberger,BUL,MF,24,1999,16.8,2,0,0,18,16,0,61,17,21,,,0
GER-Bundesliga,2324,Darmstadt 98,Fabian Schnellhardt,GER,MF,29,1994,2.6,1,0,0,2,3,0,4,4,1,,,0
GER-Bundesliga,2324,Darmstadt 98,Fabio Torsiello,ITA,FW,18,2005,1.7,0,0,0,4,0,0,2,1,0,,,0
GER-Bundesliga,2324,Darmstadt 98,Filip Stojilković,SUI,FW,23,2000,1.7,1,0,0,3,1,2,3,0,1,,,0
GER-Bundesliga,2324,Darmstadt 98,Frank Ronstadt,GER,"DF,MF",26,1997,0.8,0,0,0,0,2,0,2,1,1,,,0
GER-Bundesliga,2324,Darmstadt 98,Fraser Hornby,SCO,FW,23,1999,2.4,1,0,0,5,1,1,4,0,0,,,0
GER-Bundesliga,2324,Darmstadt 98,Gerrit Holtmann,PHI,MF,28,1995,4.4,1,0,0,8,2,0,12,2,5,,,0
GER-Bundesliga,2324,Darmstadt 98,Jannik Müller,GER,DF,29,1994,12.6,5,0,0,19,7,0,7,19,16,,,0
GER-Bundesliga,2324,Darmstadt 98,Julian Justvan,GER,MF,25,1998,11.4,1,0,0,2,5,0,40,11,5,,,0
GER-Bundesliga,2324,Darmstadt 98,Klaus Gjasula,ALB,"DF,MF",33,1989,15.1,7,1,0,23,11,0,7,18,21,,,0
GER-Bundesliga,2324,Darmstadt 98,Luca Pfeiffer,GER,"FW,MF",26,1996,18.0,3,0,0,28,26,1,5,2,8,,,0
GER-Bundesliga,2324,Darmstadt 98,Marcel Schuhen,GER,GK,30,1993,31.0,2,0,0,0,8,0,1,1,0,,,0
GER-Bundesliga,2324,Darmstadt 98,Marvin Mehlem,GER,MF,25,1997,16.5,3,0,0,20,34,8,18,31,23,,,0
GER-Bundesliga,2324,Darmstadt 98,Matej Maglica,CRO,DF,24,1998,18.9,7,2,0,31,7,1,7,21,21,,,0
GER-Bundesliga,2324,Darmstadt 98,Mathias Honsak,AUT,"MF,FW",26,1996,11.3,1,0,0,14,11,3,10,9,6,,,0
GER-Bundesliga,2324,Darmstadt 98,Matthias Bader,GER,"MF,DF",26,1997,20.0,1,0,0,17,41,1,31,25,27,,,0
GER-Bundesliga,2324,Darmstadt 98,Oscar Vilhelmsson,SWE,FW,19,2003,15.3,2,0,0,32,28,7,12,3,5,,,0
GER-Bundesliga,2324,Darmstadt 98,Sebastian Polter,GER,FW,32,1991,5.0,0,0,0,9,10,2,4,0,0,,,0
GER-Bundesliga,2324,Darmstadt 98,Thomas Isherwood,SWE,DF,25,1998,7.1,1,0,0,8,3,1,1,9,5,,,1
GER-Bundesliga,2324,Darmstadt 98,Tim Skarke,GER,"FW,MF",26,1996,26.7,7,0,0,31,40,17,96,6,15,,,0
GER-Bundesliga,2324,Darmstadt 98,Tobias Kempe,GER,MF,34,1989,15.0,1,0,0,14,11,0,80,8,13,,,0
GER-Bundesliga,2324,Dortmund,Alexander Meyer,GER,GK,32,1991,7.7,0,0,0,0,0,0,0,0,1,,,0
GER-Bundesliga,2324,Dortmund,Antonios Papadopoulos,GER,DF,23,1999,1.3,0,0,0,1,1,0,0,2,3,,,0
GER-Bundesliga,2324,Dortmund,Donyell Malen,NED,"MF,FW",24,1999,19.8,5,0,0,11,24,3,38,2,7,,,0
GER-Bundesliga,2324,Dortmund,Emre Can,GER,MF,29,1994,21.7,5,0,0,27,23,0,2,20,46,,,0
GER-Bundesliga,2324,Dortmund,Felix Nmecha,GER,MF,22,2000,11.3,3,0,0,9,27,1,3,11,14,,,0
GER-Bundesliga,2324,Dortmund,Gio Reyna,USA,MF,20,2002,3.1,1,0,0,2,5,1,4,2,6,,,0
GER-Bundesliga,2324,Dortmund,Gregor Kobel,SUI,GK,25,1997,26.3,1,0,0,2,3,0,0,0,0,,,0
GER-Bundesliga,2324,Dortmund,Hendry Blank,GER,DF,18,2004,0.5,0,0,0,0,0,0,0,0,0,,,0
GER-Bundesliga,2324,Dortmund,Ian Maatsen,NED,DF,21,2002,14.0,5,0,0,20,9,0,26,14,19,,,0
GER-Bundesliga,2324,Dortmund,Jadon Sancho,ENG,"MF,FW",23,2000,10.5,1,0,0,3,10,3,29,4,4,,,0
GER-Bundesliga,2324,Dortmund,Jamie Gittens,ENG,"MF,FW",18,2004,11.8,1,0,0,12,25,0,14,4,9,,,0
GER-Bundesliga,2324,Dortmund,Julian Brandt,GER,MF,27,1996,24.7,2,0,0,8,15,5,165,8,15,,,0
GER-Bundesliga,2324,Dortmund,Julian Ryerson,NOR,DF,25,1997,19.6,3,0,0,18,25,0,39,8,22,,,0
GER-Bundesliga,2324,Dortmund,Julien Duranville,BEL,FW,17,2006,0.1,0,0,0,3,0,0,0,0,0,,,0
GER-Bundesliga,2324,Dortmund,Karim Adeyemi,GER,"FW,MF",21,2002,10.1,6,1,1,20,19,1,24,3,14,,,0
GER-Bundesliga,2324,Dortmund,Kjell-Arik Wätjen,GER,MF,17,2006,1.2,0,0,0,1,1,0,0,0,2,,,0
GER-Bundesliga,2324,Dortmund,Marcel Sabitzer,AUT,MF,29,1994,21.8,3,1,0,15,28,1,31,11,22,,,0
GER-Bundesliga,2324,Dortmund,Marco Reus,GER,MF,34,1989,17.8,2,0,0,20,21,4,32,6,25,,,0
GER-Bundesliga,2324,Dortmund,Marius Wolf,GER,DF,28,1995,13.0,2,0,0,12,7,1,42,9,13,,,0
GER-Bundesliga,2324,Dortmund,Mateu Morey,ESP,DF,23,2000,1.2,0,0,0,3,5,1,1,1,2,,,0
GER-Bundesliga,2324,Dortmund,Mats Hummels,GER,DF,34,1988,17.6,4,1,0,12,9,0,3,31,36,,,0
GER-Bundesliga,2324,Dortmund,Niclas Füllkrug,GER,FW,30,1993,24.6,1,0,0,26,37,11,5,2,1,,,0
GER-Bundesliga,2324,Dortmund,Nico Schlotterbeck,GER,DF,23,1999,31.8,4,0,0,17,32,0,7,44,51,,,1
GER-Bundesliga,2324,Dortmund,Niklas Süle,GER,DF,27,1995,16.8,0,0,0,9,1,0,2,24,10,,,0
GER-Bundesliga,2324,Dortmund,Ole Pohlmann,GER,"FW,MF",22,2001,0.6,0,0,0,0,0,0,3,0,0,,,0
GER-Bundesliga,2324,Dortmund,Ramy Bensebaini,ALG,DF,28,1995,11.5,4,1,1,15,29,0,21,16,21,,,1
GER-Bundesliga,2324,Dortmund,Salih Özcan,TUR,MF,25,1998,13.2,3,0,0,22,22,2,2,17,13,,,0
GER-Bundesliga,2324,Dortmund,Samuel Bamba,GER,FW,19,2004,0.5,0,0,0,1,1,0,4,1,1,,,0
GER-Bundesliga,2324,Dortmund,Sébastien Haller,CIV,FW,29,1994,4.4,2,0,0,8,10,3,0,0,0,,,0
GER-Bundesliga,2324,Dortmund,Thomas Meunier,BEL,DF,31,1991,6.5,0,0,0,10,0,0,17,5,2,,,0
GER-Bundesliga,2324,Dortmund,Thorgan Hazard,BEL,"FW,MF",30,1993,0.1,0,0,0,0,0,0,0,0,0,,,0
GER-Bundesliga,2324,Dortmund,Youssoufa Moukoko,GER,FW,18,2004,6.9,1,0,0,8,2,7,3,2,1,,,0
GER-Bundesliga,2324,Frankfurt,Ansgar Knauff,GER,"MF,FW",21,2002,23.4,7,1,1,32,24,2,46,17,28,,,0
GER-Bundesliga,2324,Frankfurt,Aurélio Buta,POR,"MF,DF",26,1997,19.4,5,0,0,23,24,1,45,14,26,,,0
GER-Bundesliga,2324,Frankfurt,Christopher Lenz,GER,"DF,MF",28,1994,0.1,0,0,0,0,1,0,0,0,1,,,0
GER-Bundesliga,2324,Frankfurt,Donny van de Beek,NED,"MF,FW",26,1997,4.0,1,0,0,7,1,5,7,3,3,,,0
GER-Bundesliga,2324,Frankfurt,Elias Baum,GER,DF,17,2005,0.3,0,0,0,1,0,0,0,0,0,,,0
GER-Bundesliga,2324,Frankfurt,Ellyes Skhiri,TUN,MF,28,1995,24.1,1,0,0,15,18,3,4,37,25,,,0
GER-Bundesliga,2324,Frankfurt,Fares Chaïbi,ALG,"MF,FW",20,2002,21.2,2,0,0,15,11,9,174,5,17,,,0
GER-Bundesliga,2324,Frankfurt,Hrvoje Smolčić,CRO,DF,22,2000,3.9,0,0,0,3,2,0,0,6,3,,,0
GER-Bundesliga,2324,Frankfurt,Hugo Ekitike,FRA,FW,21,2002,8.0,3,0,0,12,12,6,10,2,7,,,0
GER-Bundesliga,2324,Frankfurt,Hugo Larsson,SWE,MF,19,2004,21.0,1,0,0,16,2,1,8,29,19,,,0
GER-Bundesliga,2324,Frankfurt,Jean Mattéo Bahoya,FRA,MF,18,2005,2.0,0,0,0,1,1,1,5,1,1,,,0
GER-Bundesliga,2324,Frankfurt,Jens Grahl,GER,GK,34,1988,2.0,0,0,0,0,0,0,0,0,0,,,0
GER-Bundesliga,2324,Frankfurt,Jens Petter Hauge,NOR,"DF,FW",23,1999,1.6,0,0,0,1,2,1,2,0,1,,,0
GER-Bundesliga,2324,Frankfurt,Jesper Lindstrøm,DEN,FW,23,2000,0.9,0,0,0,1,0,0,1,0,1,,,0
GER-Bundesliga,2324,Frankfurt,Jessic Ngankam,GER,FW,23,2000,3.1,2,0,0,10,7,2,0,0,3,,,0
GER-Bundesliga,2324,Frankfurt,Junior Dina Ebimbe,CMR,MF,22,2000,21.7,5,0,0,49,15,3,22,10,26,,,0
GER-Bundesliga,2324,Frankfurt,Kevin Trapp,GER,GK,33,1990,32.0,2,0,0,0,6,0,0,1,0,,,0
GER-Bundesliga,2324,Frankfurt,Kristijan Jakić,CRO,MF,26,1997,2.2,1,0,0,5,3,0,1,2,2,,,0
GER-Bundesliga,2324,Frankfurt,Makoto Hasebe,JPN,"MF,DF",39,1984,2.4,1,0,0,4,3,0,1,1,2,,,0
GER-Bundesliga,2324,Frankfurt,Mario Götze,GER,MF,31,1992,23.0,5,1,1,14,35,1,54,15,35,,,0
GER-Bundesliga,2324,Frankfurt,Marko Mladenović,SRB,MF,18,2005,0.1,0,0,0,0,0,0,0,0,0,,,0
GER-Bundesliga,2324,Frankfurt,Nacho Ferri,ESP,FW,18,2004,0.8,0,0,0,2,2,0,0,0,3,,,0
GER-Bundesliga,2324,Frankfurt,Niels Nkounkou,FRA,"MF,DF",22,2000,14.5,5,1,1,27,2,0,53,16,31,,,0
GER-Bundesliga,2324,Frankfurt,Nnamdi Collins,GER,DF,19,2004,1.0,0,0,0,0,1,0,2,2,0,,,0
GER-Bundesliga,2324,Frankfurt,Omar Marmoush,EGY,"FW,MF",24,1999,25.6,7,0,0,28,74,12,32,11,10,,,0
GER-Bundesliga,2324,Frankfurt,Paxten Aaronson,USA,MF,19,2003,1.1,0,0,0,6,4,0,0,0,2,,,0
GER-Bundesliga,2324,Frankfurt,Philipp Max,GER,"MF,DF",29,1993,15.0,2,0,0,7,9,2,61,7,19,,,0
GER-Bundesliga,2324,Frankfurt,Randal Kolo Muani,FRA,FW,24,1998,1.7,0,0,0,4,5,0,0,0,0,,,0
GER-Bundesliga,2324,Frankfurt,Robin Koch,GER,DF,27,1996,30.4,10,0,0,20,13,0,5,31,21,,,0
GER-Bundesliga,2324,Frankfurt,Saša Kalajdžić,AUT,FW,26,1997,3.6,0,0,0,3,10,1,1,2,2,,,0
GER-Bundesliga,2324,Frankfurt,Sebastian Rode,GER,MF,32,1990,0.7,0,0,0,0,1,0,1,1,4,,,0
GER-Bundesliga,2324,Frankfurt,Timothy Chandler,USA,"DF,MF",33,1990,0.2,0,0,0,0,0,0,4,0,0,,,0
GER-Bundesliga,2324,Frankfurt,Tuta,BRA,"DF,MF",24,1999,28.9,3,2,1,28,16,0,11,34,34,,,0
GER-Bundesliga,2324,Frankfurt,Willian Pacho,ECU,DF,21,2001,33.0,7,0,0,22,14,1,7,44,38,,,0
GER-Bundesliga,2324,Freiburg,Attila Szalai,HUN,"DF,MF",25,1998,1.1,0,0,0,0,0,1,0,1,1,,,0
GER-Bundesliga,2324,Freiburg,Christian Günter,GER,"MF,DF",30,1993,11.8,1,0,0,8,3,1,63,2,12,,,0
GER-Bundesliga,2324,Freiburg,Fabian Rüdlin,GER,MF,26,1997,0.1,0,0,0,0,0,0,0,0,0,,,0
GER-Bundesliga,2324,Freiburg,Florent Muslija,KVX,"FW,MF",25,1998,1.2,0,0,0,1,2,0,9,0,4,,,0
GER-Bundesliga,2324,Freiburg,Jordy Makengo,FRA,"DF,MF",21,2001,11.4,1,0,0,14,11,1,24,11,11,,,0
GER-Bundesliga,2324,Freiburg,Junior Adamu,AUT,FW,22,2001,1.2,0,0,0,7,4,2,1,0,1,,,0
GER-Bundesliga,2324,Freiburg,Kenneth Schmidt,GER,DF,21,2002,0.8,0,0,0,1,0,0,2,1,2,,,0
GER-Bundesliga,2324,Freiburg,Kiliann Sildillia,FRA,DF,21,2002,20.1,2,1,0,28,10,4,37,23,20,,,0
GER-Bundesliga,2324,Freiburg,Lucas Höler,GER,"FW,MF",29,1994,25.6,7,0,0,25,48,7,13,14,24,,,0
GER-Bundesliga,2324,Freiburg,Lukas Kübler,GER,DF,30,1992,20.5,7,0,0,19,25,3,21,38,24,,,0
GER-Bundesliga,2324,Freiburg,Manuel Gulde,GER,DF,32,1991,22.7,5,1,1,17,15,1,3,22,27,,,0
GER-Bundesliga,2324,Freiburg,Matthias Ginter,GER,DF,29,1994,21.3,3,0,0,8,15,0,16,17,16,,,1
GER-Bundesliga,2324,Freiburg,Maximilian Breunig,GER,FW,22,2000,0.1,0,0,0,1,0,0,0,0,0,,,0
GER-Bundesliga,2324,Freiburg,Maximilian Eggestein,GER,MF,26,1996,32.4,6,0,0,32,23,2,9,29,22,,,0
GER-Bundesliga,2324,Freiburg,Maximilian Philipp,GER,FW,29,1994,3.6,2,0,0,10,3,0,4,1,5,,,0
GER-Bundesliga,2324,Freiburg,Merlin Röhl,GER,"MF,FW",21,2002,16.4,3,1,0,35,28,2,16,9,13,,,0
GER-Bundesliga,2324,Freiburg,Michael Gregoritsch,AUT,FW,29,1994,18.7,2,0,0,17,19,6,11,8,12,,,0
GER-Bundesliga,2324,Freiburg,Nicolas Höfler,GER,MF,33,1990,25.9,10,1,0,29,31,0,2,32,37,,,0
GER-Bundesliga,2324,Freiburg,Noah Atubolu,GER,GK,21,2002,34.0,0,0,0,0,3,0,0,0,0,,,0
GER-Bundesliga,2324,Freiburg,Noah Weißhaupt,GER,MF,21,2001,8.4,1,0,0,8,31,2,50,6,4,,,0
GER-Bundesliga,2324,Freiburg,Philipp Lienhart,AUT,DF,27,1996,14.1,3,0,0,12,6,1,4,15,13,,,0
GER-Bundesliga,2324,Freiburg,Ritsu Doan,JPN,MF,25,1998,25.0,2,0,0,26,35,2,61,8,25,,,0
GER-Bundesliga,2324,Freiburg,Roland Sallai,HUN,"MF,FW",26,1997,20.4,6,0,0,41,42,11,75,5,11,,,0
GER-Bundesliga,2324,Freiburg,Vincenzo Grifo,ITA,MF,30,1993,25.8,3,0,0,13,16,6,172,15,19,,,0
GER-Bundesliga,2324,Freiburg,Yannik Keitel,GER,"DF,MF",23,2000,10.2,0,0,0,12,6,0,2,11,17,,,0
GER-Bundesliga,2324,Gladbach,Alassane Pléa,FRA,"FW,MF",30,1993,21.3,1,0,0,15,29,6,43,2,6,,,0
GER-Bundesliga,2324,Gladbach,Christoph Kramer,GER,MF,32,1991,2.8,4,0,0,6,3,0,3,4,6,,,0
GER-Bundesliga,2324,Gladbach,Fabio Chiarodia,ITA,DF,18,2005,1.7,0,0,0,1,0,0,1,3,5,,,0
GER-Bundesliga,2324,Gladbach,Florian Neuhaus,GER,MF,26,1997,13.6,4,0,0,9,18,0,10,13,12,,,0
GER-Bundesliga,2324,Gladbach,Franck Honorat,FRA,"MF,FW",26,1996,26.1,1,0,0,9,15,6,237,8,14,,,0
GER-Bundesliga,2324,Gladbach,Grant Ranos,ARM,FW,20,2003,0.5,0,0,0,0,0,1,1,0,0,,,0
GER-Bundesliga,2324,Gladbach,Joe Scally,USA,"DF,MF",20,2002,24.8,4,0,0,16,46,1,46,19,26,,,0
GER-Bundesliga,2324,Gladbach,Jonas Omlin,SUI,GK,29,1994,7.0,1,0,0,0,2,0,0,0,0,,,0
GER-Bundesliga,2324,Gladbach,Jordan Pefok,USA,FW,27,1996,15.8,2,0,0,36,30,7,0,4,4,,,0
GER-Bundesliga,2324,Gladbach,Julian Weigl,GER,MF,27,1995,30.7,10,0,0,33,30,0,3,47,41,,,0
GER-Bundesliga,2324,Gladbach,Ko Itakura,JPN,"DF,MF",26,1997,17.7,9,0,0,28,4,0,5,23,20,,,0
GER-Bundesliga,2324,Gladbach,Luca Netz,GER,"MF,DF",20,2003,24.7,2,0,0,26,16,1,74,18,25,,,0
GER-Bundesliga,2324,Gladbach,Lukas Ullrich,GER,DF,19,2004,0.5,0,0,0,0,1,0,5,0,0,,,0
GER-Bundesliga,2324,Gladbach,Manu Koné,FRA,MF,22,2001,17.3,4,1,0,28,36,3,3,14,26,,,0
GER-Bundesliga,2324,Gladbach,Marvin Friedrich,GER,DF,27,1995,17.4,1,0,0,10,10,0,2,19,15,,,0
GER-Bundesliga,2324,Gladbach,Maximilian Wöber,AUT,DF,25,1998,23.0,4,1,1,27,3,5,21,34,32,,,0
GER-Bundesliga,2324,Gladbach,Moritz Nicolas,GER,GK,25,1997,27.0,2,0,0,1,2,0,0,0,0,,,0
GER-Bundesliga,2324,Gladbach,Nathan N'Goumou,CMR,"MF,FW",23,2000,15.4,1,0,0,13,17,6,29,5,23,,,0
GER-Bundesliga,2324,Gladbach,Nico Elvedi,SUI,DF,26,1996,27.6,5,0,0,13,17,1,2,41,21,,,0
GER-Bundesliga,2324,Gladbach,Patrick Herrmann,GER,"FW,MF",32,1991,1.0,1,0,0,3,2,0,5,1,4,,,0
GER-Bundesliga,2324,Gladbach,Robin Hack,GER,"FW,MF",24,1998,15.0,2,0,0,17,22,9,44,14,9,,,0
GER-Bundesliga,2324,Gladbach,Rocco Reitz,GER,MF,21,2002,23.7,2,0,0,25,45,2,13,40,37,,,0
GER-Bundesliga,2324,Gladbach,Shiō Fukuda,JPN,FW,19,2004,0.4,0,0,0,1,0,0,0,1,0,,,0
GER-Bundesliga,2324,Gladbach,Stefan Lainer,AUT,"MF,DF",30,1992,8.3,2,0,0,8,7,1,19,5,16,,,0
GER-Bundesliga,2324,Gladbach,Tomáš Čvančara,CZE,"FW,MF",22,2000,10.0,4,0,0,9,13,4,4,2,3,,,0
GER-Bundesliga,2324,Gladbach,Tony Jantschke,GER,"DF,MF",33,1990,0.3,0,0,0,1,2,0,0,1,1,,,0
GER-Bundesliga,2324,Gladbach,Yvandro Borges Sanches,LUX,MF,19,2004,0.2,0,0,0,2,2,0,3,0,0,,,0
GER-Bundesliga,2324,Heidenheim,Adrian Beck,GER,MF,26,1997,10.8,1,0,0,14,10,2,6,4,13,,,0
GER-Bundesliga,2324,Heidenheim,Benedikt Gimber,GER,DF,26,1997,22.5,9,0,0,40,27,0,3,15,23,,,1
GER-Bundesliga,2324,Heidenheim,Christian Kühlwetter,GER,"FW,MF",27,1996,0.1,0,0,0,0,0,0,0,0,0,,,0
GER-Bundesliga,2324,Heidenheim,Denis Thomalla,GER,MF,30,1992,5.0,0,0,0,6,2,1,2,4,6,,,0
GER-Bundesliga,2324,Heidenheim,Eren Dinkçi,GER,MF,21,2001,29.4,8,0,0,28,22,2,78,12,18,,,0
GER-Bundesliga,2324,Heidenheim,Florian Pick,GER,MF,27,1995,3.6,2,0,0,6,7,1,33,3,4,,,0
GER-Bundesliga,2324,Heidenheim,Jan Schöppner,GER,MF,24,1999,22.2,3,0,0,14,12,1,7,27,26,,,0
GER-Bundesliga,2324,Heidenheim,Jan-Niklas Beste,GER,MF,24,1999,28.9,4,0,0,28,51,4,279,17,50,,,0
GER-Bundesliga,2324,Heidenheim,Jonas Föhrenbach,GER,DF,27,1996,31.0,2,0,0,15,16,2,72,32,24,,,1
GER-Bundesliga,2324,Heidenheim,Kevin Müller,GER,GK,32,1991,34.0,1,0,0,1,2,0,0,0,0,,,0
GER-Bundesliga,2324,Heidenheim,Kevin Sessa,GER,MF,23,2000,11.2,1,0,0,16,20,1,21,4,9,,,0
GER-Bundesliga,2324,Heidenheim,Lennard Maloney,USA,MF,23,1999,25.4,1,0,0,44,15,0,3,25,27,,,1
GER-Bundesliga,2324,Heidenheim,Marnon Busch,GER,DF,28,1994,6.6,1,0,0,9,4,0,26,10,9,,,0
GER-Bundesliga,2324,Heidenheim,Marvin Pieringer,GER,"FW,MF",23,1999,16.8,5,0,0,38,30,6,7,12,12,,,0
GER-Bundesliga,2324,Heidenheim,Nikola Dovedan,AUT,MF,29,1994,7.3,0,1,0,10,24,0,8,1,9,,,0
GER-Bundesliga,2324,Heidenheim,Norman Theuerkauf,GER,"MF,DF",36,1987,14.0,3,0,0,13,16,0,23,16,18,,,0
GER-Bundesliga,2324,Heidenheim,Omar Traoré,GER,DF,25,1998,27.5,5,0,0,30,31,1,74,42,30,,,0
GER-Bundesliga,2324,Heidenheim,Patrick Mainka,GER,DF,28,1994,34.0,1,0,0,24,16,2,0,46,46,,,0
GER-Bundesliga,2324,Heidenheim,Stefan Schimmer,GER,FW,29,1994,1.7,0,0,0,1,1,0,1,1,1,,,0
GER-Bundesliga,2324,Heidenheim,Thomas Keller,GER,"DF,MF",23,1999,0.0,0,0,0,1,0,0,0,0,0,,,0
GER-Bundesliga,2324,Heidenheim,Tim Kleindienst,GER,FW,27,1995,31.9,6,0,0,88,13,15,20,11,13,,,0
GER-Bundesliga,2324,Heidenheim,Tim Siersleben,GER,DF,23,2000,10.1,1,0,0,16,5,0,1,21,11,,,0
GER-Bundesliga,2324,Hoffenheim,Andrej Kramarić,CRO,"MF,FW",32,1991,24.4,4,0,0,8,35,8,112,9,2,,,0
GER-Bundesliga,2324,Hoffenheim,Angelo Stiller,GER,MF,22,2001,0.9,0,0,0,0,1,0,3,0,0,,,0
GER-Bundesliga,2324,Hoffenheim,Anton Stach,GER,MF,24,1998,25.8,4,0,0,30,41,0,54,72,41,,,0
GER-Bundesliga,2324,Hoffenheim,Attila Szalai,HUN,DF,25,1998,3.2,1,0,0,7,0,0,5,1,1,,,1
GER-Bundesliga,2324,Hoffenheim,Bambasé Conté,GER,MF,20,2003,0.5,0,0,0,3,6,0,2,0,3,,,0
GER-Bundesliga,2324,Hoffenheim,David Jurásek,CZE,"MF,DF",22,2000,5.5,1,0,0,3,1,0,24,3,11,,,0
GER-Bundesliga,2324,Hoffenheim,Dennis Geiger,GER,MF,25,1998,0.7,1,0,0,2,0,0,0,0,0,,,0
GER-Bundesliga,2324,Hoffenheim,Diadie Samassékou,MLI,MF,27,1996,0.0,0,0,0,0,1,0,0,1,0,,,0
GER-Bundesliga,2324,Hoffenheim,Finn Ole Becker,GER,MF,23,2000,6.7,1,0,0,6,7,0,7,1,7,,,0
GER-Bundesliga,2324,Hoffenheim,Florian Grillitsch,AUT,"DF,MF",27,1995,25.5,8,0,0,27,24,0,17,55,28,,,0
GER-Bundesliga,2324,Hoffenheim,Grischa Prömel,GER,MF,28,1995,23.8,10,1,1,33,29,1,11,20,22,,,0
GER-Bundesliga,2324,Hoffenheim,Ihlas Bebou,TOG,"FW,MF",29,1994,18.2,3,0,0,24,21,7,35,13,10,,,0
GER-Bundesliga,2324,Hoffenheim,John Brooks,USA,DF,30,1993,17.1,6,1,0,16,13,1,3,26,16,,,0
GER-Bundesliga,2324,Hoffenheim,Julian Justvan,GER,"FW,MF",25,1998,0.5,0,0,0,0,0,0,9,0,0,,,0
GER-Bundesliga,2324,Hoffenheim,Kasim Nuhu,GHA,DF,28,1995,0.1,0,0,0,1,0,0,0,0,0,,,0
GER-Bundesliga,2324,Hoffenheim,Kevin Akpoguma,NGA,DF,28,1995,12.2,7,0,0,15,14,0,4,19,18,,,0
GER-Bundesliga,2324,Hoffenheim,Kevin Vogt,GER,DF,31,1991,14.7,2,0,0,11,9,0,3,11,10,,,0
GER-Bundesliga,2324,Hoffenheim,Marius Bülter,GER,MF,30,1993,15.0,3,1,1,13,17,4,74,11,11,,,0
GER-Bundesliga,2324,Hoffenheim,Max Moerstedt,GER,FW,17,2006,0.1,0,0,0,0,0,0,0,0,0,,,0
GER-Bundesliga,2324,Hoffenheim,Maximilian Beier,GER,"FW,MF",20,2002,26.9,0,0,0,21,32,13,38,10,12,,,0
GER-Bundesliga,2324,Hoffenheim,Mergim Berisha,GER,FW,25,1998,1.6,0,0,0,5,2,1,2,0,0,,,0
GER-Bundesliga,2324,Hoffenheim,Oliver Baumann,GER,GK,33,1990,34.0,1,0,0,1,6,0,0,0,0,,,0
GER-Bundesliga,2324,Hoffenheim,Ozan Kabak,TUR,DF,23,2000,25.4,11,1,1,30,9,0,4,46,35,,,0
GER-Bundesliga,2324,Hoffenheim,Pavel Kadeřábek,CZE,"MF,DF",31,1992,26.8,7,0,0,17,12,1,100,22,19,,,0
GER-Bundesliga,2324,Hoffenheim,Robert Skov,DEN,MF,27,1996,14.0,2,0,0,15,20,1,72,10,16,,,0
GER-Bundesliga,2324,Hoffenheim,Stanley N'Soki,FRA,"DF,MF",24,1999,7.0,3,1,1,12,2,0,7,8,10,,,0
GER-Bundesliga,2324,Hoffenheim,Tim Drexler,GER,DF,18,2005,6.4,1,0,0,4,5,0,0,9,9,,,0
GER-Bundesliga,2324,Hoffenheim,Tom Bischof,GER,MF,18,2005,2.0,0,0,0,1,1,2,11,1,3,,,0
GER-Bundesliga,2324,Hoffenheim,Umut Tohumcu,GER,MF,18,2004,11.2,5,0,0,10,24,0,7,6,13,,,0
GER-Bundesliga,2324,Hoffenheim,Wout Weghorst,NED,FW,30,1992,22.0,4,0,0,24,34,13,4,4,6,,,0
GER-Bundesliga,2324,Köln,Benno Schmitz,GER,DF,28,1994,12.8,5,0,0,9,10,0,38,7,16,,,0
GER-Bundesliga,2324,Köln,Damion Downs,USA,FW,19,2004,2.0,0,0,0,1,0,0,1,0,1,,,0
GER-Bundesliga,2324,Köln,Davie Selke,GER,FW,28,1995,14.1,3,0,0,24,18,10,4,0,1,,,0
GER-Bundesliga,2324,Köln,Dejan Ljubičić,AUT,MF,25,1997,22.8,6,0,0,32,13,1,29,20,24,,,0
GER-Bundesliga,2324,Köln,Denis Huseinbasic,BIH,MF,22,2001,18.1,5,0,0,28,14,0,15,13,20,,,0
GER-Bundesliga,2324,Köln,Dominique Heintz,GER,DF,29,1993,6.3,0,0,0,7,4,1,22,3,4,,,0
GER-Bundesliga,2324,Köln,Eric Martel,GER,MF,21,2002,27.3,6,0,0,52,41,2,21,43,46,,,0
GER-Bundesliga,2324,Köln,Faride Alidou,GER,"MF,FW",22,2001,14.2,4,0,0,21,23,3,40,8,4,,,0
GER-Bundesliga,2324,Köln,Florian Dietz,GER,FW,24,1998,0.8,0,0,0,1,0,0,0,0,0,,,0
GER-Bundesliga,2324,Köln,Florian Kainz,AUT,MF,30,1992,24.4,4,0,0,19,33,1,164,17,19,,,0
GER-Bundesliga,2324,Köln,Jacob Christensen,DEN,MF,22,2001,2.4,1,0,0,4,0,0,5,4,6,,,0
GER-Bundesliga,2324,Köln,Jan Thielmann,GER,"FW,MF",21,2002,17.5,4,1,0,27,27,6,42,8,19,,,0
GER-Bundesliga,2324,Köln,Julian Chabot,GER,DF,25,1998,30.0,9,1,1,27,42,4,4,45,41,,,0
GER-Bundesliga,2324,Köln,Justin Diehl,GER,MF,18,2004,1.9,0,0,0,2,4,0,18,0,0,,,0
GER-Bundesliga,2324,Köln,Leart Paqarada,KVX,DF,28,1994,11.9,0,0,0,7,8,1,91,12,11,,,0
GER-Bundesliga,2324,Köln,Linton Maina,GER,MF,24,1999,21.1,4,0,0,10,17,5,75,6,14,,,0
GER-Bundesliga,2324,Köln,Luca Kilian,GER,DF,23,1999,7.1,1,0,0,4,0,0,2,7,10,,,0
GER-Bundesliga,2324,Köln,Luca Waldschmidt,GER,MF,27,1996,12.7,0,0,0,20,15,5,39,4,12,,,0
GER-Bundesliga,2324,Köln,Mark Uth,GER,"MF,FW",31,1991,4.1,2,0,0,9,12,0,31,1,4,,,0
GER-Bundesliga,2324,Köln,Marvin Schwäbe,GER,GK,28,1995,34.0,0,0,0,0,1,0,0,0,0,,,0
GER-Bundesliga,2324,Köln,Mathias Olesen,LUX,MF,22,2001,1.2,2,1,1,3,2,0,1,3,1,,,0
GER-Bundesliga,2324,Köln,Max Finkgräfe,GER,DF,19,2004,19.5,4,0,0,19,21,0,61,23,42,,,0
GER-Bundesliga,2324,Köln,Rasmus Carstensen,DEN,"DF,MF",22,2000,18.4,2,1,1,22,13,3,56,19,25,,,0
GER-Bundesliga,2324,Köln,Sargis Adamyan,ARM,"FW,MF",30,1993,8.9,2,0,0,18,13,8,4,5,10,,,0
GER-Bundesliga,2324,Köln,Steffen Tigges,GER,FW,25,1998,8.1,0,0,0,7,8,2,7,1,5,,,0
GER-Bundesliga,2324,Köln,Timo Hübers,GER,DF,27,1996,30.9,6,0,0,45,25,1,3,59,46,,,0
GER-Bundesliga,2324,Leverkusen,Adam Hložek,CZE,"MF,FW",21,2002,5.1,1,0,0,8,7,1,0,2,4,,,0
GER-Bundesliga,2324,Leverkusen,Amine Adli,MAR,"MF,FW",23,2000,10.0,5,0,0,14,28,7,22,5,7,,,0
GER-Bundesliga,2324,Leverkusen,Arthur,BRA,MF,20,2003,2.0,0,0,0,2,0,0,7,0,3,,,0
GER-Bundesliga,2324,Leverkusen,Borja Iglesias,ESP,FW,30,1993,2.8,0,0,0,2,3,1,1,1,0,,,0
GER-Bundesliga,2324,Leverkusen,Edmond Tapsoba,BFA,DF,24,1999,23.2,4,0,0,25,4,1,5,25,26,,,0
GER-Bundesliga,2324,Leverkusen,Exequiel Palacios,ARG,MF,24,1998,20.3,6,0,0,16,55,0,5,31,35,,,0
GER-Bundesliga,2324,Leverkusen,Florian Wirtz,GER,MF,20,2003,26.4,3,0,0,23,27,6,37,8,20,,,0
GER-Bundesliga,2324,Leverkusen,Granit Xhaka,SUI,MF,30,1992,31.3,5,0,0,30,43,0,10,17,21,,,0
GER-Bundesliga,2324,Leverkusen,Gustavo Puerta,COL,MF,20,2003,0.5,0,0,0,2,1,0,1,0,3,,,0
GER-Bundesliga,2324,Leverkusen,Jeremie Frimpong,NED,MF,22,2000,25.0,6,0,0,21,34,12,93,7,18,,,0
GER-Bundesliga,2324,Leverkusen,Jonas Hofmann,GER,MF,31,1992,24.5,3,0,0,14,19,13,126,8,14,,,0
GER-Bundesliga,2324,Leverkusen,Jonathan Tah,GER,DF,27,1996,29.2,6,0,0,33,4,1,3,22,8,,,0
GER-Bundesliga,2324,Leverkusen,Josip Stanišić,CRO,"DF,MF",23,2000,14.0,3,0,0,5,7,1,16,9,19,,,0
GER-Bundesliga,2324,Leverkusen,Lukáš Hrádecký,FIN,GK,33,1989,33.0,2,0,0,0,1,0,0,0,0,,,0
GER-Bundesliga,2324,Leverkusen,Matej Kovar,CZE,GK,23,2000,1.0,0,0,0,0,0,0,0,0,0,,,0
GER-Bundesliga,2324,Leverkusen,Nadiem Amiri,GER,MF,26,1996,1.0,0,0,0,1,3,0,1,0,2,,,0
GER-Bundesliga,2324,Leverkusen,Nathan Tella,NGA,MF,24,1999,9.1,2,0,0,11,18,4,27,3,8,,,0
GER-Bundesliga,2324,Leverkusen,Noah Mbamba,BEL,MF,18,2005,0.2,0,0,0,1,0,0,1,1,0,,,0
GER-Bundesliga,2324,Leverkusen,Odilon Kossounou,CIV,DF,22,2001,20.1,3,0,0,17,7,0,2,25,22,,,0
GER-Bundesliga,2324,Leverkusen,Patrik Schick,CZE,FW,27,1996,11.8,1,0,0,11,13,5,1,2,4,,,0
GER-Bundesliga,2324,Leverkusen,Piero Hincapié,ECU,DF,21,2002,16.5,2,0,0,16,11,0,8,13,22,,,0
GER-Bundesliga,2324,Leverkusen,Robert Andrich,GER,"MF,DF",28,1994,18.8,4,0,0,23,14,0,14,20,18,,,0
GER-Bundesliga,2324,Leverkusen,Victor Boniface,NGA,FW,22,2000,17.2,2,0,0,16,17,18,3,0,3,,,0
GER-Bundesliga,2324,Leverkusen,Álex Grimaldo,ESP,MF,27,1995,30.9,1,0,0,14,26,3,202,22,25,,,0
GER-Bundesliga,2324,Mainz 05,Andreas Hanche-Olsen,NOR,DF,26,1997,11.0,5,0,0,13,8,1,0,11,13,,,0
GER-Bundesliga,2324,Mainz 05,Anthony Caci,FRA,"MF,DF",26,1997,27.6,8,0,0,34,15,0,74,28,23,,,0
GER-Bundesliga,2324,Mainz 05,Anton Stach,GER,MF,24,1998,1.9,0,0,0,2,4,0,2,2,0,,,0
GER-Bundesliga,2324,Mainz 05,Anwar El Ghazi,NED,"FW,MF",28,1995,0.6,0,0,0,1,0,0,1,0,0,,,0
GER-Bundesliga,2324,Mainz 05,Aymen Barkok,MAR,MF,25,1998,3.6,2,0,0,15,3,0,14,2,5,,,0
GER-Bundesliga,2324,Mainz 05,Brajan Gruda,GER,"MF,FW",19,2004,18.2,5,0,0,28,47,9,52,5,14,,,0
GER-Bundesliga,2324,Mainz 05,Daniel Batz,GER,GK,32,1991,4.0,0,0,0,0,0,0,0,0,0,,,0
GER-Bundesliga,2324,Mainz 05,Danny da Costa,GER,"MF,DF",30,1993,9.2,1,0,0,7,4,0,40,16,10,,,0
GER-Bundesliga,2324,Mainz 05,David Mamutovic,GER,MF,22,2000,0.1,0,0,0,0,2,0,1,0,1,,,0
GER-Bundesliga,2324,Mainz 05,Dominik Kohr,GER,"DF,MF",29,1994,24.3,15,1,1,47,26,0,22,44,40,,,0
GER-Bundesliga,2324,Mainz 05,Edimilson Fernandes,SUI,DF,27,1996,14.3,4,0,0,10,8,2,52,24,15,,,0
GER-Bundesliga,2324,Mainz 05,Jessic Ngankam,GER,"MF,FW",23,2000,2.0,0,1,0,8,3,1,2,4,1,,,0
GER-Bundesliga,2324,Mainz 05,Jonathan Burkardt,GER,"FW,MF",23,2000,17.1,2,0,0,19,36,3,33,2,9,,,0
GER-Bundesliga,2324,Mainz 05,Josuha Guilavogui,FRA,DF,32,1990,4.5,1,0,0,5,2,0,0,13,10,,,0
GER-Bundesliga,2324,Mainz 05,Karim Onisiwo,AUT,"FW,MF",31,1992,16.6,1,0,0,31,44,15,21,2,8,,,0
GER-Bundesliga,2324,Mainz 05,Leandro Barreiro Martins,LUX,MF,23,2000,29.0,8,0,0,57,52,3,6,33,42,,,0
GER-Bundesliga,2324,Mainz 05,Lee Jae-sung,KOR,MF,30,1992,23.5,6,0,0,19,27,9,18,27,20,,,0
GER-Bundesliga,2324,Mainz 05,Ludovic Ajorque,FRA,FW,29,1994,15.1,4,0,0,28,15,5,3,4,2,,,0
GER-Bundesliga,2324,Mainz 05,Marco Richter,GER,MF,25,1997,8.0,3,0,0,10,17,4,37,2,5,,,0
GER-Bundesliga,2324,Mainz 05,Marcus Müller,GER,FW,20,2002,0.2,0,0,0,1,0,0,0,0,0,,,0
GER-Bundesliga,2324,Mainz 05,Maxim Leitsch,GER,DF,25,1998,4.2,0,0,0,2,2,0,0,4,3,,,0
GER-Bundesliga,2324,Mainz 05,Merveille Papela,GER,MF,22,2001,2.9,1,0,0,6,1,0,2,4,3,,,0
GER-Bundesliga,2324,Mainz 05,Nadiem Amiri,GER,MF,26,1996,14.6,5,0,0,11,32,1,124,14,11,,,0
GER-Bundesliga,2324,Mainz 05,Nelson Weiper,GER,FW,18,2005,1.4,0,0,0,0,0,0,1,1,1,,,0
GER-Bundesliga,2324,Mainz 05,Phillipp Mwene,AUT,"MF,DF",29,1994,22.2,4,1,0,34,13,2,88,16,16,,,0
GER-Bundesliga,2324,Mainz 05,Robin Zentner,GER,GK,28,1994,30.0,3,0,0,1,5,0,0,0,2,,,0
GER-Bundesliga,2324,Mainz 05,Sepp van den Berg,NED,DF,21,2001,31.5,9,0,0,33,17,0,2,40,24,,,1
GER-Bundesliga,2324,Mainz 05,Silvan Widmer,SUI,"MF,DF",30,1993,13.8,4,0,0,9,3,3,34,15,10,,,0
GER-Bundesliga,2324,Mainz 05,Stefan Bell,GER,DF,31,1991,7.4,3,0,0,10,8,1,1,6,8,,,0
GER-Bundesliga,2324,Mainz 05,Tom Krauß,GER,MF,22,2001,15.0,5,0,0,31,16,0,7,19,33,,,0
GER-Bundesliga,2324,RB Leipzig,Amadou Haidara,MLI,MF,25,1998,17.0,5,0,0,14,15,2,3,21,27,,,0
GER-Bundesliga,2324,RB Leipzig,Benjamin Henrichs,GER,"DF,MF",26,1997,28.1,5,0,0,27,34,2,67,32,41,,,0
GER-Bundesliga,2324,RB Leipzig,Benjamin Šeško,SVN,FW,20,2003,17.0,0,0,0,14,10,12,4,3,5,,,0
GER-Bundesliga,2324,RB Leipzig,Castello Lukeba,FRA,DF,20,2002,24.3,3,0,0,8,23,1,5,14,12,,,0
GER-Bundesliga,2324,RB Leipzig,Christoph Baumgartner,AUT,"MF,FW",23,1999,12.9,3,0,0,27,27,1,9,5,14,,,0
GER-Bundesliga,2324,RB Leipzig,Christopher Lenz,GER,"DF,MF",28,1994,0.5,0,0,0,2,0,0,5,2,1,,,0
GER-Bundesliga,2324,RB Leipzig,Dani Olmo,ESP,MF,25,1998,16.1,0,0,0,15,17,1,21,13,17,,,0
GER-Bundesliga,2324,RB Leipzig,David Raum,GER,DF,25,1998,30.4,6,0,0,28,11,4,305,29,33,,,0
GER-Bundesliga,2324,RB Leipzig,El Chadaille Bitshiabu,FRA,DF,18,2005,0.4,0,0,0,0,0,0,2,1,0,,,0
GER-Bundesliga,2324,RB Leipzig,Elif Elmas,MKD,MF,23,1999,3.0,0,0,0,4,4,0,0,1,6,,,0
GER-Bundesliga,2324,RB Leipzig,Emil Forsberg,SWE,MF,31,1991,5.2,0,0,0,4,9,0,8,0,3,,,0
GER-Bundesliga,2324,RB Leipzig,Fabio Carvalho,POR,MF,20,2002,1.8,0,0,0,0,3,0,6,0,1,,,0
GER-Bundesliga,2324,RB Leipzig,Janis Blaswich,GER,GK,32,1991,21.0,0,0,0,0,2,0,0,0,1,,,0
GER-Bundesliga,2324,RB Leipzig,Jonathan Norbye,NOR,DF,16,2007,0.0,0,0,0,0,0,0,0,0,0,,,0
GER-Bundesliga,2324,RB Leipzig,Kevin Kampl,SVN,MF,32,1990,15.1,3,0,0,16,3,0,11,10,7,,,0
GER-Bundesliga,2324,RB Leipzig,Loïs Openda,BEL,FW,23,2000,30.0,4,0,0,38,64,33,32,4,3,,,0
GER-Bundesliga,2324,RB Leipzig,Lukas Klostermann,GER,DF,27,1996,16.0,3,0,0,11,5,1,8,14,10,,,0
GER-Bundesliga,2324,RB Leipzig,Mohamed Simakan,FRA,DF,23,2000,23.8,8,0,0,35,25,3,19,27,31,,,0
GER-Bundesliga,2324,RB Leipzig,Nicolas Seiwald,AUT,MF,22,2001,8.0,1,0,0,5,1,0,4,10,17,,,1
GER-Bundesliga,2324,RB Leipzig,Nuha Jatta,GAM,MF,17,2006,0.0,0,0,0,0,0,0,0,0,0,,,0
GER-Bundesliga,2324,RB Leipzig,Péter Gulácsi,HUN,GK,33,1990,13.0,0,0,0,0,0,0,0,0,0,,,0
GER-Bundesliga,2324,RB Leipzig,Timo Werner,GER,"MF,FW",27,1996,2.3,0,0,0,2,0,0,4,1,1,,,0
GER-Bundesliga,2324,RB Leipzig,Willi Orban,HUN,DF,30,1992,17.6,2,0,0,16,10,0,1,16,12,,,0
GER-Bundesliga,2324,RB Leipzig,Xaver Schlager,AUT,MF,25,1997,27.5,7,0,0,34,25,2,14,19,52,,,0
GER-Bundesliga,2324,RB Leipzig,Xavi Simons,NED,MF,20,2003,29.5,11,1,1,32,71,1,76,17,18,,,0
GER-Bundesliga,2324,RB Leipzig,Yussuf Poulsen,DEN,FW,29,1994,13.5,0,0,0,22,29,4,3,3,7,,,0
GER-Bundesliga,2324,Stuttgart,Alexander Nübel,GER,GK,26,1996,30.0,1,0,0,0,4,0,0,0,2,,,1
GER-Bundesliga,2324,Stuttgart,Angelo Stiller,GER,MF,22,2001,29.9,5,0,0,37,33,0,81,28,33,,,0
GER-Bundesliga,2324,Stuttgart,Anthony Rouault,FRA,DF,22,2001,11.2,3,0,0,8,4,1,3,10,12,,,0
GER-Bundesliga,2324,Stuttgart,Atakan Karazor,TUR,MF,26,1996,29.1,9,0,0,27,61,0,4,26,48,,,0
GER-Bundesliga,2324,Stuttgart,Borna Sosa,CRO,"DF,MF",25,1998,0.5,0,0,0,0,0,0,12,0,0,,,0
GER-Bundesliga,2324,Stuttgart,Chris Führich,GER,MF,25,1998,28.5,2,0,0,6,10,3,100,5,20,,,0
GER-Bundesliga,2324,Stuttgart,Dan-Axel Zagadou,FRA,DF,24,1999,16.1,1,0,0,17,3,1,0,22,15,,,1
GER-Bundesliga,2324,Stuttgart,Deniz Undav,GER,"FW,MF",27,1996,23.2,5,0,0,29,27,4,9,6,15,,,0
GER-Bundesliga,2324,Stuttgart,Enzo Millot,FRA,MF,21,2002,24.9,5,0,0,36,35,4,40,17,22,,,0
GER-Bundesliga,2324,Stuttgart,Fabian Bredlow,GER,GK,28,1995,4.0,0,0,0,0,1,0,0,0,0,,,0
GER-Bundesliga,2324,Stuttgart,Genki Haraguchi,JPN,"FW,MF",32,1991,0.3,0,0,0,2,0,0,0,0,1,,,0
GER-Bundesliga,2324,Stuttgart,Hiroki Ito,JPN,DF,24,1999,24.8,1,0,0,17,8,2,23,32,17,,,0
GER-Bundesliga,2324,Stuttgart,Jamie Leweling,GER,MF,22,2001,16.9,3,0,0,22,23,8,46,5,11,,,0
GER-Bundesliga,2324,Stuttgart,Jeong Woo-yeong,KOR,MF,23,1999,7.0,1,0,0,4,9,2,8,9,9,,,0
GER-Bundesliga,2324,Stuttgart,Josha Vagnoman,GER,"MF,DF",22,2000,13.1,2,0,0,11,8,2,22,3,19,,,0
GER-Bundesliga,2324,Stuttgart,Jovan Milošević,SRB,FW,18,2005,0.3,0,0,0,1,1,0,0,0,0,,,0
GER-Bundesliga,2324,Stuttgart,Leonidas Stergiou,SUI,DF,21,2002,6.6,0,0,0,5,1,0,12,5,7,,,0
GER-Bundesliga,2324,Stuttgart,Lilian Egloff,GER,MF,20,2002,1.2,1,0,0,2,2,0,0,1,1,,,0
GER-Bundesliga,2324,Stuttgart,Luca Raimund,GER,MF,18,2005,0.3,1,0,0,2,0,0,1,0,1,,,0
GER-Bundesliga,2324,Stuttgart,Mahmoud Dahoud,GER,MF,27,1996,2.5,0,0,0,0,2,0,6,0,1,,,0
GER-Bundesliga,2324,Stuttgart,Maximilian Mittelstädt,GER,"DF,MF",26,1997,23.4,5,0,0,29,31,1,106,43,49,,,0
GER-Bundesliga,2324,Stuttgart,Pascal Stenzel,GER,DF,27,1996,11.8,3,1,1,16,11,0,26,17,7,,,0
GER-Bundesliga,2324,Stuttgart,Roberto Massimo,GER,"FW,MF",22,2000,0.9,1,0,0,2,1,0,0,1,0,,,0
GER-Bundesliga,2324,Stuttgart,Samuele Di Benedetto,GER,MF,18,2005,0.1,0,0,0,0,2,0,0,1,0,,,0
GER-Bundesliga,2324,Stuttgart,Serhou Guirassy,GUI,FW,27,1996,24.5,0,0,0,18,55,17,1,6,3,,,0
GER-Bundesliga,2324,Stuttgart,Silas Katompa,COD,MF,24,1998,10.0,0,0,0,13,15,5,28,0,3,,,0
GER-Bundesliga,2324,Stuttgart,Waldemar Anton,GER,DF,27,1996,32.1,7,0,0,25,26,0,13,39,27,,,1
GER-Bundesliga,2324,Union Berlin,Alex Král,CZE,MF,25,1998,15.2,2,0,0,16,13,2,17,11,13,,,0
GER-Bundesliga,2324,Union Berlin,Alexander Schwolow,GER,GK,31,1992,1.0,0,0,0,0,0,0,0,0,0,,,0
GER-Bundesliga,2324,Union Berlin,Aljoscha Kemlein,GER,MF,18,2004,0.3,0,0,0,2,0,0,0,0,0,,,0
GER-Bundesliga,2324,Union Berlin,András Schäfer,HUN,MF,24,1999,13.5,1,1,0,22,17,2,18,20,15,,,0
GER-Bundesliga,2324,Union Berlin,Aïssa Laïdouni,TUN,MF,26,1996,11.9,2,0,0,20,27,0,22,12,12,,,0
GER-Bundesliga,2324,Union Berlin,Benedict Hollerbach,GER,"FW,MF",22,2001,14.2,2,0,0,29,20,4,44,5,12,,,0
GER-Bundesliga,2324,Union Berlin,Brenden Aaronson,USA,"MF,FW",22,2000,14.1,3,1,1,15,25,5,22,2,18,,,0
GER-Bundesliga,2324,Union Berlin,Chris Bedia,CIV,FW,27,1996,1.6,0,0,0,7,2,0,0,0,1,,,0
GER-Bundesliga,2324,Union Berlin,Christopher Trimmel,AUT,"MF,DF",36,1987,18.3,2,1,0,13,4,3,165,9,15,,,0
GER-Bundesliga,2324,Union Berlin,Danilho Doekhi,NED,DF,25,1998,24.0,2,0,0,13,20,0,3,37,25,,,0
GER-Bundesliga,2324,Union Berlin,David Datro Fofana,CIV,"FW,MF",20,2002,7.6,0,0,0,8,12,4,11,0,7,,,0
GER-Bundesliga,2324,Union Berlin,Diogo Leite,POR,DF,24,1999,30.0,6,0,0,40,31,1,4,46,35,,,0
GER-Bundesliga,2324,Union Berlin,Frederik Rønnow,DEN,GK,30,1992,33.0,2,0,0,0,4,0,0,1,1,,,0
GER-Bundesliga,2324,Union Berlin,Janik Haberer,GER,MF,29,1994,13.6,7,0,0,22,16,1,15,13,24,,,0
GER-Bundesliga,2324,Union Berlin,Jordan Pefok,USA,FW,27,1996,0.3,0,0,0,2,0,0,0,0,0,,,0
GER-Bundesliga,2324,Union Berlin,Josip Juranović,CRO,"MF,DF",27,1995,14.4,4,0,0,4,10,0,103,13,14,,,0
GER-Bundesliga,2324,Union Berlin,Jérôme Roussillon,GLP,"DF,MF",30,1993,8.4,2,0,0,4,10,0,21,5,9,,,0
GER-Bundesliga,2324,Union Berlin,Kevin Behrens,GER,FW,32,1991,14.0,3,0,0,22,20,8,6,5,10,,,0
GER-Bundesliga,2324,Union Berlin,Kevin Vogt,GER,DF,31,1991,14.7,5,0,0,17,9,1,0,8,9,,,0
GER-Bundesliga,2324,Union Berlin,Kevin Volland,GER,"FW,MF",31,1992,14.9,3,2,1,28,13,7,56,6,11,,,0
GER-Bundesliga,2324,Union Berlin,Leonardo Bonucci,ITA,DF,36,1987,5.1,0,0,0,2,1,0,6,9,4,,,0
GER-Bundesliga,2324,Union Berlin,Lucas Tousart,FRA,MF,26,1997,17.5,5,0,0,31,8,0,9,24,21,,,0
GER-Bundesliga,2324,Union Berlin,Mikkel Kaufmann,DEN,FW,22,2001,5.4,0,0,0,7,10,0,5,1,3,,,0
GER-Bundesliga,2324,Union Berlin,Miloš Pantović,SRB,"FW,MF",27,1996,0.2,0,0,0,0,2,0,0,0,0,,,0
GER-Bundesliga,2324,Union Berlin,Paul Jaeckel,GER,DF,25,1998,2.6,0,0,0,0,2,0,0,4,2,,,0
GER-Bundesliga,2324,Union Berlin,Rani Khedira,TUN,MF,29,1994,14.9,5,1,0,25,13,1,6,20,20,,,0
GER-Bundesliga,2324,Union Berlin,Robin Gosens,GER,"MF,DF",29,1994,25.4,9,1,1,29,24,17,63,34,44,,,0
GER-Bundesliga,2324,Union Berlin,Robin Knoche,GER,DF,31,1992,21.3,1,0,0,10,11,0,3,13,24,,,1
GER-Bundesliga,2324,Union Berlin,Sheraldo Becker,SUR,"FW,MF",28,1995,7.2,0,0,0,6,5,4,58,0,3,,,0
GER-Bundesliga,2324,Union Berlin,Yorbe Vertessen,BEL,"FW,MF",22,2001,6.6,1,0,0,8,11,1,3,1,2,,,0
GER-Bundesliga,2324,Werder Bremen,Amos Pieper,GER,DF,25,1998,6.6,0,0,0,5,5,0,2,9,11,,,0
GER-Bundesliga,2324,Werder Bremen,Anthony Jung,GER,"DF,MF",31,1991,28.7,4,1,0,15,15,1,24,26,25,,,0
GER-Bundesliga,2324,Werder Bremen,Christian Groß,GER,"DF,MF",34,1989,8.9,1,0,0,14,5,2,8,14,18,,,0
GER-Bundesliga,2324,Werder Bremen,Dawid Kownacki,POL,FW,26,1997,4.2,0,0,0,9,9,1,2,0,1,,,0
GER-Bundesliga,2324,Werder Bremen,Felix Agu,NGA,MF,23,1999,17.9,2,0,0,15,44,2,46,13,29,,,0
GER-Bundesliga,2324,Werder Bremen,Ilia Gruev,BUL,MF,23,2000,0.0,0,0,0,0,0,0,0,0,0,,,0
GER-Bundesliga,2324,Werder Bremen,Isak Hansen-Aarøen,NOR,MF,18,2004,0.3,1,0,0,1,0,0,0,1,0,,,0
GER-Bundesliga,2324,Werder Bremen,Jens Stage,DEN,MF,26,1996,25.9,5,1,0,49,39,2,10,24,27,,,0
GER-Bundesliga,2324,Werder Bremen,Jiří Pavlenka,CZE,GK,31,1992,7.0,0,0,0,0,0,0,0,0,0,,,0
GER-Bundesliga,2324,Werder Bremen,Joel Imasuen,USA,FW,18,2004,0.0,0,0,0,0,0,0,0,0,0,,,0
GER-Bundesliga,2324,Werder Bremen,Julián Malatini,ARG,DF,22,2001,6.7,1,0,0,10,1,0,6,14,13,,,0
GER-Bundesliga,2324,Werder Bremen,Justin Njinmah,GER,FW,22,2000,11.3,1,0,0,6,20,9,10,2,2,,,0
GER-Bundesliga,2324,Werder Bremen,Leon Opitz,GER,MF,18,2005,0.2,0,0,0,0,0,0,2,0,0,,,0
GER-Bundesliga,2324,Werder Bremen,Leonardo Bittencourt,GER,MF,29,1993,17.5,9,0,0,34,31,2,41,12,17,,,0
GER-Bundesliga,2324,Werder Bremen,Marco Friedl,AUT,DF,25,1998,24.4,6,0,0,31,17,1,3,33,33,,,0
GER-Bundesliga,2324,Werder Bremen,Marvin Ducksch,GER,FW,29,1994,30.0,9,0,0,6,19,18,157,5,4,,,0
GER-Bundesliga,2324,Werder Bremen,Michael Zetterer,GER,GK,28,1995,27.0,2,0,0,0,7,1,0,0,1,,,0
GER-Bundesliga,2324,Werder Bremen,Miloš Veljković,SRB,DF,27,1995,21.3,2,0,0,9,5,0,21,15,15,,,0
GER-Bundesliga,2324,Werder Bremen,Mitchell Weiser,GER,MF,29,1994,29.3,5,0,0,29,38,4,83,22,35,,,0
GER-Bundesliga,2324,Werder Bremen,Naby Keïta,GUI,MF,28,1995,1.2,2,0,0,2,1,0,0,2,1,,,0
GER-Bundesliga,2324,Werder Bremen,Nick Woltemade,GER,"FW,MF",21,2002,13.2,1,0,0,22,23,6,3,5,21,,,0
GER-Bundesliga,2324,Werder Bremen,Niclas Füllkrug,GER,FW,30,1993,2.0,0,0,0,2,7,3,0,0,1,,,0
GER-Bundesliga,2324,Werder Bremen,Nicolai Rapp,GER,DF,26,1996,0.8,1,0,0,2,0,0,0,2,2,,,0
GER-Bundesliga,2324,Werder Bremen,Niklas Stark,GER,DF,28,1995,12.1,4,0,0,21,16,1,0,15,16,,,0
GER-Bundesliga,2324,Werder Bremen,Oliver Burke,SCO,"FW,MF",26,1997,0.4,0,0,0,0,0,0,2,0,0,,,0
GER-Bundesliga,2324,Werder Bremen,Olivier Deman,BEL,MF,23,2000,15.2,5,0,0,27,13,0,45,13,14,,,1
GER-Bundesliga,2324,Werder Bremen,Rafael Borré,COL,FW,27,1995,11.0,0,0,0,17,8,14,12,2,9,,,0
GER-Bundesliga,2324,Werder Bremen,Romano Schmid,AUT,"MF,FW",23,2000,28.9,5,0,0,33,53,3,64,13,21,,,0
GER-Bundesliga,2324,Werder Bremen,Senne Lynen,BEL,MF,24,1999,20.0,6,0,0,35,17,0,4,42,36,,,0
GER-Bundesliga,2324,Werder Bremen,Skelly Alvero,FRA,MF,21,2002,1.4,1,0,0,2,3,0,0,1,4,,,0
GER-Bundesliga,2324,Wolfsburg,Amin Sarr,SWE,"MF,FW",22,2001,4.3,0,0,0,3,3,2,1,2,2,,,0
GER-Bundesliga,2324,Wolfsburg,Aster Vranckx,BEL,MF,20,2002,12.8,6,0,0,29,24,0,10,14,17,,,0
GER-Bundesliga,2324,Wolfsburg,Bennit Bröger,GER,MF,17,2006,0.1,0,0,0,1,2,0,0,0,0,,,0
GER-Bundesliga,2324,Wolfsburg,Cedric Zesiger,SUI,DF,25,1998,18.2,5,0,0,23,10,0,5,15,8,,,0
GER-Bundesliga,2324,Wolfsburg,Dženan Pejčinović,GER,FW,18,2005,0.4,1,0,0,2,0,0,0,0,0,,,0
GER-Bundesliga,2324,Wolfsburg,Jakub Kamiński,POL,MF,21,2002,5.3,0,0,0,3,5,2,16,2,5,,,0
GER-Bundesliga,2324,Wolfsburg,Joakim Mæhle,DEN,"DF,MF",26,1997,27.2,5,0,0,19,14,2,58,29,41,,,0
GER-Bundesliga,2324,Wolfsburg,Jonas Wind,DEN,FW,24,1999,29.5,3,0,0,29,45,9,8,3,10,,,0
GER-Bundesliga,2324,Wolfsburg,Kevin Behrens,GER,FW,32,1991,6.8,1,0,0,8,5,4,4,3,1,,,0
GER-Bundesliga,2324,Wolfsburg,Kevin Paredes,USA,"MF,DF",20,2003,15.9,4,0,0,11,53,5,33,24,21,,,0
GER-Bundesliga,2324,Wolfsburg,Kilian Fischer,GER,"MF,DF",22,2000,3.2,1,0,0,4,3,0,11,1,5,,,0
GER-Bundesliga,2324,Wolfsburg,Koen Casteels,BEL,GK,31,1992,25.0,2,0,0,1,3,0,0,0,0,,,0
GER-Bundesliga,2324,Wolfsburg,Kofi Amoako,GER,MF,18,2005,0.0,0,0,0,0,0,0,0,0,0,,,0
GER-Bundesliga,2324,Wolfsburg,Lovro Majer,CRO,"MF,FW",25,1998,23.4,5,0,0,37,37,1,88,12,19,,,0
GER-Bundesliga,2324,Wolfsburg,Lukas Nmecha,GER,FW,24,1998,0.5,0,0,0,1,1,0,0,0,1,,,0
GER-Bundesliga,2324,Wolfsburg,Mattias Svanberg,SWE,MF,24,1999,19.1,8,0,0,42,33,2,54,24,18,,,0
GER-Bundesliga,2324,Wolfsburg,Maxence Lacroix,FRA,DF,23,2000,26.2,5,3,1,27,19,0,5,25,29,,,0
GER-Bundesliga,2324,Wolfsburg,Maximilian Arnold,GER,MF,29,1994,27.8,9,0,0,37,46,0,110,26,33,,,0
GER-Bundesliga,2324,Wolfsburg,Moritz Jenz,GER,DF,24,1999,19.4,7,1,1,26,3,0,0,24,24,,,1
GER-Bundesliga,2324,Wolfsburg,Nicolas Cozza,FRA,DF,24,1999,3.1,1,0,0,1,0,0,4,3,6,,,0
GER-Bundesliga,2324,Wolfsburg,Patrick Wimmer,AUT,"MF,FW",22,2001,6.5,3,1,0,14,11,1,12,4,5,,,0
GER-Bundesliga,2324,Wolfsburg,Pavao Pervan,AUT,GK,35,1987,9.0,1,0,0,0,1,0,0,0,0,,,0
GER-Bundesliga,2324,Wolfsburg,Ridle Baku,GER,"MF,DF",25,1998,22.4,4,0,0,24,35,3,54,23,24,,,0
GER-Bundesliga,2324,Wolfsburg,Rogério,BRA,"DF,MF",25,1998,10.1,0,0,0,7,12,0,27,3,8,,,0
GER-Bundesliga,2324,Wolfsburg,Sebastiaan Bornauw,BEL,DF,24,1999,15.9,5,0,0,27,5,1,1,18,12,,,2
GER-Bundesliga,2324,Wolfsburg,Tiago Tomás,POR,"FW,MF",21,2002,11.5,3,0,0,12,26,3,28,4,2,,,0
GER-Bundesliga,2324,Wolfsburg,Václav Černý,CZE,"MF,FW",25,1997,10.2,2,0,0,9,0,4,33,7,4,,,0
GER-Bundesliga,2324,Wolfsburg,Yannick Gerhardt,GER,MF,29,1994,18.1,5,0,0,18,16,2,27,8,21,,,0
ITA-Serie A,2324,Atalanta,Ademola Lookman,NGA,"FW,MF",25,1997,21.0,4,0,0,28,34,12,69,9,15,,,0
ITA-Serie A,2324,Atalanta,Aleksei Miranchuk,RUS,"MF,FW",27,1995,13.1,1,0,0,12,31,3,83,3,6,,,0
ITA-Serie A,2324,Atalanta,Berat Djimsiti,ALB,DF,30,1993,31.5,5,0,0,17,11,0,6,59,24,,,0
ITA-Serie A,2324,Atalanta,Charles De Ketelaere,BEL,"FW,MF",22,2001,22.5,1,0,0,17,47,6,47,6,21,,,1
ITA-Serie A,2324,Atalanta,Davide Zappacosta,ITA,MF,31,1992,20.7,5,0,0,26,15,2,75,5,21,,,0
ITA-Serie A,2324,Atalanta,Duván Zapata,COL,FW,32,1991,1.2,0,0,0,1,4,1,6,0,0,,,0
ITA-Serie A,2324,Atalanta,El Bilal Touré,MLI,FW,21,2001,4.4,2,0,0,13,8,3,2,1,1,,,0
ITA-Serie A,2324,Atalanta,Emil Holm,SWE,MF,23,2000,10.5,5,0,0,14,21,1,34,7,20,,,0
ITA-Serie A,2324,Atalanta,Francesco Rossi,ITA,GK,32,1991,0.1,0,0,0,0,0,0,0,0,0,,,0
ITA-Serie A,2324,Atalanta,Gianluca Scamacca,ITA,FW,24,1999,16.1,1,0,0,28,28,9,5,4,9,,,0
ITA-Serie A,2324,Atalanta,Giorgio Scalvini,ITA,DF,19,2003,28.3,3,0,0,48,11,4,5,57,30,,,0
ITA-Serie A,2324,Atalanta,Giovanni Bonfanti,ITA,DF,20,2003,1.0,0,0,0,2,1,0,2,1,2,,,0
ITA-Serie A,2324,Atalanta,Hans Hateboer,NED,MF,29,1994,12.4,5,0,0,16,3,0,35,4,5,,,0
ITA-Serie A,2324,Atalanta,Isak Hien,SWE,DF,24,1999,10.4,3,0,0,18,9,2,0,14,12,,,0
ITA-Serie A,2324,Atalanta,José Luis Palomino,ARG,DF,33,1990,0.3,0,0,0,0,0,0,0,1,1,,,0
ITA-Serie A,2324,Atalanta,Juan Musso,ARG,GK,29,1994,11.0,0,0,0,1,0,0,0,0,0,,,0
ITA-Serie A,2324,Atalanta,Leonardo Mendicino,ITA,MF,17,2006,0.0,0,0,0,0,0,0,0,0,0,,,0
ITA-Serie A,2324,Atalanta,Luis Muriel,COL,FW,32,1991,4.5,0,0,0,6,14,1,31,1,2,,,0
ITA-Serie A,2324,Atalanta,Marco Carnesecchi,ITA,GK,23,2000,26.9,0,0,0,1,2,0,0,0,0,,,0
ITA-Serie A,2324,Atalanta,Mario Pašalić,CRO,MF,28,1995,22.8,3,0,0,20,7,6,10,17,16,,,0
ITA-Serie A,2324,Atalanta,Marten de Roon,NED,"MF,DF",32,1991,28.9,10,0,0,43,24,3,17,36,44,,,0
ITA-Serie A,2324,Atalanta,Matteo Ruggeri,ITA,MF,21,2002,27.2,3,0,0,21,9,2,101,22,15,,,0
ITA-Serie A,2324,Atalanta,Michel Ndary Adopo,FRA,MF,23,2000,1.2,0,0,0,2,1,1,1,0,3,,,0
ITA-Serie A,2324,Atalanta,Mitchel Bakker,NED,MF,23,2000,4.2,1,0,0,4,4,1,13,3,4,,,0
ITA-Serie A,2324,Atalanta,Nadir Zortea,ITA,"DF,MF",24,1999,1.7,1,0,0,4,2,0,12,1,4,,,0
ITA-Serie A,2324,Atalanta,Rafael Tolói,ITA,DF,32,1990,10.7,6,1,1,17,4,0,8,11,10,,,0
ITA-Serie A,2324,Atalanta,Sead Kolašinac,BIH,DF,30,1993,24.2,4,0,0,29,20,1,9,20,32,,,0
ITA-Serie A,2324,Atalanta,Teun Koopmeiners,NED,MF,25,1998,29.2,5,0,0,53,23,5,120,9,27,,,0
ITA-Serie A,2324,Atalanta,Éderson Silva,BRA,MF,24,1999,31.9,8,0,0,45,34,0,18,39,48,,,0
ITA-Serie A,2324,Bologna,Alexis Saelemaekers,BEL,MF,24,1999,21.0,7,1,1,16,58,2,86,14,22,,,0
ITA-Serie A,2324,Bologna,Babis Lykogiannis,GRE,DF,29,1993,10.0,2,0,0,12,0,2,58,5,6,,,0
ITA-Serie A,2324,Bologna,Dan Ndoye,SUI,"MF,FW",22,2000,19.7,4,0,0,29,56,7,47,10,15,,,0
ITA-Serie A,2324,Bologna,Federico Ravaglia,ITA,GK,23,1999,5.9,0,0,0,0,0,0,0,0,0,,,0
ITA-Serie A,2324,Bologna,Giovanni Fabbian,ITA,MF,20,2003,11.7,4,0,0,16,18,2,5,7,9,,,0
ITA-Serie A,2324,Bologna,Jens Odgaard,DEN,"MF,FW",24,1999,4.8,1,0,0,14,11,7,8,1,4,,,0
ITA-Serie A,2324,Bologna,Jesper Karlsson,SWE,MF,25,1998,3.8,0,0,0,4,1,1,25,3,3,,,0
ITA-Serie A,2324,Bologna,Jhon Lucumí,COL,DF,25,1998,24.6,1,0,0,10,18,1,1,15,29,,,0
ITA-Serie A,2324,Bologna,Joshua Zirkzee,NED,FW,22,2001,30.7,8,0,0,29,27,5,8,3,20,,,0
ITA-Serie A,2324,Bologna,Kacper Urbanski,POL,"MF,FW",18,2004,10.3,2,0,0,11,11,3,21,4,9,,,0
ITA-Serie A,2324,Bologna,Kevin Bonifazi,ITA,DF,27,1996,1.0,0,0,0,1,1,0,0,0,0,,,0
ITA-Serie A,2324,Bologna,Lewis Ferguson,SCO,MF,23,1999,30.1,8,0,0,51,72,4,11,15,22,,,0
ITA-Serie A,2324,Bologna,Lorenzo De Silvestri,ITA,DF,35,1988,7.5,0,0,0,3,6,0,9,6,9,,,0
ITA-Serie A,2324,Bologna,Michel Aebischer,SUI,MF,26,1997,24.8,8,0,0,36,30,0,12,11,20,,,0
ITA-Serie A,2324,Bologna,Nicola Bagnolini,ITA,GK,19,2004,0.1,0,0,0,0,0,0,0,0,0,,,0
ITA-Serie A,2324,Bologna,Nicolás Domínguez,ARG,MF,25,1998,1.1,0,0,0,3,0,0,0,0,0,,,0
ITA-Serie A,2324,Bologna,Nikola Moro,CRO,"MF,FW",25,1998,9.3,0,0,0,12,9,0,13,7,17,,,0
ITA-Serie A,2324,Bologna,Oussama El Azzouzi,MAR,MF,22,2001,6.1,4,0,0,14,7,1,2,5,8,,,0
ITA-Serie A,2324,Bologna,Remo Freuler,SUI,MF,31,1992,29.2,9,0,0,44,15,0,8,34,50,,,0
ITA-Serie A,2324,Bologna,Riccardo Calafiori,ITA,DF,21,2002,26.1,4,0,0,35,27,2,9,51,31,,,1
ITA-Serie A,2324,Bologna,Riccardo Orsolini,ITA,MF,26,1997,19.9,2,0,0,16,41,14,101,8,14,,,0
ITA-Serie A,2324,Bologna,Sam Beukema,NED,DF,24,1998,28.3,6,1,1,27,11,1,2,17,12,,,0
ITA-Serie A,2324,Bologna,Santiago Castro,ARG,FW,18,2004,2.7,1,0,0,7,7,0,1,0,1,,,0
ITA-Serie A,2324,Bologna,Stefan Posch,AUT,DF,26,1997,26.8,7,0,0,31,12,1,39,18,45,,,0
ITA-Serie A,2324,Bologna,Sydney van Hooijdonk,NED,FW,23,2000,2.4,0,0,0,6,3,1,1,1,0,,,0
ITA-Serie A,2324,Bologna,Tommaso Corazza,ITA,DF,19,2004,2.2,1,0,0,1,3,0,8,5,4,,,0
ITA-Serie A,2324,Bologna,Victor Bernth Kristiansen,DEN,DF,20,2002,25.6,4,0,0,30,7,1,36,12,33,,,0
ITA-Serie A,2324,Bologna,Łukasz Skorupski,POL,GK,32,1991,32.0,2,0,0,0,4,0,0,1,1,,,0
ITA-Serie A,2324,Cagliari,Adam Obert,SVK,DF,20,2002,10.5,1,0,0,14,4,0,15,20,9,,,0
ITA-Serie A,2324,Cagliari,Alberto Dossena,ITA,DF,24,1998,33.1,5,0,0,38,42,0,1,46,35,,,2
ITA-Serie A,2324,Cagliari,Alessandro Deiola,ITA,MF,27,1995,17.9,7,0,0,24,17,0,15,10,21,,,1
ITA-Serie A,2324,Cagliari,Alessandro Di Pardo,ITA,"MF,DF",24,1999,4.0,0,0,0,3,2,1,18,5,1,,,0
ITA-Serie A,2324,Cagliari,Andrea Petagna,ITA,FW,28,1995,11.1,2,0,0,18,22,2,3,1,2,,,0
ITA-Serie A,2324,Cagliari,Antoine Makoumbou,CGO,MF,25,1998,30.0,5,2,1,28,28,1,11,16,22,,,0
ITA-Serie A,2324,Cagliari,Boris Radunović,SRB,GK,27,1996,7.0,0,0,0,0,2,0,0,1,0,,,0
ITA-Serie A,2324,Cagliari,Edoardo Goldaniga,ITA,DF,29,1993,11.2,3,0,0,14,10,3,11,15,7,,,0
ITA-Serie A,2324,Cagliari,Eldor Shomurodov,UZB,"MF,FW",28,1995,10.4,1,0,0,11,11,2,7,4,4,,,0
ITA-Serie A,2324,Cagliari,Gabriele Zappa,ITA,"DF,MF",23,1999,28.5,2,0,0,21,15,0,78,20,30,,,0
ITA-Serie A,2324,Cagliari,Gaetano Oristanio,ITA,"FW,MF",20,2002,12.3,1,0,0,37,28,2,33,9,10,,,0
ITA-Serie A,2324,Cagliari,Gianluca Gaetano,ITA,"MF,FW",23,2000,8.3,1,1,0,10,12,3,16,4,3,,,0
ITA-Serie A,2324,Cagliari,Gianluca Lapadula,PER,FW,33,1990,13.4,3,0,0,22,18,15,7,2,1,,,0
ITA-Serie A,2324,Cagliari,Ibrahim Sulemana,GHA,MF,20,2003,14.9,4,0,0,18,11,1,12,6,13,,,0
ITA-Serie A,2324,Cagliari,Jakub Jankto,CZE,MF,27,1996,9.7,0,0,0,9,8,1,26,5,9,,,0
ITA-Serie A,2324,Cagliari,Kingstone Mutandwa,ZAM,FW,20,2003,0.4,0,0,0,0,0,0,0,0,0,,,0
ITA-Serie A,2324,Cagliari,Leonardo Pavoletti,ITA,FW,34,1988,7.0,4,0,0,19,7,1,1,0,1,,,0
ITA-Serie A,2324,Cagliari,Marco Mancosu,ITA,"MF,FW",34,1988,1.7,0,0,0,3,1,2,4,0,0,,,0
ITA-Serie A,2324,Cagliari,Mateusz Wieteska,POL,DF,26,1997,10.7,5,1,1,12,6,0,4,14,10,,,0
ITA-Serie A,2324,Cagliari,Matteo Prati,ITA,MF,19,2003,21.9,4,0,0,19,6,0,15,14,25,,,0
ITA-Serie A,2324,Cagliari,Nahitan Nández,URU,"MF,DF",27,1995,26.0,7,0,0,52,32,9,154,19,40,,,0
ITA-Serie A,2324,Cagliari,Nicolas Viola,ITA,"MF,FW",33,1989,13.4,3,0,0,17,25,2,135,3,8,,,0
ITA-Serie A,2324,Cagliari,Pantelis Hatzidiakos,GRE,DF,26,1997,9.5,1,0,0,7,4,0,6,11,11,,,0
ITA-Serie A,2324,Cagliari,Paulo Azzi,BRA,"MF,DF",29,1994,10.6,1,0,0,5,4,4,49,17,11,,,0
ITA-Serie A,2324,Cagliari,Simone Aresti,ITA,GK,37,1986,0.0,0,0,0,0,0,0,0,0,0,,,0
ITA-Serie A,2324,Cagliari,Simone Scuffet,ITA,GK,27,1996,31.0,3,0,0,0,4,0,0,1,0,,,0
ITA-Serie A,2324,Cagliari,Tommaso Augello,ITA,"DF,MF",28,1994,26.9,5,0,0,15,15,1,152,13,20,,,0
ITA-Serie A,2324,Cagliari,Yerry Mina,COL,DF,28,1994,13.5,4,0,0,17,18,0,2,4,13,,,0
ITA-Serie A,2324,Cagliari,Zito Luvumbo,ANG,"MF,FW",21,2002,21.6,5,0,0,31,66,14,82,1,7,,,0
ITA-Serie A,2324,Empoli,Alberto Cerri,ITA,FW,27,1996,6.1,2,0,0,15,9,6,1,3,3,,,0
ITA-Serie A,2324,Empoli,Alberto Grassi,ITA,MF,28,1995,20.1,6,1,1,22,33,0,5,39,17,,,1
ITA-Serie A,2324,Empoli,Andrea Sodero,ITA,MF,18,2004,0.1,0,0,0,0,0,0,1,0,0,,,0
ITA-Serie A,2324,Empoli,Ardian Ismajli,ALB,DF,26,1996,22.7,2,0,0,18,16,0,4,24,15,,,0
ITA-Serie A,2324,Empoli,Bartosz Bereszyński,POL,DF,31,1992,19.6,3,0,0,23,15,0,16,21,26,,,0
ITA-Serie A,2324,Empoli,Daniel Maldini,ITA,"FW,MF",21,2001,2.9,1,0,0,8,5,0,5,2,2,,,0
ITA-Serie A,2324,Empoli,Elia Caprile,ITA,GK,21,2001,23.0,0,0,0,1,7,0,0,0,0,,,0
ITA-Serie A,2324,Empoli,Emmanuel Ekong,SWE,FW,21,2002,0.1,0,0,0,0,1,0,0,0,0,,,0
ITA-Serie A,2324,Empoli,Emmanuel Gyasi,GHA,MF,29,1994,20.9,8,0,0,40,21,6,22,5,17,,,0
ITA-Serie A,2324,Empoli,Etrit Berisha,ALB,GK,34,1989,14.0,0,0,0,0,2,0,0,0,0,,,0
ITA-Serie A,2324,Empoli,Filippo Ranocchia,ITA,MF,22,2001,5.3,3,0,0,11,8,0,10,3,11,,,0
ITA-Serie A,2324,Empoli,Francesco Caputo,ITA,FW,35,1987,14.1,0,0,0,10,14,20,1,0,0,,,0
ITA-Serie A,2324,Empoli,Giacomo Corona,ITA,FW,19,2004,0.1,0,0,0,1,1,0,0,0,0,,,0
ITA-Serie A,2324,Empoli,Giuseppe Pezzella,ITA,"MF,DF",25,1997,12.1,4,0,0,17,17,2,54,2,14,,,0
ITA-Serie A,2324,Empoli,Jacopo Fazzini,ITA,MF,20,2003,13.7,6,0,0,23,27,1,54,11,25,,,0
ITA-Serie A,2324,Empoli,Liam Henderson,SCO,MF,27,1996,0.1,0,0,0,0,0,0,1,0,0,,,0
ITA-Serie A,2324,Empoli,Liberato Cacace,NZL,"DF,MF",22,2000,21.2,6,0,0,30,18,1,66,19,23,,,0
ITA-Serie A,2324,Empoli,M'Baye Niang,SEN,FW,28,1994,7.9,1,0,0,15,24,9,4,3,2,,,0
ITA-Serie A,2324,Empoli,Matteo Cancellieri,ITA,"FW,MF",21,2002,19.9,7,0,0,35,52,13,42,5,24,,,0
ITA-Serie A,2324,Empoli,Mattia Destro,ITA,FW,32,1991,4.1,2,0,0,6,8,4,0,3,1,,,0
ITA-Serie A,2324,Empoli,Nicolas Haas,SUI,MF,27,1996,1.0,1,0,0,1,1,0,0,1,3,,,0
ITA-Serie A,2324,Empoli,Nicolò Cambiaghi,ITA,"FW,MF",22,2000,28.4,3,0,0,48,76,3,133,14,40,,,0
ITA-Serie A,2324,Empoli,Roberto Piccoli,ITA,FW,22,2001,0.4,0,0,0,1,1,0,0,0,1,,,0
ITA-Serie A,2324,Empoli,Răzvan Marin,ROU,MF,27,1996,20.2,3,0,0,28,18,1,97,6,21,,,0
ITA-Serie A,2324,Empoli,Samuele Perisan,ITA,GK,25,1997,1.0,0,0,0,0,0,0,0,0,0,,,0
ITA-Serie A,2324,Empoli,Sebastian Walukiewicz,POL,DF,23,2000,22.8,6,0,0,23,7,2,2,16,28,,,0
ITA-Serie A,2324,Empoli,Sebastiano Luperto,ITA,DF,26,1996,37.8,4,0,0,25,18,1,9,28,27,,,0
ITA-Serie A,2324,Empoli,Simone Bastoni,ITA,"MF,DF",26,1996,8.3,3,0,0,17,13,0,35,11,12,,,0
ITA-Serie A,2324,Empoli,Steven Shpendi,ALB,FW,20,2003,4.6,0,0,0,12,13,4,0,1,0,,,0
ITA-Serie A,2324,Empoli,Szymon Żurkowski,POL,MF,25,1997,9.6,4,0,0,19,17,2,6,5,6,,,0
ITA-Serie A,2324,Empoli,Tommaso Baldanzi,ITA,"MF,FW",20,2003,8.3,1,0,0,4,16,2,16,2,3,,,0
ITA-Serie A,2324,Empoli,Tyronne Ebuehi,NGA,DF,27,1995,12.2,0,0,0,7,9,3,23,6,10,,,0
ITA-Serie A,2324,Empoli,Viktor Kovalenko,UKR,MF,27,1996,6.8,1,0,0,7,10,2,13,2,2,,,0
ITA-Serie A,2324,Empoli,Youssef Maleh,MAR,MF,24,1998,28.9,11,0,0,57,37,0,47,23,50,,,0
ITA-Serie A,2324,Fiorentina,Alfred Duncan,GHA,MF,30,1993,21.0,2,0,0,26,15,3,67,10,24,,,0
ITA-Serie A,2324,Fiorentina,Andrea Belotti,ITA,FW,29,1993,10.5,0,0,0,15,22,7,4,3,3,,,0
ITA-Serie A,2324,Fiorentina,Antonín Barák,CZE,"MF,FW",28,1994,9.0,2,0,0,8,7,1,4,2,2,,,0
ITA-Serie A,2324,Fiorentina,Arthur Melo,BRA,MF,26,1996,22.1,2,0,0,18,47,0,21,19,29,,,0
ITA-Serie A,2324,Fiorentina,Christian Kouamé,CIV,MF,25,1997,12.1,0,0,0,17,25,0,20,2,3,,,0
ITA-Serie A,2324,Fiorentina,Cristiano Biraghi,ITA,DF,30,1992,26.2,8,0,0,44,14,1,225,15,30,,,0
ITA-Serie A,2324,Fiorentina,Davide Faraoni,ITA,DF,31,1991,4.4,0,0,0,3,6,0,17,5,5,,,0
ITA-Serie A,2324,Fiorentina,Dodô,BRA,DF,24,1998,5.8,0,0,0,7,8,0,19,5,3,,,0
ITA-Serie A,2324,Fiorentina,Fabiano Parisi,ITA,DF,22,2000,16.2,4,0,0,14,38,0,42,17,14,,,0
ITA-Serie A,2324,Fiorentina,Gaetano Castrovilli,ITA,MF,26,1997,4.1,0,0,0,4,5,1,9,2,2,,,0
ITA-Serie A,2324,Fiorentina,Giacomo Bonaventura,ITA,MF,33,1989,25.3,6,0,0,20,35,1,55,12,13,,,0
ITA-Serie A,2324,Fiorentina,Gino Infantino,ARG,MF,20,2003,1.1,1,0,0,4,2,0,0,3,1,,,0
ITA-Serie A,2324,Fiorentina,Jonathan Ikone,FRA,MF,25,1998,18.7,5,0,0,16,15,5,11,2,12,,,0
ITA-Serie A,2324,Fiorentina,Josip Brekalo,CRO,MF,25,1998,7.2,0,0,0,13,6,1,22,1,6,,,0
ITA-Serie A,2324,Fiorentina,Lorenzo Amatucci,ITA,MF,19,2004,0.2,0,0,0,1,0,0,0,0,0,,,0
ITA-Serie A,2324,Fiorentina,Luca Ranieri,ITA,DF,24,1999,22.9,14,0,0,32,11,1,13,27,11,,,0
ITA-Serie A,2324,Fiorentina,Lucas Beltrán,ARG,"FW,MF",22,2001,18.8,6,0,0,24,28,4,7,2,14,,,0
ITA-Serie A,2324,Fiorentina,Lucas Martínez Quarta,ARG,DF,27,1996,25.5,9,0,0,41,13,1,5,29,52,,,0
ITA-Serie A,2324,Fiorentina,M'Bala Nzola,ANG,FW,26,1996,17.2,2,0,0,37,7,21,6,0,8,,,0
ITA-Serie A,2324,Fiorentina,Maxime Lopez,FRA,MF,25,1997,8.9,1,0,0,8,5,0,16,7,7,,,0
ITA-Serie A,2324,Fiorentina,Michael Kayode,ITA,DF,19,2004,22.9,2,0,0,14,19,2,65,18,30,,,0
ITA-Serie A,2324,Fiorentina,Nicolás González,ARG,MF,25,1998,21.3,1,0,0,21,36,2,40,12,18,,,0
ITA-Serie A,2324,Fiorentina,Nikola Milenković,SRB,DF,25,1997,27.9,4,0,0,30,23,0,0,27,19,,,0
ITA-Serie A,2324,Fiorentina,Oliver Christensen,DEN,GK,24,1999,4.0,0,0,0,2,1,0,0,0,0,,,0
ITA-Serie A,2324,Fiorentina,Pietro Comuzzo,ITA,DF,18,2005,0.5,1,0,0,1,0,0,0,1,1,,,0
ITA-Serie A,2324,Fiorentina,Pietro Terracciano,ITA,GK,33,1990,33.0,3,0,0,2,2,0,0,0,0,,,0
ITA-Serie A,2324,Fiorentina,Riccardo Sottil,ITA,MF,24,1999,12.3,1,0,0,8,34,6,46,2,5,,,0
ITA-Serie A,2324,Fiorentina,Rolando Mandragora,ITA,MF,26,1997,17.6,5,0,0,26,25,0,34,9,10,,,0
ITA-Serie A,2324,Fiorentina,Tommaso Martinelli,ITA,GK,17,2006,1.0,0,0,0,0,0,0,0,0,0,,,0
ITA-Serie A,2324,Fiorentina,Yerry Mina,COL,DF,28,1994,0.5,1,0,0,3,2,0,0,0,1,,,0
ITA-Serie A,2324,Frosinone,Abdou Harroui,NED,MF,25,1998,11.3,2,0,0,17,16,1,12,5,11,,,0
ITA-Serie A,2324,Frosinone,Anthony Oyono,GAB,"DF,MF",22,2001,13.3,4,0,0,13,11,0,12,9,27,,,0
ITA-Serie A,2324,Frosinone,Arijon Ibrahimović,GER,"MF,FW",17,2005,5.3,1,0,0,3,4,2,7,1,6,,,0
ITA-Serie A,2324,Frosinone,Caleb Okoli,ITA,DF,22,2001,32.4,9,0,0,27,26,0,1,31,34,,,0
ITA-Serie A,2324,Frosinone,Demba Seck,SEN,"FW,MF",22,2001,3.3,0,0,0,9,7,2,2,1,5,,,0
ITA-Serie A,2324,Frosinone,Emanuele Valeri,ITA,"MF,DF",24,1998,13.1,3,0,0,12,8,0,72,10,14,,,0
ITA-Serie A,2324,Frosinone,Enzo Barrenechea,ARG,MF,22,2001,31.2,10,0,0,32,52,0,1,28,42,,,0
ITA-Serie A,2324,Frosinone,Farés Ghedjemis,ALG,FW,20,2002,2.0,1,0,0,2,0,1,6,1,0,,,0
ITA-Serie A,2324,Frosinone,Francesco Gelli,ITA,"MF,DF",26,1996,17.3,3,0,0,16,41,1,53,10,13,,,0
ITA-Serie A,2324,Frosinone,Gennaro Borrelli,ITA,FW,23,2000,0.3,0,0,0,0,0,2,1,0,0,,,0
ITA-Serie A,2324,Frosinone,Giorgi Kvernadze,GEO,FW,20,2003,0.7,0,0,0,3,1,0,1,1,0,,,0
ITA-Serie A,2324,Frosinone,Giuseppe Caso,ITA,FW,24,1998,4.6,2,0,0,5,14,1,2,0,3,,,0
ITA-Serie A,2324,Frosinone,Ilario Monterisi,ITA,DF,21,2001,16.3,1,0,0,10,17,1,5,8,13,,,0
ITA-Serie A,2324,Frosinone,Jaime Báez,URU,"MF,FW",28,1995,5.6,1,0,0,6,15,5,24,4,1,,,0
ITA-Serie A,2324,Frosinone,Kaio Jorge,BRA,FW,21,2002,9.0,2,0,0,8,10,2,3,2,4,,,0
ITA-Serie A,2324,Frosinone,Karlo Lulić,CRO,MF,27,1996,0.2,0,0,0,0,0,0,0,1,0,,,0
ITA-Serie A,2324,Frosinone,Kevin Bonifazi,ITA,DF,27,1996,3.4,0,0,0,4,1,0,0,3,3,,,0
ITA-Serie A,2324,Frosinone,Luca Garritano,ITA,MF,29,1994,5.4,1,0,0,6,7,0,16,3,5,,,0
ITA-Serie A,2324,Frosinone,Luca Mazzitelli,ITA,MF,27,1995,24.6,6,1,1,45,36,1,43,20,26,,,0
ITA-Serie A,2324,Frosinone,Luigi Canotto,ITA,"FW,MF",29,1994,0.2,0,0,0,0,1,0,0,0,0,,,0
ITA-Serie A,2324,Frosinone,Marco Brescianini,ITA,MF,23,2000,25.8,1,0,0,35,24,5,20,9,12,,,0
ITA-Serie A,2324,Frosinone,Marvin Cuni,ALB,FW,22,2001,5.9,0,0,0,13,12,3,4,1,3,,,0
ITA-Serie A,2324,Frosinone,Mateus Lusuardi,BRA,DF,19,2004,2.4,1,0,0,2,0,0,1,4,1,,,0
ITA-Serie A,2324,Frosinone,Matìas Soulé,ARG,"MF,FW",20,2003,34.7,4,0,0,18,47,2,99,18,27,,,1
ITA-Serie A,2324,Frosinone,Mehdi Bourabia,MAR,MF,31,1991,2.2,1,0,0,5,1,1,3,1,4,,,0
ITA-Serie A,2324,Frosinone,Michele Cerofolini,ITA,GK,24,1999,7.5,1,0,0,1,0,0,0,0,0,,,1
ITA-Serie A,2324,Frosinone,Nadir Zortea,ITA,"MF,DF",24,1999,14.0,3,0,0,15,14,0,74,4,13,,,0
ITA-Serie A,2324,Frosinone,Pol Lirola,ESP,"DF,MF",25,1997,17.1,1,0,0,7,11,2,25,18,19,,,0
ITA-Serie A,2324,Frosinone,Przemysław Szymiński,POL,DF,29,1994,0.1,0,0,0,0,0,0,0,0,0,,,0
ITA-Serie A,2324,Frosinone,Reinier,BRA,"MF,FW",21,2002,11.8,3,0,0,17,9,1,12,10,10,,,0
ITA-Serie A,2324,Frosinone,Riccardo Marchizza,ITA,DF,25,1998,12.8,1,0,0,6,3,0,22,7,6,,,0
ITA-Serie A,2324,Frosinone,Simone Romagnoli,ITA,DF,33,1990,30.2,6,0,0,24,7,0,1,28,17,,,0
ITA-Serie A,2324,Frosinone,Stefano Turati,ITA,GK,21,2001,30.5,0,0,0,0,3,0,0,0,0,,,0
ITA-Serie A,2324,Frosinone,Walid Cheddira,MAR,FW,25,1998,23.6,0,0,0,27,43,16,3,4,7,,,0
ITA-Serie A,2324,Genoa,Aarón Martín,ESP,"MF,DF",26,1997,15.3,4,1,1,23,17,2,105,7,10,,,0
ITA-Serie A,2324,Genoa,Alan Matturro,URU,MF,18,2004,1.2,0,0,0,0,0,0,0,2,1,,,1
ITA-Serie A,2324,Genoa,Albert Guðmundsson,ISL,"FW,MF",26,1997,33.5,4,0,0,28,46,11,179,11,10,,,0
ITA-Serie A,2324,Genoa,Alessandro Vogliacco,ITA,DF,24,1998,13.0,4,0,0,14,4,1,12,30,15,,,0
ITA-Serie A,2324,Genoa,Berkan Kutlu,TUR,MF,25,1998,2.2,0,0,0,4,4,0,12,4,3,,,0
ITA-Serie A,2324,Genoa,Caleb Ekuban,GHA,FW,29,1994,12.6,0,0,0,17,27,3,4,1,4,,,0
ITA-Serie A,2324,Genoa,Christos Papadopoulos,GRE,MF,18,2004,0.0,0,0,0,0,1,0,0,0,0,,,0
ITA-Serie A,2324,Genoa,Daniele Sommariva,ITA,GK,26,1997,0.1,0,0,0,0,0,0,0,0,0,,,0
ITA-Serie A,2324,Genoa,David Akpan Ankeye,NGA,FW,21,2002,0.6,0,0,0,2,1,0,1,0,0,,,0
ITA-Serie A,2324,Genoa,Davide Biraschi,ITA,DF,29,1994,1.0,0,0,0,0,2,0,0,3,3,,,0
ITA-Serie A,2324,Genoa,Djed Spence,ENG,MF,22,2000,9.5,1,0,0,7,9,1,13,9,10,,,0
ITA-Serie A,2324,Genoa,Emil Bohinen,NOR,MF,24,1999,0.6,0,0,0,0,0,0,2,0,1,,,0
ITA-Serie A,2324,Genoa,Filip Jagiełło,POL,MF,25,1997,0.4,0,0,0,0,0,0,0,1,0,,,0
ITA-Serie A,2324,Genoa,George Pușcaș,ROU,FW,27,1996,2.1,0,0,0,1,0,0,0,0,0,,,0
ITA-Serie A,2324,Genoa,Giorgio Cittadini,ITA,DF,21,2002,1.2,0,0,0,2,4,0,0,3,5,,,0
ITA-Serie A,2324,Genoa,Johan Vásquez,MEX,DF,24,1998,31.7,6,0,0,36,38,4,29,48,32,,,0
ITA-Serie A,2324,Genoa,Josep Martinez,ESP,GK,25,1998,36.0,4,1,1,2,11,0,0,0,0,,,0
ITA-Serie A,2324,Genoa,Junior Messias,BRA,"MF,FW",32,1991,11.7,0,0,0,7,22,5,24,5,19,,,0
ITA-Serie A,2324,Genoa,Kevin Strootman,NED,MF,33,1990,13.4,4,0,0,16,6,0,20,7,19,,,0
ITA-Serie A,2324,Genoa,Koni De Winter,BEL,DF,21,2002,26.4,8,1,1,38,11,0,5,23,25,,,0
ITA-Serie A,2324,Genoa,Mateo Retegui,ITA,FW,24,1999,24.6,5,0,0,36,25,4,19,0,11,,,0
ITA-Serie A,2324,Genoa,Mattia Bani,ITA,DF,29,1993,25.6,9,0,0,21,28,2,2,21,10,,,0
ITA-Serie A,2324,Genoa,Milan Badelj,CRO,MF,34,1989,28.2,6,0,0,23,14,0,13,49,28,,,0
ITA-Serie A,2324,Genoa,Morten Frendrup,DEN,MF,22,2001,34.9,6,0,0,49,35,1,12,48,72,,,0
ITA-Serie A,2324,Genoa,Morten Thorsby,NOR,MF,27,1996,12.9,2,0,0,28,7,6,9,4,11,,,0
ITA-Serie A,2324,Genoa,Nicola Leali,ITA,GK,30,1993,2.0,1,0,0,0,0,0,0,0,0,,,0
ITA-Serie A,2324,Genoa,Pablo Galdames Millán,CHI,MF,26,1996,0.1,0,0,0,1,0,0,0,0,0,,,0
ITA-Serie A,2324,Genoa,Radu Drăgușin,ROU,DF,21,2002,19.0,1,0,0,14,14,0,1,21,12,,,0
ITA-Serie A,2324,Genoa,Ridgeciano Haps,SUR,MF,30,1993,8.6,0,0,0,3,16,1,16,6,6,,,0
ITA-Serie A,2324,Genoa,Ruslan Malinovskyi,UKR,"MF,FW",30,1993,17.2,7,0,0,30,17,0,19,5,22,,,0
ITA-Serie A,2324,Genoa,Seydou Fini,ITA,FW,17,2006,0.4,0,0,0,0,2,0,1,0,0,,,0
ITA-Serie A,2324,Genoa,Silvan Hefti,SUI,MF,25,1997,1.3,0,0,0,2,1,0,2,0,1,,,0
ITA-Serie A,2324,Genoa,Stefano Sabelli,ITA,"MF,DF",30,1993,27.0,5,0,0,36,36,4,98,23,23,,,0
ITA-Serie A,2324,Genoa,Vitinha,POR,"MF,FW",23,2000,3.2,2,0,0,10,8,2,9,0,2,,,0
ITA-Serie A,2324,Hellas Verona,Alphadjo Cissè,ITA,MF,16,2006,0.1,0,0,0,1,0,0,0,0,0,,,0
ITA-Serie A,2324,Hellas Verona,Bruno Amione,ARG,DF,21,2002,6.4,2,0,0,10,6,0,1,9,7,,,0
ITA-Serie A,2324,Hellas Verona,Charlys,BRA,MF,19,2004,0.3,0,0,0,0,0,0,0,1,0,,,0
ITA-Serie A,2324,Hellas Verona,Cyril Ngonge,BEL,"MF,FW",23,2000,15.9,4,0,0,30,22,3,50,3,10,,,0
ITA-Serie A,2324,Hellas Verona,Daniel Bandeira,POR,MF,23,2000,5.0,2,0,0,5,3,0,6,4,5,,,0
ITA-Serie A,2324,Hellas Verona,Darko Lazović,SRB,MF,32,1990,21.4,0,1,0,5,6,13,96,6,17,,,0
ITA-Serie A,2324,Hellas Verona,Davide Faraoni,ITA,MF,31,1991,6.7,5,0,0,11,9,0,19,6,10,,,0
ITA-Serie A,2324,Hellas Verona,Diego Coppola,ITA,DF,19,2003,18.2,9,0,0,32,4,0,0,28,22,,,0
ITA-Serie A,2324,Hellas Verona,Elayis Tavsan,NED,"FW,MF",22,2001,0.6,0,0,0,1,0,0,1,0,0,,,0
ITA-Serie A,2324,Hellas Verona,Fabien Centonze,FRA,DF,27,1996,7.5,2,0,0,13,7,1,28,9,8,,,0
ITA-Serie A,2324,Hellas Verona,Federico Bonazzoli,ITA,FW,26,1997,11.3,2,0,0,10,20,9,6,3,1,,,0
ITA-Serie A,2324,Hellas Verona,Filippo Terracciano,ITA,"MF,DF",20,2003,14.4,1,0,0,14,32,0,59,19,17,,,0
ITA-Serie A,2324,Hellas Verona,Giangiacomo Magnani,ITA,DF,27,1995,27.2,6,0,0,27,30,0,12,45,17,,,0
ITA-Serie A,2324,Hellas Verona,Isak Hien,SWE,DF,24,1999,9.6,1,1,0,11,2,0,0,7,10,,,0
ITA-Serie A,2324,Hellas Verona,Jackson Tchatchoua,CMR,DF,21,2001,19.2,2,0,0,18,7,2,65,23,26,,,0
ITA-Serie A,2324,Hellas Verona,Jordi Mboula,ESP,"MF,FW",24,1999,3.4,0,0,0,5,4,2,8,1,3,,,0
ITA-Serie A,2324,Hellas Verona,Josh Doig,SCO,"MF,DF",21,2002,9.2,2,0,0,7,4,1,30,4,10,,,0
ITA-Serie A,2324,Hellas Verona,Juan Cruz,ARG,FW,24,1999,1.2,0,0,0,1,0,0,1,1,2,,,0
ITA-Serie A,2324,Hellas Verona,Juan David Cabal,COL,DF,22,2001,16.6,6,0,0,27,16,1,33,28,29,,,0
ITA-Serie A,2324,Hellas Verona,Karol Świderski,POL,"FW,MF",26,1997,5.6,0,0,0,6,13,0,3,1,3,,,0
ITA-Serie A,2324,Hellas Verona,Lorenzo Montipò,ITA,GK,27,1996,37.0,0,0,0,0,3,0,0,0,1,,,0
ITA-Serie A,2324,Hellas Verona,Martin Hongla,CMR,MF,25,1998,12.0,0,0,0,6,6,1,4,7,13,,,0
ITA-Serie A,2324,Hellas Verona,Michael Folorunsho,ITA,MF,25,1998,30.9,5,0,0,50,74,11,64,16,27,,,0
ITA-Serie A,2324,Hellas Verona,Milan Đurić,BIH,FW,33,1990,13.4,2,0,0,27,19,6,1,1,0,,,0
ITA-Serie A,2324,Hellas Verona,Ondrej Duda,SVK,MF,28,1994,27.3,14,2,2,55,51,0,94,26,36,,,0
ITA-Serie A,2324,Hellas Verona,Paweł Dawidowicz,POL,DF,28,1995,23.8,5,0,0,33,9,0,2,22,30,,,1
ITA-Serie A,2324,Hellas Verona,Reda Belahyane,MAR,MF,19,2004,1.0,0,0,0,1,1,0,0,1,1,,,0
ITA-Serie A,2324,Hellas Verona,Riccardo Saponara,ITA,"MF,FW",31,1991,3.8,0,0,0,1,3,2,7,0,1,,,0
ITA-Serie A,2324,Hellas Verona,Rúben Vinagre,POR,DF,24,1999,3.1,0,0,0,5,2,0,16,1,2,,,0
ITA-Serie A,2324,Hellas Verona,Simone Perilli,ITA,GK,28,1995,1.0,0,0,0,0,0,0,0,0,0,,,0
ITA-Serie A,2324,Hellas Verona,Stefan Mitrović,SRB,MF,20,2002,4.3,0,0,0,10,6,1,15,0,3,,,0
ITA-Serie A,2324,Hellas Verona,Suat Serdar,GER,MF,26,1997,18.4,7,0,0,40,18,0,8,17,39,,,0
ITA-Serie A,2324,Hellas Verona,Thomas Henry,FRA,FW,28,1994,3.7,2,2,0,15,5,3,3,0,0,,,0
ITA-Serie A,2324,Hellas Verona,Tijjani Noslin,NED,"FW,MF",24,1999,14.9,2,0,0,24,10,4,15,2,7,,,0
ITA-Serie A,2324,Hellas Verona,Tomáš Suslov,SVK,MF,21,2002,23.2,7,0,0,40,55,1,72,6,29,,,0
ITA-Serie A,2324,Hellas Verona,Yayah Kallon,SLE,FW,22,2001,0.0,0,0,0,0,0,0,0,0,0,,,0
ITA-Serie A,2324,Inter,Alessandro Bastoni,ITA,DF,24,1999,25.2,5,0,0,31,31,0,75,25,32,,,0
ITA-Serie A,2324,Inter,Alexis Sánchez,CHI,FW,34,1988,8.5,0,0,0,14,19,8,31,1,6,,,0
ITA-Serie A,2324,Inter,Benjamin Pavard,FRA,DF,27,1996,18.6,6,0,0,24,15,2,24,31,24,,,0
ITA-Serie A,2324,Inter,Carlos Augusto,BRA,"MF,DF",24,1999,19.2,1,0,0,17,6,1,39,14,22,,,0
ITA-Serie A,2324,Inter,Davide Frattesi,ITA,MF,23,1999,10.6,1,0,0,12,16,1,11,5,6,,,0
ITA-Serie A,2324,Inter,Davy Klaassen,NED,MF,30,1993,2.3,1,0,0,3,0,1,0,3,2,,,0
ITA-Serie A,2324,Inter,Denzel Dumfries,NED,MF,27,1996,18.2,2,1,0,25,18,5,47,12,11,,,0
ITA-Serie A,2324,Inter,Ebenezer Akinsanmiro,NGA,MF,18,2004,0.2,0,0,0,0,3,0,0,0,0,,,0
ITA-Serie A,2324,Inter,Emil Audero,IDN,GK,26,1997,3.7,0,0,0,0,0,0,0,0,0,,,0
ITA-Serie A,2324,Inter,Federico Dimarco,ITA,MF,25,1997,23.1,0,0,0,12,21,5,197,7,26,,,0
ITA-Serie A,2324,Inter,Francesco Acerbi,ITA,DF,35,1988,26.5,1,0,0,19,24,3,9,32,14,,,0
ITA-Serie A,2324,Inter,Hakan Çalhanoğlu,TUR,MF,29,1994,28.4,5,0,0,42,23,0,152,22,37,,,0
ITA-Serie A,2324,Inter,Henrikh Mkhitaryan,ARM,MF,34,1989,30.9,4,0,0,35,29,3,31,28,33,,,0
ITA-Serie A,2324,Inter,Juan Cuadrado,COL,"DF,FW",35,1988,3.0,1,0,0,4,6,1,18,1,3,,,0
ITA-Serie A,2324,Inter,Kristjan Asllani,ALB,MF,21,2002,8.7,1,0,0,4,19,0,35,11,2,,,0
ITA-Serie A,2324,Inter,Lautaro Martínez,ARG,FW,25,1997,29.5,5,0,0,46,59,12,16,17,14,,,0
ITA-Serie A,2324,Inter,Lucien Agoume,FRA,MF,21,2002,0.1,0,0,0,0,0,0,0,0,0,,,0
ITA-Serie A,2324,Inter,Marcus Thuram,FRA,FW,25,1997,29.9,3,0,0,35,45,20,21,2,15,,,0
ITA-Serie A,2324,Inter,Marko Arnautović,AUT,FW,34,1989,8.9,0,0,0,11,15,8,7,5,3,,,0
ITA-Serie A,2324,Inter,Matteo Darmian,ITA,"MF,DF",33,1989,26.7,2,0,0,27,10,1,22,15,24,,,0
ITA-Serie A,2324,Inter,Nicolò Barella,ITA,MF,26,1997,31.6,7,0,0,28,27,3,50,8,28,,,0
ITA-Serie A,2324,Inter,Raffaele Di Gennaro,ITA,GK,29,1993,0.3,0,0,0,0,0,0,0,0,0,,,0
ITA-Serie A,2324,Inter,Stefan de Vrij,NED,DF,31,1992,17.6,0,0,0,8,2,0,0,24,13,,,0
ITA-Serie A,2324,Inter,Stefano Sensi,ITA,MF,27,1995,0.5,0,0,0,0,1,0,1,1,1,,,0
ITA-Serie A,2324,Inter,Tajon Buchanan,CAN,"DF,MF",24,1999,1.8,0,0,0,1,6,1,11,0,1,,,0
ITA-Serie A,2324,Inter,Yann Aurel Bisseck,GER,DF,22,2000,10.0,0,0,0,6,11,2,5,6,6,,,0
ITA-Serie A,2324,Inter,Yann Sommer,SUI,GK,34,1988,34.0,1,0,0,1,1,0,0,0,1,,,0
ITA-Serie A,2324,Juventus,Adrien Rabiot,FRA,MF,28,1995,29.5,8,0,0,44,38,6,45,25,39,,,0
ITA-Serie A,2324,Juventus,Alex Sandro,BRA,DF,32,1991,8.0,1,0,0,18,12,0,5,18,8,,,0
ITA-Serie A,2324,Juventus,Andrea Cambiaso,ITA,MF,23,2000,26.4,10,0,0,35,20,4,82,11,30,,,0
ITA-Serie A,2324,Juventus,Arkadiusz Milik,POL,FW,29,1994,10.2,2,1,0,21,26,11,4,5,6,,,0
ITA-Serie A,2324,Juventus,Carlo Pinsoglio,ITA,GK,33,1990,0.5,0,0,0,0,0,0,0,0,0,,,0
ITA-Serie A,2324,Juventus,Carlos Alcaraz,ARG,MF,20,2002,4.2,0,0,0,5,5,0,1,5,6,,,0
ITA-Serie A,2324,Juventus,Daniele Rugani,ITA,DF,29,1994,13.2,2,0,0,15,3,0,1,8,10,,,0
ITA-Serie A,2324,Juventus,Danilo,BRA,DF,32,1991,27.2,7,0,0,26,14,1,18,36,35,,,0
ITA-Serie A,2324,Juventus,Dean Huijsen,ESP,DF,18,2005,0.1,0,0,0,0,0,0,0,0,0,,,0
ITA-Serie A,2324,Juventus,Dušan Vlahović,SRB,FW,23,2000,25.6,8,1,1,30,34,13,8,2,5,,,0
ITA-Serie A,2324,Juventus,Fabio Miretti,ITA,MF,19,2003,12.3,3,0,0,22,29,1,32,8,15,,,0
ITA-Serie A,2324,Juventus,Federico Chiesa,ITA,FW,25,1997,24.4,1,0,0,14,40,7,117,6,11,,,0
ITA-Serie A,2324,Juventus,Federico Gatti,ITA,DF,25,1998,29.3,7,0,0,39,15,0,18,17,22,,,2
ITA-Serie A,2324,Juventus,Filip Kostić,SRB,MF,30,1992,20.2,2,0,0,19,18,7,168,9,23,,,0
ITA-Serie A,2324,Juventus,Gleison Bremer,BRA,DF,26,1997,35.9,9,0,0,60,17,2,1,36,44,,,0
ITA-Serie A,2324,Juventus,Hans Nicolussi Caviglia,ITA,MF,23,2000,3.0,1,0,0,1,10,0,18,0,2,,,0
ITA-Serie A,2324,Juventus,Joseph Nonge,BEL,MF,18,2005,0.3,1,0,0,3,1,0,0,0,0,,,0
ITA-Serie A,2324,Juventus,Kenan Yıldız,TUR,FW,18,2005,10.6,3,0,0,12,22,1,17,1,10,,,0
ITA-Serie A,2324,Juventus,Leonardo Cerri,ITA,FW,20,2003,0.1,0,0,0,0,0,0,0,0,0,,,0
ITA-Serie A,2324,Juventus,Manuel Locatelli,ITA,MF,25,1998,33.4,6,0,0,41,24,2,10,26,47,,,0
ITA-Serie A,2324,Juventus,Mattia De Sciglio,ITA,DF,30,1992,0.5,0,0,0,0,1,0,0,1,0,,,0
ITA-Serie A,2324,Juventus,Mattia Perin,ITA,GK,30,1992,2.5,0,0,0,0,0,0,0,0,0,,,0
ITA-Serie A,2324,Juventus,Moise Kean,ITA,FW,23,2000,7.3,2,0,0,13,13,7,1,2,5,,,0
ITA-Serie A,2324,Juventus,Nicolò Fagioli,ITA,MF,22,2001,4.9,1,0,0,3,5,1,19,4,3,,,0
ITA-Serie A,2324,Juventus,Nikola Sekulov,ITA,MF,21,2002,0.1,0,0,0,0,0,0,0,0,0,,,0
ITA-Serie A,2324,Juventus,Paul Pogba,FRA,MF,30,1993,0.6,0,0,0,3,1,0,1,1,0,,,0
ITA-Serie A,2324,Juventus,Samuel Iling-Junior,ENG,MF,19,2003,9.0,1,0,0,15,5,1,46,6,13,,,0
ITA-Serie A,2324,Juventus,Tiago Djaló,POR,DF,23,2000,0.2,0,0,0,0,1,0,0,0,0,,,0
ITA-Serie A,2324,Juventus,Timothy Weah,USA,MF,23,2000,14.0,5,0,0,15,8,2,39,6,19,,,0
ITA-Serie A,2324,Juventus,Weston McKennie,USA,MF,24,1998,28.8,6,0,0,23,12,6,59,19,29,,,0
ITA-Serie A,2324,Juventus,Wojciech Szczęsny,POL,GK,33,1990,35.0,1,0,0,1,2,0,0,1,0,,,0
ITA-Serie A,2324,Lazio,Adam Marušić,MNE,"DF,MF",30,1992,34.4,3,1,0,24,10,4,44,28,32,,,0
ITA-Serie A,2324,Lazio,Alessio Romagnoli,ITA,DF,28,1995,26.8,9,0,0,35,19,1,1,31,16,,,0
ITA-Serie A,2324,Lazio,Christos Mandas,GRE,GK,21,2001,8.0,0,0,0,0,1,0,0,1,0,,,0
ITA-Serie A,2324,Lazio,Ciro Immobile,ITA,FW,33,1990,18.4,8,0,0,22,30,14,7,3,8,,,0
ITA-Serie A,2324,Lazio,Daichi Kamada,JPN,MF,26,1996,17.2,3,0,0,39,13,2,11,18,36,,,0
ITA-Serie A,2324,Lazio,Danilo Cataldi,ITA,MF,28,1994,15.1,8,0,0,17,8,0,31,18,11,,,0
ITA-Serie A,2324,Lazio,Elseid Hysaj,ALB,DF,29,1994,13.3,2,0,0,14,9,3,18,18,14,,,0
ITA-Serie A,2324,Lazio,Felipe Anderson,BRA,"FW,MF",30,1993,30.8,3,0,0,30,36,4,57,27,44,,,0
ITA-Serie A,2324,Lazio,Gustav Isaksen,DEN,"FW,MF",22,2001,11.9,3,0,0,17,24,3,29,3,4,,,0
ITA-Serie A,2324,Lazio,Ivan Provedel,ITA,GK,29,1994,30.0,0,0,0,0,7,0,0,0,0,,,0
ITA-Serie A,2324,Lazio,Luca Pellegrini,ITA,"DF,MF",24,1999,8.7,7,1,1,19,13,0,28,8,14,,,0
ITA-Serie A,2324,Lazio,Luis Alberto,ESP,MF,30,1992,25.7,7,0,0,16,23,6,149,6,21,,,0
ITA-Serie A,2324,Lazio,Manuel Lazzari,ITA,"DF,MF",29,1993,18.6,4,1,0,15,20,1,56,12,19,,,0
ITA-Serie A,2324,Lazio,Mario Gila,ESP,DF,22,2000,20.1,4,1,1,21,23,1,8,21,14,,,0
ITA-Serie A,2324,Lazio,Mattia Zaccagni,ITA,"FW,MF",28,1995,21.7,8,0,0,29,80,7,71,21,16,,,0
ITA-Serie A,2324,Lazio,Mattéo Guendouzi,FRA,MF,24,1999,26.3,3,1,0,26,34,0,40,23,15,,,0
ITA-Serie A,2324,Lazio,Matías Vecino,URU,MF,31,1991,12.8,8,0,0,32,7,2,5,10,17,,,0
ITA-Serie A,2324,Lazio,Nicolò Casale,ITA,DF,25,1998,17.3,5,0,0,24,6,0,0,11,10,,,0
ITA-Serie A,2324,Lazio,Nicolò Rovella,ITA,MF,21,2001,14.6,6,0,0,38,16,0,20,23,26,,,0
ITA-Serie A,2324,Lazio,Patric,ESP,DF,30,1993,17.9,4,0,0,8,6,0,11,4,8,,,0
ITA-Serie A,2324,Lazio,Pedro,ESP,FW,36,1987,9.1,4,0,0,13,19,4,19,2,12,,,0
ITA-Serie A,2324,Lazio,Valentín Castellanos,ARG,FW,24,1998,18.7,2,0,0,33,31,20,16,3,11,,,0
ITA-Serie A,2324,Lecce,Ahmed Touba,ALG,DF,25,1998,3.1,1,0,0,6,1,0,0,7,4,,,0
ITA-Serie A,2324,Lecce,Alexis Blin,FRA,MF,26,1996,18.2,4,0,0,25,22,0,11,21,21,,,0
ITA-Serie A,2324,Lecce,Antonino Gallo,ITA,DF,23,2000,27.7,2,0,0,9,17,3,137,23,26,,,0
ITA-Serie A,2324,Lecce,Federico Baschirotto,ITA,DF,26,1996,36.6,3,1,0,29,4,0,3,22,11,,,0
ITA-Serie A,2324,Lecce,Federico Di Francesco,ITA,"FW,MF",29,1994,0.2,0,0,0,0,0,0,1,0,0,,,0
ITA-Serie A,2324,Lecce,Gabriel Strefezza,BRA,"FW,MF",26,1997,12.4,4,0,0,20,37,3,42,7,17,,,0
ITA-Serie A,2324,Lecce,Hamza Rafia,TUN,MF,24,1999,13.4,4,0,0,31,34,2,38,11,29,,,1
ITA-Serie A,2324,Lecce,Jeppe Corfitzen,DEN,FW,18,2004,0.1,0,0,0,0,0,0,0,0,0,,,0
ITA-Serie A,2324,Lecce,Joan Gonzàlez,ESP,MF,21,2002,14.3,6,0,0,15,33,1,10,4,19,,,0
ITA-Serie A,2324,Lecce,Lameck Banda,ZAM,"FW,MF",22,2001,15.0,5,1,0,33,30,9,51,3,23,,,0
ITA-Serie A,2324,Lecce,Lorenzo Venuti,ITA,DF,28,1995,4.0,1,0,0,5,1,0,10,5,4,,,0
ITA-Serie A,2324,Lecce,Marcin Listkowski,POL,"FW,MF",25,1998,0.1,0,0,0,0,0,0,0,0,0,,,0
ITA-Serie A,2324,Lecce,Marin Pongračić,CRO,DF,25,1997,35.8,10,1,1,57,22,0,1,50,27,,,0
ITA-Serie A,2324,Lecce,Medon Berisha,ALB,MF,19,2003,2.3,0,0,0,7,5,0,3,1,0,,,0
ITA-Serie A,2324,Lecce,Mohamed Kaba,GUI,MF,21,2001,15.3,4,1,1,26,21,0,6,12,20,,,0
ITA-Serie A,2324,Lecce,Nicola Sansone,ITA,"MF,FW",31,1991,8.5,4,0,0,16,12,0,28,4,7,,,0
ITA-Serie A,2324,Lecce,Nikola Krstović,MNE,FW,23,2000,26.4,4,1,0,45,54,14,4,3,8,,,0
ITA-Serie A,2324,Lecce,Patrick Dorgu,DEN,"MF,DF",18,2004,17.4,6,0,0,25,44,2,39,9,22,,,0
ITA-Serie A,2324,Lecce,Pontus Almqvist,SWE,"FW,MF",24,1999,23.4,5,0,0,29,35,1,22,14,28,,,0
ITA-Serie A,2324,Lecce,Rareș-Cătălin Burnete,ROU,FW,19,2004,0.1,0,0,0,0,0,0,0,0,0,,,0
ITA-Serie A,2324,Lecce,Remi Oudin,FRA,"MF,FW",26,1996,20.2,3,0,0,16,11,2,155,21,13,,,0
ITA-Serie A,2324,Lecce,Roberto Piccoli,ITA,FW,22,2001,15.3,5,0,0,28,13,15,6,3,7,,,0
ITA-Serie A,2324,Lecce,Santiago Pierotti,ARG,"FW,MF",22,2001,2.2,0,0,0,13,3,0,4,1,8,,,0
ITA-Serie A,2324,Lecce,Valentin Gendrey,FRA,DF,23,2000,33.8,5,0,0,27,40,3,61,34,32,,,0
ITA-Serie A,2324,Lecce,Wladimiro Falcone,ITA,GK,28,1995,38.0,0,0,0,0,5,0,0,1,0,,,0
ITA-Serie A,2324,Lecce,Ylber Ramadani,ALB,MF,27,1996,33.0,13,0,0,42,37,0,14,47,44,,,0
ITA-Serie A,2324,Milan,Alessandro Florenzi,ITA,"DF,MF",32,1991,19.2,5,0,0,12,9,2,121,20,20,,,0
ITA-Serie A,2324,Milan,Antonio Mirante,ITA,GK,40,1983,2.0,0,0,0,0,0,0,0,0,0,,,0
ITA-Serie A,2324,Milan,Chaka Traorè,CIV,FW,18,2004,0.2,0,0,0,1,0,0,0,0,1,,,0
ITA-Serie A,2324,Milan,Christian Pulisic,USA,"MF,FW",24,1998,28.9,2,0,0,19,45,4,100,10,25,,,0
ITA-Serie A,2324,Milan,Davide Bartesaghi,ITA,MF,17,2005,0.9,0,0,0,1,1,0,1,0,1,,,0
ITA-Serie A,2324,Milan,Davide Calabria,ITA,DF,26,1996,24.3,5,2,1,25,19,0,35,21,40,,,0
ITA-Serie A,2324,Milan,Fikayo Tomori,ENG,DF,25,1997,23.6,8,1,1,26,9,1,3,25,23,,,0
ITA-Serie A,2324,Milan,Filippo Terracciano,ITA,DF,20,2003,0.8,1,0,0,3,1,0,0,0,2,,,0
ITA-Serie A,2324,Milan,Francesco Camarda,ITA,FW,15,2008,0.2,0,0,0,0,0,0,0,0,0,,,0
ITA-Serie A,2324,Milan,Ismaël Bennacer,ALG,MF,25,1997,12.8,2,0,0,18,26,1,32,11,21,,,0
ITA-Serie A,2324,Milan,Jan-Carlo Simic,SRB,DF,18,2005,1.6,0,0,0,2,0,0,0,0,1,,,0
ITA-Serie A,2324,Milan,Kevin Zeroli,ITA,MF,18,2005,0.3,0,0,0,0,0,0,1,0,0,,,0
ITA-Serie A,2324,Milan,Lapo Nava,ITA,GK,19,2004,0.0,0,0,0,0,0,0,0,0,0,,,0
ITA-Serie A,2324,Milan,Luka Jović,SRB,FW,25,1997,9.7,2,1,0,8,12,2,1,1,3,,,0
ITA-Serie A,2324,Milan,Luka Romero,ARG,MF,18,2004,1.0,1,0,0,3,2,0,2,0,1,,,0
ITA-Serie A,2324,Milan,Malick Thiaw,GER,DF,21,2001,18.0,5,1,0,31,7,0,0,16,18,,,1
ITA-Serie A,2324,Milan,Marco Pellegrino,ARG,DF,21,2002,0.8,0,0,0,0,0,0,0,1,1,,,0
ITA-Serie A,2324,Milan,Marco Sportiello,ITA,GK,31,1992,7.0,0,0,0,0,0,0,0,0,0,,,0
ITA-Serie A,2324,Milan,Matteo Gabbia,ITA,DF,23,1999,14.2,5,0,0,27,8,0,0,10,20,,,0
ITA-Serie A,2324,Milan,Mattia Caldara,ITA,DF,29,1994,0.4,0,0,0,0,0,0,0,1,1,,,0
ITA-Serie A,2324,Milan,Mike Maignan,FRA,GK,28,1995,29.0,1,1,0,1,5,0,0,1,0,,,0
ITA-Serie A,2324,Milan,Noah Okafor,SUI,"FW,MF",23,2000,9.9,1,0,0,12,9,2,22,0,4,,,0
ITA-Serie A,2324,Milan,Olivier Giroud,FRA,FW,36,1986,26.3,1,1,0,31,24,14,3,6,11,,,0
ITA-Serie A,2324,Milan,Pierre Kalulu,FRA,DF,23,2000,4.2,0,0,0,1,3,0,5,1,1,,,0
ITA-Serie A,2324,Milan,Rade Krunić,BIH,MF,29,1993,7.6,3,0,0,10,11,0,4,11,8,,,0
ITA-Serie A,2324,Milan,Rafael Leão,POR,"MF,FW",24,1999,27.9,5,0,0,26,52,17,106,9,10,,,0
ITA-Serie A,2324,Milan,Ruben Loftus-Cheek,ENG,MF,27,1996,23.0,5,0,0,39,45,1,13,10,18,,,0
ITA-Serie A,2324,Milan,Samuel Chukwueze,NGA,"MF,FW",24,1999,11.3,1,0,0,7,12,7,21,6,7,,,0
ITA-Serie A,2324,Milan,Simon Kjær,DEN,DF,34,1989,13.0,1,0,0,9,2,0,1,13,15,,,0
ITA-Serie A,2324,Milan,Theo Hernández,FRA,DF,25,1997,31.0,11,1,0,38,50,2,71,21,17,,,0
ITA-Serie A,2324,Milan,Tijjani Reijnders,NED,MF,25,1998,31.3,8,0,0,21,20,1,40,19,25,,,0
ITA-Serie A,2324,Milan,Tommaso Pobega,ITA,"MF,DF",24,1999,3.5,0,0,0,8,7,0,0,5,9,,,0
ITA-Serie A,2324,Milan,Yacine Adli,FRA,MF,23,2000,15.6,3,0,0,26,9,1,50,18,17,,,0
ITA-Serie A,2324,Milan,Yunus Musah,USA,MF,20,2002,16.4,5,0,0,22,21,2,27,11,14,,,0
ITA-Serie A,2324,Milan,Álex Jiménez,ESP,DF,18,2005,0.8,1,0,0,2,1,0,1,0,1,,,0
ITA-Serie A,2324,Monza,Alessandro Sorrentino,ITA,GK,21,2002,6.1,0,0,0,0,1,0,0,0,0,,,0
ITA-Serie A,2324,Monza,Alessio Zerbin,ITA,MF,24,1999,7.6,2,1,1,17,12,0,31,3,11,,,0
ITA-Serie A,2324,Monza,Andrea Carboni,ITA,DF,22,2001,16.5,1,0,0,12,5,1,21,17,22,,,0
ITA-Serie A,2324,Monza,Andrea Colpani,ITA,MF,24,1999,29.5,1,0,0,24,45,2,109,12,15,,,0
ITA-Serie A,2324,Monza,Andrea Ferraris,ITA,FW,20,2003,0.1,0,0,0,0,0,0,0,0,1,,,0
ITA-Serie A,2324,Monza,Armando Izzo,ITA,DF,31,1992,18.3,9,0,0,32,25,1,3,24,20,,,0
ITA-Serie A,2324,Monza,Daniel Maldini,ITA,MF,21,2001,3.7,0,0,0,2,5,2,10,2,2,,,0
ITA-Serie A,2324,Monza,Danilo D'Ambrosio,ITA,DF,34,1988,17.1,5,1,1,18,13,1,7,15,34,,,0
ITA-Serie A,2324,Monza,Dany Mota,POR,"MF,FW",25,1998,22.8,3,0,0,22,28,6,90,2,7,,,0
ITA-Serie A,2324,Monza,Davide Bettella,ITA,DF,23,2000,0.0,0,0,0,0,0,0,0,0,0,,,0
ITA-Serie A,2324,Monza,Gianluca Caprari,ITA,"MF,FW",30,1993,3.2,0,0,0,3,5,2,8,2,1,,,0
ITA-Serie A,2324,Monza,Giorgio Cittadini,ITA,DF,21,2002,0.2,1,0,0,1,1,0,0,0,1,,,0
ITA-Serie A,2324,Monza,Giorgos Kyriakopoulos,GRE,"MF,DF",27,1996,19.0,3,0,0,15,14,2,84,12,10,,,0
ITA-Serie A,2324,Monza,Giulio Donati,ITA,DF,33,1990,0.4,2,0,0,1,0,0,4,0,0,,,0
ITA-Serie A,2324,Monza,Jean-Daniel Akpa-Akpro,CIV,"MF,DF",30,1992,7.8,5,0,0,15,5,0,1,9,13,,,0
ITA-Serie A,2324,Monza,Lorenzo Colombo,ITA,FW,21,2002,15.1,3,0,0,25,24,6,2,0,11,,,0
ITA-Serie A,2324,Monza,Luca Caldirola,ITA,DF,32,1991,23.8,7,1,1,24,17,1,4,25,14,,,0
ITA-Serie A,2324,Monza,Matteo Pessina,ITA,MF,26,1997,35.8,5,1,1,29,45,1,20,27,25,,,0
ITA-Serie A,2324,Monza,Michele Di Gregorio,ITA,GK,26,1997,31.9,0,0,0,0,4,0,0,2,0,,,0
ITA-Serie A,2324,Monza,Milan Đurić,BIH,FW,33,1990,14.0,2,0,0,23,26,1,1,0,4,,,0
ITA-Serie A,2324,Monza,Mirko Marić,CRO,FW,28,1995,3.2,0,1,0,4,5,3,1,2,1,,,0
ITA-Serie A,2324,Monza,Pablo Marí,ESP,DF,29,1993,29.1,7,0,0,37,9,0,4,37,26,,,0
ITA-Serie A,2324,Monza,Papu Gómez,ARG,"FW,MF",35,1988,0.5,0,0,0,0,0,0,5,1,0,,,0
ITA-Serie A,2324,Monza,Patrick Ciurria,ITA,MF,28,1995,17.8,2,0,0,29,14,4,53,9,20,,,0
ITA-Serie A,2324,Monza,Pedro Pereira,POR,"MF,DF",25,1998,9.3,3,0,0,11,3,1,37,4,13,,,0
ITA-Serie A,2324,Monza,Pepín,EQG,MF,26,1996,2.7,2,0,0,2,6,0,4,0,1,,,0
ITA-Serie A,2324,Monza,Roberto Gagliardini,ITA,"MF,DF",29,1994,26.2,5,0,0,26,21,1,9,30,29,,,0
ITA-Serie A,2324,Monza,Samuele Birindelli,ITA,"MF,DF",24,1999,22.4,7,0,0,30,32,1,55,16,20,,,0
ITA-Serie A,2324,Monza,Samuele Vignato,ITA,MF,19,2004,3.8,2,0,0,4,4,1,8,1,4,,,0
ITA-Serie A,2324,Monza,Valentin Carboni,ARG,MF,18,2005,13.0,2,0,0,21,20,3,14,7,13,,,0
ITA-Serie A,2324,Monza,Warren Bondo,FRA,MF,19,2003,16.4,9,0,0,31,19,0,2,6,23,,,0
ITA-Serie A,2324,Napoli,Alessandro Zanoli,ITA,MF,22,2000,0.6,1,0,0,3,0,0,2,1,1,,,0
ITA-Serie A,2324,Napoli,Alessio Zerbin,ITA,FW,24,1999,1.7,0,0,0,7,4,0,7,0,2,,,0
ITA-Serie A,2324,Napoli,Alex Meret,ITA,GK,26,1997,30.8,0,0,0,0,3,0,0,0,0,,,0
ITA-Serie A,2324,Napoli,Amir Rrahmani,KVX,DF,29,1994,28.9,5,0,0,19,7,2,4,19,27,,,0
ITA-Serie A,2324,Napoli,Cyril Ngonge,BEL,FW,23,2000,3.5,2,0,0,2,10,1,21,0,3,,,0
ITA-Serie A,2324,Napoli,Diego Demme,GER,MF,31,1991,0.8,1,0,0,1,2,0,3,0,1,,,0
ITA-Serie A,2324,Napoli,Elif Elmas,MKD,"MF,FW",23,1999,3.8,2,0,0,7,6,1,6,1,3,,,0
ITA-Serie A,2324,Napoli,Frank Anguissa,CMR,MF,27,1995,31.0,2,0,0,41,38,4,21,28,35,,,0
ITA-Serie A,2324,Napoli,Giacomo Raspadori,ITA,FW,23,2000,17.6,0,0,0,17,19,5,64,4,11,,,0
ITA-Serie A,2324,Napoli,Gianluca Gaetano,ITA,MF,23,2000,1.8,1,0,0,3,1,0,3,1,1,,,0
ITA-Serie A,2324,Napoli,Giovanni Di Lorenzo,ITA,DF,29,1993,35.9,6,0,0,28,37,5,125,22,36,,,0
ITA-Serie A,2324,Napoli,Giovanni Simeone,ARG,FW,28,1995,8.9,3,0,0,11,13,6,6,1,4,,,0
ITA-Serie A,2324,Napoli,Hamed Junior Traorè,CIV,MF,23,2000,4.2,1,0,0,4,7,1,7,1,2,,,0
ITA-Serie A,2324,Napoli,Jens Cajuste,SWE,MF,23,1999,11.3,7,0,0,29,11,1,6,3,22,,,0
ITA-Serie A,2324,Napoli,Jesper Lindstrøm,DEN,FW,23,2000,4.8,2,0,0,6,4,2,12,2,2,,,0
ITA-Serie A,2324,Napoli,Juan Jesus,BRA,DF,32,1991,23.5,7,0,0,28,9,0,0,22,20,,,0
ITA-Serie A,2324,Napoli,Khvicha Kvaratskhelia,GEO,FW,22,2001,30.4,8,0,0,25,80,4,99,13,22,,,0
ITA-Serie A,2324,Napoli,Leander Dendoncker,BEL,"DF,MF",28,1995,0.3,0,0,0,0,1,0,0,0,0,,,0
ITA-Serie A,2324,Napoli,Leo Østigård,NOR,DF,23,1999,18.1,3,0,0,12,12,1,2,15,11,,,0
ITA-Serie A,2324,Napoli,Mathías Olivera,URU,DF,25,1997,17.4,3,0,0,9,17,1,27,19,29,,,0
ITA-Serie A,2324,Napoli,Matteo Politano,ITA,FW,29,1993,26.2,2,1,0,12,38,2,134,15,9,,,0
ITA-Serie A,2324,Napoli,Mário Rui,POR,DF,32,1991,13.4,7,1,1,16,28,1,62,16,15,,,0
ITA-Serie A,2324,Napoli,Natan,BRA,DF,22,2001,10.6,3,1,1,13,6,0,5,8,11,,,0
ITA-Serie A,2324,Napoli,Nikita Contini,ITA,GK,27,1996,0.2,0,0,0,0,0,0,0,0,0,,,0
ITA-Serie A,2324,Napoli,Pasquale Mazzocchi,ITA,"DF,MF",28,1995,4.8,0,1,0,9,7,0,14,1,3,,,0
ITA-Serie A,2324,Napoli,Pierluigi Gollini,ITA,GK,28,1995,7.0,0,0,0,0,1,0,0,1,1,,,0
ITA-Serie A,2324,Napoli,Piotr Zieliński,POL,MF,29,1994,21.4,1,0,0,15,18,0,88,10,16,,,0
ITA-Serie A,2324,Napoli,Stanislav Lobotka,SVK,MF,28,1994,36.5,4,0,0,33,41,0,3,31,40,,,0
ITA-Serie A,2324,Napoli,Victor Osimhen,NGA,FW,24,1998,22.0,6,1,1,31,31,34,14,2,8,,,0
ITA-Serie A,2324,Roma,Andrea Belotti,ITA,FW,29,1993,7.5,1,0,0,14,25,8,4,1,4,,,0
ITA-Serie A,2324,Roma,Angeliño,ESP,"DF,MF",26,1997,12.7,2,0,0,13,10,1,53,12,11,,,1
ITA-Serie A,2324,Roma,Bryan Cristante,ITA,MF,28,1995,36.5,8,0,0,77,16,4,28,23,41,,,0
ITA-Serie A,2324,Roma,Chris Smalling,ENG,DF,33,1989,4.3,0,0,0,1,3,0,1,3,1,,,0
ITA-Serie A,2324,Roma,Dean Huijsen,ESP,DF,18,2005,5.7,4,0,0,10,2,0,1,3,5,,,1
ITA-Serie A,2324,Roma,Diego Llorente,ESP,DF,29,1993,24.1,5,0,0,26,23,0,6,22,19,,,0
ITA-Serie A,2324,Roma,Edoardo Bove,ITA,MF,21,2002,19.8,2,0,0,31,37,1,8,10,31,,,0
ITA-Serie A,2324,Roma,Gianluca Mancini,ITA,DF,27,1996,31.9,9,0,0,49,31,0,24,34,19,,,0
ITA-Serie A,2324,Roma,Houssem Aouar,ALG,"MF,FW",25,1998,8.4,3,0,0,10,11,3,10,4,11,,,0
ITA-Serie A,2324,Roma,João Costa,BRA,FW,18,2005,0.2,1,0,0,2,0,0,1,0,0,,,0
ITA-Serie A,2324,Roma,Leandro Paredes,ARG,MF,29,1994,29.3,15,1,0,30,35,0,82,27,35,,,0
ITA-Serie A,2324,Roma,Leonardo Spinazzola,ITA,"MF,DF",30,1993,14.6,0,0,0,8,6,1,83,3,7,,,0
ITA-Serie A,2324,Roma,Lorenzo Pellegrini,ITA,MF,27,1996,20.7,7,0,0,26,35,3,76,20,20,,,0
ITA-Serie A,2324,Roma,Mile Svilar,SRB,GK,23,1999,15.0,1,0,0,0,4,0,0,0,0,,,0
ITA-Serie A,2324,Roma,Niccolò Pisilli,ITA,MF,18,2004,0.1,0,0,0,0,0,0,0,0,0,,,0
ITA-Serie A,2324,Roma,Nicola Zalewski,POL,"MF,FW",21,2002,10.8,3,1,1,14,27,1,38,8,13,,,0
ITA-Serie A,2324,Roma,Obite N'Dicka,CIV,DF,23,1999,24.1,6,0,0,26,16,0,11,15,18,,,0
ITA-Serie A,2324,Roma,Ola Solbakken,NOR,FW,24,1998,0.3,0,0,0,0,0,0,1,0,0,,,0
ITA-Serie A,2324,Roma,Paulo Dybala,ARG,"FW,MF",29,1993,21.8,3,0,0,12,50,5,88,3,13,,,0
ITA-Serie A,2324,Roma,Rasmus Kristensen,DEN,"MF,DF",26,1997,19.4,5,0,0,14,8,1,43,7,18,,,1
ITA-Serie A,2324,Roma,Renato Sanches,POR,MF,25,1997,1.6,2,0,0,6,3,0,4,0,1,,,0
ITA-Serie A,2324,Roma,Riccardo Pagano,ITA,MF,18,2004,0.6,0,0,0,3,0,0,1,0,2,,,0
ITA-Serie A,2324,Roma,Rick Karsdorp,NED,"MF,DF",28,1995,13.2,2,0,0,9,9,0,28,9,18,,,0
ITA-Serie A,2324,Roma,Romelu Lukaku,BEL,FW,30,1993,29.3,5,1,0,24,17,25,13,0,6,,,0
ITA-Serie A,2324,Roma,Rui Patrício,POR,GK,35,1988,23.0,1,0,0,1,1,0,0,0,0,,,0
ITA-Serie A,2324,Roma,Sardar Azmoun,IRN,"FW,MF",28,1995,6.5,4,0,0,8,11,2,2,3,5,,,0
ITA-Serie A,2324,Roma,Stephan El Shaarawy,ITA,"FW,MF",30,1992,19.3,2,0,0,14,28,8,18,14,13,,,0
ITA-Serie A,2324,Roma,Tammy Abraham,ENG,FW,25,1997,2.7,1,0,0,6,5,2,2,0,1,,,0
ITA-Serie A,2324,Roma,Tommaso Baldanzi,ITA,"MF,FW",20,2003,5.8,2,0,0,7,14,1,5,0,5,,,0
ITA-Serie A,2324,Roma,Zeki Çelik,TUR,"DF,MF",26,1997,7.5,1,0,0,14,3,0,20,8,15,,,0
ITA-Serie A,2324,Salernitana,Agustín Martegani,ARG,MF,23,2000,8.1,1,0,0,10,14,0,1,4,7,,,0
ITA-Serie A,2324,Salernitana,Alessandro Zanoli,ITA,"MF,DF",22,2000,10.2,3,0,0,5,4,1,30,2,12,,,1
ITA-Serie A,2324,Salernitana,Andres Sfait,ROU,MF,18,2004,0.3,0,0,0,0,0,0,1,0,1,,,0
ITA-Serie A,2324,Salernitana,Antonio Candreva,ITA,MF,36,1987,30.6,5,0,0,11,43,21,219,7,13,,,0
ITA-Serie A,2324,Salernitana,Benoît Costil,FRA,GK,36,1987,13.0,0,0,0,0,1,0,1,0,1,,,0
ITA-Serie A,2324,Salernitana,Boulaye Dia,SEN,"FW,MF",26,1996,12.7,1,0,0,11,24,3,1,3,2,,,0
ITA-Serie A,2324,Salernitana,Chukwubuikem Ikwuemesi,NGA,FW,21,2001,11.8,2,0,0,35,20,9,2,1,1,,,0
ITA-Serie A,2324,Salernitana,Domagoj Bradarić,CRO,"MF,DF",23,1999,30.5,5,0,0,14,34,0,81,31,21,,,0
ITA-Serie A,2324,Salernitana,Dylan Bronn,TUN,DF,28,1995,0.6,0,0,0,0,2,0,0,0,0,,,0
ITA-Serie A,2324,Salernitana,Emanuel Vignato,ITA,"MF,FW",22,2000,3.5,1,0,0,3,1,1,2,1,7,,,0
ITA-Serie A,2324,Salernitana,Emil Bohinen,NOR,MF,24,1999,5.9,1,0,0,5,6,0,2,14,6,,,0
ITA-Serie A,2324,Salernitana,Erik Botheim,NOR,"FW,MF",23,2000,3.5,1,0,0,2,11,0,1,0,0,,,0
ITA-Serie A,2324,Salernitana,Federico Fazio,ARG,DF,36,1987,15.1,3,1,0,8,9,0,0,17,11,,,0
ITA-Serie A,2324,Salernitana,Flavius Daniliuc,AUT,DF,22,2001,8.3,2,0,0,14,4,0,1,8,11,,,0
ITA-Serie A,2324,Salernitana,Gerardo Fusco,ITA,FW,18,2005,0.2,0,0,0,0,0,0,1,0,0,,,0
ITA-Serie A,2324,Salernitana,Giulio Maggiore,ITA,MF,25,1998,20.0,9,1,1,39,36,1,3,22,26,,,0
ITA-Serie A,2324,Salernitana,Grigoris Kastanos,CYP,MF,25,1998,16.4,5,0,0,18,44,3,38,6,14,,,0
ITA-Serie A,2324,Salernitana,Guillermo Ochoa,MEX,GK,38,1985,21.0,0,0,0,0,0,0,0,0,0,,,0
ITA-Serie A,2324,Salernitana,Iron Gomis,FRA,MF,23,1999,1.5,0,0,0,2,2,1,1,2,1,,,0
ITA-Serie A,2324,Salernitana,Jovane Cabral,CPV,"MF,FW",25,1998,7.5,1,0,0,19,13,6,14,1,9,,,0
ITA-Serie A,2324,Salernitana,Junior Sambia,CTA,MF,26,1996,11.5,4,0,0,9,15,0,29,10,5,,,0
ITA-Serie A,2324,Salernitana,Jérôme Boateng,GER,DF,34,1988,2.6,0,0,0,2,0,1,1,4,0,,,0
ITA-Serie A,2324,Salernitana,Kostas Manolas,GRE,DF,32,1991,5.4,0,0,0,5,3,0,1,2,6,,,0
ITA-Serie A,2324,Salernitana,Lassana Coulibaly,MLI,MF,27,1996,23.1,5,0,0,33,36,1,9,17,33,,,0
ITA-Serie A,2324,Salernitana,Lorenzo Pirola,ITA,DF,21,2002,22.1,4,0,0,33,16,1,2,25,22,,,0
ITA-Serie A,2324,Salernitana,Loum Tchaouna,FRA,"MF,FW",19,2003,23.3,4,0,0,15,30,6,69,5,10,,,0
ITA-Serie A,2324,Salernitana,Mamadou Coulibaly,SEN,MF,24,1999,0.0,0,0,0,0,0,0,0,0,0,,,0
ITA-Serie A,2324,Salernitana,Marco Pellegrino,ARG,DF,21,2002,6.1,1,0,0,3,1,0,1,10,6,,,0
ITA-Serie A,2324,Salernitana,Mateusz Łęgowski,POL,MF,20,2003,12.7,3,0,0,24,10,2,6,7,12,,,0
ITA-Serie A,2324,Salernitana,Matteo Lovato,ITA,DF,23,2000,10.5,2,0,0,7,5,0,1,19,14,,,0
ITA-Serie A,2324,Salernitana,Niccolò Pierozzi,ITA,DF,21,2001,9.7,6,0,0,28,10,0,6,11,10,,,0
ITA-Serie A,2324,Salernitana,Norbert Gyömbér,SVK,DF,31,1992,19.6,9,0,0,33,18,0,0,23,19,,,1
ITA-Serie A,2324,Salernitana,Pasquale Mazzocchi,ITA,"MF,DF",28,1995,14.1,4,0,0,23,9,3,44,4,18,,,0
ITA-Serie A,2324,Salernitana,Shon Weissman,ISR,FW,27,1996,5.5,0,0,0,3,10,0,0,3,3,,,0
ITA-Serie A,2324,Salernitana,Simeon Nwankwo,NGA,FW,31,1992,7.6,0,0,0,11,17,2,0,0,3,,,0
ITA-Serie A,2324,Salernitana,Toma Bašić,CRO,MF,26,1996,12.9,5,0,0,14,16,0,25,14,13,,,0
ITA-Serie A,2324,Salernitana,Triantafyllos Pasaridīs,GRE,DF,27,1996,5.0,3,0,0,9,3,0,0,3,7,,,0
ITA-Serie A,2324,Salernitana,Trivante Stewart,JAM,FW,23,2000,1.1,0,0,0,1,0,0,2,0,0,,,0
ITA-Serie A,2324,Salernitana,Vincenzo Fiorillo,ITA,GK,33,1990,4.0,1,1,0,0,3,0,0,0,0,,,0
ITA-Serie A,2324,Sassuolo,Alessio Cragno,ITA,GK,29,1994,3.0,0,0,0,0,0,0,0,0,0,,,0
ITA-Serie A,2324,Sassuolo,Andrea Consigli,ITA,GK,36,1987,35.0,1,0,0,0,3,0,0,0,0,,,0
ITA-Serie A,2324,Sassuolo,Andrea Pinamonti,ITA,FW,24,1999,34.2,4,0,0,21,52,9,10,1,9,,,0
ITA-Serie A,2324,Sassuolo,Armand Lauriente,FRA,"MF,FW",24,1998,32.3,5,0,0,34,55,4,134,18,21,,,0
ITA-Serie A,2324,Sassuolo,Cristian Volpato,AUS,"MF,FW",19,2003,7.2,1,0,0,15,9,0,48,2,8,,,0
ITA-Serie A,2324,Sassuolo,Daniel Boloca,ROU,MF,24,1998,22.5,6,1,0,25,7,0,8,15,33,,,0
ITA-Serie A,2324,Sassuolo,Domenico Berardi,ITA,"MF,FW",28,1994,15.9,6,0,0,28,28,4,73,13,6,,,0
ITA-Serie A,2324,Sassuolo,Emil Ceide,NOR,"FW,MF",21,2001,2.0,0,0,0,2,1,0,5,0,1,,,0
ITA-Serie A,2324,Sassuolo,Filippo Missori,ITA,MF,19,2004,3.0,0,0,0,1,2,0,5,3,3,,,0
ITA-Serie A,2324,Sassuolo,Gian Marco Ferrari,ITA,DF,31,1992,25.2,4,0,0,26,21,0,14,26,11,,,0
ITA-Serie A,2324,Sassuolo,Grégoire Defrel,MTQ,"MF,FW",32,1991,8.4,0,0,0,9,8,1,2,4,7,,,0
ITA-Serie A,2324,Sassuolo,Jeremy Toljan,GER,DF,28,1994,23.1,1,0,0,10,7,0,52,15,10,,,0
ITA-Serie A,2324,Sassuolo,Josh Doig,SCO,"DF,MF",21,2002,14.9,5,0,0,16,11,0,46,15,17,,,0
ITA-Serie A,2324,Sassuolo,Justin Kumi,ITA,MF,19,2004,0.0,0,0,0,0,0,0,0,0,0,,,0
ITA-Serie A,2324,Sassuolo,Kevin Miranda,ITA,DF,20,2003,0.2,0,0,0,0,0,0,0,0,0,,,0
ITA-Serie A,2324,Sassuolo,Kristian Thorstvedt,NOR,MF,24,1999,26.6,7,0,0,36,39,1,26,22,20,,,0
ITA-Serie A,2324,Sassuolo,Luca Lipani,ITA,MF,18,2005,4.3,0,0,0,6,1,0,5,6,7,,,0
ITA-Serie A,2324,Sassuolo,Marash Kumbulla,ALB,DF,23,2000,4.0,1,0,0,3,1,0,0,0,2,,,1
ITA-Serie A,2324,Sassuolo,Marcus Pedersen,NOR,DF,23,2000,17.9,4,0,0,13,9,0,57,10,24,,,0
ITA-Serie A,2324,Sassuolo,Martin Erlić,CRO,DF,25,1998,29.1,5,0,0,30,26,0,5,27,22,,,0
ITA-Serie A,2324,Sassuolo,Matheus Henrique,BRA,MF,25,1997,27.8,8,1,1,21,38,2,28,24,29,,,0
ITA-Serie A,2324,Sassuolo,Mattia Viti,ITA,DF,21,2002,10.9,0,0,0,9,14,0,1,10,16,,,1
ITA-Serie A,2324,Sassuolo,Matías Viña,URU,DF,25,1997,11.3,1,0,0,12,9,0,29,9,20,,,2
ITA-Serie A,2324,Sassuolo,Maxime Lopez,FRA,MF,25,1997,1.6,0,1,0,2,2,0,0,2,1,,,0
ITA-Serie A,2324,Sassuolo,Nedim Bajrami,ALB,"MF,FW",24,1999,14.6,0,0,0,12,6,4,77,5,6,,,0
ITA-Serie A,2324,Sassuolo,Pedro Obiang,EQG,MF,31,1992,5.0,1,0,0,9,3,0,1,7,3,,,0
ITA-Serie A,2324,Sassuolo,Ruan,BRA,DF,24,1999,16.8,7,1,1,23,12,0,2,23,14,,,0
ITA-Serie A,2324,Sassuolo,Samu Castillejo,ESP,"MF,FW",28,1995,6.0,2,0,0,11,18,1,34,1,10,,,0
ITA-Serie A,2324,Sassuolo,Samuele Mulattieri,ITA,FW,22,2000,5.1,1,0,0,7,5,0,0,1,1,,,0
ITA-Serie A,2324,Sassuolo,Uroš Račić,SRB,MF,25,1998,9.1,1,0,0,6,12,0,2,7,5,,,0
ITA-Serie A,2324,Torino,Adam Masina,MAR,DF,29,1994,11.4,0,0,0,18,5,0,4,11,12,,,0
ITA-Serie A,2324,Torino,Adrien Tameze,CMR,"DF,MF",29,1994,23.8,6,1,0,19,15,0,15,47,16,,,0
ITA-Serie A,2324,Torino,Alessandro Buongiorno,ITA,DF,24,1999,28.1,7,0,0,69,39,1,3,72,39,,,0
ITA-Serie A,2324,Torino,Alessandro Dellavalle,ITA,DF,19,2004,0.2,0,0,0,0,1,0,0,1,0,,,0
ITA-Serie A,2324,Torino,Antonio Sanabria,PAR,FW,27,1996,23.7,2,0,0,25,33,3,6,7,15,,,0
ITA-Serie A,2324,Torino,Brandon Soppy,FRA,MF,21,2002,2.0,0,0,0,4,6,0,3,0,2,,,0
ITA-Serie A,2324,Torino,David Okereke,NGA,"FW,MF",25,1997,2.8,0,0,0,2,3,2,4,1,1,,,0
ITA-Serie A,2324,Torino,David Zima,CZE,DF,22,2000,1.0,0,0,0,0,1,0,0,4,1,,,0
ITA-Serie A,2324,Torino,Demba Seck,SEN,MF,22,2001,4.7,1,0,0,9,8,0,2,1,3,,,0
ITA-Serie A,2324,Torino,Duván Zapata,COL,FW,32,1991,32.0,2,0,0,53,67,22,50,7,7,,,0
ITA-Serie A,2324,Torino,Gvidas Gineitis,LTU,MF,19,2004,6.0,2,0,0,9,3,0,22,4,7,,,0
ITA-Serie A,2324,Torino,Ivan Ilić,SRB,MF,22,2001,23.3,3,0,0,24,25,1,91,20,9,,,0
ITA-Serie A,2324,Torino,Karol Linetty,POL,MF,28,1995,20.6,12,0,0,50,18,2,19,23,19,,,0
ITA-Serie A,2324,Torino,Koffi Djidji,CIV,DF,30,1992,8.4,2,0,0,11,1,0,2,10,8,,,0
ITA-Serie A,2324,Torino,Luca Gemello,ITA,GK,23,2000,2.0,0,0,0,0,0,0,0,0,0,,,0
ITA-Serie A,2324,Torino,Matteo Lovato,ITA,DF,23,2000,6.0,2,0,0,14,0,0,0,14,6,,,0
ITA-Serie A,2324,Torino,Mërgim Vojvoda,KVX,"MF,DF",28,1995,15.3,3,0,0,12,4,4,63,14,8,,,0
ITA-Serie A,2324,Torino,Nemanja Radonjić,SRB,MF,27,1996,4.2,1,0,0,1,5,4,11,0,1,,,0
ITA-Serie A,2324,Torino,Nikola Vlašić,CRO,MF,25,1997,29.0,3,0,0,26,37,9,37,11,14,,,0
ITA-Serie A,2324,Torino,Perr Schuurs,NED,DF,23,1999,8.6,2,0,0,8,1,0,2,11,12,,,0
ITA-Serie A,2324,Torino,Pietro Pellegri,ITA,"FW,MF",22,2001,8.4,3,0,0,16,22,6,5,2,1,,,0
ITA-Serie A,2324,Torino,Raoul Bellanova,ITA,MF,23,2000,33.8,5,0,0,14,53,2,178,15,26,,,0
ITA-Serie A,2324,Torino,Ricardo Rodríguez,SUI,"DF,MF",30,1992,30.8,4,0,0,25,9,1,56,26,27,,,0
ITA-Serie A,2324,Torino,Saba Sazonov,GEO,DF,21,2002,4.0,2,0,0,10,1,0,0,3,7,,,0
ITA-Serie A,2324,Torino,Samuele Ricci,ITA,MF,21,2001,26.6,8,1,1,37,46,3,55,28,18,,,0
ITA-Serie A,2324,Torino,Simone Verdi,ITA,"FW,MF",31,1992,0.0,0,0,0,0,0,0,0,0,0,,,0
ITA-Serie A,2324,Torino,Valentino Lazaro,AUT,MF,27,1996,22.2,3,0,0,12,10,1,126,8,11,,,0
ITA-Serie A,2324,Torino,Vanja Milinković-Savić,SRB,GK,26,1997,36.0,2,0,0,0,2,0,0,1,0,,,0
ITA-Serie A,2324,Torino,Yann Karamoh,FRA,MF,25,1998,1.8,0,0,0,2,3,2,6,0,0,,,0
ITA-Serie A,2324,Torino,Zanos Savva,CYP,FW,17,2005,0.3,0,0,0,1,1,0,0,0,1,,,0
ITA-Serie A,2324,Udinese,Adam Masina,MAR,MF,29,1994,0.7,2,0,0,3,0,0,0,2,0,,,0
ITA-Serie A,2324,Udinese,Antonio Tikvić,CRO,DF,19,2004,0.0,0,0,0,0,0,0,0,0,0,,,0
ITA-Serie A,2324,Udinese,Axel Guessand,FRA,DF,18,2004,0.5,0,0,0,0,1,0,0,0,1,,,0
ITA-Serie A,2324,Udinese,Beto,GNB,FW,25,1998,0.8,0,0,0,0,0,3,0,0,0,,,0
ITA-Serie A,2324,Udinese,Brenner,BRA,"MF,FW",23,2000,2.1,0,0,0,0,3,1,1,0,6,,,0
ITA-Serie A,2324,Udinese,Christian Kabasele,BEL,DF,32,1991,9.6,5,0,0,15,9,0,2,12,6,,,0
ITA-Serie A,2324,Udinese,Domingos Quina,POR,MF,23,1999,0.1,0,0,0,0,0,0,0,0,1,,,0
ITA-Serie A,2324,Udinese,Enzo Ebosse,CMR,DF,24,1999,0.1,0,0,0,0,0,0,0,1,1,,,0
ITA-Serie A,2324,Udinese,Festy Ebosele,IRL,MF,20,2002,18.9,6,1,1,29,45,1,44,11,20,,,0
ITA-Serie A,2324,Udinese,Florian Thauvin,FRA,FW,30,1993,19.0,4,0,0,14,26,6,79,3,5,,,0
ITA-Serie A,2324,Udinese,Hassane Kamara,CIV,MF,29,1994,24.7,4,0,0,21,8,6,70,25,32,,,0
ITA-Serie A,2324,Udinese,Isaac Success,NGA,"FW,MF",27,1996,9.8,4,0,0,27,34,1,2,2,4,,,0
ITA-Serie A,2324,Udinese,Jaka Bijol,SVN,DF,24,1999,23.2,4,0,0,28,7,0,1,23,28,,,0
ITA-Serie A,2324,Udinese,Jordan Zemura,ZIM,MF,23,1999,11.5,1,0,0,15,15,0,21,15,16,,,0
ITA-Serie A,2324,Udinese,João Ferreira,POR,"DF,MF",22,2001,20.2,9,0,0,35,11,2,21,30,43,,,0
ITA-Serie A,2324,Udinese,Keinan Davis,ENG,FW,25,1998,2.1,2,0,0,5,3,3,0,0,0,,,0
ITA-Serie A,2324,Udinese,Kingsley Ehizibue,NED,MF,28,1995,10.6,4,0,0,12,21,5,16,9,14,,,0
ITA-Serie A,2324,Udinese,Lautaro Gianetti,ARG,DF,29,1993,7.0,4,0,0,9,0,0,0,18,4,,,1
ITA-Serie A,2324,Udinese,Lazar Samardzic,SRB,MF,21,2002,26.4,3,0,0,29,18,0,126,9,17,,,0
ITA-Serie A,2324,Udinese,Lorenzo Lucca,ITA,FW,22,2000,28.8,6,0,0,52,54,21,8,4,11,,,0
ITA-Serie A,2324,Udinese,Maduka Okoye,NGA,GK,23,1999,21.0,2,0,0,1,4,0,0,1,0,,,0
ITA-Serie A,2324,Udinese,Marco Silvestri,ITA,GK,32,1991,17.0,0,0,0,0,1,0,0,0,0,,,0
ITA-Serie A,2324,Udinese,Marley Aké,FRA,"FW,MF",22,2001,0.1,0,0,0,0,0,0,0,0,0,,,0
ITA-Serie A,2324,Udinese,Martín Payero,ARG,MF,24,1998,20.0,6,1,0,45,28,1,20,13,33,,,0
ITA-Serie A,2324,Udinese,Nehuén Pérez,ARG,DF,23,2000,36.0,9,1,1,34,17,0,20,45,49,,,0
ITA-Serie A,2324,Udinese,Oier Zarraga,ESP,MF,24,1999,4.5,0,0,0,3,3,0,5,5,3,,,0
ITA-Serie A,2324,Udinese,Roberto Pereyra,ARG,"FW,MF",32,1991,20.6,6,0,0,23,32,6,24,7,10,,,0
ITA-Serie A,2324,Udinese,Sandi Lovrić,SVN,MF,25,1998,22.1,1,1,0,25,23,1,81,21,13,,,0
ITA-Serie A,2324,Udinese,Simone Pafundi,ITA,FW,17,2006,0.1,0,0,0,1,0,0,1,0,0,,,0
ITA-Serie A,2324,Udinese,Thomas Kristensen,DEN,DF,21,2002,23.3,4,1,1,26,7,1,1,29,23,,,0
ITA-Serie A,2324,Udinese,Vivaldo Semedo,POR,FW,18,2005,0.1,0,0,0,1,2,0,0,0,0,,,0
ITA-Serie A,2324,Udinese,Walace,BRA,MF,28,1995,36.0,7,0,0,42,46,0,12,43,43,,,0
FRA-Ligue 1,2324,Brest,Achraf Dari,MAR,DF,24,1999,1.3,0,0,0,2,1,0,0,5,1,,,0
FRA-Ligue 1,2324,Brest,Adrien Lebeau,FRA,MF,24,1999,0.6,0,0,0,1,2,0,3,0,0,,,0
FRA-Ligue 1,2324,Brest,Axel Camblan,FRA,FW,19,2003,1.0,2,0,0,3,1,0,1,0,1,,,0
FRA-Ligue 1,2324,Brest,Bilal Brahimi,ALG,FW,23,2000,2.5,1,1,0,3,4,2,33,0,0,,,0
FRA-Ligue 1,2324,Brest,Bradley Locko,FRA,DF,21,2002,32.9,5,0,0,26,41,1,94,36,56,,,0
FRA-Ligue 1,2324,Brest,Brendan Chardonnet,FRA,DF,28,1994,33.0,4,0,0,35,22,0,12,50,39,,,0
FRA-Ligue 1,2324,Brest,Grégoire Coudert,FRA,GK,24,1999,2.0,0,0,0,0,0,0,0,0,0,,,0
FRA-Ligue 1,2324,Brest,Hianga'a Mbock,FRA,MF,23,1999,0.1,0,0,0,0,0,0,0,1,0,,,0
FRA-Ligue 1,2324,Brest,Hugo Magnetti,FRA,MF,25,1998,26.0,6,0,0,21,18,2,20,18,28,,,0
FRA-Ligue 1,2324,Brest,Jonas Martin,FRA,MF,33,1990,13.4,5,0,0,27,11,1,8,9,25,,,0
FRA-Ligue 1,2324,Brest,Jordan Amavi,FRA,DF,29,1994,1.0,1,0,0,2,0,0,1,3,1,,,0
FRA-Ligue 1,2324,Brest,Julien Le Cardinal,FRA,DF,25,1997,5.3,3,0,0,7,5,0,4,12,11,,,0
FRA-Ligue 1,2324,Brest,Jérémy Le Douaron,FRA,"FW,MF",25,1998,18.0,3,0,0,28,31,3,39,2,9,,,0
FRA-Ligue 1,2324,Brest,Kamory Doumbia,MLI,MF,20,2003,9.8,1,0,0,16,10,1,8,10,18,,,0
FRA-Ligue 1,2324,Brest,Karamoko Dembélé,ENG,"FW,MF",20,2003,0.2,0,0,0,0,1,0,1,0,0,,,0
FRA-Ligue 1,2324,Brest,Kenny Lala,MAD,DF,31,1991,33.0,7,0,0,24,24,0,143,27,50,,,0
FRA-Ligue 1,2324,Brest,Lilian Brassier,FRA,DF,23,1999,29.7,11,1,1,33,25,1,5,42,18,,,0
FRA-Ligue 1,2324,Brest,Luck Zogbé,CIV,DF,18,2005,0.1,0,0,0,0,0,0,0,1,0,,,0
FRA-Ligue 1,2324,Brest,Mahdi Camara,FRA,MF,25,1998,22.4,7,0,0,36,39,3,46,26,40,,,0
FRA-Ligue 1,2324,Brest,Marco Bizot,NED,GK,32,1991,32.0,3,1,0,1,0,0,0,0,0,,,0
FRA-Ligue 1,2324,Brest,Martin Satriano,URU,"FW,MF",22,2001,20.7,4,0,0,19,25,2,10,7,14,,,0
FRA-Ligue 1,2324,Brest,Mathias Pereira Lage,POR,"MF,FW",26,1996,13.2,3,0,0,19,21,6,67,10,15,,,0
FRA-Ligue 1,2324,Brest,Pierre Lees-Melou,FRA,MF,30,1993,28.0,12,1,1,47,57,1,34,40,66,,,0
FRA-Ligue 1,2324,Brest,Romain Del Castillo,FRA,"MF,FW",27,1996,27.7,4,0,0,21,59,3,250,9,29,,,0
FRA-Ligue 1,2324,Brest,Steve Mounié,BEN,FW,28,1994,19.7,2,1,0,43,25,8,11,2,7,,,0
FRA-Ligue 1,2324,Clermont Foot,Abdellah Baallal,MAR,MF,18,2004,0.0,0,0,0,0,0,0,0,0,0,,,0
FRA-Ligue 1,2324,Clermont Foot,Alan Virginius,FRA,"MF,FW",20,2003,10.4,0,0,0,4,6,4,22,3,5,,,0
FRA-Ligue 1,2324,Clermont Foot,Alidu Seidu,GHA,DF,23,2000,12.6,5,1,0,20,29,0,4,25,26,,,0
FRA-Ligue 1,2324,Clermont Foot,Andy Pelmard,MAD,DF,23,2000,33.2,1,0,0,13,18,0,6,34,41,,,0
FRA-Ligue 1,2324,Clermont Foot,Aïman Maurer,MAR,MF,18,2004,0.6,0,0,0,0,0,0,4,0,1,,,0
FRA-Ligue 1,2324,Clermont Foot,Bilal Boutobba,FRA,"MF,FW",24,1998,10.3,1,0,0,7,26,2,57,8,13,,,0
FRA-Ligue 1,2324,Clermont Foot,Cheick Konaté,MLI,"MF,DF",19,2004,11.9,4,0,0,17,14,0,45,13,16,,,0
FRA-Ligue 1,2324,Clermont Foot,Chrislain Matsima,FRA,DF,21,2002,13.1,2,0,0,12,10,1,0,14,11,,,0
FRA-Ligue 1,2324,Clermont Foot,Elba Rashani,KVX,"MF,FW",30,1993,13.1,4,2,0,27,29,3,28,12,18,,,0
FRA-Ligue 1,2324,Clermont Foot,Florent Ogier,FRA,DF,34,1989,10.5,1,0,0,11,6,0,0,8,10,,,0
FRA-Ligue 1,2324,Clermont Foot,Grejohn Kyei,FRA,FW,27,1995,11.4,1,0,0,28,11,8,2,1,4,,,0
FRA-Ligue 1,2324,Clermont Foot,Habib Keita,MLI,MF,21,2002,14.2,4,0,0,23,36,0,4,28,19,,,0
FRA-Ligue 1,2324,Clermont Foot,Ilhan Fakili,FRA,MF,17,2006,1.0,0,0,0,1,1,0,1,1,0,,,0
FRA-Ligue 1,2324,Clermont Foot,Jim Allevinah,GAB,MF,28,1995,20.7,1,0,0,15,27,1,47,12,19,,,0
FRA-Ligue 1,2324,Clermont Foot,Johan Gastien,FRA,MF,35,1988,25.1,7,0,0,32,29,1,40,37,22,,,0
FRA-Ligue 1,2324,Clermont Foot,Joshua M'Bahia,CIV,DF,18,2005,0.2,1,0,0,1,0,0,0,0,0,,,0
FRA-Ligue 1,2324,Clermont Foot,Jérémie Bela,ANG,MF,30,1993,2.3,0,0,0,0,4,0,14,0,1,,,0
FRA-Ligue 1,2324,Clermont Foot,Jérémy Jacquet,FRA,DF,18,2005,2.8,0,0,0,1,3,1,1,4,2,,,0
FRA-Ligue 1,2324,Clermont Foot,Komnen Andrić,SRB,FW,28,1995,1.9,0,0,0,2,2,1,0,0,1,,,0
FRA-Ligue 1,2324,Clermont Foot,Massamba Ndiaye,SEN,GK,21,2001,4.0,0,0,0,0,1,0,0,0,0,,,0
FRA-Ligue 1,2324,Clermont Foot,Mateusz Wieteska,POL,DF,26,1997,1.9,0,0,0,0,2,1,0,5,1,,,0
FRA-Ligue 1,2324,Clermont Foot,Maxime Gonalons,FRA,MF,34,1989,14.4,4,0,0,29,15,0,2,19,33,,,0
FRA-Ligue 1,2324,Clermont Foot,Maximiliano Caufriez,BEL,DF,26,1997,18.4,6,3,1,37,18,0,4,18,29,,,0
FRA-Ligue 1,2324,Clermont Foot,Mehdi Zeffane,ALG,"MF,DF",31,1992,13.7,2,0,0,13,7,2,45,16,19,,,0
FRA-Ligue 1,2324,Clermont Foot,Mohamed Bouchenna,FRA,FW,17,2006,0.3,1,0,0,1,0,0,0,0,0,,,0
FRA-Ligue 1,2324,Clermont Foot,Mory Diaw,SEN,GK,30,1993,30.0,3,0,0,0,3,0,0,1,1,,,0
FRA-Ligue 1,2324,Clermont Foot,Muhammed Cham,AUT,"MF,FW",22,2000,28.4,4,0,0,23,57,3,119,7,13,,,0
FRA-Ligue 1,2324,Clermont Foot,Neto Borges,BRA,"MF,DF",26,1996,28.0,3,1,0,21,23,8,80,52,25,,,0
FRA-Ligue 1,2324,Clermont Foot,Shamar Nicholson,JAM,FW,26,1997,16.5,2,0,0,20,26,14,6,1,2,,,0
FRA-Ligue 1,2324,Clermont Foot,Yohann Magnin,FRA,MF,26,1997,18.7,2,0,0,37,23,1,14,19,31,,,0
FRA-Ligue 1,2324,Clermont Foot,Yoël Armougom,FRA,"MF,DF",25,1998,2.6,1,0,0,1,3,0,14,1,4,,,0
FRA-Ligue 1,2324,Le Havre,Abdoulaye Touré,GUI,MF,29,1994,25.4,4,0,0,27,32,0,4,21,28,,,0
FRA-Ligue 1,2324,Le Havre,Alois Confais,FRA,"DF,MF",26,1996,0.1,0,0,0,0,0,0,1,0,2,,,0
FRA-Ligue 1,2324,Le Havre,André Ayew,GHA,"FW,MF",33,1989,12.3,2,1,0,15,26,4,4,2,10,,,0
FRA-Ligue 1,2324,Le Havre,Antoine Joujou,FRA,"MF,FW",20,2003,8.7,1,0,0,17,10,0,18,6,12,,,0
FRA-Ligue 1,2324,Le Havre,Arouna Sangante,SEN,DF,21,2002,29.9,8,0,0,54,37,0,14,63,32,,,1
FRA-Ligue 1,2324,Le Havre,Arthur Desmas,FRA,GK,29,1994,33.0,2,0,0,0,9,0,0,0,0,,,0
FRA-Ligue 1,2324,Le Havre,Christopher Opéri,CIV,"DF,MF",26,1997,27.2,6,0,0,20,18,0,189,34,36,,,0
FRA-Ligue 1,2324,Le Havre,Daler Kuzyaev,RUS,MF,30,1993,23.2,1,0,0,28,26,4,26,19,20,,,0
FRA-Ligue 1,2324,Le Havre,Elysée Logbo,FRA,FW,19,2004,2.8,0,0,0,12,0,1,1,0,0,,,0
FRA-Ligue 1,2324,Le Havre,Emmanuel Sabbi,USA,"MF,FW",25,1997,17.6,5,0,0,26,37,2,20,19,20,,,0
FRA-Ligue 1,2324,Le Havre,Etienne Youte Kinkoue,FRA,DF,21,2002,21.6,1,0,0,11,5,2,0,43,11,,,0
FRA-Ligue 1,2324,Le Havre,Gautier Lloris,FRA,DF,28,1995,30.9,2,0,0,35,6,1,3,33,28,,,0
FRA-Ligue 1,2324,Le Havre,Issa Soumaré,SEN,"FW,MF",22,2000,2.6,0,0,0,7,8,4,2,0,1,,,0
FRA-Ligue 1,2324,Le Havre,Josué Casimir,HAI,"MF,FW",21,2001,22.4,6,0,0,25,28,7,52,13,18,,,0
FRA-Ligue 1,2324,Le Havre,Loïc Nego,HUN,"MF,DF",32,1991,17.3,3,0,0,22,17,3,44,16,26,,,0
FRA-Ligue 1,2324,Le Havre,Mathieu Gorgelin,FRA,GK,32,1990,1.0,1,0,0,0,0,0,0,0,0,,,0
FRA-Ligue 1,2324,Le Havre,Mohamed Lamine Bayo,GUI,FW,25,1998,15.4,4,0,0,14,12,7,8,2,6,,,0
FRA-Ligue 1,2324,Le Havre,Nabil Alioui,FRA,"MF,FW",24,1999,11.2,1,0,0,10,20,6,54,3,2,,,0
FRA-Ligue 1,2324,Le Havre,Nolan Mbemba,CGO,MF,28,1995,0.2,0,0,0,0,0,0,2,0,1,,,0
FRA-Ligue 1,2324,Le Havre,Oualid El Hajjam,MAR,"DF,MF",32,1991,4.4,1,0,0,13,4,1,10,6,6,,,0
FRA-Ligue 1,2324,Le Havre,Oussama Targhalline,MAR,MF,21,2002,11.4,4,1,1,13,22,0,8,20,10,,,0
FRA-Ligue 1,2324,Le Havre,Rassoul Ndiaye,SEN,MF,21,2001,5.8,4,2,1,12,4,1,8,3,16,,,0
FRA-Ligue 1,2324,Le Havre,Samuel Grandsir,FRA,MF,26,1996,6.7,4,2,1,18,5,4,44,3,12,,,0
FRA-Ligue 1,2324,Le Havre,Simon Ebonog,CMR,MF,18,2004,0.2,0,0,0,0,1,0,0,0,1,,,0
FRA-Ligue 1,2324,Le Havre,Steve Ngoura,FRA,FW,18,2005,2.5,0,0,0,6,1,2,1,0,1,,,0
FRA-Ligue 1,2324,Le Havre,Yassine Kechta,MAR,MF,21,2002,20.5,4,0,0,30,31,0,20,21,24,,,0
FRA-Ligue 1,2324,Le Havre,Yoann Salmier,GUF,DF,30,1992,17.4,3,0,0,18,9,3,10,21,9,,,1
FRA-Ligue 1,2324,Lens,Abdukodir Khusanov,UZB,DF,19,2004,9.0,5,0,0,9,7,0,2,13,11,,,0
FRA-Ligue 1,2324,Lens,Adrien Thomasson,FRA,MF,29,1993,13.3,2,1,0,16,16,5,47,9,14,,,0
FRA-Ligue 1,2324,Lens,Andy Diouf,FRA,MF,20,2003,14.6,2,0,0,12,15,0,46,2,19,,,0
FRA-Ligue 1,2324,Lens,Angelo Fulgini,NCL,MF,26,1996,15.3,1,0,0,8,25,1,112,8,14,,,0
FRA-Ligue 1,2324,Lens,Ayanda Sishuba,BEL,MF,18,2005,0.7,0,0,0,3,4,0,0,0,1,,,0
FRA-Ligue 1,2324,Lens,Brice Samba,FRA,GK,29,1994,33.0,3,0,0,1,3,0,0,0,1,,,1
FRA-Ligue 1,2324,Lens,David Costa,POR,MF,22,2001,16.6,3,0,0,12,23,0,77,15,10,,,0
FRA-Ligue 1,2324,Lens,Deiver Machado,COL,MF,29,1993,12.5,4,0,0,30,27,2,29,5,18,,,0
FRA-Ligue 1,2324,Lens,Elye Wahi,CIV,FW,20,2003,18.8,10,1,1,20,16,25,9,3,4,,,0
FRA-Ligue 1,2324,Lens,Facundo Medina,ARG,DF,24,1999,30.2,11,0,0,51,19,2,21,23,39,,,0
FRA-Ligue 1,2324,Lens,Faitout Maouassa,FRA,MF,25,1998,0.8,0,0,0,2,1,0,3,0,1,,,0
FRA-Ligue 1,2324,Lens,Florian Sotoca,FRA,"MF,FW",32,1990,28.9,4,1,0,27,40,13,95,20,23,,,0
FRA-Ligue 1,2324,Lens,Jean-Louis Leca,FRA,GK,37,1985,1.0,0,0,0,0,0,0,0,0,0,,,0
FRA-Ligue 1,2324,Lens,Jhoanner Chávez,ECU,"MF,DF",21,2002,5.3,1,0,0,10,4,3,13,5,5,,,0
FRA-Ligue 1,2324,Lens,Jonathan Gradit,FRA,DF,30,1992,23.5,9,1,0,31,26,0,17,36,20,,,0
FRA-Ligue 1,2324,Lens,Julien Le Cardinal,FRA,DF,25,1997,0.6,0,0,0,2,1,0,4,0,2,,,0
FRA-Ligue 1,2324,Lens,Kevin Danso,AUT,DF,24,1998,29.5,6,0,0,24,48,2,3,23,16,,,0
FRA-Ligue 1,2324,Lens,Massadio Haïdara,MLI,"DF,MF",30,1992,8.2,1,0,0,11,7,2,21,11,8,,,0
FRA-Ligue 1,2324,Lens,Morgan Guilavogui,GUI,FW,25,1998,6.3,1,0,0,14,7,7,5,5,10,,,0
FRA-Ligue 1,2324,Lens,Nampalys Mendy,SEN,MF,31,1992,11.7,2,0,0,16,25,0,7,13,19,,,0
FRA-Ligue 1,2324,Lens,Neil El Aynaoui,MAR,MF,22,2001,17.4,1,0,0,21,40,1,7,32,21,,,0
FRA-Ligue 1,2324,Lens,Oscar Cortés,COL,MF,19,2003,0.5,0,0,0,0,1,1,2,0,0,,,0
FRA-Ligue 1,2324,Lens,Przemysław Frankowski,POL,MF,28,1995,24.4,4,0,0,33,12,0,118,24,39,,,0
FRA-Ligue 1,2324,Lens,Ruben Aguilar,FRA,"MF,DF",30,1993,21.4,3,0,0,20,24,3,75,24,33,,,0
FRA-Ligue 1,2324,Lens,Salis Abdul Samed,GHA,MF,23,2000,16.9,2,0,0,34,16,0,3,13,14,,,0
FRA-Ligue 1,2324,Lens,Stijn Spierings,NED,MF,27,1996,1.3,2,0,0,5,2,0,1,2,0,,,0
FRA-Ligue 1,2324,Lens,Wesley Saïd,FRA,FW,28,1995,11.3,1,0,0,33,15,8,16,5,5,,,0
FRA-Ligue 1,2324,Lille,Aaron Malouda,FRA,FW,17,2005,0.0,0,0,0,0,0,0,0,0,0,,,0
FRA-Ligue 1,2324,Lille,Adam Ounas,ALG,MF,26,1996,4.6,0,0,0,3,12,1,22,6,3,,,0
FRA-Ligue 1,2324,Lille,Alan Virginius,FRA,MF,20,2003,0.8,0,0,0,0,0,0,1,0,1,,,0
FRA-Ligue 1,2324,Lille,Alexsandro Ribeiro,BRA,DF,23,1999,24.7,6,1,0,26,37,1,2,36,24,,,1
FRA-Ligue 1,2324,Lille,Andrej Ilic,SRB,FW,23,2000,0.1,0,0,0,1,0,0,0,0,0,,,0
FRA-Ligue 1,2324,Lille,Angel Gomes,ENG,MF,22,2000,28.6,5,0,0,31,37,0,45,18,13,,,0
FRA-Ligue 1,2324,Lille,Ayyoub Bouaddi,MAR,MF,15,2007,1.5,3,1,1,8,0,0,2,1,2,,,0
FRA-Ligue 1,2324,Lille,Bafodé Diakité,FRA,DF,22,2001,18.8,4,0,0,16,12,2,3,17,22,,,0
FRA-Ligue 1,2324,Lille,Benjamin André,FRA,MF,32,1990,28.6,8,0,0,52,44,1,19,33,48,,,0
FRA-Ligue 1,2324,Lille,Carlos Baleba,CMR,MF,19,2004,0.7,0,0,0,2,2,0,0,2,3,,,0
FRA-Ligue 1,2324,Lille,Edon Zhegrova,KVX,"MF,FW",24,1999,25.4,3,1,0,23,31,11,174,8,17,,,0
FRA-Ligue 1,2324,Lille,Gabriel Gudmundsson,SWE,"MF,DF",24,1999,14.1,2,0,0,21,19,4,34,16,16,,,0
FRA-Ligue 1,2324,Lille,Hákon Haraldsson,ISL,"MF,FW",20,2003,14.3,5,0,0,14,28,1,7,3,8,,,0
FRA-Ligue 1,2324,Lille,Ichem Ferrah,FRA,FW,17,2005,0.0,0,0,0,1,0,0,0,0,0,,,0
FRA-Ligue 1,2324,Lille,Ignacio Miramon,ARG,MF,20,2003,0.4,0,0,0,0,1,0,0,0,0,,,0
FRA-Ligue 1,2324,Lille,Ismaily,BRA,DF,33,1990,27.4,1,0,0,15,22,3,30,31,48,,,0
FRA-Ligue 1,2324,Lille,Ivan Cavaleiro,POR,"MF,FW",29,1993,8.6,1,0,0,10,7,2,29,4,6,,,0
FRA-Ligue 1,2324,Lille,Jonathan David,CAN,FW,23,2000,29.2,4,0,0,29,54,13,2,9,17,,,0
FRA-Ligue 1,2324,Lille,Leny Yoro,FRA,DF,17,2005,29.7,5,0,0,20,16,0,1,36,24,,,1
FRA-Ligue 1,2324,Lille,Lucas Chevalier,FRA,GK,21,2001,33.0,1,0,0,1,7,0,0,0,0,,,0
FRA-Ligue 1,2324,Lille,Nabil Bentaleb,ALG,MF,28,1994,21.9,7,0,0,24,18,0,6,36,33,,,0
FRA-Ligue 1,2324,Lille,Rémy Cabella,FRA,"MF,FW",33,1990,16.4,0,0,0,16,39,3,51,4,38,,,0
FRA-Ligue 1,2324,Lille,Samuel Umtiti,FRA,DF,29,1993,2.1,0,0,0,3,1,0,0,1,1,,,0
FRA-Ligue 1,2324,Lille,Tiago Fonseca Morais,POR,"FW,MF",19,2003,0.5,0,0,0,1,0,0,1,1,1,,,0
FRA-Ligue 1,2324,Lille,Tiago Santos,POR,DF,21,2002,26.3,6,0,0,38,87,0,83,14,40,,,0
FRA-Ligue 1,2324,Lille,Trévis Dago,CIV,FW,18,2005,0.3,1,0,0,2,1,0,1,1,0,,,0
FRA-Ligue 1,2324,Lille,Vito Mannone,ITA,GK,35,1988,1.0,0,0,0,0,0,0,0,0,0,,,0
FRA-Ligue 1,2324,Lille,Yusuf Yazıcı,TUR,"MF,FW",26,1997,14.6,5,0,0,19,14,4,18,5,11,,,0
FRA-Ligue 1,2324,Lorient,Adrian Grbić,AUT,"FW,MF",26,1996,0.3,0,0,0,0,0,0,1,0,0,,,0
FRA-Ligue 1,2324,Lorient,Aurélien Pelon,FRA,DF,19,2004,1.0,1,0,0,1,0,0,0,0,0,,,0
FRA-Ligue 1,2324,Lorient,Ayman Kari,FRA,MF,18,2004,9.9,1,0,0,10,28,0,1,4,12,,,0
FRA-Ligue 1,2324,Lorient,Badredine Bouanani,ALG,MF,18,2004,4.9,0,0,0,1,10,0,10,2,2,,,0
FRA-Ligue 1,2324,Lorient,Bamba Dieng,SEN,FW,23,2000,6.1,3,0,0,7,19,6,5,0,4,,,0
FRA-Ligue 1,2324,Lorient,Bamo Meïté,CIV,DF,21,2001,1.6,0,0,0,0,1,0,0,3,1,,,0
FRA-Ligue 1,2324,Lorient,Bassirou Ndiaye,SEN,FW,21,2002,1.7,0,0,0,5,5,0,1,1,2,,,0
FRA-Ligue 1,2324,Lorient,Benjamin Mendy,FRA,"MF,DF",29,1994,7.9,3,0,0,12,4,4,96,6,1,,,0
FRA-Ligue 1,2324,Lorient,Bonke Innocent,NGA,MF,27,1996,2.3,1,0,0,5,4,0,0,4,5,,,0
FRA-Ligue 1,2324,Lorient,Darlin Yongwa,CMR,"MF,DF",22,2000,12.9,3,0,0,21,31,3,74,13,22,,,0
FRA-Ligue 1,2324,Lorient,Dembo Sylla,GUI,"DF,MF",20,2002,0.5,0,0,0,0,0,0,4,1,1,,,0
FRA-Ligue 1,2324,Lorient,Eli Junior Kroupi,FRA,FW,17,2006,12.0,1,0,0,17,8,8,14,10,5,,,0
FRA-Ligue 1,2324,Lorient,Formose Mendy,SEN,DF,22,2001,14.0,6,0,0,17,11,0,13,20,19,,,1
FRA-Ligue 1,2324,Lorient,Gino Caoki,FRA,FW,19,2004,0.1,0,0,0,0,1,0,1,0,0,,,0
FRA-Ligue 1,2324,Lorient,Gédéon Kalulu,COD,"MF,DF",25,1997,10.8,0,0,0,16,7,0,22,5,17,,,0
FRA-Ligue 1,2324,Lorient,Ibrahima Koné,MLI,FW,24,1999,0.4,0,0,0,0,1,0,0,0,0,,,0
FRA-Ligue 1,2324,Lorient,Igor Carioca,BRA,"MF,DF",26,1996,2.9,2,0,0,7,4,0,9,3,6,,,0
FRA-Ligue 1,2324,Lorient,Imran Louza,MAR,MF,24,1999,9.6,1,0,0,16,15,0,53,8,8,,,0
FRA-Ligue 1,2324,Lorient,Jean-Victor Makengo,FRA,"MF,FW",25,1998,5.3,0,0,0,7,7,0,6,9,4,,,0
FRA-Ligue 1,2324,Lorient,Joel Mvuka,NOR,MF,20,2002,2.2,1,0,0,1,5,1,12,2,4,,,0
FRA-Ligue 1,2324,Lorient,Julien Laporte,FRA,DF,29,1993,20.2,4,0,0,20,9,1,1,10,14,,,0
FRA-Ligue 1,2324,Lorient,Julien Ponceau,FRA,MF,22,2000,24.9,5,0,0,30,34,5,49,18,14,,,0
FRA-Ligue 1,2324,Lorient,Laurent Abergel,FRA,MF,30,1993,31.8,4,0,0,36,36,1,34,61,55,,,0
FRA-Ligue 1,2324,Lorient,Loris Mouyokolo,FRA,DF,22,2001,1.0,0,0,0,1,0,1,0,0,1,,,0
FRA-Ligue 1,2324,Lorient,Mohamed Bamba,CIV,FW,21,2001,12.6,3,0,0,22,15,11,2,2,9,,,0
FRA-Ligue 1,2324,Lorient,Montassar Talbi,TUN,DF,25,1998,24.5,2,0,0,18,8,1,4,34,21,,,0
FRA-Ligue 1,2324,Lorient,Nathaniel Adjei,GHA,DF,20,2002,13.8,2,0,0,10,12,2,2,16,9,,,0
FRA-Ligue 1,2324,Lorient,Pablo Pagis,FRA,MF,20,2002,1.8,1,0,0,4,4,0,2,3,6,,,0
FRA-Ligue 1,2324,Lorient,Panos Katseris,GRE,MF,22,2001,11.6,4,0,0,19,11,2,46,7,19,,,0
FRA-Ligue 1,2324,Lorient,Romain Faivre,FRA,MF,25,1998,16.1,1,0,0,4,47,2,38,6,6,,,0
FRA-Ligue 1,2324,Lorient,Royce Openda,GAB,FW,21,2002,0.2,0,0,0,1,1,0,0,0,0,,,0
FRA-Ligue 1,2324,Lorient,Siriné Doucouré,MLI,FW,21,2002,4.7,2,0,0,10,6,2,1,1,5,,,0
FRA-Ligue 1,2324,Lorient,Souleymane Touré,FRA,DF,20,2003,22.8,6,0,0,36,15,0,5,31,13,,,0
FRA-Ligue 1,2324,Lorient,Théo Le Bris,FRA,MF,20,2002,16.8,2,0,0,7,10,0,33,10,22,,,0
FRA-Ligue 1,2324,Lorient,Tiemoué Bakayoko,FRA,MF,28,1994,14.6,5,0,0,25,23,2,1,25,17,,,0
FRA-Ligue 1,2324,Lorient,Tosin Aiyegun,BEN,"MF,FW",25,1998,10.0,0,1,0,13,16,3,8,2,4,,,0
FRA-Ligue 1,2324,Lorient,Vincent Le Goff,FRA,"MF,DF",33,1989,6.0,1,0,0,3,5,2,17,3,0,,,0
FRA-Ligue 1,2324,Lorient,Yvon Mvogo,SUI,GK,29,1994,34.0,1,0,0,0,3,0,0,0,0,,,0
FRA-Ligue 1,2324,Lyon,Adryelson,BRA,DF,25,1998,0.1,0,0,0,0,0,0,0,1,0,,,0
FRA-Ligue 1,2324,Lyon,Ainsley Maitland-Niles,ENG,"DF,MF",25,1997,15.9,1,1,0,5,11,1,21,17,18,,,0
FRA-Ligue 1,2324,Lyon,Alexandre Lacazette,FRA,FW,32,1991,25.5,3,1,0,50,36,13,10,8,12,,,0
FRA-Ligue 1,2324,Lyon,Amin Sarr,SWE,FW,22,2001,1.1,0,0,0,2,2,0,1,0,0,,,0
FRA-Ligue 1,2324,Lyon,Anthony Lopes,POR,GK,32,1990,31.0,0,0,0,1,6,0,0,0,0,,,0
FRA-Ligue 1,2324,Lyon,Bradley Barcola,FRA,MF,20,2002,3.0,1,0,0,4,2,2,0,2,2,,,0
FRA-Ligue 1,2324,Lyon,Chaim El Djebali,TUN,MF,19,2004,0.1,0,0,0,1,0,0,1,0,0,,,0
FRA-Ligue 1,2324,Lyon,Clinton Mata,ANG,"DF,MF",30,1992,24.7,6,0,0,30,37,1,52,40,25,,,0
FRA-Ligue 1,2324,Lyon,Corentin Tolisso,FRA,MF,28,1994,19.3,5,0,0,24,23,1,35,10,21,,,0
FRA-Ligue 1,2324,Lyon,Dejan Lovren,CRO,DF,34,1989,8.0,2,1,0,12,1,0,3,12,7,,,0
FRA-Ligue 1,2324,Lyon,Diego Moreira,BEL,MF,18,2004,3.0,1,0,0,4,3,1,6,2,0,,,0
FRA-Ligue 1,2324,Lyon,Duje Ćaleta-Car,CRO,DF,26,1996,22.1,2,1,0,16,5,0,0,16,11,,,0
FRA-Ligue 1,2324,Lyon,Ernest Nuamah,GHA,"FW,MF",19,2003,20.4,4,0,0,50,34,12,76,9,14,,,0
FRA-Ligue 1,2324,Lyon,Gift Orban,NGA,FW,21,2002,5.3,2,0,0,9,10,2,3,1,3,,,0
FRA-Ligue 1,2324,Lyon,Henrique,BRA,"DF,MF",29,1994,6.7,2,0,0,6,8,0,17,10,6,,,0
FRA-Ligue 1,2324,Lyon,Jake O'Brien,IRL,DF,22,2001,26.3,4,1,0,17,10,0,1,11,16,,,0
FRA-Ligue 1,2324,Lyon,Jeffinho,BRA,"MF,FW",23,1999,3.4,0,0,0,4,5,1,2,0,4,,,0
FRA-Ligue 1,2324,Lyon,Johann Lepenant,FRA,MF,20,2002,2.8,1,0,0,6,3,0,2,4,3,,,0
FRA-Ligue 1,2324,Lyon,Mahamadou Diawara,FRA,MF,18,2005,4.0,2,0,0,10,7,0,2,4,6,,,0
FRA-Ligue 1,2324,Lyon,Malick Fofana,BEL,"FW,MF",18,2005,6.2,0,0,0,3,12,0,20,5,4,,,0
FRA-Ligue 1,2324,Lyon,Mama Samba Baldé,GNB,FW,27,1995,6.1,1,0,0,8,8,4,5,3,5,,,0
FRA-Ligue 1,2324,Lyon,Mamadou Sarr,SEN,DF,17,2005,0.1,0,0,0,0,0,0,0,0,0,,,0
FRA-Ligue 1,2324,Lyon,Maxence Caqueret,FRA,MF,23,2000,33.6,1,0,0,34,30,1,88,48,64,,,0
FRA-Ligue 1,2324,Lyon,Mohamed El Arouch,FRA,MF,19,2004,0.0,0,0,0,0,0,0,0,0,0,,,0
FRA-Ligue 1,2324,Lyon,Nemanja Matić,SRB,MF,34,1988,13.9,2,0,0,8,8,0,4,16,11,,,1
FRA-Ligue 1,2324,Lyon,Nicolás Tagliafico,ARG,"DF,MF",30,1992,23.6,7,1,1,37,33,0,40,28,34,,,0
FRA-Ligue 1,2324,Lyon,Orel Mangala,BEL,MF,25,1998,4.4,0,0,0,11,4,0,2,5,3,,,0
FRA-Ligue 1,2324,Lyon,Paul Akouokou,CIV,MF,25,1997,3.4,1,0,0,9,3,0,0,6,9,,,0
FRA-Ligue 1,2324,Lyon,Rayan Cherki,FRA,"MF,FW",19,2003,19.1,0,0,0,10,31,2,71,7,15,,,0
FRA-Ligue 1,2324,Lyon,Rémy Riou,FRA,GK,35,1987,3.0,0,0,0,0,1,0,0,0,0,,,0
FRA-Ligue 1,2324,Lyon,Sael Kumbedi,FRA,"DF,MF",18,2005,10.3,3,0,0,23,12,2,28,13,19,,,0
FRA-Ligue 1,2324,Lyon,Saïd Benrahma,ALG,"FW,MF",27,1995,8.6,2,0,0,2,10,7,67,1,7,,,0
FRA-Ligue 1,2324,Lyon,Sinaly Diomande,CIV,DF,22,2001,9.9,2,0,0,11,8,0,1,15,4,,,0
FRA-Ligue 1,2324,Lyon,Skelly Alvero,FRA,MF,21,2002,4.7,2,0,0,12,3,0,2,2,7,,,0
FRA-Ligue 1,2324,Lyon,Tino Kadewere,ZIM,FW,27,1996,3.3,0,0,0,6,2,2,2,4,1,,,0
FRA-Ligue 1,2324,Marseille,Amine Harit,MAR,MF,26,1997,20.2,5,0,0,19,51,1,39,12,16,,,0
FRA-Ligue 1,2324,Marseille,Azzedine Ounahi,MAR,MF,23,2000,13.4,3,0,0,15,24,1,22,10,11,,,0
FRA-Ligue 1,2324,Marseille,Bamo Meïté,CIV,DF,21,2001,7.1,1,0,0,10,6,0,4,11,10,,,0
FRA-Ligue 1,2324,Marseille,Bilal Nadir,MAR,MF,19,2003,1.3,1,0,0,4,2,0,0,2,3,,,0
FRA-Ligue 1,2324,Marseille,Chancel Mbemba,COD,DF,28,1994,24.5,1,0,0,21,9,2,15,13,21,,,1
FRA-Ligue 1,2324,Marseille,Emran Soglo,FRA,MF,18,2005,1.2,1,0,0,2,2,1,5,1,1,,,0
FRA-Ligue 1,2324,Marseille,Faris Pemi Moumbagna,CMR,FW,23,2000,6.1,2,1,1,12,11,4,4,3,1,,,0
FRA-Ligue 1,2324,Marseille,François Mughe,CMR,MF,19,2004,2.0,1,0,0,3,8,0,7,1,0,,,0
FRA-Ligue 1,2324,Marseille,Geoffrey Kondogbia,CTA,MF,30,1993,16.3,3,0,0,25,29,2,2,29,30,,,0
FRA-Ligue 1,2324,Marseille,Iliman Ndiaye,SEN,"FW,MF",23,2000,18.0,0,1,0,22,26,4,19,6,19,,,0
FRA-Ligue 1,2324,Marseille,Ismaila Sarr,SEN,"MF,FW",25,1998,16.1,1,0,0,16,42,7,39,13,8,,,0
FRA-Ligue 1,2324,Marseille,Jean Onana,CMR,MF,23,2000,6.3,1,0,0,15,8,0,2,11,14,,,0
FRA-Ligue 1,2324,Marseille,Joaquín Correa,ARG,"MF,FW",28,1994,4.8,2,0,0,6,5,0,1,1,5,,,0
FRA-Ligue 1,2324,Marseille,Jonathan Clauss,FRA,"DF,MF",30,1992,23.0,2,1,0,11,17,3,160,36,20,,,0
FRA-Ligue 1,2324,Marseille,Jordan Veretout,FRA,MF,30,1993,24.3,4,0,0,22,14,1,113,14,21,,,0
FRA-Ligue 1,2324,Marseille,Keyliane Abdallah,FRA,FW,17,2006,0.0,0,0,0,0,0,0,0,0,0,,,0
FRA-Ligue 1,2324,Marseille,Leonardo Balerdi,ARG,DF,24,1999,25.2,6,1,1,25,24,1,3,51,50,,,0
FRA-Ligue 1,2324,Marseille,Luis Henrique,BRA,"FW,MF",21,2001,8.7,0,0,0,2,2,6,27,8,7,,,0
FRA-Ligue 1,2324,Marseille,Mattéo Guendouzi,FRA,MF,24,1999,0.2,0,0,0,0,1,0,1,0,0,,,0
FRA-Ligue 1,2324,Marseille,Michael Amir Murillo,PAN,"DF,MF",27,1996,11.1,3,0,0,10,10,6,16,11,11,,,0
FRA-Ligue 1,2324,Marseille,Noam Mayoka-Tika,BEL,MF,19,2003,0.0,0,0,0,1,0,0,0,0,0,,,0
FRA-Ligue 1,2324,Marseille,Pape Gueye,SEN,"MF,DF",24,1999,8.5,2,0,0,20,18,1,9,13,21,,,0
FRA-Ligue 1,2324,Marseille,Pau López,ESP,GK,28,1994,32.7,1,0,0,0,12,0,0,0,0,,,0
FRA-Ligue 1,2324,Marseille,Pierre-Emerick Aubameyang,GAB,FW,34,1989,29.1,4,0,0,9,20,21,43,9,15,,,0
FRA-Ligue 1,2324,Marseille,Quentin Merlin,FRA,"DF,MF",21,2002,7.8,1,0,0,10,15,0,39,6,13,,,0
FRA-Ligue 1,2324,Marseille,Raimane Daou,COM,DF,18,2004,0.3,0,0,0,2,0,0,0,0,1,,,0
FRA-Ligue 1,2324,Marseille,Renan Lodi,BRA,"DF,MF",25,1998,13.7,6,0,0,27,17,1,70,16,17,,,0
FRA-Ligue 1,2324,Marseille,Rubén Blanco,ESP,GK,28,1995,1.3,0,0,0,0,0,0,0,0,0,,,0
FRA-Ligue 1,2324,Marseille,Samuel Gigot,FRA,DF,29,1993,19.2,7,1,0,21,14,1,6,25,22,,,0
FRA-Ligue 1,2324,Marseille,Sofiane Sidi Ali,FRA,FW,28,1995,0.2,0,0,0,1,0,0,0,2,0,,,0
FRA-Ligue 1,2324,Marseille,Ulisses Garcia,SUI,"DF,MF",27,1996,10.1,0,0,0,14,11,0,48,7,16,,,0
FRA-Ligue 1,2324,Marseille,Valentin Rongier,FRA,MF,28,1994,9.5,2,0,0,13,5,0,3,14,12,,,0
FRA-Ligue 1,2324,Marseille,Vitinha,POR,FW,23,2000,10.3,1,0,0,16,23,6,18,5,8,,,0
FRA-Ligue 1,2324,Metz,Ablie Jallow,GAM,"MF,FW",24,1998,10.2,1,0,0,8,14,0,23,8,6,,,0
FRA-Ligue 1,2324,Metz,Abou Lô,SEN,"MF,DF",23,2000,2.2,0,1,0,3,2,0,0,4,1,,,0
FRA-Ligue 1,2324,Metz,Alexandre Oukidja,ALG,GK,35,1988,33.2,3,0,0,1,7,0,0,3,1,,,0
FRA-Ligue 1,2324,Metz,Arthur Atta,FRA,MF,20,2003,10.3,0,0,0,18,12,4,10,9,13,,,0
FRA-Ligue 1,2324,Metz,Benjamin Tetteh,GHA,FW,26,1997,3.1,2,0,0,4,4,5,1,0,5,,,0
FRA-Ligue 1,2324,Metz,Cheikh Tidiane Sabaly,SEN,"MF,FW",24,1999,15.3,4,0,0,24,27,6,14,9,22,,,0
FRA-Ligue 1,2324,Metz,Christophe Hérelle,MTQ,DF,30,1992,18.0,4,1,0,14,33,0,1,18,16,,,0
FRA-Ligue 1,2324,Metz,Danley Jean-Jacques,HAI,MF,23,2000,29.8,5,0,0,48,23,1,20,39,30,,,0
FRA-Ligue 1,2324,Metz,Didier Lamkel Zé,CMR,"FW,MF",26,1996,6.1,1,0,0,14,11,3,14,1,3,,,0
FRA-Ligue 1,2324,Metz,Fali Candé,GNB,DF,25,1998,20.5,4,0,0,14,16,0,9,21,18,,,0
FRA-Ligue 1,2324,Metz,Georges Mikautadze,GEO,FW,22,2000,19.4,0,1,0,13,26,1,34,6,2,,,0
FRA-Ligue 1,2324,Metz,Guillaume Dietsch,FRA,GK,22,2001,0.8,0,0,0,0,0,0,0,0,0,,,0
FRA-Ligue 1,2324,Metz,Habib Maïga,CIV,MF,27,1996,1.6,0,0,0,4,2,0,1,3,2,,,0
FRA-Ligue 1,2324,Metz,Ibou Sané,SEN,FW,18,2005,1.4,1,0,0,5,2,1,4,1,4,,,0
FRA-Ligue 1,2324,Metz,Ismaël Traoré,CIV,DF,36,1986,24.7,2,0,0,23,4,0,0,32,11,,,0
FRA-Ligue 1,2324,Metz,Joel Asoro,SWE,"MF,FW",24,1999,9.4,2,0,0,18,22,4,19,6,8,,,0
FRA-Ligue 1,2324,Metz,Joseph Nduquidi,FRA,"MF,DF",18,2004,8.3,2,0,0,14,14,0,0,11,4,,,0
FRA-Ligue 1,2324,Metz,Koffi Kouao,CIV,DF,25,1998,9.6,2,0,0,16,5,1,16,12,12,,,0
FRA-Ligue 1,2324,Metz,Kévin N'Doram,FRA,MF,27,1996,17.8,4,0,0,29,21,0,2,27,23,,,0
FRA-Ligue 1,2324,Metz,Kévin Van Den Kerkhof,ALG,"MF,FW",27,1996,21.3,2,0,0,8,10,6,129,12,25,,,0
FRA-Ligue 1,2324,Metz,Lamine Camara,SEN,MF,19,2004,25.1,3,0,0,44,44,1,118,27,43,,,0
FRA-Ligue 1,2324,Metz,Malick Mbaye,SEN,MF,19,2004,1.7,1,0,0,5,4,0,13,0,1,,,0
FRA-Ligue 1,2324,Metz,Matthieu Udol,FRA,DF,27,1996,30.0,5,0,0,28,21,1,71,44,36,,,0
FRA-Ligue 1,2324,Metz,Maxime Colin,FRA,DF,31,1991,20.4,3,0,0,11,8,0,34,22,26,,,0
FRA-Ligue 1,2324,Metz,N'Guessan Kouadio,CIV,MF,20,2003,1.2,0,0,0,10,5,0,1,1,1,,,0
FRA-Ligue 1,2324,Metz,Oscar Estupiñan,COL,FW,26,1996,2.9,0,0,0,6,3,1,1,0,4,,,0
FRA-Ligue 1,2324,Metz,Papa Amadou Diallo,SEN,"MF,FW",19,2004,9.9,1,0,0,10,11,4,14,10,9,,,0
FRA-Ligue 1,2324,Metz,Sadibou Sané,SEN,DF,19,2004,9.4,1,0,0,9,5,1,8,7,11,,,0
FRA-Ligue 1,2324,Metz,Simon Elisor,FRA,FW,24,1999,8.5,1,0,0,17,16,4,4,0,2,,,0
FRA-Ligue 1,2324,Metz,Youssef Maziz,FRA,MF,25,1998,1.4,0,0,0,1,2,0,4,1,0,,,0
FRA-Ligue 1,2324,Monaco,Aleksandr Golovin,RUS,MF,27,1996,23.9,8,1,0,25,36,3,111,23,29,,,0
FRA-Ligue 1,2324,Monaco,Antonin Cartillier,FRA,DF,19,2004,0.1,0,0,0,0,0,0,0,0,0,,,0
FRA-Ligue 1,2324,Monaco,Breel Embolo,SUI,FW,26,1997,2.0,0,0,0,3,7,3,1,1,3,,,0
FRA-Ligue 1,2324,Monaco,Caio Henrique,BRA,"MF,DF",26,1997,6.9,0,0,0,2,2,1,35,7,8,,,0
FRA-Ligue 1,2324,Monaco,Chrislain Matsima,FRA,DF,21,2002,3.3,2,0,0,10,2,0,0,3,8,,,0
FRA-Ligue 1,2324,Monaco,Denis Zakaria,SUI,"MF,DF",26,1996,23.7,13,2,2,33,13,0,9,45,26,,,0
FRA-Ligue 1,2324,Monaco,Edan Diop,FRA,MF,18,2004,1.8,3,0,0,7,3,0,2,1,8,,,0
FRA-Ligue 1,2324,Monaco,Eliesse Ben Seghir,MAR,"MF,FW",18,2005,4.8,0,1,0,6,19,1,12,2,6,,,0
FRA-Ligue 1,2324,Monaco,Eliot Matazo,BEL,MF,21,2002,1.1,2,0,0,5,1,0,1,3,2,,,0
FRA-Ligue 1,2324,Monaco,Folarin Balogun,USA,FW,22,2001,18.8,1,0,0,31,35,14,8,3,3,,,0
FRA-Ligue 1,2324,Monaco,Guillermo Maripán,CHI,DF,29,1994,19.6,0,1,0,21,6,1,0,28,9,,,0
FRA-Ligue 1,2324,Monaco,Ismail Jakobs,SEN,"MF,DF",23,1999,16.3,0,0,0,25,18,3,76,12,42,,,0
FRA-Ligue 1,2324,Monaco,Kassoum Ouattara,FRA,"DF,MF",18,2004,7.1,2,0,0,10,9,0,35,13,12,,,0
FRA-Ligue 1,2324,Monaco,Krépin Diatta,SEN,"MF,DF",24,1999,13.4,2,0,0,18,24,1,39,15,21,,,0
FRA-Ligue 1,2324,Monaco,Lucas Michal,FRA,FW,18,2005,0.1,0,0,0,1,0,0,0,0,0,,,0
FRA-Ligue 1,2324,Monaco,Maghnes Akliouche,FRA,MF,21,2002,17.9,5,0,0,34,31,1,54,8,23,,,0
FRA-Ligue 1,2324,Monaco,Mamadou Coulibaly,FRA,MF,19,2004,1.3,0,0,0,3,2,0,1,0,4,,,0
FRA-Ligue 1,2324,Monaco,Mohamed Camara,MLI,MF,23,2000,11.5,4,0,0,25,23,0,1,11,20,,,0
FRA-Ligue 1,2324,Monaco,Mohammed Salisu,GHA,DF,24,1999,11.5,2,0,0,12,5,1,1,21,12,,,0
FRA-Ligue 1,2324,Monaco,Myron Boadu,NED,FW,22,2001,0.9,0,0,0,3,2,1,0,0,2,,,0
FRA-Ligue 1,2324,Monaco,Philipp Köhn,SUI,GK,25,1998,22.0,0,0,0,0,1,0,0,2,1,,,0
FRA-Ligue 1,2324,Monaco,Radosław Majecki,POL,GK,23,1999,12.0,1,0,0,0,2,0,0,0,0,,,0
FRA-Ligue 1,2324,Monaco,Saïmon Bouabré,FRA,MF,17,2006,0.5,0,0,0,1,2,1,0,0,2,,,0
FRA-Ligue 1,2324,Monaco,Soungoutou Magassa,FRA,DF,19,2003,15.0,7,0,0,31,13,1,4,20,29,,,0
FRA-Ligue 1,2324,Monaco,Takumi Minamino,JPN,MF,28,1995,23.5,4,0,0,29,32,5,32,12,17,,,0
FRA-Ligue 1,2324,Monaco,Thilo Kehrer,GER,DF,26,1996,14.7,4,1,1,17,5,0,2,27,23,,,0
FRA-Ligue 1,2324,Monaco,Vanderson,BRA,"MF,DF",22,2001,18.2,6,1,1,45,17,1,48,34,40,,,0
FRA-Ligue 1,2324,Monaco,Wilfried Singo,CIV,DF,22,2000,24.3,8,1,0,36,37,2,20,49,25,,,1
FRA-Ligue 1,2324,Monaco,Wissam Ben Yedder,FRA,FW,32,1990,25.7,2,0,0,11,20,31,9,7,2,,,0
FRA-Ligue 1,2324,Monaco,Youssouf Fofana,FRA,MF,24,1999,30.0,3,0,0,37,33,1,12,36,40,,,1
FRA-Ligue 1,2324,Montpellier,Akor Adams,NGA,FW,23,2000,25.0,2,0,0,39,23,26,12,4,5,,,0
FRA-Ligue 1,2324,Montpellier,Arnaud Nordin,FRA,"MF,FW",25,1998,13.8,1,1,0,13,41,1,35,2,6,,,0
FRA-Ligue 1,2324,Montpellier,Axel Gueguin,FRA,DF,18,2005,1.5,0,0,0,0,3,0,2,2,4,,,0
FRA-Ligue 1,2324,Montpellier,Becir Omeragic,SUI,"DF,MF",21,2002,25.7,4,0,0,18,16,0,3,28,31,,,0
FRA-Ligue 1,2324,Montpellier,Benjamin Lecomte,FRA,GK,32,1991,30.0,1,0,0,0,2,0,0,0,0,,,1
FRA-Ligue 1,2324,Montpellier,Boubakar Kouyaté,MLI,DF,26,1997,21.4,5,1,0,36,21,1,1,28,33,,,0
FRA-Ligue 1,2324,Montpellier,Christopher Jullien,FRA,DF,30,1993,13.7,5,0,0,13,5,0,1,11,14,,,0
FRA-Ligue 1,2324,Montpellier,Dimitry Bertaud,COD,GK,25,1998,4.0,0,0,0,0,0,0,0,0,0,,,0
FRA-Ligue 1,2324,Montpellier,Elye Wahi,CIV,FW,20,2003,0.2,0,0,0,0,1,0,0,0,0,,,0
FRA-Ligue 1,2324,Montpellier,Enzo Tchato,CMR,DF,20,2002,12.5,2,0,0,15,5,0,49,11,18,,,0
FRA-Ligue 1,2324,Montpellier,Falaye Sacko,MLI,DF,28,1995,15.4,0,0,0,8,8,0,28,23,17,,,1
FRA-Ligue 1,2324,Montpellier,Issiaga Sylla,GUI,"DF,MF",29,1994,16.2,3,0,0,21,10,3,43,22,17,,,0
FRA-Ligue 1,2324,Montpellier,Jordan Ferri,FRA,MF,31,1992,22.6,6,0,0,47,43,0,38,12,22,,,0
FRA-Ligue 1,2324,Montpellier,Joris Chotard,FRA,MF,21,2001,28.7,5,0,0,30,18,0,33,42,50,,,0
FRA-Ligue 1,2324,Montpellier,Kelvin Yeboah,ITA,FW,23,2000,3.1,0,0,0,11,8,3,3,1,3,,,0
FRA-Ligue 1,2324,Montpellier,Khalil Fayad,FRA,MF,19,2004,11.4,2,0,0,22,24,1,13,14,15,,,0
FRA-Ligue 1,2324,Montpellier,Lucas Mincarelli,FRA,"DF,MF",19,2004,10.9,1,1,0,4,10,0,26,9,16,,,0
FRA-Ligue 1,2324,Montpellier,Léo Leroy,FRA,MF,23,2000,5.5,4,0,0,19,5,0,1,7,10,,,0
FRA-Ligue 1,2324,Montpellier,Mamadou Sakho,FRA,DF,33,1990,0.1,0,0,0,0,0,0,0,0,1,,,0
FRA-Ligue 1,2324,Montpellier,Maxime Estève,FRA,DF,21,2002,11.1,2,0,0,11,7,0,2,19,11,,,1
FRA-Ligue 1,2324,Montpellier,Modibo Sagnan,MLI,DF,24,1999,11.7,5,0,0,19,7,0,1,13,23,,,0
FRA-Ligue 1,2324,Montpellier,Musa Al-Taamari,JOR,"MF,FW",26,1997,21.4,0,0,0,11,51,7,22,6,17,,,0
FRA-Ligue 1,2324,Montpellier,Othmane Maamma,MAR,FW,17,2005,1.0,0,0,0,0,1,0,4,0,3,,,0
FRA-Ligue 1,2324,Montpellier,Sacha Delaye,FRA,MF,21,2002,1.4,1,0,0,5,1,0,3,0,2,,,0
FRA-Ligue 1,2324,Montpellier,Silvan Hefti,SUI,"DF,MF",25,1997,7.9,1,0,0,5,8,0,19,7,14,,,0
FRA-Ligue 1,2324,Montpellier,Tanguy Coulibaly,FRA,"MF,FW",22,2001,6.9,2,0,0,12,14,0,9,2,10,,,0
FRA-Ligue 1,2324,Montpellier,Théo Sainte-Luce,FRA,DF,24,1998,3.8,1,0,0,3,4,0,7,3,8,,,0
FRA-Ligue 1,2324,Montpellier,Téji Savanier,FRA,MF,31,1991,30.7,8,1,0,42,80,3,230,33,22,,,0
FRA-Ligue 1,2324,Montpellier,Wahbi Khazri,TUN,"MF,FW",32,1991,12.6,6,0,0,19,23,7,11,4,18,,,0
FRA-Ligue 1,2324,Montpellier,Yanis Issoufou,FRA,FW,16,2006,0.1,0,0,0,1,1,0,1,0,0,,,0
FRA-Ligue 1,2324,Montpellier,Yann Karamoh,FRA,FW,25,1998,3.2,1,0,0,7,7,2,5,0,0,,,0
FRA-Ligue 1,2324,Nantes,Abdoul Kader Bamba,FRA,MF,29,1994,6.8,2,0,0,3,35,5,25,3,7,,,0
FRA-Ligue 1,2324,Nantes,Adel Mahamoud,COM,FW,20,2003,0.1,0,0,0,0,0,0,0,0,0,,,0
FRA-Ligue 1,2324,Nantes,Adson,BRA,MF,22,2000,2.6,0,0,0,4,4,0,2,2,6,,,0
FRA-Ligue 1,2324,Nantes,Alban Lafont,CIV,GK,24,1999,27.7,2,0,0,1,4,0,0,0,0,,,0
FRA-Ligue 1,2324,Nantes,Bastien Meupiyou,FRA,DF,17,2006,0.1,0,1,0,1,0,0,0,0,0,,,0
FRA-Ligue 1,2324,Nantes,Bénie Traoré,CIV,FW,20,2002,5.6,1,1,0,10,7,1,20,1,4,,,0
FRA-Ligue 1,2324,Nantes,Denis Petrić,SRB,GK,35,1988,0.3,0,0,0,0,0,0,0,0,0,,,0
FRA-Ligue 1,2324,Nantes,Douglas,BRA,MF,26,1997,19.7,7,0,0,48,24,0,20,26,42,,,0
FRA-Ligue 1,2324,Nantes,Enzo Mongo,FRA,DF,18,2005,0.1,0,0,0,0,0,0,0,1,1,,,0
FRA-Ligue 1,2324,Nantes,Eray Cömert,SUI,DF,25,1998,22.2,5,0,0,26,26,1,3,34,28,,,0
FRA-Ligue 1,2324,Nantes,Fabien Centonze,FRA,MF,27,1996,1.0,1,0,0,2,2,0,7,0,1,,,0
FRA-Ligue 1,2324,Nantes,Florent Mollet,FRA,"MF,FW",31,1991,23.1,4,0,0,32,21,4,142,10,11,,,0
FRA-Ligue 1,2324,Nantes,Hugo Boutsingkham,FRA,DF,20,2003,0.1,0,0,0,0,0,0,0,0,0,,,0
FRA-Ligue 1,2324,Nantes,Ignatius Ganago,CMR,"MF,FW",24,1999,2.0,0,0,0,2,6,1,6,1,0,,,0
FRA-Ligue 1,2324,Nantes,Jaouen Hadjam,ALG,DF,20,2003,1.2,0,0,0,4,1,0,12,3,4,,,0
FRA-Ligue 1,2324,Nantes,Jean-Charles Castelletto,CMR,DF,28,1995,27.4,5,0,0,33,18,2,20,32,29,,,0
FRA-Ligue 1,2324,Nantes,Jean-Kevin Duverne,HAI,DF,26,1997,15.0,5,0,0,29,16,0,13,17,20,,,0
FRA-Ligue 1,2324,Nantes,Kelvin Amian,FRA,DF,25,1998,8.9,2,0,0,13,3,0,14,7,6,,,0
FRA-Ligue 1,2324,Nantes,Lamine Diack,SEN,MF,22,2000,0.0,0,0,0,0,0,0,0,0,0,,,0
FRA-Ligue 1,2324,Nantes,Marcus Coco,FRA,"MF,DF",27,1996,16.5,2,0,0,23,27,0,45,21,29,,,0
FRA-Ligue 1,2324,Nantes,Marquinhos,BRA,MF,20,2003,1.7,0,0,0,7,6,1,5,5,2,,,0
FRA-Ligue 1,2324,Nantes,Matthis Abline,FRA,"FW,MF",20,2003,11.6,1,0,0,10,13,6,8,3,3,,,0
FRA-Ligue 1,2324,Nantes,Moses Simon,NGA,"MF,FW",28,1995,19.9,0,0,0,14,29,4,115,3,5,,,0
FRA-Ligue 1,2324,Nantes,Mostafa Mohamed,EGY,FW,25,1997,22.2,3,1,0,34,36,11,14,12,15,,,0
FRA-Ligue 1,2324,Nantes,Moussa Sissoko,FRA,MF,33,1989,20.2,7,0,0,40,3,2,18,12,15,,,0
FRA-Ligue 1,2324,Nantes,Nathan Zeze,FRA,DF,18,2005,11.4,1,0,0,8,7,0,1,12,6,,,0
FRA-Ligue 1,2324,Nantes,Nicolas Cozza,FRA,"DF,MF",24,1999,9.9,2,0,0,9,19,1,13,14,24,,,0
FRA-Ligue 1,2324,Nantes,Nicolas Pallois,FRA,DF,35,1987,17.7,5,0,0,20,8,1,13,25,21,,,0
FRA-Ligue 1,2324,Nantes,Pedro Chirivella,ESP,MF,26,1997,28.8,5,0,0,26,22,2,29,31,28,,,0
FRA-Ligue 1,2324,Nantes,Quentin Merlin,FRA,"MF,DF",21,2002,14.3,0,0,0,10,10,3,62,19,22,,,0
FRA-Ligue 1,2324,Nantes,Ronaël Pierre-Gabriel,FRA,"DF,MF",25,1998,6.6,3,0,0,4,4,0,9,8,12,,,0
FRA-Ligue 1,2324,Nantes,Rémy Descamps,FRA,GK,27,1996,6.0,1,0,0,0,2,0,0,0,0,,,0
FRA-Ligue 1,2324,Nantes,Samuel Moutoussamy,COD,MF,26,1996,12.3,2,0,0,21,12,1,2,10,19,,,0
FRA-Ligue 1,2324,Nantes,Stredair Appuah,FRA,FW,19,2004,0.9,0,0,0,1,0,0,2,1,0,,,0
FRA-Ligue 1,2324,Nantes,Tino Kadewere,ZIM,"FW,MF",27,1996,8.7,1,0,0,13,10,5,6,10,4,,,0
FRA-Ligue 1,2324,Nice,Alexis Claude-Maurice,FRA,MF,25,1998,5.6,1,0,0,16,8,1,26,5,5,,,0
FRA-Ligue 1,2324,Nice,Aliou Badara Baldé,GUI,FW,20,2002,0.8,0,0,0,2,2,0,4,3,1,,,0
FRA-Ligue 1,2324,Nice,Antoine Mendy,SEN,DF,19,2004,4.6,0,0,0,4,5,0,4,8,5,,,0
FRA-Ligue 1,2324,Nice,Badredine Bouanani,ALG,FW,18,2004,1.8,0,0,0,4,5,1,8,3,2,,,0
FRA-Ligue 1,2324,Nice,Bilal Brahimi,ALG,"FW,MF",23,2000,0.1,0,0,0,0,0,0,2,0,0,,,0
FRA-Ligue 1,2324,Nice,Dante,BRA,DF,39,1983,31.6,5,1,0,42,17,0,10,35,30,,,0
FRA-Ligue 1,2324,Nice,Daouda Traoré,FRA,MF,17,2006,0.2,0,0,0,0,0,1,0,0,0,,,0
FRA-Ligue 1,2324,Nice,Evann Guessand,CIV,FW,22,2001,17.3,1,0,0,32,47,5,11,12,8,,,0
FRA-Ligue 1,2324,Nice,Gaëtan Laborde,FRA,"FW,MF",29,1994,21.2,2,0,0,26,8,4,63,6,12,,,0
FRA-Ligue 1,2324,Nice,Hicham Boudaoui,ALG,MF,23,1999,17.9,5,0,0,25,29,1,23,10,22,,,0
FRA-Ligue 1,2324,Nice,Jean-Clair Todibo,FRA,DF,23,1999,29.5,2,1,0,25,18,0,12,37,29,,,1
FRA-Ligue 1,2324,Nice,Jeremie Boga,CIV,"FW,MF",26,1997,22.2,1,0,0,7,24,9,87,8,6,,,0
FRA-Ligue 1,2324,Nice,Jordan Lotomba,SUI,"DF,MF",24,1998,20.0,4,0,0,12,25,0,20,16,27,,,0
FRA-Ligue 1,2324,Nice,Khéphren Thuram,FRA,MF,22,2001,23.4,7,0,0,34,22,2,20,17,28,,,0
FRA-Ligue 1,2324,Nice,Marcin Bułka,POL,GK,23,1999,34.0,2,0,0,0,4,0,0,0,0,,,0
FRA-Ligue 1,2324,Nice,Melvin Bard,FRA,DF,22,2000,29.5,7,1,0,40,24,1,70,42,40,,,0
FRA-Ligue 1,2324,Nice,Mohamed Ali Cho,FRA,FW,19,2004,9.6,2,0,0,16,22,3,44,2,9,,,0
FRA-Ligue 1,2324,Nice,Morgan Sanson,FRA,MF,28,1994,21.8,4,0,0,30,34,2,111,20,18,,,0
FRA-Ligue 1,2324,Nice,Pablo Rosario,DOM,"MF,DF",26,1997,22.3,4,0,0,18,19,1,6,28,26,,,0
FRA-Ligue 1,2324,Nice,Reda Belahyane,MAR,MF,19,2004,0.3,0,0,0,0,0,0,0,0,0,,,0
FRA-Ligue 1,2324,Nice,Romain Perraud,FRA,DF,25,1997,4.1,2,0,0,4,8,0,21,5,6,,,0
FRA-Ligue 1,2324,Nice,Sofiane Diop,MAR,"FW,MF",23,2000,5.5,0,0,0,9,12,8,13,3,5,,,0
FRA-Ligue 1,2324,Nice,Terem Moffi,NGA,FW,24,1999,21.7,4,0,0,32,19,13,7,3,4,,,0
FRA-Ligue 1,2324,Nice,Tom Louchet,FRA,"MF,FW",20,2003,4.5,1,0,0,7,4,0,34,3,5,,,0
FRA-Ligue 1,2324,Nice,Valentin Rosier,FRA,"DF,MF",26,1996,0.6,0,0,0,0,1,0,0,2,0,,,0
FRA-Ligue 1,2324,Nice,Youcef Atal,ALG,DF,27,1996,4.0,2,0,0,3,4,0,6,3,3,,,0
FRA-Ligue 1,2324,Nice,Youssouf Ndayishimiye,BDI,"MF,DF",24,1998,19.0,6,1,0,15,12,0,1,13,20,,,0
FRA-Ligue 1,2324,PSG,Achraf Hakimi,MAR,"DF,MF",24,1998,21.5,3,0,0,22,25,3,79,12,18,,,0
FRA-Ligue 1,2324,PSG,Arnau Tenas,ESP,GK,22,2001,5.9,0,0,0,0,0,0,0,0,0,,,0
FRA-Ligue 1,2324,PSG,Bradley Barcola,FRA,"FW,MF",20,2002,15.2,3,1,1,22,12,4,18,10,17,,,0
FRA-Ligue 1,2324,PSG,Carlos Soler,ESP,"MF,DF",26,1997,12.1,1,0,0,11,10,1,23,5,10,,,0
FRA-Ligue 1,2324,PSG,Cher Ndour,ITA,MF,19,2004,0.3,1,0,0,1,0,0,0,0,1,,,0
FRA-Ligue 1,2324,PSG,Danilo Pereira,POR,DF,31,1991,22.2,2,0,0,14,11,1,1,24,12,,,0
FRA-Ligue 1,2324,PSG,Ethan Mbappé,FRA,MF,16,2006,0.5,0,0,0,1,1,0,1,0,0,,,0
FRA-Ligue 1,2324,PSG,Fabián Ruiz Peña,ESP,MF,27,1996,13.3,3,0,0,6,11,1,11,12,23,,,0
FRA-Ligue 1,2324,PSG,Gianluigi Donnarumma,ITA,GK,24,1999,24.1,3,1,0,2,0,0,0,1,0,,,0
FRA-Ligue 1,2324,PSG,Gonçalo Ramos,POR,FW,22,2001,15.8,1,0,0,19,22,3,3,4,15,,,0
FRA-Ligue 1,2324,PSG,Hugo Ekitike,FRA,FW,21,2002,0.1,0,0,0,1,0,0,0,0,0,,,0
FRA-Ligue 1,2324,PSG,Keylor Navas,CRC,GK,36,1986,4.0,0,0,0,0,0,0,0,1,0,,,0
FRA-Ligue 1,2324,PSG,Kylian Mbappé,FRA,FW,24,1998,24.0,4,0,0,19,38,20,23,2,1,,,0
FRA-Ligue 1,2324,PSG,Layvin Kurzawa,FRA,DF,30,1992,0.1,0,0,0,0,0,0,0,0,0,,,0
FRA-Ligue 1,2324,PSG,Lee Kang-in,KOR,"MF,FW",22,2001,16.3,2,0,0,17,21,1,97,5,12,,,0
FRA-Ligue 1,2324,PSG,Lucas Beraldo,BRA,DF,19,2003,11.2,4,1,0,12,13,0,2,20,14,,,0
FRA-Ligue 1,2324,PSG,Lucas Hernández,FRA,DF,27,1996,21.2,6,0,0,24,30,1,19,26,36,,,0
FRA-Ligue 1,2324,PSG,Manuel Ugarte,URU,MF,22,2001,21.5,5,0,0,47,27,0,4,40,55,,,0
FRA-Ligue 1,2324,PSG,Marco Asensio,ESP,"MF,FW",27,1996,12.4,0,0,0,8,10,0,52,5,10,,,0
FRA-Ligue 1,2324,PSG,Marquinhos,BRA,DF,29,1994,17.1,1,0,0,3,3,2,0,17,11,,,0
FRA-Ligue 1,2324,PSG,Milan Škriniar,SVK,DF,28,1995,18.1,1,0,0,14,10,0,1,12,18,,,0
FRA-Ligue 1,2324,PSG,Nordi Mukiele,FRA,DF,25,1997,8.8,2,0,0,13,10,1,3,14,8,,,0
FRA-Ligue 1,2324,PSG,Nuno Mendes,POR,DF,21,2002,3.0,3,0,0,6,1,0,7,4,5,,,0
FRA-Ligue 1,2324,PSG,Ousmane Dembélé,FRA,"FW,MF",26,1997,16.7,0,0,0,7,27,6,99,5,14,,,0
FRA-Ligue 1,2324,PSG,Randal Kolo Muani,FRA,"FW,MF",24,1998,14.1,1,0,0,33,26,6,9,3,8,,,0
FRA-Ligue 1,2324,PSG,Senny Mayulu,FRA,"MF,FW",17,2006,3.6,0,0,0,8,3,1,13,3,8,,,0
FRA-Ligue 1,2324,PSG,Vitinha,POR,MF,23,2000,23.6,0,0,0,17,16,1,37,22,23,,,0
FRA-Ligue 1,2324,PSG,Warren Zaïre-Emery,FRA,"MF,DF",17,2006,21.8,4,0,0,21,30,1,9,14,28,,,0
FRA-Ligue 1,2324,PSG,Yoram Zague,FRA,DF,17,2006,4.1,1,0,0,5,3,0,2,4,8,,,0
FRA-Ligue 1,2324,Reims,Abdoul Koné,FRA,DF,18,2005,2.1,1,0,0,2,4,0,1,2,7,,,0
FRA-Ligue 1,2324,Reims,Adama Bojang,GAM,FW,19,2004,0.9,1,0,0,4,1,1,1,0,1,,,0
FRA-Ligue 1,2324,Reims,Amadou Koné,MLI,MF,18,2005,5.3,4,1,1,7,20,0,1,10,8,,,0
FRA-Ligue 1,2324,Reims,Amine Salama,FRA,FW,23,2000,3.5,0,0,0,3,3,6,5,1,0,,,0
FRA-Ligue 1,2324,Reims,Amir Richardson,MAR,MF,21,2002,15.0,4,0,0,31,23,0,13,12,23,,,0
FRA-Ligue 1,2324,Reims,Azor Matusiwa,NED,MF,25,1998,15.4,3,0,0,16,10,0,0,32,26,,,0
FRA-Ligue 1,2324,Reims,Benjamin Stambouli,FRA,MF,32,1990,3.2,4,0,0,7,0,0,2,2,7,,,0
FRA-Ligue 1,2324,Reims,Christ Mbondi,FRA,FW,18,2004,0.0,0,0,0,0,0,0,0,0,1,,,0
FRA-Ligue 1,2324,Reims,Emmanuel Agbadou,CIV,DF,26,1997,28.8,1,0,0,31,10,2,6,52,41,,,0
FRA-Ligue 1,2324,Reims,Ibrahim Diakité,GUI,DF,19,2003,1.2,0,0,0,5,3,0,9,2,0,,,0
FRA-Ligue 1,2324,Reims,Joseph Okumu,KEN,DF,26,1997,19.4,3,0,0,17,17,0,3,34,28,,,0
FRA-Ligue 1,2324,Reims,Josh Wilson-Esbrand,ENG,"DF,MF",20,2002,5.1,1,0,0,6,3,1,12,5,5,,,0
FRA-Ligue 1,2324,Reims,Junya Itō,JPN,"FW,MF",30,1993,30.2,2,0,0,18,32,19,201,13,15,,,0
FRA-Ligue 1,2324,Reims,Keito Nakamura,JPN,"FW,MF",23,2000,15.3,1,0,0,23,5,2,23,5,11,,,0
FRA-Ligue 1,2324,Reims,Mamadou Diakhon,SEN,FW,17,2005,2.3,0,0,0,4,11,0,4,1,3,,,0
FRA-Ligue 1,2324,Reims,Marshall Munetsi,ZIM,MF,27,1996,24.1,5,0,0,46,26,3,18,12,38,,,0
FRA-Ligue 1,2324,Reims,Maxime Busi,BEL,MF,23,1999,1.8,1,0,0,1,0,0,4,3,0,,,0
FRA-Ligue 1,2324,Reims,Mohamed Daramy,DEN,"FW,MF",21,2002,18.3,0,0,0,7,28,9,15,2,10,,,0
FRA-Ligue 1,2324,Reims,Oumar Diakité,CIV,FW,19,2003,17.6,4,0,0,34,27,32,3,7,12,,,0
FRA-Ligue 1,2324,Reims,Reda Khadra,GER,"MF,FW",22,2001,15.2,1,0,0,13,9,1,46,0,9,,,0
FRA-Ligue 1,2324,Reims,Sergio Akieme,ESP,"DF,MF",25,1997,9.1,2,0,0,16,10,0,21,9,5,,,0
FRA-Ligue 1,2324,Reims,Teddy Teuma,MLT,MF,29,1993,23.5,7,0,0,34,30,1,140,16,35,,,0
FRA-Ligue 1,2324,Reims,Therence Koudou,FRA,DF,18,2004,3.5,3,0,0,9,1,0,14,4,2,,,0
FRA-Ligue 1,2324,Reims,Thibault De Smet,BEL,"DF,MF",25,1998,20.3,7,1,0,38,9,2,31,20,35,,,0
FRA-Ligue 1,2324,Reims,Thomas Foket,BEL,"DF,MF",28,1994,20.4,9,1,1,25,13,4,38,20,19,,,0
FRA-Ligue 1,2324,Reims,Valentin Atangana Edoa,FRA,MF,17,2005,6.2,0,0,0,18,8,0,5,5,12,,,0
FRA-Ligue 1,2324,Reims,Yaya Kader Fofana,MLI,MF,19,2004,0.4,0,0,0,2,0,1,1,1,3,,,0
FRA-Ligue 1,2324,Reims,Yehvann Diouf,SEN,GK,23,1999,34.0,1,0,0,0,9,0,0,1,0,,,0
FRA-Ligue 1,2324,Reims,Yunis Abdelhamid,MAR,DF,35,1987,30.9,5,0,0,26,12,0,3,37,35,,,1
FRA-Ligue 1,2324,Rennes,Adrien Truffert,FRA,"DF,MF",21,2001,23.8,6,0,0,25,28,4,72,19,22,,,0
FRA-Ligue 1,2324,Rennes,Alidu Seidu,GHA,DF,23,2000,6.6,3,0,0,8,14,1,7,8,11,,,0
FRA-Ligue 1,2324,Rennes,Amine Gouiri,ALG,"FW,MF",23,2000,23.0,2,0,0,27,23,1,7,13,11,,,0
FRA-Ligue 1,2324,Rennes,Arnaud Kalimuendo,FRA,FW,21,2002,23.8,6,0,0,28,50,6,11,4,3,,,0
FRA-Ligue 1,2324,Rennes,Arthur Theate,BEL,DF,23,2000,25.5,4,0,0,16,17,0,11,31,18,,,0
FRA-Ligue 1,2324,Rennes,Azor Matusiwa,NED,MF,25,1998,8.8,2,0,0,8,8,0,1,10,4,,,0
FRA-Ligue 1,2324,Rennes,Baptiste Santamaria,FRA,MF,28,1995,21.4,3,0,0,24,25,1,0,33,34,,,0
FRA-Ligue 1,2324,Rennes,Benjamin Bourigeaud,FRA,MF,29,1994,26.9,1,0,0,16,13,2,165,22,19,,,0
FRA-Ligue 1,2324,Rennes,Bertuğ Yıldırım,TUR,FW,21,2002,5.2,3,0,0,18,14,4,1,0,5,,,0
FRA-Ligue 1,2324,Rennes,Birger Meling,NOR,DF,28,1994,0.2,0,0,0,0,0,0,0,0,1,,,0
FRA-Ligue 1,2324,Rennes,Christopher Wooh,CMR,DF,21,2001,15.4,3,1,0,19,11,0,2,18,11,,,0
FRA-Ligue 1,2324,Rennes,Djaoui Cissé,FRA,MF,19,2004,0.0,0,0,0,0,0,0,0,0,0,,,0
FRA-Ligue 1,2324,Rennes,Désiré Doué,FRA,MF,18,2005,18.1,3,0,0,35,55,2,70,14,19,,,0
FRA-Ligue 1,2324,Rennes,Enzo Le Fée,FRA,MF,23,2000,17.0,3,0,0,24,18,0,24,18,34,,,0
FRA-Ligue 1,2324,Rennes,Fabian Rieder,SUI,MF,21,2002,4.1,0,0,0,10,6,0,8,5,8,,,0
FRA-Ligue 1,2324,Rennes,Guéla Doué,CIV,DF,20,2002,13.7,1,1,0,29,11,0,43,15,21,,,0
FRA-Ligue 1,2324,Rennes,Ibrahim Salah,MAR,"MF,FW",21,2001,5.8,3,0,0,10,10,1,20,11,7,,,0
FRA-Ligue 1,2324,Rennes,Jeanuël Belocian,FRA,DF,18,2005,16.1,0,0,0,12,15,0,13,13,22,,,0
FRA-Ligue 1,2324,Rennes,Jeremy Doku,BEL,FW,21,2002,1.2,0,0,0,2,4,0,1,0,2,,,0
FRA-Ligue 1,2324,Rennes,Jérémy Jacquet,FRA,DF,18,2005,0.1,0,0,0,0,0,0,0,1,1,,,0
FRA-Ligue 1,2324,Rennes,Lorenz Assignon,TOG,DF,23,2000,11.2,4,0,0,22,15,1,22,8,13,,,0
FRA-Ligue 1,2324,Rennes,Lovro Majer,CRO,"FW,MF",25,1998,0.2,0,0,0,0,1,0,1,0,0,,,0
FRA-Ligue 1,2324,Rennes,Ludovic Blas,FRA,"MF,FW",25,1997,17.4,3,0,0,44,34,3,53,6,14,,,0
FRA-Ligue 1,2324,Rennes,Mahamadou Nagida,CMR,MF,18,2005,1.2,0,0,0,0,2,0,12,4,1,,,0
FRA-Ligue 1,2324,Rennes,Martin Terrier,FRA,"FW,MF",26,1997,17.0,2,1,0,13,28,8,6,9,10,,,0
FRA-Ligue 1,2324,Rennes,Mathis Lambourde,FRA,FW,17,2006,0.1,0,0,0,0,1,0,0,0,0,,,0
FRA-Ligue 1,2324,Rennes,Nemanja Matić,SRB,MF,34,1988,11.4,7,0,0,13,16,1,5,26,8,,,0
FRA-Ligue 1,2324,Rennes,Steve Mandanda,FRA,GK,38,1985,34.0,1,0,0,1,7,0,0,0,0,,,1
FRA-Ligue 1,2324,Rennes,Warmed Omari,COM,DF,23,2000,23.0,5,1,0,20,12,0,0,35,20,,,2
FRA-Ligue 1,2324,Strasbourg,Abakar Sylla,CIV,DF,20,2002,19.9,4,0,0,31,4,1,3,27,23,,,1
FRA-Ligue 1,2324,Strasbourg,Aboubacar Ali,COM,FW,17,2006,1.4,0,0,0,4,1,0,6,1,0,,,0
FRA-Ligue 1,2324,Strasbourg,Alaa Bellaarouch,MAR,GK,21,2002,15.0,1,0,0,0,3,0,0,0,0,,,0
FRA-Ligue 1,2324,Strasbourg,Andrey Santos,BRA,MF,19,2004,9.2,4,0,0,10,24,1,3,10,19,,,0
FRA-Ligue 1,2324,Strasbourg,Dilane Bakwa,FRA,"MF,FW",20,2002,24.2,4,1,0,31,76,3,155,18,25,,,0
FRA-Ligue 1,2324,Strasbourg,Eduard Sobol,UKR,"DF,MF",28,1995,0.3,0,0,0,1,1,0,2,0,0,,,0
FRA-Ligue 1,2324,Strasbourg,Emanuel Emegha,NED,FW,20,2003,23.1,3,0,0,26,23,12,1,2,5,,,0
FRA-Ligue 1,2324,Strasbourg,Frederic Guilbert,FRA,"DF,MF",28,1994,27.7,3,0,0,35,15,2,85,66,51,,,0
FRA-Ligue 1,2324,Strasbourg,Gerzino Nyamsi,CMR,DF,26,1997,12.1,1,0,0,13,0,0,1,10,15,,,0
FRA-Ligue 1,2324,Strasbourg,Habib Diarra,SEN,"MF,FW",19,2004,25.6,3,0,0,40,42,1,22,15,24,,,0
FRA-Ligue 1,2324,Strasbourg,Ibrahima Sissoko,MLI,MF,25,1997,18.2,7,0,0,44,14,0,2,18,32,,,0
FRA-Ligue 1,2324,Strasbourg,Ismaël Doukouré,FRA,"MF,DF",20,2003,18.4,4,0,0,19,11,0,0,19,15,,,1
FRA-Ligue 1,2324,Strasbourg,Jean-Ricner Bellegarde,HAI,"MF,FW",25,1998,3.0,2,0,0,3,8,0,8,4,3,,,0
FRA-Ligue 1,2324,Strasbourg,Jessy Deminguet,FRA,"MF,FW",25,1998,7.7,1,0,0,16,9,1,9,8,8,,,0
FRA-Ligue 1,2324,Strasbourg,Junior Mwanga,FRA,"MF,FW",20,2003,16.1,3,0,0,22,22,1,4,16,21,,,0
FRA-Ligue 1,2324,Strasbourg,Jérémy Sebas,MTQ,"MF,FW",20,2003,4.4,0,0,0,5,4,0,4,1,1,,,0
FRA-Ligue 1,2324,Strasbourg,Kévin Gameiro,FRA,"FW,MF",36,1987,15.0,0,0,0,3,6,3,10,3,10,,,0
FRA-Ligue 1,2324,Strasbourg,Lebo Mothiba,RSA,FW,27,1996,6.9,0,0,0,13,11,4,1,0,2,,,0
FRA-Ligue 1,2324,Strasbourg,Lucas Perrin,FRA,DF,24,1998,30.3,3,0,0,33,28,1,5,28,28,,,1
FRA-Ligue 1,2324,Strasbourg,Marvin Senaya,GHA,"DF,MF",22,2001,23.8,5,1,1,36,51,0,78,39,51,,,0
FRA-Ligue 1,2324,Strasbourg,Matz Sels,BEL,GK,31,1992,19.0,2,0,0,0,3,0,0,0,0,,,0
FRA-Ligue 1,2324,Strasbourg,Mohamed Bechikh,FRA,FW,18,2005,0.2,0,0,0,0,0,0,0,0,0,,,0
FRA-Ligue 1,2324,Strasbourg,Moïse Sahi Dion,CIV,"MF,FW",21,2001,7.0,0,0,0,11,1,2,5,1,5,,,0
FRA-Ligue 1,2324,Strasbourg,Patrick Ouotro,CIV,FW,17,2005,0.1,0,0,0,0,0,0,0,0,0,,,0
FRA-Ligue 1,2324,Strasbourg,Rabby Nzingoula,FRA,MF,17,2005,1.5,1,0,0,6,2,0,3,5,3,,,0
FRA-Ligue 1,2324,Strasbourg,Saidou Sow,GUI,DF,21,2002,8.0,2,0,0,8,10,0,0,12,11,,,0
FRA-Ligue 1,2324,Strasbourg,Sanjin Prcić,BIH,MF,29,1993,1.0,0,0,0,0,1,0,0,3,0,,,0
FRA-Ligue 1,2324,Strasbourg,Steven Baseya,FRA,DF,18,2005,0.1,0,0,0,0,0,0,0,0,1,,,0
FRA-Ligue 1,2324,Strasbourg,Thomas Delaine,FRA,"MF,DF",31,1992,22.7,5,0,0,40,20,1,104,17,20,,,0
FRA-Ligue 1,2324,Strasbourg,Ângelo,BRA,"MF,FW",18,2004,12.2,1,0,0,12,22,2,42,9,12,,,0
FRA-Ligue 1,2324,Toulouse,Aron Dønnum,NOR,"MF,FW",25,1998,17.7,8,0,0,31,36,4,29,8,11,,,0
FRA-Ligue 1,2324,Toulouse,Christian Mawissa,FRA,"DF,MF",18,2005,12.4,3,0,0,13,9,0,3,20,15,,,0
FRA-Ligue 1,2324,Toulouse,Cristian Cásseres Jr.,VEN,MF,23,2000,21.6,1,0,0,42,36,0,22,27,35,,,0
FRA-Ligue 1,2324,Toulouse,Denis Genreau,AUS,MF,24,1999,5.2,0,0,0,9,9,0,7,6,9,,,0
FRA-Ligue 1,2324,Toulouse,Fares Chaïbi,ALG,"FW,MF",20,2002,0.6,1,0,0,1,0,0,7,0,0,,,0
FRA-Ligue 1,2324,Toulouse,Frank Magri,CMR,"FW,MF",23,1999,16.0,5,0,0,41,23,3,16,4,14,,,0
FRA-Ligue 1,2324,Toulouse,Gabriel Suazo,CHI,"DF,MF",25,1997,26.2,5,0,0,23,29,3,100,25,32,,,0
FRA-Ligue 1,2324,Toulouse,Gelabert,ESP,"MF,FW",22,2000,8.4,1,0,0,10,14,0,9,4,8,,,0
FRA-Ligue 1,2324,Toulouse,Guillaume Restes,FRA,GK,18,2005,34.0,3,0,0,1,11,0,0,0,0,,,0
FRA-Ligue 1,2324,Toulouse,Ibrahim Cissoko,NED,MF,20,2003,2.7,1,0,0,1,6,2,20,2,3,,,0
FRA-Ligue 1,2324,Toulouse,Kévin Keben,CMR,"DF,MF",19,2004,5.8,1,0,0,10,5,0,3,8,3,,,0
FRA-Ligue 1,2324,Toulouse,Logan Costa,CPV,DF,22,2001,29.4,6,0,0,38,10,1,13,24,24,,,0
FRA-Ligue 1,2324,Toulouse,Mamady Bangré,BFA,MF,22,2001,1.1,2,0,0,3,1,1,4,4,3,,,0
FRA-Ligue 1,2324,Toulouse,Mikkel Desler,DEN,"DF,MF",28,1995,17.2,2,0,0,17,20,1,30,18,11,,,0
FRA-Ligue 1,2324,Toulouse,Moussa Diarra,MLI,DF,22,2000,15.5,5,0,0,22,18,0,16,19,11,,,0
FRA-Ligue 1,2324,Toulouse,Naatan Skyttä,FIN,MF,21,2002,1.3,0,0,0,1,2,0,2,0,4,,,0
FRA-Ligue 1,2324,Toulouse,Niklas Schmidt,GER,MF,25,1998,14.1,4,0,0,16,10,0,50,6,22,,,0
FRA-Ligue 1,2324,Toulouse,Rasmus Nicolaisen,DEN,DF,26,1997,32.5,6,1,1,45,22,0,1,43,30,,,0
FRA-Ligue 1,2324,Toulouse,Shavy Babicka,GAB,"MF,FW",23,2000,4.1,0,0,0,5,4,1,12,0,8,,,0
FRA-Ligue 1,2324,Toulouse,Stijn Spierings,NED,MF,27,1996,16.8,5,0,0,41,19,0,11,22,40,,,0
FRA-Ligue 1,2324,Toulouse,Thijs Dallinga,NED,FW,22,2000,27.9,6,0,0,38,45,20,14,4,14,,,0
FRA-Ligue 1,2324,Toulouse,Vincent Sierro,SUI,MF,27,1995,25.1,8,0,0,51,48,3,111,25,26,,,0
FRA-Ligue 1,2324,Toulouse,Warren Kamanzi,NOR,"MF,DF",22,2000,13.2,1,0,0,12,13,0,20,8,25,,,0
FRA-Ligue 1,2324,Toulouse,Yanis Begraoui,MAR,"FW,MF",22,2001,3.3,0,0,0,5,7,1,7,4,2,,,0
FRA-Ligue 1,2324,Toulouse,Yann Gboho,FRA,"MF,FW",22,2001,13.3,1,0,0,9,37,2,14,4,4,,,0
FRA-Ligue 1,2324,Toulouse,Zakaria Aboukhlal,MAR,"FW,MF",23,2000,8.4,2,0,0,16,15,8,5,1,8,,,0
