league,season,team,player,nation,pos,age,born,90s,Performance_CrdY,Performance_CrdR,Performance_2CrdY,Performance_Fls,Performance_Fld,Performance_Off,Performance_Crs,Performance_Int,Performance_TklW,Performance_PKwon,Performance_PKcon,Performance_OG
ENG-Premier League,2425,Arsenal,Ben White,ENG,DF,26,1997,13.3,2,0,0,10,5,1,17,16,15,,,0
ENG-Premier League,2425,Arsenal,Bukayo Saka,ENG,"FW,MF",22,2001,19.2,3,0,0,15,39,7,115,3,15,,,0
ENG-Premier League,2425,Arsenal,David Raya,ESP,GK,28,1995,38.0,3,0,0,1,10,0,0,0,0,,,0
ENG-Premier League,2425,Arsenal,Declan Rice,ENG,MF,25,1999,31.4,7,1,1,21,16,2,161,27,23,,,0
ENG-Premier League,2425,Arsenal,Ethan Nwaneri,ENG,"FW,MF",17,2007,9.9,1,0,0,10,5,6,54,3,6,,,0
ENG-Premier League,2425,Arsenal,Gabriel Jesus,BRA,FW,27,1997,6.8,4,0,0,14,10,9,6,5,6,,,0
ENG-Premier League,2425,Arsenal,Gabriel Magalhães,BRA,DF,26,1997,26.3,4,0,0,19,19,0,9,16,15,,,0
ENG-Premier League,2425,Arsenal,Gabriel Martinelli,BRA,"FW,MF",23,2001,25.4,1,0,0,16,21,8,90,4,15,,,0
ENG-Premier League,2425,Arsenal,Jakub Kiwior,POL,DF,24,2000,12.5,1,0,0,10,4,1,2,6,8,,,0
ENG-Premier League,2425,Arsenal,Jorginho,ITA,MF,32,1991,7.8,5,0,0,15,17,0,1,7,4,,,0
ENG-Premier League,2425,Arsenal,Jurriën Timber,NED,DF,23,2001,26.9,7,0,0,30,29,7,28,24,36,,,0
ENG-Premier League,2425,Arsenal,Kai Havertz,GER,FW,25,1999,20.8,5,0,0,38,23,14,11,5,8,,,0
ENG-Premier League,2425,Arsenal,Kieran Tierney,SCO,DF,27,1997,2.9,0,0,0,1,2,2,14,3,5,,,0
ENG-Premier League,2425,Arsenal,Leandro Trossard,BEL,FW,29,1994,28.3,4,1,1,27,46,6,80,10,18,,,0
ENG-Premier League,2425,Arsenal,Martin Ødegaard,NOR,MF,25,1998,25.8,4,0,0,12,23,1,86,6,8,,,0
ENG-Premier League,2425,Arsenal,Mikel Merino,ESP,"MF,FW",28,1996,17.6,4,1,1,41,23,7,12,16,28,,,0
ENG-Premier League,2425,Arsenal,Myles Lewis-Skelly,ENG,DF,17,2006,15.2,3,2,0,11,47,0,10,7,13,,,0
ENG-Premier League,2425,Arsenal,Nathan Butler-Oyedeji,ENG,FW,21,2003,0.1,0,0,0,0,0,0,0,0,0,,,0
ENG-Premier League,2425,Arsenal,Oleksandr Zinchenko,UKR,"DF,MF",27,1996,5.9,1,0,0,8,3,1,13,5,0,,,0
ENG-Premier League,2425,Arsenal,Raheem Sterling,ENG,"FW,MF",29,1994,5.5,1,0,0,12,8,4,16,1,4,,,0
ENG-Premier League,2425,Arsenal,Reiss Nelson,ENG,"FW,MF",24,1999,0.0,0,0,0,1,1,0,0,0,1,,,0
ENG-Premier League,2425,Arsenal,Riccardo Calafiori,ITA,DF,22,2002,10.9,4,0,0,15,6,3,11,8,18,,,0
ENG-Premier League,2425,Arsenal,Takehiro Tomiyasu,JPN,DF,25,1998,0.1,0,0,0,0,0,0,0,0,0,,,0
ENG-Premier League,2425,Arsenal,Thomas Partey,GHA,"MF,DF",31,1993,31.1,4,0,0,44,31,1,12,35,53,,,0
ENG-Premier League,2425,Arsenal,William Saliba,FRA,DF,23,2001,33.8,2,1,0,28,17,1,3,22,34,,,0
ENG-Premier League,2425,Aston Villa,Amadou Onana,BEL,MF,22,2001,18.0,4,0,0,32,30,0,2,26,29,,,0
ENG-Premier League,2425,Aston Villa,Andrés García,ESP,"DF,MF",21,2003,3.5,0,0,0,1,0,0,18,2,5,,,0
ENG-Premier League,2425,Aston Villa,Axel Disasi,FRA,DF,26,1998,5.4,2,0,0,3,2,2,1,4,5,,,0
ENG-Premier League,2425,Aston Villa,Boubacar Kamara,FRA,"MF,DF",24,1999,19.2,2,0,0,29,35,0,1,16,23,,,0
ENG-Premier League,2425,Aston Villa,Diego Carlos,BRA,DF,31,1993,9.2,1,0,0,11,1,1,0,5,2,,,0
ENG-Premier League,2425,Aston Villa,Donyell Malen,NED,MF,25,1999,3.4,0,0,0,1,5,2,8,0,4,,,0
ENG-Premier League,2425,Aston Villa,Emi Buendía,ARG,"FW,MF",27,1996,1.1,1,0,0,4,6,0,0,0,5,,,0
ENG-Premier League,2425,Aston Villa,Emiliano Martínez,ARG,GK,31,1992,35.5,5,1,0,2,5,0,0,0,3,,,0
ENG-Premier League,2425,Aston Villa,Ezri Konsa,ENG,DF,26,1997,32.6,1,0,0,9,47,1,5,24,20,,,0
ENG-Premier League,2425,Aston Villa,Ian Maatsen,NED,DF,22,2002,12.7,2,0,0,11,9,3,51,18,18,,,0
ENG-Premier League,2425,Aston Villa,Jacob Ramsey,ENG,MF,23,2001,18.0,4,1,1,13,28,5,11,8,15,,,0
ENG-Premier League,2425,Aston Villa,Jaden Philogene Bidace,ENG,MF,22,2002,3.7,4,1,1,13,8,1,4,3,5,,,0
ENG-Premier League,2425,Aston Villa,John McGinn,SCO,MF,29,1994,24.7,7,0,0,43,69,3,60,11,23,,,0
ENG-Premier League,2425,Aston Villa,Jáder Durán,COL,FW,20,2003,7.1,3,1,0,14,15,5,3,0,7,,,0
ENG-Premier League,2425,Aston Villa,Kosta Nedeljković,SRB,DF,18,2005,1.4,0,0,0,0,1,0,1,1,4,,,0
ENG-Premier League,2425,Aston Villa,Lamare Bogarde,NED,"DF,MF",20,2004,5.3,2,0,0,8,11,0,0,1,6,,,0
ENG-Premier League,2425,Aston Villa,Leon Bailey,JAM,MF,26,1997,12.7,3,0,0,12,18,3,34,4,4,,,0
ENG-Premier League,2425,Aston Villa,Lucas Digne,FRA,DF,31,1993,26.1,4,0,0,21,16,7,140,22,36,,,0
ENG-Premier League,2425,Aston Villa,Marco Asensio,ESP,MF,28,1996,8.3,2,0,0,11,8,2,38,2,5,,,0
ENG-Premier League,2425,Aston Villa,Marcus Rashford,ENG,"FW,MF",26,1997,4.9,0,0,0,1,3,1,28,1,7,,,0
ENG-Premier League,2425,Aston Villa,Matty Cash,POL,DF,26,1997,23.0,7,0,0,27,20,1,40,22,31,,,0
ENG-Premier League,2425,Aston Villa,Morgan Rogers,ENG,MF,22,2002,34.6,10,0,0,49,51,2,28,6,22,,,0
ENG-Premier League,2425,Aston Villa,Ollie Watkins,ENG,FW,28,1995,28.9,2,0,0,29,33,16,7,7,7,,,0
ENG-Premier League,2425,Aston Villa,Pau Torres,ESP,DF,27,1997,22.4,2,0,0,8,7,0,4,9,15,,,0
ENG-Premier League,2425,Aston Villa,Robin Olsen,SWE,GK,34,1990,2.5,0,0,0,0,0,0,0,0,0,,,0
ENG-Premier League,2425,Aston Villa,Ross Barkley,ENG,MF,30,1993,6.5,3,0,0,8,3,0,1,10,4,,,0
ENG-Premier League,2425,Aston Villa,Tyrone Mings,ENG,DF,31,1993,12.4,1,0,0,4,11,0,1,7,6,,,0
ENG-Premier League,2425,Aston Villa,Youri Tielemans,BEL,MF,27,1997,33.6,4,0,0,41,56,0,118,22,58,,,0
ENG-Premier League,2425,Bournemouth,Adam Smith,ENG,DF,33,1991,17.7,7,0,0,19,12,0,33,15,14,,,0
ENG-Premier League,2425,Bournemouth,Alex Scott,ENG,MF,20,2003,8.4,3,0,0,17,26,0,7,9,13,,,0
ENG-Premier League,2425,Bournemouth,Antoine Semenyo,GHA,MF,24,2000,35.6,9,0,0,72,37,14,58,9,36,,,0
ENG-Premier League,2425,Bournemouth,Ben Winterburn,ENG,MF,19,2004,0.3,0,0,0,0,1,0,0,2,0,,,0
ENG-Premier League,2425,Bournemouth,Dango Ouattara,BFA,"MF,FW",22,2002,22.3,3,0,0,16,19,13,88,11,26,,,0
ENG-Premier League,2425,Bournemouth,Daniel Jebbison,CAN,FW,20,2003,1.3,1,0,0,2,4,0,3,1,3,,,0
ENG-Premier League,2425,Bournemouth,David Brooks,WAL,MF,27,1997,10.7,3,0,0,11,18,0,51,5,6,,,0
ENG-Premier League,2425,Bournemouth,Dean Huijsen,ESP,DF,19,2005,27.0,10,0,0,31,10,2,13,48,27,,,0
ENG-Premier League,2425,Bournemouth,Enes Ünal,TUR,FW,27,1997,3.8,2,0,0,6,9,2,4,0,0,,,0
ENG-Premier League,2425,Bournemouth,Evanilson,BRA,FW,24,1999,25.8,1,1,0,37,53,20,1,2,9,,,0
ENG-Premier League,2425,Bournemouth,Illia Zabarnyi,UKR,DF,21,2002,34.5,4,1,0,20,7,0,6,39,35,,,0
ENG-Premier League,2425,Bournemouth,James Hill,ENG,DF,22,2002,5.0,1,0,0,7,5,0,10,7,8,,,0
ENG-Premier League,2425,Bournemouth,Julian Araujo,MEX,DF,22,2001,5.5,2,0,0,7,2,1,9,5,5,,,0
ENG-Premier League,2425,Bournemouth,Julio Soler,ARG,DF,19,2005,0.1,0,0,0,0,1,0,1,0,1,,,0
ENG-Premier League,2425,Bournemouth,Justin Kluivert,NED,MF,25,1999,26.0,8,0,0,46,33,6,86,13,9,,,0
ENG-Premier League,2425,Bournemouth,Kepa Arrizabalaga,ESP,GK,29,1994,31.0,3,0,0,2,6,0,0,0,0,,,0
ENG-Premier League,2425,Bournemouth,Lewis Cook,ENG,"MF,DF",27,1997,33.1,8,1,0,48,10,3,132,45,42,,,0
ENG-Premier League,2425,Bournemouth,Luis Sinisterra,COL,MF,25,1999,2.6,0,0,0,4,2,1,7,1,1,,,0
ENG-Premier League,2425,Bournemouth,Marcos Senesi,ARG,DF,27,1997,12.3,5,0,0,22,8,1,11,14,19,,,0
ENG-Premier League,2425,Bournemouth,Marcus Tavernier,ENG,MF,25,1999,21.5,6,0,0,34,28,4,108,4,22,,,0
ENG-Premier League,2425,Bournemouth,Mark Travers,IRL,GK,25,1999,5.0,0,0,0,0,1,0,0,0,0,,,0
ENG-Premier League,2425,Bournemouth,Max Aarons,ENG,DF,24,2000,1.0,0,0,0,0,2,0,2,1,2,,,0
ENG-Premier League,2425,Bournemouth,Milos Kerkez,HUN,DF,20,2003,37.1,4,0,0,30,50,3,141,41,26,,,0
ENG-Premier League,2425,Bournemouth,Neto,BRA,GK,35,1989,2.0,0,0,0,0,2,0,0,0,0,,,0
ENG-Premier League,2425,Bournemouth,Philip Billing,DEN,MF,28,1996,2.0,1,0,0,3,2,0,10,5,6,,,0
ENG-Premier League,2425,Bournemouth,Remy Rees-Dottin,ENG,FW,18,2006,0.0,0,0,0,0,0,0,0,0,0,,,0
ENG-Premier League,2425,Bournemouth,Ryan Christie,SCO,MF,29,1995,23.5,9,0,0,42,31,1,47,30,33,,,0
ENG-Premier League,2425,Bournemouth,Tyler Adams,USA,MF,25,1999,21.8,7,0,0,46,21,0,2,30,56,,,0
ENG-Premier League,2425,Bournemouth,Zain Silcott-Duberry,MSR,MF,19,2005,0.0,0,0,0,0,0,0,0,0,1,,,0
ENG-Premier League,2425,Brentford,Ben Mee,ENG,DF,34,1989,2.0,2,0,0,5,0,0,0,4,2,,,0
ENG-Premier League,2425,Brentford,Bryan Mbeumo,CMR,"MF,FW",24,1999,37.9,3,0,0,25,44,11,200,11,30,,,0
ENG-Premier League,2425,Brentford,Christian Nørgaard,DEN,MF,30,1994,31.3,8,1,0,44,28,1,18,46,47,,,0
ENG-Premier League,2425,Brentford,Edmond-Paris Maghoma,ENG,MF,23,2001,1.3,0,0,0,2,4,0,3,1,1,,,0
ENG-Premier League,2425,Brentford,Ethan Pinnock,JAM,DF,31,1993,21.3,2,0,0,8,4,0,9,23,15,,,1
ENG-Premier League,2425,Brentford,Fabio Carvalho,POR,"FW,MF",21,2002,5.1,1,0,0,5,10,1,10,3,9,,,0
ENG-Premier League,2425,Brentford,Frank Onyeka,NGA,MF,26,1998,0.3,0,0,0,2,0,0,0,0,0,,,0
ENG-Premier League,2425,Brentford,Gustavo Nunes,BRA,MF,18,2005,0.1,0,0,0,0,0,0,0,0,2,,,0
ENG-Premier League,2425,Brentford,Hákon Valdimarsson,ISL,GK,22,2001,1.6,0,0,0,0,0,0,0,0,0,,,0
ENG-Premier League,2425,Brentford,Igor Thiago,BRA,FW,23,2001,1.9,0,0,0,3,3,1,2,1,3,,,0
ENG-Premier League,2425,Brentford,Jayden Meghoma,ENG,DF,18,2006,0.1,0,0,0,0,0,0,0,0,0,,,0
ENG-Premier League,2425,Brentford,Keane Lewis-Potter,ENG,"DF,MF",23,2001,34.4,7,0,0,18,31,4,75,20,27,,,0
ENG-Premier League,2425,Brentford,Kevin Schade,GER,"MF,FW",22,2001,25.5,3,0,0,21,38,13,39,5,26,,,0
ENG-Premier League,2425,Brentford,Kim Jisoo,KOR,DF,19,2004,0.3,0,0,0,1,0,0,0,0,0,,,0
ENG-Premier League,2425,Brentford,Kristoffer Ajer,NOR,DF,26,1998,16.0,5,0,0,13,6,2,14,11,19,,,0
ENG-Premier League,2425,Brentford,Mads Roerslev,DEN,DF,25,1999,12.2,2,0,0,6,10,0,30,4,8,,,0
ENG-Premier League,2425,Brentford,Mark Flekken,NED,GK,31,1993,36.4,1,0,0,0,3,0,0,0,4,,,0
ENG-Premier League,2425,Brentford,Mathias Jensen,DEN,MF,28,1996,9.6,2,0,0,7,10,0,33,7,9,,,0
ENG-Premier League,2425,Brentford,Michael Kayode,ITA,DF,20,2004,5.9,2,0,0,8,3,0,10,7,11,,,0
ENG-Premier League,2425,Brentford,Mikkel Damsgaard,DEN,MF,24,2000,32.3,2,0,0,18,27,6,147,29,44,,,0
ENG-Premier League,2425,Brentford,Nathan Collins,IRL,DF,23,2001,38.0,5,0,0,28,31,6,8,34,24,,,0
ENG-Premier League,2425,Brentford,Rico Henry,JAM,"DF,MF",27,1997,1.1,0,0,0,2,2,0,2,1,2,,,0
ENG-Premier League,2425,Brentford,Ryan Trevitt,ENG,MF,21,2003,0.0,0,0,0,0,0,0,0,0,1,,,0
ENG-Premier League,2425,Brentford,Sepp van den Berg,NED,DF,22,2001,28.7,3,0,0,23,5,1,7,22,24,,,0
ENG-Premier League,2425,Brentford,Vitaly Janelt,GER,MF,26,1998,25.0,3,0,0,25,15,1,31,27,24,,,2
ENG-Premier League,2425,Brentford,Yehor Yarmoliuk,UKR,MF,20,2004,16.1,6,0,0,19,13,2,16,13,30,,,0
ENG-Premier League,2425,Brentford,Yoane Wissa,COD,FW,27,1996,32.4,5,0,0,33,51,14,19,8,13,,,0
ENG-Premier League,2425,Brentford,Yunus Emre Konak,TUR,MF,18,2006,0.5,0,0,0,3,1,0,0,0,2,,,0
ENG-Premier League,2425,Brighton,Adam Webster,ENG,DF,29,1995,9.9,1,0,0,7,2,1,2,20,7,,,0
ENG-Premier League,2425,Brighton,Bart Verbruggen,NED,GK,21,2002,36.0,5,0,0,0,2,0,0,0,0,,,0
ENG-Premier League,2425,Brighton,Billy Gilmour,SCO,MF,23,2001,1.1,0,0,0,2,3,0,1,0,4,,,0
ENG-Premier League,2425,Brighton,Brajan Gruda,GER,"MF,FW",20,2004,7.6,0,0,0,7,12,1,29,2,8,,,0
ENG-Premier League,2425,Brighton,Carlos Baleba,CMR,MF,20,2004,29.6,8,1,1,39,47,0,9,49,44,,,0
ENG-Premier League,2425,Brighton,Danny Welbeck,ENG,FW,33,1990,23.5,5,0,0,11,23,4,3,5,16,,,0
ENG-Premier League,2425,Brighton,Diego Gómez,PAR,MF,21,2003,5.7,0,0,0,8,3,1,11,7,13,,,0
ENG-Premier League,2425,Brighton,Eiran Cashin,IRL,DF,22,2001,0.2,0,0,0,0,0,0,1,0,0,,,0
ENG-Premier League,2425,Brighton,Evan Ferguson,IRL,FW,19,2004,2.7,0,0,0,3,1,0,0,0,3,,,0
ENG-Premier League,2425,Brighton,Ferdi Kadioglu,TUR,"DF,MF",24,1999,4.3,1,0,0,4,3,1,9,7,5,,,0
ENG-Premier League,2425,Brighton,Georginio Rutter,FRA,"MF,FW",22,2002,18.4,2,0,0,34,45,7,9,11,14,,,0
ENG-Premier League,2425,Brighton,Harry Howell,ENG,MF,16,2008,0.1,0,0,0,0,0,0,0,0,1,,,0
ENG-Premier League,2425,Brighton,Igor,BRA,DF,26,1998,10.7,4,0,0,9,7,0,4,4,5,,,0
ENG-Premier League,2425,Brighton,Jack Hinshelwood,ENG,"MF,DF",19,2005,20.5,5,0,0,18,9,0,28,11,19,,,0
ENG-Premier League,2425,Brighton,Jakub Moder,POL,MF,25,1999,0.1,0,0,0,0,0,0,1,0,0,,,0
ENG-Premier League,2425,Brighton,James Milner,ENG,MF,38,1986,1.9,1,0,0,3,1,0,8,2,2,,,0
ENG-Premier League,2425,Brighton,Jan Paul van Hecke,NED,DF,24,2000,32.9,8,1,1,25,24,0,11,25,29,,,0
ENG-Premier League,2425,Brighton,Jason Steele,ENG,GK,33,1990,2.0,0,0,0,0,1,0,0,0,0,,,0
ENG-Premier League,2425,Brighton,Jeremy Sarmiento,ECU,MF,22,2002,0.1,0,0,0,0,0,0,0,0,0,,,0
ENG-Premier League,2425,Brighton,João Pedro,BRA,"FW,MF",22,2001,21.6,4,1,0,27,45,2,22,8,12,,,0
ENG-Premier League,2425,Brighton,Joël Veltman,NED,DF,32,1992,18.9,5,0,0,27,44,0,24,20,29,,,0
ENG-Premier League,2425,Brighton,Julio Enciso,PAR,MF,20,2004,3.3,0,0,0,3,7,0,20,0,0,,,0
ENG-Premier League,2425,Brighton,Kaoru Mitoma,JPN,MF,27,1997,28.9,1,0,0,40,24,5,72,12,27,,,0
ENG-Premier League,2425,Brighton,Lewis Dunk,ENG,DF,32,1991,23.1,5,0,0,7,11,2,5,12,11,,,1
ENG-Premier League,2425,Brighton,Mats Wieffer,NED,"DF,MF",24,1999,11.3,6,0,0,23,10,1,14,16,34,,,0
ENG-Premier League,2425,Brighton,Matt O'Riley,DEN,MF,23,2000,10.4,1,0,0,16,13,2,50,13,8,,,1
ENG-Premier League,2425,Brighton,Pervis Estupiñán,ECU,DF,26,1998,26.7,5,0,0,36,20,3,119,39,44,,,0
ENG-Premier League,2425,Brighton,Simon Adingra,CIV,MF,22,2002,12.2,0,0,0,13,4,4,42,9,16,,,0
ENG-Premier League,2425,Brighton,Solly March,ENG,MF,30,1994,1.9,2,0,0,2,2,3,20,2,3,,,0
ENG-Premier League,2425,Brighton,Tariq Lamptey,GHA,"DF,MF",23,2000,9.6,0,0,0,15,10,0,28,7,11,,,0
ENG-Premier League,2425,Brighton,Yankuba Minteh,GAM,MF,20,2004,20.4,6,0,0,21,11,6,90,12,36,,,0
ENG-Premier League,2425,Brighton,Yasin Ayari,SWE,MF,20,2003,21.8,3,0,0,36,26,3,70,20,32,,,0
ENG-Premier League,2425,Chelsea,Axel Disasi,FRA,DF,26,1998,4.0,1,0,0,2,0,0,0,2,4,,,0
ENG-Premier League,2425,Chelsea,Benoît Badiashile,FRA,DF,23,2001,3.7,0,0,0,6,2,0,1,6,6,,,0
ENG-Premier League,2425,Chelsea,Christopher Nkunku,FRA,"MF,FW",26,1997,10.2,2,0,0,16,11,3,6,7,8,,,0
ENG-Premier League,2425,Chelsea,Cole Palmer,ENG,MF,22,2002,35.5,7,0,0,15,60,7,145,10,18,,,0
ENG-Premier League,2425,Chelsea,Enzo Fernández,ARG,MF,23,2001,32.7,8,0,0,52,54,2,111,13,32,,,0
ENG-Premier League,2425,Chelsea,Filip Jørgensen,DEN,GK,22,2002,6.0,0,0,0,1,1,0,0,0,0,,,0
ENG-Premier League,2425,Chelsea,Jadon Sancho,ENG,MF,24,2000,19.6,2,0,0,6,11,6,24,2,7,,,0
ENG-Premier League,2425,Chelsea,Joshua Acheampong,ENG,DF,18,2006,1.9,1,0,0,1,1,0,0,1,1,,,0
ENG-Premier League,2425,Chelsea,João Félix,POR,MF,24,1999,4.1,2,0,0,6,17,1,0,3,3,,,0
ENG-Premier League,2425,Chelsea,Kiernan Dewsbury-Hall,ENG,MF,25,1998,2.9,0,0,0,4,6,0,2,1,5,,,0
ENG-Premier League,2425,Chelsea,Levi Colwill,ENG,DF,21,2003,35.0,9,0,0,46,21,4,12,32,35,,,0
ENG-Premier League,2425,Chelsea,Malo Gusto,FRA,DF,21,2003,20.7,4,0,0,20,20,2,54,25,31,,,0
ENG-Premier League,2425,Chelsea,Marc Cucurella,ESP,DF,26,1998,33.2,10,1,1,37,38,3,29,26,46,,,0
ENG-Premier League,2425,Chelsea,Marc Guiu,ESP,FW,18,2006,0.8,0,0,0,0,0,0,0,0,1,,,0
ENG-Premier League,2425,Chelsea,Mathis Amougou,FRA,MF,18,2006,0.1,0,0,0,0,0,0,0,0,0,,,0
ENG-Premier League,2425,Chelsea,Moisés Caicedo,ECU,"MF,DF",22,2001,37.2,11,0,0,69,58,0,10,47,74,,,0
ENG-Premier League,2425,Chelsea,Mykhailo Mudryk,UKR,MF,23,2001,1.7,0,0,0,2,2,1,7,0,2,,,0
ENG-Premier League,2425,Chelsea,Nicolas Jackson,SEN,FW,23,2001,24.7,7,1,0,35,29,23,3,3,11,,,0
ENG-Premier League,2425,Chelsea,Noni Madueke,ENG,MF,22,2002,22.6,3,0,0,22,24,5,63,8,18,,,0
ENG-Premier League,2425,Chelsea,Pedro Neto,POR,"MF,FW",24,2000,25.2,8,0,0,21,33,3,149,8,10,,,0
ENG-Premier League,2425,Chelsea,Reece James,ENG,"DF,MF",24,1999,11.8,1,0,0,8,11,0,43,14,9,,,0
ENG-Premier League,2425,Chelsea,Renato Veiga,POR,MF,21,2003,2.0,2,0,0,6,1,1,0,1,6,,,0
ENG-Premier League,2425,Chelsea,Robert Sánchez,ESP,GK,26,1997,32.0,5,0,0,2,4,0,0,2,0,,,0
ENG-Premier League,2425,Chelsea,Roméo Lavia,BEL,MF,20,2004,8.9,4,0,0,16,7,0,0,16,13,,,0
ENG-Premier League,2425,Chelsea,Shumaira Mheuka,ENG,FW,16,2007,0.0,0,0,0,0,0,0,0,0,0,,,0
ENG-Premier League,2425,Chelsea,Tosin Adarabioyo,ENG,DF,26,1997,15.7,4,0,0,8,9,1,0,10,13,,,0
ENG-Premier League,2425,Chelsea,Trevoh Chalobah,ENG,DF,25,1999,10.1,2,0,0,9,7,0,3,9,7,,,0
ENG-Premier League,2425,Chelsea,Tyrique George,ENG,FW,18,2006,2.0,1,0,0,3,0,2,3,2,0,,,0
ENG-Premier League,2425,Chelsea,Wesley Fofana,FRA,DF,23,2000,13.0,7,0,0,24,16,0,1,12,11,,,0
ENG-Premier League,2425,Crystal Palace,Adam Wharton,ENG,MF,20,2004,14.6,2,0,0,12,21,0,39,19,16,,,0
ENG-Premier League,2425,Crystal Palace,Asher Agbinone,ENG,MF,18,2005,0.1,0,0,0,0,0,0,1,0,1,,,0
ENG-Premier League,2425,Crystal Palace,Ben Chilwell,ENG,MF,27,1996,2.9,1,0,0,2,3,2,7,6,6,,,0
ENG-Premier League,2425,Crystal Palace,Caleb Kporha,ENG,DF,18,2006,0.1,0,0,0,0,0,0,2,0,1,,,0
ENG-Premier League,2425,Crystal Palace,Chadi Riad,MAR,DF,21,2003,1.0,0,0,0,1,0,0,0,2,2,,,0
ENG-Premier League,2425,Crystal Palace,Cheick Doucouré,MLI,MF,24,2000,5.0,1,0,0,7,7,0,1,11,9,,,0
ENG-Premier League,2425,Crystal Palace,Chris Richards,USA,DF,24,2000,21.4,4,1,1,11,5,1,5,18,30,,,0
ENG-Premier League,2425,Crystal Palace,Daichi Kamada,JPN,MF,27,1996,17.4,4,1,0,28,21,2,32,18,29,,,0
ENG-Premier League,2425,Crystal Palace,Daniel Muñoz,COL,MF,28,1996,35.9,10,0,0,56,19,15,74,43,77,,,0
ENG-Premier League,2425,Crystal Palace,Dean Henderson,ENG,GK,27,1997,38.0,3,0,0,0,2,0,0,1,1,,,0
ENG-Premier League,2425,Crystal Palace,Eberechi Eze,ENG,MF,26,1998,28.8,1,0,0,13,51,9,110,10,21,,,0
ENG-Premier League,2425,Crystal Palace,Eddie Nketiah,ENG,"FW,MF",25,1999,11.5,6,1,1,31,29,5,5,2,8,,,0
ENG-Premier League,2425,Crystal Palace,Ismaila Sarr,SEN,MF,26,1998,30.1,4,0,0,14,55,11,55,8,11,,,0
ENG-Premier League,2425,Crystal Palace,Jean-Philippe Mateta,FRA,FW,27,1997,29.4,2,0,0,27,29,22,26,2,12,,,0
ENG-Premier League,2425,Crystal Palace,Jefferson Lerma,COL,"MF,DF",29,1994,25.3,9,0,0,35,39,0,12,41,19,,,0
ENG-Premier League,2425,Crystal Palace,Jeffrey Schlupp,GHA,"DF,FW",31,1992,1.1,0,0,0,1,0,0,4,0,0,,,0
ENG-Premier League,2425,Crystal Palace,Joachim Andersen,DEN,DF,28,1996,1.0,1,0,0,2,0,0,1,0,1,,,0
ENG-Premier League,2425,Crystal Palace,Joel Ward,ENG,DF,34,1989,0.8,1,0,0,4,0,0,0,0,0,,,0
ENG-Premier League,2425,Crystal Palace,Jordan Ayew,GHA,"FW,MF",32,1991,0.2,1,0,0,1,0,0,1,0,0,,,0
ENG-Premier League,2425,Crystal Palace,Justin Devenny,NIR,MF,20,2003,5.6,1,0,0,9,0,1,18,0,11,,,0
ENG-Premier League,2425,Crystal Palace,Marc Guéhi,ENG,DF,24,2000,34.0,9,1,1,23,27,1,13,29,32,,,3
ENG-Premier League,2425,Crystal Palace,Matheus França,BRA,FW,20,2004,0.6,0,0,0,0,0,0,1,1,0,,,0
ENG-Premier League,2425,Crystal Palace,Maxence Lacroix,FRA,DF,24,2000,34.6,5,0,0,34,19,1,7,54,42,,,0
ENG-Premier League,2425,Crystal Palace,Nathaniel Clyne,ENG,"DF,MF",33,1991,5.4,1,0,0,2,2,0,7,3,8,,,0
ENG-Premier League,2425,Crystal Palace,Odsonne Édouard,FRA,MF,26,1998,1.3,0,0,0,4,0,2,1,0,0,,,0
ENG-Premier League,2425,Crystal Palace,Romain Esse,ENG,MF,19,2005,1.5,0,0,0,2,3,0,0,1,5,,,0
ENG-Premier League,2425,Crystal Palace,Trevoh Chalobah,ENG,DF,25,1999,11.8,1,0,0,10,15,1,7,20,15,,,0
ENG-Premier League,2425,Crystal Palace,Tyrick Mitchell,ENG,MF,24,1999,34.4,2,0,0,23,25,2,107,21,53,,,0
ENG-Premier League,2425,Crystal Palace,Will Hughes,ENG,MF,29,1995,23.4,11,0,0,65,31,0,70,21,36,,,0
ENG-Premier League,2425,Everton,Abdoulaye Doucouré,MLI,MF,31,1993,28.5,5,1,1,49,5,10,23,11,28,,,0
ENG-Premier League,2425,Everton,Armando Broja,ALB,FW,22,2001,3.7,1,0,0,6,4,3,1,1,1,,,0
ENG-Premier League,2425,Everton,Ashley Young,ENG,DF,39,1985,20.8,7,1,0,30,22,0,75,26,36,,,0
ENG-Premier League,2425,Everton,Beto,GNB,FW,26,1998,17.0,2,0,0,33,23,16,4,4,7,,,0
ENG-Premier League,2425,Everton,Carlos Alcaraz,ARG,MF,21,2002,8.5,4,0,0,13,12,1,11,5,4,,,0
ENG-Premier League,2425,Everton,Dominic Calvert-Lewin,ENG,FW,27,1997,17.9,2,0,0,27,23,27,6,7,7,,,0
ENG-Premier League,2425,Everton,Dwight McNeil,ENG,MF,24,1999,15.2,1,0,0,6,18,1,104,6,8,,,0
ENG-Premier League,2425,Everton,Harrison Armstrong,ENG,MF,17,2007,0.5,1,0,0,2,2,0,1,0,0,,,0
ENG-Premier League,2425,Everton,Idrissa Gueye,SEN,MF,34,1989,34.0,9,0,0,55,46,0,7,46,76,,,0
ENG-Premier League,2425,Everton,Iliman Ndiaye,SEN,"MF,FW",24,2000,27.0,3,0,0,24,52,5,37,19,27,,,0
ENG-Premier League,2425,Everton,Jack Harrison,ENG,"MF,FW",27,1996,23.1,0,0,0,13,28,4,131,9,23,,,0
ENG-Premier League,2425,Everton,Jake O'Brien,IRL,DF,23,2001,17.5,5,0,0,13,4,3,18,4,17,,,0
ENG-Premier League,2425,Everton,James Garner,ENG,"MF,DF",23,2001,17.7,5,0,0,20,15,0,55,20,32,,,0
ENG-Premier League,2425,Everton,James Tarkowski,ENG,DF,31,1992,32.5,6,0,0,35,29,1,1,37,40,,,0
ENG-Premier League,2425,Everton,Jarrad Branthwaite,ENG,DF,22,2002,27.9,4,0,0,12,18,2,6,24,21,,,0
ENG-Premier League,2425,Everton,Jesper Lindstrøm,DEN,MF,24,2000,13.8,2,0,0,15,10,1,72,13,24,,,0
ENG-Premier League,2425,Everton,Jordan Pickford,ENG,GK,30,1994,38.0,7,0,0,0,7,0,0,1,1,,,0
ENG-Premier League,2425,Everton,Mason Holgate,JAM,DF,27,1996,0.1,0,0,0,0,0,0,0,0,0,,,0
ENG-Premier League,2425,Everton,Michael Keane,ENG,DF,31,1993,11.7,5,0,0,9,0,0,1,13,10,,,0
ENG-Premier League,2425,Everton,Nathan Patterson,SCO,DF,22,2001,3.9,1,0,0,5,1,0,14,2,6,,,0
ENG-Premier League,2425,Everton,Orel Mangala,BEL,MF,26,1998,14.0,2,0,0,24,17,2,6,21,8,,,0
ENG-Premier League,2425,Everton,Roman Dixon,ENG,DF,19,2004,1.0,0,0,0,0,0,0,0,1,5,,,0
ENG-Premier League,2425,Everton,Séamus Coleman,IRL,DF,35,1988,2.4,1,0,0,0,1,0,4,1,2,,,0
ENG-Premier League,2425,Everton,Tim Iroegbunam,ENG,MF,21,2003,6.4,4,0,0,15,12,0,1,14,13,,,0
ENG-Premier League,2425,Everton,Vitaliy Mykolenko,UKR,DF,25,1999,34.2,4,0,0,22,34,3,100,42,38,,,0
ENG-Premier League,2425,Everton,Youssef Chermiti,POR,FW,20,2004,0.5,1,0,0,1,1,2,1,0,0,,,0
ENG-Premier League,2425,Fulham,Adama Traoré,ESP,MF,28,1996,19.7,3,0,0,24,32,1,100,1,13,,,0
ENG-Premier League,2425,Fulham,Alex Iwobi,NGA,MF,28,1996,33.1,1,0,0,19,18,5,127,13,26,,,0
ENG-Premier League,2425,Fulham,Andreas Pereira,BRA,MF,28,1996,22.4,7,0,0,29,24,1,173,9,12,,,0
ENG-Premier League,2425,Fulham,Antonee Robinson,USA,"DF,MF",26,1997,35.2,8,0,0,31,20,7,172,57,57,,,0
ENG-Premier League,2425,Fulham,Bernd Leno,GER,GK,32,1992,38.0,5,0,0,0,4,0,0,0,2,,,0
ENG-Premier League,2425,Fulham,Calvin Bassey,NGA,DF,24,1999,34.2,7,0,0,26,31,2,9,19,33,,,0
ENG-Premier League,2425,Fulham,Carlos Vinícius,BRA,FW,29,1995,0.2,0,0,0,0,2,0,0,0,0,,,0
ENG-Premier League,2425,Fulham,Emile Smith Rowe,ENG,MF,24,2000,22.7,3,0,0,19,15,4,16,11,18,,,0
ENG-Premier League,2425,Fulham,Harrison Reed,ENG,MF,29,1995,1.2,2,0,0,6,2,0,6,1,2,,,0
ENG-Premier League,2425,Fulham,Harry Wilson,WAL,"MF,FW",27,1997,12.9,2,0,0,12,22,1,41,6,15,,,0
ENG-Premier League,2425,Fulham,Issa Diop,MAR,DF,27,1997,14.9,2,0,0,10,4,0,1,9,12,,,1
ENG-Premier League,2425,Fulham,Jay Stansfield,ENG,"FW,MF",21,2002,0.0,0,0,0,1,0,0,0,0,0,,,0
ENG-Premier League,2425,Fulham,Joachim Andersen,DEN,DF,28,1996,28.7,6,1,0,18,19,0,12,33,16,,,1
ENG-Premier League,2425,Fulham,Jorge Cuenca,ESP,DF,24,1999,3.9,0,0,0,2,2,0,1,2,2,,,0
ENG-Premier League,2425,Fulham,Joshua King,ENG,MF,17,2007,1.4,0,0,0,3,2,0,2,1,5,,,0
ENG-Premier League,2425,Fulham,Kenny Tete,NED,DF,28,1995,19.7,5,0,0,35,16,1,38,30,38,,,0
ENG-Premier League,2425,Fulham,Martial Godo,CIV,"FW,MF",21,2003,0.3,0,0,0,1,0,0,1,1,0,,,0
ENG-Premier League,2425,Fulham,Raúl Jiménez,MEX,FW,33,1991,27.7,4,0,0,39,41,15,22,11,24,,,0
ENG-Premier League,2425,Fulham,Reiss Nelson,ENG,MF,24,1999,5.4,1,0,0,6,9,1,25,5,5,,,0
ENG-Premier League,2425,Fulham,Rodrigo Muniz,BRA,FW,23,2001,10.7,1,0,0,11,31,3,1,4,6,,,0
ENG-Premier League,2425,Fulham,Ryan Sessegnon,ENG,"MF,DF",24,2000,6.4,1,0,0,20,4,1,15,4,12,,,0
ENG-Premier League,2425,Fulham,Sander Berge,NOR,MF,26,1998,24.7,6,0,0,30,10,0,3,21,32,,,0
ENG-Premier League,2425,Fulham,Saša Lukić,SRB,MF,27,1996,26.0,12,0,0,66,26,0,63,26,38,,,0
ENG-Premier League,2425,Fulham,Timothy Castagne,BEL,"DF,MF",28,1995,18.3,1,0,0,15,6,1,38,23,31,,,0
ENG-Premier League,2425,Fulham,Tom Cairney,SCO,MF,33,1991,7.0,3,1,0,8,19,0,20,4,4,,,0
ENG-Premier League,2425,Fulham,Willian,BRA,"MF,FW",35,1988,2.9,0,0,0,1,0,0,16,1,2,,,0
ENG-Premier League,2425,Ipswich Town,Alex Palmer,ENG,GK,27,1996,13.0,2,0,0,1,4,0,0,0,0,,,0
ENG-Premier League,2425,Ipswich Town,Ali Al Hamadi,IRQ,FW,22,2002,1.5,3,0,0,8,3,1,0,0,0,,,0
ENG-Premier League,2425,Ipswich Town,Arijanet Muric,KVX,GK,25,1998,18.0,1,0,0,0,4,0,0,0,0,,,0
ENG-Premier League,2425,Ipswich Town,Axel Tuanzebe,COD,DF,26,1997,19.0,5,1,1,17,12,0,10,22,19,,,1
ENG-Premier League,2425,Ipswich Town,Ben Godfrey,ENG,DF,26,1998,1.8,1,0,0,1,0,0,0,2,0,,,0
ENG-Premier League,2425,Ipswich Town,Ben Johnson,ENG,"MF,DF",24,2000,15.0,5,1,1,27,6,1,37,13,20,,,0
ENG-Premier League,2425,Ipswich Town,Cameron Burgess,AUS,DF,28,1995,17.1,0,0,0,6,4,1,0,10,13,,,0
ENG-Premier League,2425,Ipswich Town,Chiedozie Ogbene,IRL,MF,27,1997,2.6,0,0,0,2,7,1,4,1,3,,,0
ENG-Premier League,2425,Ipswich Town,Christian Walton,ENG,GK,28,1995,7.0,0,0,0,0,1,0,0,0,0,,,0
ENG-Premier League,2425,Ipswich Town,Conor Chaplin,ENG,"MF,FW",27,1997,9.5,2,0,0,11,7,0,9,3,5,,,0
ENG-Premier League,2425,Ipswich Town,Conor Townsend,ENG,DF,31,1993,3.7,1,0,0,2,4,0,12,5,7,,,0
ENG-Premier League,2425,Ipswich Town,Dara O'Shea,IRL,DF,25,1999,34.7,6,0,0,21,25,3,8,33,30,,,0
ENG-Premier League,2425,Ipswich Town,George Edmundson,ENG,DF,26,1997,0.0,0,0,0,0,0,0,0,0,0,,,0
ENG-Premier League,2425,Ipswich Town,George Hirst,SCO,FW,25,1999,7.3,3,0,0,13,12,3,3,2,3,,,0
ENG-Premier League,2425,Ipswich Town,Harry Clarke,ENG,DF,23,2001,4.2,3,1,1,5,1,0,5,3,3,,,0
ENG-Premier League,2425,Ipswich Town,Jack Clarke,ENG,MF,23,2000,13.1,2,0,0,16,23,3,14,7,18,,,0
ENG-Premier League,2425,Ipswich Town,Jack Taylor,IRL,MF,26,1998,9.6,4,0,0,16,5,0,7,9,11,,,0
ENG-Premier League,2425,Ipswich Town,Jacob Greaves,ENG,DF,23,2000,24.5,5,0,0,16,21,1,1,21,22,,,0
ENG-Premier League,2425,Ipswich Town,Jaden Philogene Bidace,ENG,MF,22,2002,5.3,1,0,0,8,10,1,13,8,7,,,0
ENG-Premier League,2425,Ipswich Town,Jens Cajuste,SWE,MF,24,1999,21.8,2,0,0,23,22,0,10,29,22,,,0
ENG-Premier League,2425,Ipswich Town,Julio Enciso,PAR,MF,20,2004,9.7,3,0,0,9,21,0,20,1,9,,,0
ENG-Premier League,2425,Ipswich Town,Kalvin Phillips,ENG,MF,28,1995,13.7,6,1,1,28,21,0,20,18,20,,,0
ENG-Premier League,2425,Ipswich Town,Leif Davis,ENG,DF,24,1999,30.5,5,1,0,26,31,5,157,25,28,,,0
ENG-Premier League,2425,Ipswich Town,Liam Delap,ENG,FW,21,2003,28.8,12,0,0,72,51,14,5,2,8,,,0
ENG-Premier League,2425,Ipswich Town,Luke Woolfenden,ENG,DF,25,1998,13.2,2,0,0,5,2,1,0,21,6,,,0
ENG-Premier League,2425,Ipswich Town,Marcus Harness,ENG,"FW,MF",28,1996,0.5,0,0,0,0,0,1,0,0,0,,,0
ENG-Premier League,2425,Ipswich Town,Massimo Luongo,AUS,MF,31,1992,2.2,0,0,0,1,2,0,1,3,6,,,0
ENG-Premier League,2425,Ipswich Town,Nathan Broadhead,WAL,MF,26,1998,7.8,1,0,0,4,13,2,9,4,4,,,0
ENG-Premier League,2425,Ipswich Town,Omari Hutchinson,ENG,MF,20,2003,28.7,5,0,0,31,46,6,81,11,13,,,0
ENG-Premier League,2425,Ipswich Town,Sam Morsy,EGY,MF,32,1991,30.6,10,0,0,48,27,0,15,28,39,,,1
ENG-Premier League,2425,Ipswich Town,Sammie Szmodics,IRL,MF,28,1995,11.0,2,0,0,9,8,8,14,5,12,,,0
ENG-Premier League,2425,Ipswich Town,Wes Burns,WAL,MF,29,1994,10.3,1,0,0,4,11,0,45,10,11,,,0
ENG-Premier League,2425,Leicester City,Abdul Fatawu Issahaku,GHA,"MF,FW",20,2004,6.4,0,0,0,11,20,2,29,4,15,,,0
ENG-Premier League,2425,Leicester City,Bilal El Khannouss,MAR,MF,20,2004,24.2,4,0,0,30,13,1,89,5,30,,,0
ENG-Premier League,2425,Leicester City,Bobby De Cordova-Reid,JAM,"MF,FW",31,1993,8.3,2,0,0,8,9,4,15,1,3,,,0
ENG-Premier League,2425,Leicester City,Boubakary Soumaré,FRA,MF,25,1999,24.1,8,0,0,24,23,0,10,27,19,,,0
ENG-Premier League,2425,Leicester City,Caleb Okoli,ITA,DF,23,2001,12.5,4,0,0,16,9,0,1,15,14,,,0
ENG-Premier League,2425,Leicester City,Conor Coady,ENG,DF,31,1993,19.0,3,0,0,8,3,1,0,12,9,,,0
ENG-Premier League,2425,Leicester City,Danny Ward,WAL,GK,31,1993,1.5,0,0,0,0,0,0,0,0,0,,,0
ENG-Premier League,2425,Leicester City,Facundo Buonanotte,ARG,"MF,FW",19,2004,16.9,8,0,0,36,35,3,43,13,33,,,0
ENG-Premier League,2425,Leicester City,Hamza Choudhury,BAN,MF,26,1997,1.5,0,0,0,1,0,0,5,5,1,,,0
ENG-Premier League,2425,Leicester City,Harry Winks,ENG,MF,28,1996,17.1,4,0,0,9,13,0,33,8,10,,,0
ENG-Premier League,2425,Leicester City,Jake Evans,ENG,MF,15,2008,0.3,0,0,0,0,0,0,0,0,1,,,0
ENG-Premier League,2425,Leicester City,Jakub Stolarczyk,POL,GK,23,2000,10.0,1,0,0,0,0,0,0,0,1,,,0
ENG-Premier League,2425,Leicester City,James Justin,ENG,"DF,MF",26,1998,32.4,6,0,0,28,44,2,57,44,38,,,0
ENG-Premier League,2425,Leicester City,Jamie Vardy,ENG,FW,37,1987,31.4,5,0,0,27,23,27,11,5,12,,,0
ENG-Premier League,2425,Leicester City,Jannik Vestergaard,DEN,DF,31,1992,15.5,5,0,0,12,4,0,0,15,10,,,1
ENG-Premier League,2425,Leicester City,Jeremy Monga,ENG,FW,15,2009,1.2,0,0,0,0,5,0,4,0,1,,,0
ENG-Premier League,2425,Leicester City,Jordan Ayew,GHA,MF,32,1991,18.2,5,0,0,30,58,7,57,11,14,,,0
ENG-Premier League,2425,Leicester City,Kasey McAteer,IRL,MF,22,2001,9.5,3,0,0,18,15,3,21,2,15,,,0
ENG-Premier League,2425,Leicester City,Luke Thomas,ENG,DF,23,2001,12.3,3,0,0,16,10,0,28,20,25,,,0
ENG-Premier League,2425,Leicester City,Mads Hermansen,DEN,GK,24,2000,26.5,1,0,0,0,3,0,0,0,1,,,0
ENG-Premier League,2425,Leicester City,Michael Golding,ENG,MF,18,2006,0.0,0,0,0,0,0,0,0,0,0,,,0
ENG-Premier League,2425,Leicester City,Odsonne Édouard,FRA,FW,26,1998,0.3,0,0,0,2,0,0,0,0,1,,,0
ENG-Premier League,2425,Leicester City,Olabade Aluko,,DF,,,0.0,0,0,0,0,0,0,0,0,1,,,0
ENG-Premier League,2425,Leicester City,Oliver Skipp,ENG,MF,23,2000,12.5,8,0,0,21,13,0,5,12,4,,,0
ENG-Premier League,2425,Leicester City,Patson Daka,ZAM,"MF,FW",25,1998,8.2,0,0,0,15,19,3,3,1,10,,,0
ENG-Premier League,2425,Leicester City,Ricardo Pereira,POR,DF,30,1993,4.3,1,0,0,6,8,0,4,4,7,,,0
ENG-Premier League,2425,Leicester City,Stephy Mavididi,ENG,MF,26,1998,17.9,2,0,0,18,18,3,70,8,20,,,0
ENG-Premier League,2425,Leicester City,Victor Bernth Kristiansen,DEN,"DF,MF",21,2002,27.6,1,0,0,19,18,3,96,37,51,,,1
ENG-Premier League,2425,Leicester City,Wilfred Ndidi,NGA,MF,27,1996,25.8,8,0,0,39,18,3,30,27,48,,,1
ENG-Premier League,2425,Leicester City,Will Alves,ENG,MF,19,2005,0.0,0,0,0,0,0,0,0,0,0,,,0
ENG-Premier League,2425,Leicester City,Wout Faes,BEL,DF,26,1998,31.3,4,0,0,23,11,1,5,22,28,,,0
ENG-Premier League,2425,Leicester City,Woyo Coulibaly,MLI,DF,25,1999,1.2,1,0,0,2,1,0,0,5,4,,,0
ENG-Premier League,2425,Liverpool,Alexis Mac Allister,ARG,MF,25,1998,28.9,6,0,0,62,40,2,86,22,59,,,0
ENG-Premier League,2425,Liverpool,Alisson,BRA,GK,31,1992,27.9,0,0,0,0,2,0,0,0,0,,,0
ENG-Premier League,2425,Liverpool,Andy Robertson,SCO,DF,30,1994,27.6,3,1,0,11,8,3,145,21,21,,,1
ENG-Premier League,2425,Liverpool,Caoimhín Kelleher,IRL,GK,25,1998,10.0,0,0,0,0,3,0,0,0,0,,,0
ENG-Premier League,2425,Liverpool,Cody Gakpo,NED,MF,25,1999,21.5,5,0,0,20,31,5,73,12,17,,,0
ENG-Premier League,2425,Liverpool,Conor Bradley,NIR,DF,21,2003,8.4,4,0,0,12,14,1,7,3,10,,,0
ENG-Premier League,2425,Liverpool,Curtis Jones,ENG,"MF,DF",23,2001,19.0,3,1,1,18,25,1,8,7,22,,,0
ENG-Premier League,2425,Liverpool,Darwin Núñez,URU,FW,25,1999,12.6,8,0,0,27,14,12,3,4,18,,,0
ENG-Premier League,2425,Liverpool,Diogo Jota,POR,FW,27,1996,13.3,2,0,0,23,14,1,8,8,9,,,0
ENG-Premier League,2425,Liverpool,Dominik Szoboszlai,HUN,MF,23,2000,27.7,6,0,0,44,24,4,40,9,23,,,0
ENG-Premier League,2425,Liverpool,Federico Chiesa,ITA,FW,26,1997,1.2,0,0,0,3,2,0,2,0,0,,,0
ENG-Premier League,2425,Liverpool,Harvey Elliott,ENG,MF,21,2003,4.1,1,0,0,0,1,1,12,1,3,,,0
ENG-Premier League,2425,Liverpool,Ibrahima Konaté,FRA,DF,25,1999,28.4,5,0,0,27,20,0,0,19,28,,,0
ENG-Premier League,2425,Liverpool,Jarell Quansah,ENG,DF,21,2003,5.5,2,0,0,9,1,0,2,7,8,,,1
ENG-Premier League,2425,Liverpool,Jayden Danns,ENG,FW,18,2006,0.1,0,0,0,0,0,0,0,0,0,,,0
ENG-Premier League,2425,Liverpool,Joe Gomez,ENG,DF,27,1997,5.8,1,0,0,2,3,0,1,7,10,,,0
ENG-Premier League,2425,Liverpool,Kostas Tsimikas,GRE,DF,28,1996,9.3,2,0,0,9,6,1,64,10,19,,,0
ENG-Premier League,2425,Liverpool,Luis Díaz,COL,"FW,MF",27,1997,26.7,2,0,0,48,31,10,32,7,27,,,0
ENG-Premier League,2425,Liverpool,Mohamed Salah,EGY,MF,32,1992,37.5,1,0,0,25,39,18,79,9,11,,,0
ENG-Premier League,2425,Liverpool,Ryan Gravenberch,NED,MF,22,2002,35.1,6,1,0,47,52,0,7,56,37,,,0
ENG-Premier League,2425,Liverpool,Trent Alexander-Arnold,ENG,DF,25,1998,26.3,5,0,0,11,9,1,154,31,49,,,0
ENG-Premier League,2425,Liverpool,Virgil van Dijk,NED,DF,33,1991,37.0,5,0,0,17,13,0,1,54,20,,,0
ENG-Premier League,2425,Liverpool,Vitezslav Jaros,CZE,GK,23,2001,0.1,0,0,0,0,0,0,0,0,0,,,0
ENG-Premier League,2425,Liverpool,Wataru Endo,JPN,MF,31,1993,3.0,0,0,0,15,7,0,1,6,8,,,0
ENG-Premier League,2425,Manchester City,Abdukodir Khusanov,UZB,DF,20,2004,5.6,1,0,0,3,3,0,1,3,4,,,1
ENG-Premier League,2425,Manchester City,Bernardo Silva,POR,MF,29,1994,29.7,7,0,0,27,31,3,60,21,35,,,0
ENG-Premier League,2425,Manchester City,Claudio Echeverri,ARG,MF,18,2006,0.1,0,0,0,0,0,0,0,0,0,,,0
ENG-Premier League,2425,Manchester City,Divin Mubama,ENG,FW,19,2004,0.3,0,0,0,0,0,0,0,0,0,,,0
ENG-Premier League,2425,Manchester City,Ederson Moraes,BRA,GK,30,1993,25.8,4,0,0,1,0,0,0,1,0,,,0
ENG-Premier League,2425,Manchester City,Erling Haaland,NOR,FW,24,2000,30.4,2,0,0,24,13,4,3,5,6,,,0
ENG-Premier League,2425,Manchester City,Jack Grealish,ENG,"MF,FW",28,1995,8.0,3,0,0,5,25,0,20,2,4,,,0
ENG-Premier League,2425,Manchester City,Jahmai Simpson-Pusey,ENG,DF,18,2005,1.1,1,0,0,0,1,0,0,0,0,,,0
ENG-Premier League,2425,Manchester City,James Mcatee,ENG,MF,21,2002,3.9,1,0,0,6,3,0,8,2,1,,,0
ENG-Premier League,2425,Manchester City,Jeremy Doku,BEL,"MF,FW",22,2002,16.8,1,0,0,10,33,5,59,3,23,,,0
ENG-Premier League,2425,Manchester City,John Stones,ENG,DF,30,1994,6.1,1,0,0,2,2,0,0,4,3,,,0
ENG-Premier League,2425,Manchester City,Joško Gvardiol,CRO,DF,22,2002,36.4,2,0,0,16,27,3,22,42,38,,,0
ENG-Premier League,2425,Manchester City,Kevin De Bruyne,BEL,"MF,FW",33,1991,18.9,2,0,0,17,18,5,144,7,9,,,0
ENG-Premier League,2425,Manchester City,Kyle Walker,ENG,DF,34,1990,10.8,3,0,0,6,4,1,14,3,10,,,0
ENG-Premier League,2425,Manchester City,Manuel Akanji,SUI,"DF,MF",29,1995,22.4,3,0,0,17,9,0,11,9,11,,,0
ENG-Premier League,2425,Manchester City,Mateo Kovačić,CRO,"MF,DF",30,1994,24.4,5,1,0,24,26,0,0,22,39,,,0
ENG-Premier League,2425,Manchester City,Matheus Nunes,POR,"DF,MF",25,1998,18.6,4,0,0,30,20,6,45,14,21,,,0
ENG-Premier League,2425,Manchester City,Nathan Aké,NED,DF,29,1995,7.5,0,0,0,2,0,0,1,3,6,,,0
ENG-Premier League,2425,Manchester City,Nico O'Reilly,ENG,DF,19,2005,5.9,0,0,0,6,4,1,8,4,4,,,0
ENG-Premier League,2425,Manchester City,Nicolás González,ESP,MF,22,2002,8.4,3,0,0,13,5,0,1,8,4,,,0
ENG-Premier League,2425,Manchester City,Omar Marmoush,EGY,"MF,FW",25,1999,13.1,0,0,0,15,20,10,29,6,8,,,0
ENG-Premier League,2425,Manchester City,Oscar Bobb,NOR,"FW,MF",21,2003,0.2,0,0,0,0,1,0,0,0,0,,,0
ENG-Premier League,2425,Manchester City,Phil Foden,ENG,"MF,FW",24,2000,19.7,2,0,0,5,35,3,81,9,5,,,0
ENG-Premier League,2425,Manchester City,Rico Lewis,ENG,"DF,MF",19,2004,21.0,5,1,1,12,34,0,7,14,17,,,0
ENG-Premier League,2425,Manchester City,Rodri,ESP,MF,28,1996,0.8,0,0,0,1,2,0,0,1,1,,,0
ENG-Premier League,2425,Manchester City,Rúben Dias,POR,"DF,MF",27,1997,25.2,4,0,0,12,8,0,3,19,11,,,1
ENG-Premier League,2425,Manchester City,Stefan Ortega,GER,GK,31,1992,12.2,1,0,0,1,2,0,0,0,0,,,0
ENG-Premier League,2425,Manchester City,Sávio,BRA,"MF,FW",20,2004,19.6,3,0,0,17,28,3,84,4,17,,,0
ENG-Premier League,2425,Manchester City,Vitor Reis,BRA,DF,18,2006,0.0,0,0,0,0,0,0,0,0,0,,,0
ENG-Premier League,2425,Manchester City,İlkay Gündoğan,GER,MF,33,1990,24.7,1,0,0,15,27,1,62,14,13,,,0
ENG-Premier League,2425,Manchester Utd,Alejandro Garnacho,ARG,MF,20,2004,24.4,3,0,0,12,44,10,55,13,16,,,0
ENG-Premier League,2425,Manchester Utd,Altay Bayındır,TUR,GK,26,1998,4.0,0,0,0,0,1,0,0,0,0,,,0
ENG-Premier League,2425,Manchester Utd,Amad Diallo,CIV,"MF,FW",22,2002,21.1,5,0,0,20,28,9,43,10,31,,,0
ENG-Premier League,2425,Manchester Utd,André Onana,CMR,GK,28,1996,34.0,0,0,0,0,2,0,0,0,2,,,0
ENG-Premier League,2425,Manchester Utd,Antony,BRA,"FW,MF",24,2000,1.6,0,0,0,2,5,0,5,2,3,,,0
ENG-Premier League,2425,Manchester Utd,Ayden Heaven,ENG,DF,17,2006,1.9,1,0,0,4,4,0,0,4,3,,,0
ENG-Premier League,2425,Manchester Utd,Bruno Fernandes,POR,MF,29,1994,33.5,5,2,1,32,40,2,185,26,52,,,0
ENG-Premier League,2425,Manchester Utd,Casemiro,BRA,MF,32,1992,16.6,5,0,0,20,19,3,20,15,52,,,0
ENG-Premier League,2425,Manchester Utd,Chidozie Obi-Martin,DEN,FW,16,2007,1.8,1,0,0,3,1,0,0,0,1,,,0
ENG-Premier League,2425,Manchester Utd,Christian Eriksen,DEN,MF,32,1992,11.8,4,0,0,8,3,0,84,7,8,,,0
ENG-Premier League,2425,Manchester Utd,Diogo Dalot,POR,"MF,DF",25,1999,31.3,5,0,0,40,9,4,64,35,38,,,0
ENG-Premier League,2425,Manchester Utd,Harry Amass,ENG,MF,17,2007,3.8,0,0,0,2,4,1,9,2,2,,,0
ENG-Premier League,2425,Manchester Utd,Harry Maguire,ENG,DF,31,1993,19.5,7,0,0,18,11,3,3,37,16,,,0
ENG-Premier League,2425,Manchester Utd,Jonny Evans,NIR,DF,36,1988,3.5,1,0,0,5,6,0,0,5,6,,,0
ENG-Premier League,2425,Manchester Utd,Joshua Zirkzee,NED,"FW,MF",23,2001,15.6,2,0,0,9,13,3,3,6,8,,,0
ENG-Premier League,2425,Manchester Utd,Kobbie Mainoo,ENG,MF,19,2005,18.3,5,0,0,27,21,3,7,19,28,,,0
ENG-Premier League,2425,Manchester Utd,Leny Yoro,FRA,DF,18,2005,12.9,5,0,0,9,2,1,1,17,11,,,0
ENG-Premier League,2425,Manchester Utd,Lisandro Martínez,ARG,DF,26,1998,19.5,7,0,0,22,7,0,9,31,24,,,0
ENG-Premier League,2425,Manchester Utd,Luke Shaw,ENG,DF,29,1995,3.9,1,0,0,3,1,0,10,2,3,,,1
ENG-Premier League,2425,Manchester Utd,Manuel Ugarte,URU,MF,23,2001,19.8,11,0,0,41,33,0,7,26,50,,,1
ENG-Premier League,2425,Manchester Utd,Marcus Rashford,ENG,MF,26,1997,10.9,2,0,0,8,7,7,27,5,4,,,0
ENG-Premier League,2425,Manchester Utd,Mason Mount,ENG,"MF,FW",25,1999,6.9,3,0,0,16,9,1,13,4,5,,,0
ENG-Premier League,2425,Manchester Utd,Matthijs de Ligt,NED,DF,24,1999,23.6,3,0,0,16,12,2,6,32,22,,,0
ENG-Premier League,2425,Manchester Utd,Noussair Mazraoui,MAR,"DF,MF",26,1997,31.5,3,0,0,38,25,4,23,35,71,,,0
ENG-Premier League,2425,Manchester Utd,Patrick Dorgu,DEN,MF,19,2004,9.4,3,1,0,17,28,3,37,3,23,,,0
ENG-Premier League,2425,Manchester Utd,Rasmus Højlund,DEN,FW,21,2003,22.3,2,0,0,18,28,13,7,2,1,,,0
ENG-Premier League,2425,Manchester Utd,Scott McTominay,SCO,MF,27,1996,0.2,0,0,0,0,0,0,0,0,0,,,0
ENG-Premier League,2425,Manchester Utd,Toby Collyer,ENG,MF,20,2004,2.0,0,0,0,2,4,0,0,3,9,,,0
ENG-Premier League,2425,Manchester Utd,Tyler Fredricson,ENG,DF,19,2005,1.8,0,0,0,0,2,0,0,1,3,,,0
ENG-Premier League,2425,Manchester Utd,Tyrell Malacia,NED,MF,24,1999,1.1,1,0,0,3,2,0,1,2,1,,,0
ENG-Premier League,2425,Manchester Utd,Victor Lindelöf,SWE,DF,30,1994,7.8,1,0,0,8,1,0,1,7,2,,,0
ENG-Premier League,2425,Newcastle,Alexander Isak,SWE,FW,24,1999,30.6,1,0,0,28,14,20,16,3,5,,,0
ENG-Premier League,2425,Newcastle,Anthony Gordon,ENG,"FW,MF",23,2001,27.0,2,0,0,20,71,8,130,6,17,,,0
ENG-Premier League,2425,Newcastle,Bruno Guimarães,BRA,MF,26,1997,36.3,7,0,0,65,107,2,29,28,47,,,0
ENG-Premier League,2425,Newcastle,Callum Wilson,ENG,FW,32,1992,4.1,1,0,0,4,1,3,2,1,2,,,0
ENG-Premier League,2425,Newcastle,Dan Burn,ENG,DF,32,1992,37.0,11,0,0,34,12,5,3,27,25,,,2
ENG-Premier League,2425,Newcastle,Emil Krafth,SWE,DF,29,1994,3.8,2,0,0,5,2,0,2,3,1,,,0
ENG-Premier League,2425,Newcastle,Fabian Schär,SUI,DF,32,1991,32.6,9,1,0,35,16,4,12,43,20,,,0
ENG-Premier League,2425,Newcastle,Harvey Barnes,ENG,"FW,MF",26,1997,19.5,0,0,0,15,23,5,47,6,9,,,0
ENG-Premier League,2425,Newcastle,Jacob Murphy,ENG,"FW,MF",29,1995,26.2,4,0,0,11,14,3,119,11,18,,,0
ENG-Premier League,2425,Newcastle,Joe Willock,ENG,MF,24,1999,12.1,4,0,0,22,13,3,17,7,18,,,0
ENG-Premier League,2425,Newcastle,Joelinton,BRA,"MF,FW",27,1996,26.6,10,0,0,58,34,7,16,20,35,,,0
ENG-Premier League,2425,Newcastle,Kieran Trippier,ENG,DF,33,1990,14.5,1,0,0,16,11,2,83,11,22,,,0
ENG-Premier League,2425,Newcastle,Lewis Hall,ENG,DF,19,2004,24.3,3,0,0,9,21,1,110,17,40,,,0
ENG-Premier League,2425,Newcastle,Lewis Miley,ENG,MF,18,2006,3.5,0,0,0,3,1,0,0,2,11,,,0
ENG-Premier League,2425,Newcastle,Lloyd Kelly,ENG,DF,25,1998,3.4,2,0,0,5,5,1,1,1,4,,,0
ENG-Premier League,2425,Newcastle,Martin Dúbravka,SVK,GK,35,1989,10.0,0,0,0,0,1,0,0,0,0,,,0
ENG-Premier League,2425,Newcastle,Matt Targett,ENG,"DF,MF",28,1995,0.2,0,0,0,0,0,0,1,1,0,,,0
ENG-Premier League,2425,Newcastle,Miguel Almirón,PAR,FW,30,1994,1.7,0,0,0,1,3,2,0,0,2,,,0
ENG-Premier League,2425,Newcastle,Nick Pope,ENG,GK,32,1992,28.0,2,0,0,2,5,0,0,1,0,,,0
ENG-Premier League,2425,Newcastle,Sandro Tonali,ITA,MF,24,2000,29.2,5,0,0,37,49,2,54,32,32,,,0
ENG-Premier League,2425,Newcastle,Sean Longstaff,ENG,MF,26,1997,8.9,2,0,0,9,6,0,5,7,15,,,0
ENG-Premier League,2425,Newcastle,Sven Botman,NED,DF,24,2000,4.6,1,0,0,5,4,0,0,5,8,,,0
ENG-Premier League,2425,Newcastle,Tino Livramento,ENG,DF,21,2002,31.6,1,0,0,6,35,2,52,26,34,,,0
ENG-Premier League,2425,Newcastle,William Osula,DEN,FW,20,2003,1.5,0,0,0,4,1,1,4,3,0,,,0
ENG-Premier League,2425,Nottingham,Anthony Elanga,SWE,"MF,FW",22,2002,27.8,1,0,0,9,47,18,184,6,15,,,0
ENG-Premier League,2425,Nottingham,Callum Hudson-Odoi,ENG,MF,23,2000,24.4,2,0,0,12,25,8,80,13,16,,,0
ENG-Premier League,2425,Nottingham,Chris Wood,NZL,FW,32,1991,32.9,1,0,0,25,24,28,1,6,5,,,0
ENG-Premier League,2425,Nottingham,Danilo Santos,BRA,MF,23,2001,3.1,0,0,0,2,0,0,3,4,3,,,0
ENG-Premier League,2425,Nottingham,Elliot Anderson,ENG,MF,21,2002,30.3,10,0,0,47,57,4,86,29,55,,,0
ENG-Premier League,2425,Nottingham,Eric da Silva Moreira,GER,DF,18,2006,0.3,0,0,0,0,0,0,0,1,2,,,0
ENG-Premier League,2425,Nottingham,Harry Toffolo,ENG,DF,28,1995,1.5,1,0,0,1,0,0,4,1,3,,,0
ENG-Premier League,2425,Nottingham,Ibrahim Sangaré,CIV,MF,26,1997,6.6,3,0,0,16,8,0,2,7,13,,,0
ENG-Premier League,2425,Nottingham,James Ward-Prowse,ENG,MF,29,1994,4.4,2,1,1,7,2,0,19,5,1,,,0
ENG-Premier League,2425,Nottingham,Jota Silva,POR,MF,24,1999,9.5,5,0,0,24,23,8,21,11,16,,,0
ENG-Premier League,2425,Nottingham,Matz Sels,BEL,GK,32,1992,38.0,4,0,0,1,8,0,0,0,1,,,0
ENG-Premier League,2425,Nottingham,Morato,BRA,DF,23,2001,10.1,5,0,0,11,2,0,0,9,14,,,0
ENG-Premier League,2425,Nottingham,Morgan Gibbs-White,ENG,MF,24,2000,31.1,11,1,1,38,40,7,46,22,21,,,0
ENG-Premier League,2425,Nottingham,Murillo,BRA,DF,22,2002,35.4,6,0,0,27,7,0,14,36,39,,,0
ENG-Premier League,2425,Nottingham,Neco Williams,WAL,"DF,MF",23,2001,28.8,7,0,0,24,43,2,60,30,57,,,0
ENG-Premier League,2425,Nottingham,Nicolás Domínguez,ARG,MF,26,1998,21.8,9,0,0,33,18,1,8,28,48,,,0
ENG-Premier League,2425,Nottingham,Nikola Milenković,SRB,DF,26,1997,37.0,4,0,0,20,5,2,0,25,28,,,0
ENG-Premier League,2425,Nottingham,Ola Aina,NGA,DF,27,1996,33.3,5,0,0,23,35,2,59,31,41,,,0
ENG-Premier League,2425,Nottingham,Ramón Sosa,PAR,MF,24,1999,3.3,1,0,0,6,8,3,8,4,3,,,0
ENG-Premier League,2425,Nottingham,Ryan Yates,ENG,MF,26,1997,21.3,10,0,0,54,48,7,8,25,21,,,0
ENG-Premier League,2425,Nottingham,Taiwo Awoniyi,NGA,FW,26,1997,4.6,0,0,0,8,10,1,2,0,4,,,0
ENG-Premier League,2425,Nottingham,Willy Boly,CIV,DF,33,1991,1.7,1,0,0,1,0,0,0,3,1,,,0
ENG-Premier League,2425,Nottingham,Álex Moreno,ESP,DF,31,1993,10.6,2,0,0,12,6,0,19,16,18,,,0
ENG-Premier League,2425,Southampton,Aaron Ramsdale,ENG,GK,26,1998,30.0,2,0,0,1,4,0,0,1,0,,,0
ENG-Premier League,2425,Southampton,Adam Armstrong,ENG,"FW,MF",27,1997,13.9,4,0,0,12,5,9,14,4,3,,,0
ENG-Premier League,2425,Southampton,Adam Lallana,ENG,MF,36,1988,4.0,4,0,0,8,8,0,4,5,5,,,0
ENG-Premier League,2425,Southampton,Albert Grønbaek,DEN,"MF,FW",23,2001,1.6,0,0,0,0,1,0,1,0,1,,,0
ENG-Premier League,2425,Southampton,Alex McCarthy,ENG,GK,34,1989,5.0,0,0,0,0,1,0,0,0,0,,,0
ENG-Premier League,2425,Southampton,Armel Bella Kotchap,GER,DF,22,2001,3.7,0,0,0,3,2,0,0,5,5,,,0
ENG-Premier League,2425,Southampton,Ben Brereton,CHI,"FW,MF",25,1999,5.0,1,0,0,4,8,1,5,0,2,,,0
ENG-Premier League,2425,Southampton,Cameron Archer,ENG,FW,23,2001,16.0,0,0,0,16,13,8,4,1,9,,,0
ENG-Premier League,2425,Southampton,Carlos Alcaraz,ARG,MF,21,2002,0.1,0,0,0,1,0,0,1,1,0,,,0
ENG-Premier League,2425,Southampton,Charlie Taylor,ENG,DF,30,1993,4.0,1,0,0,2,3,0,9,5,6,,,0
ENG-Premier League,2425,Southampton,Flynn Downes,ENG,MF,25,1999,23.9,12,0,0,50,39,0,4,31,27,,,0
ENG-Premier League,2425,Southampton,Jack Stephens,ENG,DF,30,1994,15.4,2,2,0,13,4,1,1,12,20,,,0
ENG-Premier League,2425,Southampton,James Bree,ENG,"DF,MF",26,1997,11.9,0,0,0,4,5,0,29,5,13,,,0
ENG-Premier League,2425,Southampton,Jan Bednarek,POL,DF,28,1996,28.1,7,0,0,31,13,0,1,55,19,,,0
ENG-Premier League,2425,Southampton,Jay Robinson,ENG,MF,17,2007,1.5,0,0,0,3,1,0,1,0,1,,,0
ENG-Premier League,2425,Southampton,Joachim Kayi Sanda,FRA,DF,17,2006,0.2,0,0,0,0,0,0,0,1,0,,,0
ENG-Premier League,2425,Southampton,Joe Aribo,NGA,MF,28,1996,22.4,1,0,0,20,27,1,10,20,34,,,0
ENG-Premier League,2425,Southampton,Joe Lumley,ENG,GK,29,1995,3.0,0,0,0,0,0,0,0,0,0,,,0
ENG-Premier League,2425,Southampton,Kamaldeen Sulemana,GHA,"FW,MF",22,2002,15.6,2,0,0,22,11,3,26,5,16,,,0
ENG-Premier League,2425,Southampton,Kyle Walker-Peters,ENG,"MF,DF",27,1997,32.4,5,0,0,28,52,2,50,19,32,,,0
ENG-Premier League,2425,Southampton,Lesley Ugochukwu,FRA,MF,20,2004,18.4,7,0,0,31,16,0,6,14,22,,,0
ENG-Premier League,2425,Southampton,Mateus Fernandes,POR,MF,20,2004,32.3,8,0,0,46,54,4,113,25,50,,,0
ENG-Premier League,2425,Southampton,Maxwel Cornet,CIV,MF,27,1996,0.8,1,0,0,0,1,1,3,0,5,,,0
ENG-Premier League,2425,Southampton,Nathan Wood-Gordon,ENG,DF,22,2002,8.6,2,0,0,9,4,0,3,4,7,,,0
ENG-Premier League,2425,Southampton,Paul Onuachu,NGA,FW,30,1994,11.7,4,0,0,28,16,10,0,1,2,,,0
ENG-Premier League,2425,Southampton,Ronnie Edwards,ENG,DF,21,2003,0.1,0,0,0,0,0,0,0,0,0,,,0
ENG-Premier League,2425,Southampton,Ross Stewart,SCO,FW,28,1996,4.3,1,0,0,7,7,1,0,0,5,,,0
ENG-Premier League,2425,Southampton,Ryan Fraser,SCO,"MF,DF",30,1994,3.4,0,1,0,1,4,1,12,1,2,,,0
ENG-Premier League,2425,Southampton,Ryan Manning,IRL,"DF,MF",28,1996,16.2,2,0,0,19,33,0,84,17,18,,,0
ENG-Premier League,2425,Southampton,Samuel Amo-Ameyaw,ENG,"FW,MF",18,2006,0.3,1,0,0,1,2,0,2,0,0,,,0
ENG-Premier League,2425,Southampton,Samuel Edozie,ENG,"FW,MF",21,2003,0.7,1,0,0,2,1,0,4,0,1,,,0
ENG-Premier League,2425,Southampton,Taylor Harwood-Bellis,ENG,DF,22,2002,31.4,9,0,0,35,14,0,10,29,22,,,0
ENG-Premier League,2425,Southampton,Tyler Dibling,ENG,"MF,FW",18,2006,20.8,6,0,0,30,51,2,28,7,21,,,0
ENG-Premier League,2425,Southampton,Welington,BRA,"MF,DF",23,2001,5.4,1,0,0,6,8,1,17,5,10,,,0
ENG-Premier League,2425,Southampton,William Smallbone,IRL,MF,24,2000,7.7,1,0,0,11,3,0,36,2,12,,,0
ENG-Premier League,2425,Southampton,Yukinari Sugawara,JPN,"MF,DF",24,2000,17.3,4,0,0,15,10,4,70,9,16,,,0
ENG-Premier League,2425,Tottenham,Alfie Dorrington,ENG,DF,19,2005,0.2,0,0,0,0,0,0,0,0,0,,,0
ENG-Premier League,2425,Tottenham,Antonín Kinský,CZE,GK,21,2003,6.0,0,0,0,0,0,0,0,0,1,,,0
ENG-Premier League,2425,Tottenham,Archie Gray,ENG,"DF,MF",18,2006,19.5,1,0,0,17,11,0,17,18,9,,,1
ENG-Premier League,2425,Tottenham,Ben Davies,WAL,DF,31,1993,14.8,5,0,0,17,7,0,4,12,11,,,0
ENG-Premier League,2425,Tottenham,Brandon Austin,ENG,GK,25,1999,1.0,0,0,0,0,2,0,0,0,0,,,0
ENG-Premier League,2425,Tottenham,Brennan Johnson,WAL,"FW,MF",23,2001,24.2,5,0,0,27,26,12,52,4,23,,,0
ENG-Premier League,2425,Tottenham,Cristian Romero,ARG,DF,26,1998,15.7,3,0,0,14,12,2,3,15,29,,,0
ENG-Premier League,2425,Tottenham,Dane Scarlett,ENG,FW,20,2004,0.4,0,0,0,0,1,1,0,0,0,,,0
ENG-Premier League,2425,Tottenham,Dejan Kulusevski,SWE,"MF,FW",24,2000,26.5,3,0,0,48,38,5,84,10,21,,,0
ENG-Premier League,2425,Tottenham,Destiny Udogie,ITA,DF,21,2002,21.4,2,0,0,28,38,3,19,21,45,,,1
ENG-Premier League,2425,Tottenham,Djed Spence,ENG,DF,23,2000,19.9,4,1,1,21,23,2,23,21,33,,,1
ENG-Premier League,2425,Tottenham,Dominic Solanke,ENG,FW,26,1997,24.5,0,0,0,36,36,5,4,1,10,,,1
ENG-Premier League,2425,Tottenham,Fraser Forster,ENG,GK,36,1988,7.0,0,0,0,0,0,0,0,0,0,,,0
ENG-Premier League,2425,Tottenham,Guglielmo Vicario,ITA,GK,27,1996,24.0,1,0,0,0,2,0,0,1,0,,,0
ENG-Premier League,2425,Tottenham,James Maddison,ENG,MF,27,1996,20.1,6,0,0,32,64,4,96,10,19,,,0
ENG-Premier League,2425,Tottenham,Kevin Danso,AUT,DF,25,1998,9.4,0,0,0,9,13,0,1,6,4,,,0
ENG-Premier League,2425,Tottenham,Lucas Bergvall,SWE,MF,18,2006,13.5,3,0,0,20,17,0,21,21,18,,,0
ENG-Premier League,2425,Tottenham,Mathys Tel,FRA,FW,19,2005,10.1,2,0,0,15,16,1,32,2,5,,,0
ENG-Premier League,2425,Tottenham,Micky van de Ven,NED,DF,23,2001,11.3,4,0,0,10,9,0,0,9,7,,,0
ENG-Premier League,2425,Tottenham,Mikey Moore,ENG,"MF,FW",16,2007,4.1,0,0,0,3,7,3,16,1,0,,,0
ENG-Premier League,2425,Tottenham,Pape Matar Sarr,SEN,MF,21,2002,21.3,6,0,0,33,35,2,14,27,36,,,0
ENG-Premier League,2425,Tottenham,Pedro Porro,ESP,DF,24,1999,29.0,5,0,0,25,33,1,200,31,45,,,0
ENG-Premier League,2425,Tottenham,Radu Drăgușin,ROU,DF,22,2002,13.9,1,0,0,6,10,0,1,13,6,,,0
ENG-Premier League,2425,Tottenham,Richarlison,BRA,FW,27,1997,5.6,2,0,0,7,13,3,7,0,3,,,0
ENG-Premier League,2425,Tottenham,Rodrigo Bentancur,URU,MF,27,1997,18.3,9,0,0,34,10,1,4,38,22,,,0
ENG-Premier League,2425,Tottenham,Sergio Reguilón,ESP,DF,27,1996,2.2,2,0,0,2,6,0,12,4,3,,,0
ENG-Premier League,2425,Tottenham,Son Heung-min,KOR,"FW,MF",32,1992,23.4,1,0,0,6,28,12,76,4,9,,,0
ENG-Premier League,2425,Tottenham,Timo Werner,GER,"FW,MF",28,1996,5.7,0,0,0,3,5,5,27,2,4,,,0
ENG-Premier League,2425,Tottenham,Will Lankshear,ENG,FW,19,2005,0.1,0,0,0,2,0,0,0,0,0,,,0
ENG-Premier League,2425,Tottenham,Wilson Odobert,FRA,"FW,MF",19,2004,9.4,0,0,0,2,3,1,25,4,5,,,0
ENG-Premier League,2425,Tottenham,Yves Bissouma,MLI,MF,27,1996,15.6,7,0,0,29,18,0,2,16,29,,,0
ENG-Premier League,2425,West Ham,Aaron Cresswell,ENG,DF,34,1989,9.2,3,0,0,4,2,0,37,8,8,,,0
ENG-Premier League,2425,West Ham,Aaron Wan-Bissaka,COD,"DF,MF",26,1997,35.0,1,0,0,25,28,5,76,61,49,,,1
ENG-Premier League,2425,West Ham,Alphonse Areola,FRA,GK,31,1993,25.1,0,0,0,0,0,0,0,0,2,,,1
ENG-Premier League,2425,West Ham,Andy Irving,SCO,MF,24,2000,1.8,2,0,0,6,1,0,2,1,4,,,0
ENG-Premier League,2425,West Ham,Carlos Soler,ESP,MF,27,1997,15.7,6,0,0,26,19,0,35,8,11,,,0
ENG-Premier League,2425,West Ham,Crysencio Summerville,NED,"MF,FW",22,2001,8.7,2,0,0,9,23,4,21,0,7,,,0
ENG-Premier League,2425,West Ham,Danny Ings,ENG,FW,32,1992,3.2,0,0,0,0,2,0,3,1,2,,,0
ENG-Premier League,2425,West Ham,Edson Álvarez,MEX,MF,26,1997,19.7,9,1,1,42,18,4,7,18,26,,,0
ENG-Premier League,2425,West Ham,Emerson Palmieri,ITA,"DF,MF",29,1994,23.5,5,0,0,25,13,0,62,22,31,,,0
ENG-Premier League,2425,West Ham,Evan Ferguson,IRL,FW,19,2004,1.7,0,0,0,1,2,0,0,1,1,,,0
ENG-Premier League,2425,West Ham,Guido Rodríguez,ARG,MF,30,1994,12.8,6,0,0,18,12,2,5,13,21,,,0
ENG-Premier League,2425,West Ham,James Ward-Prowse,ENG,MF,29,1994,11.5,2,0,0,10,4,0,48,8,14,,,0
ENG-Premier League,2425,West Ham,Jarrod Bowen,ENG,"MF,FW",27,1996,33.0,1,0,0,20,51,10,106,16,25,,,0
ENG-Premier League,2425,West Ham,Jean-Clair Todibo,FRA,DF,24,1999,20.3,3,0,0,16,6,0,3,23,26,,,0
ENG-Premier League,2425,West Ham,Kaelan Casey,ENG,DF,19,2004,0.0,0,0,0,0,0,0,0,0,0,,,0
ENG-Premier League,2425,West Ham,Konstantinos Mavropanos,GRE,DF,26,1997,22.7,6,1,1,17,16,3,2,39,23,,,0
ENG-Premier League,2425,West Ham,Lewis Orford,ENG,MF,18,2006,0.5,0,0,0,0,0,0,1,1,0,,,0
ENG-Premier League,2425,West Ham,Lucas Paquetá,BRA,"MF,FW",26,1997,26.4,10,0,0,53,62,5,29,17,36,,,0
ENG-Premier League,2425,West Ham,Luis Guilherme,BRA,MF,18,2006,1.7,0,0,0,0,4,0,8,3,0,,,0
ENG-Premier League,2425,West Ham,Max Kilman,ENG,DF,27,1997,37.2,5,0,0,23,13,2,4,36,26,,,0
ENG-Premier League,2425,West Ham,Michail Antonio,JAM,FW,34,1990,9.3,1,0,0,12,7,4,25,0,2,,,0
ENG-Premier League,2425,West Ham,Mohammed Kudus,GHA,"MF,FW",23,2000,28.8,2,1,0,39,64,18,81,4,23,,,0
ENG-Premier League,2425,West Ham,Niclas Füllkrug,GER,FW,31,1993,8.8,2,0,0,21,6,10,1,1,2,,,0
ENG-Premier League,2425,West Ham,Oliver Scarles,ENG,"MF,DF",18,2005,7.4,1,0,0,5,2,1,15,11,9,,,0
ENG-Premier League,2425,West Ham,Tomáš Souček,CZE,MF,29,1995,28.5,8,0,0,47,25,4,13,20,22,,,0
ENG-Premier League,2425,West Ham,Vladimír Coufal,CZE,"DF,MF",31,1992,11.9,5,0,0,22,16,0,28,8,16,,,1
ENG-Premier League,2425,West Ham,Łukasz Fabiański,POL,GK,39,1985,12.9,2,0,0,2,1,0,0,0,0,,,0
ENG-Premier League,2425,Wolves,Alfie Pond,ENG,DF,20,2004,0.0,0,0,0,0,0,0,0,0,0,,,0
ENG-Premier League,2425,Wolves,André,BRA,MF,23,2001,27.5,7,0,0,36,34,0,0,37,55,,,0
ENG-Premier League,2425,Wolves,Boubacar Traoré,MLI,MF,22,2001,0.0,0,0,0,0,0,0,0,0,0,,,0
ENG-Premier League,2425,Wolves,Carlos Forbs,POR,MF,20,2004,2.7,2,0,0,2,1,0,8,1,4,,,0
ENG-Premier League,2425,Wolves,Chiquinho,POR,"FW,MF",24,2000,0.1,0,0,0,1,0,0,1,0,0,,,0
ENG-Premier League,2425,Wolves,Craig Dawson,ENG,DF,34,1990,10.8,2,0,0,6,5,2,0,10,4,,,2
ENG-Premier League,2425,Wolves,Daniel Bentley,ENG,GK,31,1993,2.0,0,0,0,0,0,0,0,0,0,,,0
ENG-Premier League,2425,Wolves,Daniel Podence,POR,"FW,MF",28,1995,0.5,0,0,0,0,2,0,1,0,0,,,0
ENG-Premier League,2425,Wolves,Emmanuel Agbadou,CIV,DF,27,1997,15.7,3,0,0,8,4,1,2,12,19,,,0
ENG-Premier League,2425,Wolves,Gonçalo Guedes,POR,"MF,FW",27,1996,11.1,1,0,0,14,17,3,22,3,6,,,0
ENG-Premier League,2425,Wolves,Hwang Hee-chan,KOR,"MF,FW",28,1996,7.3,0,0,0,6,9,0,7,3,4,,,0
ENG-Premier League,2425,Wolves,Jean-Ricner Bellegarde,HAI,MF,26,1998,18.6,3,0,0,31,46,1,42,8,23,,,0
ENG-Premier League,2425,Wolves,José Sá,POR,GK,31,1993,29.0,2,0,0,4,9,0,0,0,2,,,0
ENG-Premier League,2425,Wolves,João Gomes,BRA,MF,23,2001,33.0,11,1,1,70,46,1,29,25,78,,,0
ENG-Premier League,2425,Wolves,Jørgen Strand Larsen,NOR,FW,24,2000,28.7,4,0,0,46,19,16,6,5,7,,,0
ENG-Premier League,2425,Wolves,Mario Lemina,GAB,"MF,DF",30,1993,15.2,4,0,0,17,8,4,10,26,33,,,0
ENG-Premier League,2425,Wolves,Marshall Munetsi,ZIM,"MF,FW",28,1996,12.0,0,0,0,18,10,3,10,6,11,,,0
ENG-Premier League,2425,Wolves,Mateus Mane,POR,MF,16,2007,0.0,0,0,0,0,0,0,0,0,0,,,0
ENG-Premier League,2425,Wolves,Matheus Cunha,BRA,MF,25,1999,28.9,4,0,0,43,71,8,143,14,23,,,0
ENG-Premier League,2425,Wolves,Matt Doherty,IRL,"DF,MF",32,1992,23.4,6,0,0,18,11,2,22,22,21,,,1
ENG-Premier League,2425,Wolves,Nasser Djiga,BFA,DF,21,2002,0.7,0,0,0,0,1,0,0,2,0,,,0
ENG-Premier League,2425,Wolves,Nélson Semedo,POR,"MF,DF",30,1993,32.1,8,0,0,48,30,4,63,23,38,,,0
ENG-Premier League,2425,Wolves,Pablo Sarabia,ESP,MF,32,1992,9.0,3,0,0,16,15,5,45,4,9,,,0
ENG-Premier League,2425,Wolves,Pedro Lima,BRA,MF,18,2006,0.8,0,0,0,1,1,1,5,2,0,,,0
ENG-Premier League,2425,Wolves,Rayan Aït-Nouri,ALG,"MF,DF",23,2001,34.5,7,1,1,30,46,6,94,24,55,,,0
ENG-Premier League,2425,Wolves,Rodrigo Gomes,POR,MF,21,2003,9.0,0,0,0,4,6,0,23,6,14,,,0
ENG-Premier League,2425,Wolves,Sam Johnstone,ENG,GK,31,1993,7.0,0,0,0,0,0,0,0,0,0,,,0
ENG-Premier League,2425,Wolves,Santiago Bueno,URU,DF,25,1998,18.7,2,0,0,27,5,0,0,13,20,,,0
ENG-Premier League,2425,Wolves,Tom King,WAL,GK,29,1995,0.0,0,0,0,0,0,0,0,0,0,,,0
ENG-Premier League,2425,Wolves,Tommy Doyle,ENG,MF,22,2001,5.4,1,0,0,5,5,0,15,5,7,,,0
ENG-Premier League,2425,Wolves,Toti Gomes,POR,DF,25,1999,29.0,7,0,0,24,15,4,13,26,43,,,0
ENG-Premier League,2425,Wolves,Yerson Mosquera,COL,DF,23,2001,4.9,2,0,0,6,7,1,2,10,6,,,0
ESP-La Liga,2425,Alavés,Abde Rebbach,ALG,"MF,FW",25,1998,4.3,1,0,0,5,6,2,17,0,1,,,0
ESP-La Liga,2425,Alavés,Abdel Abqar,MAR,DF,25,1999,27.4,13,0,0,47,32,2,5,36,22,,,0
ESP-La Liga,2425,Alavés,Adrian Rodriguez,ESP,GK,23,2000,1.4,1,0,0,0,3,0,0,0,0,,,0
ESP-La Liga,2425,Alavés,Aleksandar Sedlar,SRB,DF,32,1991,6.6,1,1,0,9,5,0,0,11,10,,,0
ESP-La Liga,2425,Alavés,Ander Guevara,ESP,MF,27,1997,21.6,3,0,0,38,17,0,4,14,30,,,0
ESP-La Liga,2425,Alavés,Antonio Blanco,ESP,MF,24,2000,30.3,11,1,1,67,27,0,27,41,41,,,0
ESP-La Liga,2425,Alavés,Antonio Sivera,ESP,GK,27,1996,31.2,6,1,0,4,5,0,0,0,1,,,1
ESP-La Liga,2425,Alavés,Asier Villalibre,ESP,FW,26,1997,3.7,2,0,0,11,7,2,2,1,2,,,0
ESP-La Liga,2425,Alavés,Carles Aleñá,ESP,MF,26,1998,12.1,1,0,0,11,24,0,31,1,12,,,0
ESP-La Liga,2425,Alavés,Carlos Benavídez,URU,MF,26,1998,5.4,3,0,0,17,6,1,1,7,15,,,0
ESP-La Liga,2425,Alavés,Carlos Martín,ESP,"MF,FW",22,2002,14.8,3,0,0,31,28,6,24,5,20,,,0
ESP-La Liga,2425,Alavés,Carlos Vicente,ESP,MF,25,1999,34.4,3,0,0,38,63,10,266,14,33,,,0
ESP-La Liga,2425,Alavés,Facundo Garcés,MAS,DF,24,1999,7.5,2,0,0,7,2,0,1,6,2,,,0
ESP-La Liga,2425,Alavés,Hugo Novoa,ESP,"MF,DF",21,2003,2.6,0,0,0,1,1,2,7,0,5,,,0
ESP-La Liga,2425,Alavés,Jesús Owono,EQG,GK,23,2001,5.4,0,0,0,1,2,0,0,0,1,,,0
ESP-La Liga,2425,Alavés,Joan Jordán,ESP,MF,30,1994,15.7,4,0,0,29,11,1,107,9,18,,,0
ESP-La Liga,2425,Alavés,Jon Guridi,ESP,MF,29,1995,23.1,6,0,0,35,14,5,17,13,23,,,0
ESP-La Liga,2425,Alavés,Kiké,ESP,FW,34,1989,28.2,5,1,1,49,59,22,13,1,14,,,0
ESP-La Liga,2425,Alavés,Luis Rioja,ESP,"FW,MF",30,1993,0.3,0,0,0,1,1,0,6,0,1,,,0
ESP-La Liga,2425,Alavés,Luka Romero,ARG,"MF,FW",19,2004,2.2,0,0,0,3,3,1,10,1,4,,,0
ESP-La Liga,2425,Alavés,Manu Sánchez,ESP,DF,23,2000,29.3,6,1,0,56,21,1,76,30,61,,,1
ESP-La Liga,2425,Alavés,Moussa Diarra,MLI,DF,23,2000,20.7,6,0,0,28,24,1,20,17,23,,,0
ESP-La Liga,2425,Alavés,Nahuel Tenaglia,ARG,DF,28,1996,32.5,11,0,0,38,45,2,84,48,59,,,0
ESP-La Liga,2425,Alavés,Pau Cabanes,ESP,MF,19,2005,2.1,1,0,0,5,5,0,12,0,2,,,0
ESP-La Liga,2425,Alavés,Pica,ESP,DF,22,2002,5.5,1,0,0,6,3,0,2,9,7,,,0
ESP-La Liga,2425,Alavés,Santiago Mouriño,URU,DF,22,2002,20.5,7,0,0,32,24,1,4,27,28,,,0
ESP-La Liga,2425,Alavés,Stoichkov,ESP,"MF,FW",30,1993,7.8,1,0,0,9,16,5,14,1,8,,,0
ESP-La Liga,2425,Alavés,Tomás Conechny,ARG,"MF,FW",26,1998,9.4,8,0,0,28,11,5,31,6,11,,,0
ESP-La Liga,2425,Alavés,Toni Martínez,ESP,FW,27,1997,11.2,1,0,0,17,12,8,6,0,6,,,0
ESP-La Liga,2425,Athletic Club,Adama Boiro,ESP,DF,22,2002,12.2,3,0,0,13,8,1,31,11,11,,,0
ESP-La Liga,2425,Athletic Club,Adu Ares,ESP,MF,22,2001,0.2,0,0,0,0,0,0,1,0,0,,,0
ESP-La Liga,2425,Athletic Club,Aingeru Olabarrieta,ESP,MF,18,2005,0.6,0,0,0,1,0,0,4,1,0,,,0
ESP-La Liga,2425,Athletic Club,Aitor Paredes,ESP,DF,24,2000,20.1,4,1,1,23,6,0,1,22,13,,,0
ESP-La Liga,2425,Athletic Club,Alex Padilla,ESP,GK,20,2003,3.6,0,0,0,0,1,0,0,0,0,,,1
ESP-La Liga,2425,Athletic Club,Ander Herrera,ESP,MF,34,1989,3.0,2,0,0,6,3,0,1,2,4,,,0
ESP-La Liga,2425,Athletic Club,Andoni Gorosabel,ESP,DF,27,1996,16.5,5,0,0,23,4,1,41,17,29,,,0
ESP-La Liga,2425,Athletic Club,Beñat Prados,ESP,MF,23,2001,19.1,7,0,0,40,15,0,9,28,37,,,0
ESP-La Liga,2425,Athletic Club,Daniel Vivian,ESP,DF,25,1999,29.0,3,0,0,27,21,1,8,48,28,,,0
ESP-La Liga,2425,Athletic Club,Endika Buján,ESP,FW,21,2003,0.1,0,0,0,0,0,0,1,0,0,,,0
ESP-La Liga,2425,Athletic Club,Gorka Guruzeta,ESP,FW,27,1996,20.4,2,0,0,41,21,7,6,9,8,,,0
ESP-La Liga,2425,Athletic Club,Iñaki Williams,GHA,"MF,FW",30,1994,29.5,1,0,0,23,39,17,117,11,12,,,0
ESP-La Liga,2425,Athletic Club,Iñigo Lekue,ESP,DF,31,1993,8.6,1,0,0,5,2,0,16,9,13,,,0
ESP-La Liga,2425,Athletic Club,Iñigo Ruiz de Galarreta,ESP,MF,30,1993,16.4,5,0,0,43,17,1,28,14,22,,,0
ESP-La Liga,2425,Athletic Club,Javi Martón,ESP,FW,25,1999,0.6,1,0,0,1,0,1,0,0,0,,,0
ESP-La Liga,2425,Athletic Club,Julen Agirrezabala,ESP,GK,23,2000,13.4,1,1,0,3,1,0,0,0,0,,,0
ESP-La Liga,2425,Athletic Club,Maroan Sannadi,MAR,FW,23,2001,8.4,0,0,0,20,30,7,6,1,0,,,0
ESP-La Liga,2425,Athletic Club,Mikel Jauregizar,ESP,MF,20,2003,24.9,4,1,0,46,42,0,27,28,48,,,0
ESP-La Liga,2425,Athletic Club,Mikel Vesga,ESP,MF,31,1993,11.0,1,0,0,14,4,0,8,16,17,,,0
ESP-La Liga,2425,Athletic Club,Nico Williams,ESP,MF,22,2002,22.2,1,0,0,17,35,10,109,7,19,,,0
ESP-La Liga,2425,Athletic Club,Nicolás Serrano,ESP,MF,21,2003,1.2,0,0,0,2,2,0,13,1,1,,,0
ESP-La Liga,2425,Athletic Club,Oihan Sancet,ESP,MF,24,2000,18.0,2,0,0,16,24,5,17,5,8,,,0
ESP-La Liga,2425,Athletic Club,Peio Canales,ESP,MF,19,2005,2.9,0,0,0,1,2,1,16,1,2,,,0
ESP-La Liga,2425,Athletic Club,Unai Gómez,ESP,"MF,FW",21,2003,14.3,1,0,0,11,18,0,23,2,8,,,0
ESP-La Liga,2425,Athletic Club,Unai Núñez,ESP,DF,27,1997,7.2,4,0,0,10,5,1,0,16,6,,,0
ESP-La Liga,2425,Athletic Club,Unai Simón,ESP,GK,27,1997,21.0,0,0,0,0,3,0,0,1,0,,,0
ESP-La Liga,2425,Athletic Club,Yeray Álvarez,ESP,DF,29,1995,19.8,4,0,0,15,15,0,3,35,13,,,0
ESP-La Liga,2425,Athletic Club,Yuri Berchiche,ESP,DF,34,1990,22.7,5,0,0,18,19,4,42,28,22,,,0
ESP-La Liga,2425,Athletic Club,Álex Berenguer,ESP,"MF,FW",29,1995,26.0,5,0,0,29,30,5,178,10,13,,,0
ESP-La Liga,2425,Athletic Club,Álvaro djaló,GNB,"MF,FW",24,1999,7.3,2,0,0,18,14,5,14,2,5,,,0
ESP-La Liga,2425,Athletic Club,Óscar de Marcos,ESP,DF,35,1989,17.4,0,0,0,16,5,1,54,16,17,,,0
ESP-La Liga,2425,Atlético Madrid,Adrian Niño,ESP,FW,20,2004,0.1,0,0,0,0,0,0,0,0,0,,,0
ESP-La Liga,2425,Atlético Madrid,Alexander Sørloth,NOR,FW,28,1995,17.4,4,0,0,26,13,8,5,1,5,,,0
ESP-La Liga,2425,Atlético Madrid,Antoine Griezmann,FRA,"FW,MF",33,1991,27.4,2,0,0,11,26,14,140,6,18,,,0
ESP-La Liga,2425,Atlético Madrid,Axel Witsel,BEL,DF,35,1989,9.5,1,0,0,4,5,1,0,11,12,,,0
ESP-La Liga,2425,Atlético Madrid,Clément Lenglet,FRA,DF,29,1995,21.9,9,0,0,29,19,2,4,24,17,,,0
ESP-La Liga,2425,Atlético Madrid,Conor Gallagher,ENG,MF,24,2000,18.1,2,0,0,32,39,1,13,20,32,,,0
ESP-La Liga,2425,Atlético Madrid,César Azpilicueta,ESP,DF,34,1989,9.7,1,0,0,8,6,3,5,6,14,,,0
ESP-La Liga,2425,Atlético Madrid,Giuliano Simeone,ARG,MF,21,2002,21.4,4,0,0,23,42,7,51,15,13,,,0
ESP-La Liga,2425,Atlético Madrid,Jan Oblak,SVN,GK,31,1993,36.0,0,0,0,0,2,0,0,0,0,,,0
ESP-La Liga,2425,Atlético Madrid,Javi Galán,ESP,DF,29,1994,19.8,8,0,0,38,35,4,57,11,32,,,0
ESP-La Liga,2425,Atlético Madrid,José María Giménez,URU,DF,29,1995,22.2,5,0,0,13,12,0,0,28,16,,,1
ESP-La Liga,2425,Atlético Madrid,Juan Musso,ARG,GK,30,1994,2.0,0,0,0,0,1,0,0,0,0,,,0
ESP-La Liga,2425,Atlético Madrid,Julián Álvarez,ARG,FW,24,2000,27.9,5,0,0,26,9,9,69,2,17,,,0
ESP-La Liga,2425,Atlético Madrid,Koke,ESP,MF,32,1992,21.4,4,0,0,23,16,0,23,21,26,,,1
ESP-La Liga,2425,Atlético Madrid,Marcos Llorente,ESP,"DF,MF",29,1995,27.9,0,1,0,23,25,4,62,27,52,,,0
ESP-La Liga,2425,Atlético Madrid,Nahuel Molina,ARG,DF,26,1998,17.7,1,0,0,13,8,4,55,14,19,,,0
ESP-La Liga,2425,Atlético Madrid,Pablo Barrios,ESP,MF,21,2003,25.9,4,1,0,28,27,0,26,33,26,,,0
ESP-La Liga,2425,Atlético Madrid,Reinildo Mandava,MOZ,"DF,MF",30,1994,10.5,4,0,0,19,18,1,8,16,10,,,0
ESP-La Liga,2425,Atlético Madrid,Robin Le Normand,ESP,DF,27,1996,23.9,8,0,0,35,24,3,0,11,17,,,0
ESP-La Liga,2425,Atlético Madrid,Rodrigo De Paul,ARG,MF,30,1994,23.4,7,0,0,19,49,0,57,6,24,,,0
ESP-La Liga,2425,Atlético Madrid,Rodrigo Riquelme,ESP,"MF,DF",24,2000,5.7,0,0,0,8,8,4,35,2,5,,,0
ESP-La Liga,2425,Atlético Madrid,Samuel Lino,BRA,MF,24,1999,17.2,3,0,0,15,30,3,41,9,18,,,0
ESP-La Liga,2425,Atlético Madrid,Thomas Lemar,FRA,MF,28,1995,0.9,0,0,0,1,2,0,3,0,1,,,0
ESP-La Liga,2425,Atlético Madrid,Ángel Correa,ARG,FW,29,1995,8.9,3,1,0,18,11,4,24,5,3,,,0
ESP-La Liga,2425,Barcelona,Alejandro Balde,ESP,DF,20,2003,25.4,2,0,0,16,37,0,68,7,10,,,0
ESP-La Liga,2425,Barcelona,Andreas Christensen,DEN,DF,28,1996,2.8,3,0,0,5,0,0,0,4,3,,,0
ESP-La Liga,2425,Barcelona,Ansu Fati,ESP,MF,21,2002,2.6,1,0,0,2,2,2,0,1,1,,,0
ESP-La Liga,2425,Barcelona,Dani Olmo,ESP,MF,26,1998,13.5,1,0,0,21,26,1,21,5,11,,,0
ESP-La Liga,2425,Barcelona,Daniel Rodriguez,ESP,MF,18,2005,0.4,0,0,0,0,0,0,3,0,0,,,0
ESP-La Liga,2425,Barcelona,Eric García,ESP,"DF,MF",23,2001,17.4,4,0,0,20,8,0,6,18,21,,,0
ESP-La Liga,2425,Barcelona,Fermin López,ESP,MF,21,2003,13.9,4,1,0,27,21,5,47,4,14,,,0
ESP-La Liga,2425,Barcelona,Ferran Torres,ESP,"FW,MF",24,2000,12.3,1,1,0,5,16,6,17,4,5,,,0
ESP-La Liga,2425,Barcelona,Frenkie de Jong,NED,MF,27,1997,12.7,3,0,0,14,18,0,5,14,12,,,0
ESP-La Liga,2425,Barcelona,Gavi,ESP,MF,19,2004,12.1,4,0,0,38,27,1,8,10,23,,,0
ESP-La Liga,2425,Barcelona,Gerard Martín,ESP,DF,22,2002,11.5,2,0,0,14,9,0,35,15,10,,,0
ESP-La Liga,2425,Barcelona,Héctor Fort,ESP,DF,17,2006,6.5,2,0,0,8,1,0,12,9,8,,,0
ESP-La Liga,2425,Barcelona,Iñaki Peña,ESP,GK,25,1999,15.5,1,0,0,0,0,0,0,0,0,,,0
ESP-La Liga,2425,Barcelona,Iñigo Martínez,ESP,DF,33,1991,27.7,5,0,0,18,28,0,8,20,14,,,0
ESP-La Liga,2425,Barcelona,Jules Koundé,FRA,DF,25,1998,28.9,4,0,0,22,19,7,62,19,42,,,0
ESP-La Liga,2425,Barcelona,Lamine Yamal,ESP,"MF,FW",17,2007,31.7,3,0,0,30,60,13,104,15,29,,,0
ESP-La Liga,2425,Barcelona,Marc Bernal,ESP,MF,17,2007,2.7,2,0,0,4,3,0,0,1,6,,,0
ESP-La Liga,2425,Barcelona,Marc Casado,ESP,MF,20,2003,17.9,4,1,1,26,36,0,9,24,24,,,0
ESP-La Liga,2425,Barcelona,Marc-André ter Stegen,GER,GK,32,1992,7.5,0,0,0,0,2,0,0,0,0,,,0
ESP-La Liga,2425,Barcelona,Pablo Torre,ESP,MF,21,2003,3.4,0,0,0,4,8,1,13,3,4,,,0
ESP-La Liga,2425,Barcelona,Pau Cubarsí,ESP,DF,17,2007,29.1,3,0,0,24,9,0,2,18,24,,,0
ESP-La Liga,2425,Barcelona,Pau Victor,ESP,FW,22,2001,3.5,2,0,0,7,3,0,3,2,1,,,0
ESP-La Liga,2425,Barcelona,Pedri,ESP,MF,21,2002,32.0,3,0,0,10,51,2,57,29,32,,,0
ESP-La Liga,2425,Barcelona,Raphinha,BRA,"MF,FW",27,1996,31.5,4,0,0,11,37,10,216,10,23,,,0
ESP-La Liga,2425,Barcelona,Robert Lewandowski,POL,FW,35,1988,29.6,1,0,0,30,39,17,5,4,5,,,0
ESP-La Liga,2425,Barcelona,Ronald Araújo,URU,DF,25,1999,8.4,3,0,0,9,4,0,0,9,9,,,0
ESP-La Liga,2425,Barcelona,Sergi Dominguez,ESP,DF,19,2005,1.9,1,0,0,2,0,0,0,4,1,,,0
ESP-La Liga,2425,Barcelona,Wojciech Szczęsny,POL,GK,34,1990,15.0,0,0,0,1,1,0,0,0,1,,,0
ESP-La Liga,2425,Celta Vigo,Alfon,ESP,"FW,MF",25,1999,15.2,1,1,0,15,31,6,39,4,3,,,0
ESP-La Liga,2425,Celta Vigo,Anastasios Douvikas,GRE,FW,24,1999,7.8,2,0,0,10,27,9,1,3,4,,,0
ESP-La Liga,2425,Celta Vigo,Borja Iglesias,ESP,FW,31,1993,21.7,2,0,0,40,34,14,6,7,7,,,0
ESP-La Liga,2425,Celta Vigo,Carl Starfelt,SWE,DF,29,1995,25.2,5,0,0,21,11,0,0,28,21,,,0
ESP-La Liga,2425,Celta Vigo,Carlos Dominguez,ESP,DF,23,2001,13.1,1,0,0,8,10,0,0,12,12,,,1
ESP-La Liga,2425,Celta Vigo,Damián Rodríguez,ESP,MF,21,2003,10.3,3,0,0,13,9,0,30,6,9,,,0
ESP-La Liga,2425,Celta Vigo,Fer López,ESP,"FW,MF",20,2004,7.5,2,0,0,13,7,2,2,2,5,,,0
ESP-La Liga,2425,Celta Vigo,Fran Beltrán,ESP,MF,25,1999,26.9,3,0,0,35,12,0,5,22,36,,,0
ESP-La Liga,2425,Celta Vigo,Franco Cervi,ARG,"MF,FW",30,1994,3.0,1,0,0,4,1,0,6,8,3,,,0
ESP-La Liga,2425,Celta Vigo,Hugo Sotelo,ESP,MF,20,2003,13.9,5,0,0,19,9,1,50,5,16,,,0
ESP-La Liga,2425,Celta Vigo,Hugo Álvarez,ESP,MF,21,2003,17.5,6,0,0,25,16,3,30,9,10,,,0
ESP-La Liga,2425,Celta Vigo,Iago Aspas,ESP,"FW,MF",36,1987,19.4,6,1,1,16,34,5,16,8,7,,,0
ESP-La Liga,2425,Celta Vigo,Iker Losada,ESP,"MF,FW",22,2001,4.0,2,0,0,3,0,0,5,1,4,,,0
ESP-La Liga,2425,Celta Vigo,Ilaix Moriba,GUI,MF,21,2003,23.7,9,1,1,32,58,2,6,12,39,,,0
ESP-La Liga,2425,Celta Vigo,Iván Villar,ESP,GK,27,1997,4.0,0,0,0,0,0,0,0,0,0,,,0
ESP-La Liga,2425,Celta Vigo,Jailson Siqueira,BRA,DF,28,1995,6.8,2,0,0,4,4,0,1,8,11,,,1
ESP-La Liga,2425,Celta Vigo,Javi Rodríguez,ESP,DF,21,2003,27.9,7,0,0,37,22,0,4,32,38,,,0
ESP-La Liga,2425,Celta Vigo,Javier Manquillo,ESP,DF,30,1994,5.7,1,0,0,9,1,0,3,5,6,,,0
ESP-La Liga,2425,Celta Vigo,Jonathan Bamba,CIV,"MF,FW",28,1996,9.0,1,0,0,7,17,4,25,4,7,,,0
ESP-La Liga,2425,Celta Vigo,Joseph Aidoo,GHA,DF,28,1995,0.0,0,0,0,0,0,0,0,0,0,,,0
ESP-La Liga,2425,Celta Vigo,Luca de la Torre,USA,MF,26,1998,0.0,0,0,0,1,0,0,0,0,0,,,0
ESP-La Liga,2425,Celta Vigo,Marcos Alonso,ESP,DF,33,1990,29.4,10,2,1,31,28,2,41,33,21,,,0
ESP-La Liga,2425,Celta Vigo,Mihailo Ristić,SRB,"MF,DF",28,1995,4.8,1,0,0,8,2,0,13,2,7,,,0
ESP-La Liga,2425,Celta Vigo,Pablo Durán,ESP,"FW,MF",23,2001,15.5,3,0,0,31,19,7,18,7,8,,,0
ESP-La Liga,2425,Celta Vigo,Sergio Carreira,ESP,MF,23,2000,18.4,1,0,0,19,7,4,42,17,17,,,0
ESP-La Liga,2425,Celta Vigo,Tadeo Allende,ARG,"FW,MF",25,1999,0.0,1,0,0,0,0,0,0,0,0,,,0
ESP-La Liga,2425,Celta Vigo,Vicente Guaita,ESP,GK,37,1987,34.0,0,0,0,0,5,0,0,0,0,,,0
ESP-La Liga,2425,Celta Vigo,Williot Swedberg,SWE,"FW,MF",20,2004,15.0,1,0,0,21,32,7,19,3,16,,,0
ESP-La Liga,2425,Celta Vigo,Yoel Lago,ESP,DF,20,2004,6.5,2,0,0,16,9,0,0,5,8,,,0
ESP-La Liga,2425,Celta Vigo,Óscar Mingueza,ESP,"MF,DF",25,1999,30.3,6,1,0,24,31,2,135,23,27,,,0
ESP-La Liga,2425,Espanyol,Alejo Véliz,ARG,FW,20,2003,12.5,3,0,0,20,33,5,0,4,2,,,0
ESP-La Liga,2425,Espanyol,Alex Král,CZE,MF,26,1998,30.2,1,0,0,31,23,0,38,26,37,,,0
ESP-La Liga,2425,Espanyol,Antoniu,ESP,MF,21,2002,11.4,3,0,0,19,23,4,21,8,9,,,0
ESP-La Liga,2425,Espanyol,Brian Oliván,ESP,DF,30,1994,11.3,2,0,0,13,6,3,56,10,10,,,0
ESP-La Liga,2425,Espanyol,Carlos Romero,ESP,"DF,MF",22,2001,28.4,7,0,0,34,21,1,90,28,47,,,0
ESP-La Liga,2425,Espanyol,Edu Expósito,ESP,MF,27,1996,11.6,3,0,0,14,22,2,66,16,13,,,0
ESP-La Liga,2425,Espanyol,Fernando Calero,ESP,DF,28,1995,7.9,1,0,0,6,8,0,2,15,9,,,0
ESP-La Liga,2425,Espanyol,Irvin Cardona,MLT,"FW,MF",26,1997,6.7,1,0,0,8,8,5,13,5,6,,,0
ESP-La Liga,2425,Espanyol,Javi Puado,ESP,"MF,FW",26,1998,33.0,8,0,0,22,27,6,28,5,17,,,0
ESP-La Liga,2425,Espanyol,Joan García,ESP,GK,23,2001,38.0,2,0,0,0,7,0,0,0,1,,,0
ESP-La Liga,2425,Espanyol,Jofre,ESP,MF,23,2001,24.1,5,0,0,28,59,3,55,14,16,,,0
ESP-La Liga,2425,Espanyol,José Gragera,ESP,MF,23,2000,6.3,0,0,0,18,8,0,0,5,15,,,0
ESP-La Liga,2425,Espanyol,Justin Smith,CAN,MF,21,2003,2.3,0,0,0,5,2,0,1,4,3,,,0
ESP-La Liga,2425,Espanyol,Leandro Cabrera,URU,DF,33,1991,31.9,4,1,0,24,8,0,18,29,22,,,0
ESP-La Liga,2425,Espanyol,Marash Kumbulla,ALB,DF,24,2000,33.0,9,0,0,37,29,0,6,32,25,,,1
ESP-La Liga,2425,Espanyol,Naci Ünüvar,NED,"FW,MF",21,2003,0.3,0,0,0,0,1,1,2,0,2,,,0
ESP-La Liga,2425,Espanyol,Omar El Hilali,MAR,DF,20,2003,35.0,11,0,0,52,30,7,57,45,78,,,0
ESP-La Liga,2425,Espanyol,Pere Milla,ESP,MF,31,1992,5.1,3,0,0,5,12,2,14,3,2,,,0
ESP-La Liga,2425,Espanyol,Pol Lozano,ESP,MF,24,1999,21.6,12,0,0,56,14,0,19,22,33,,,0
ESP-La Liga,2425,Espanyol,Rafael Bauza,ESP,MF,19,2005,2.0,1,0,0,8,0,0,0,0,3,,,0
ESP-La Liga,2425,Espanyol,Roberto Férnandez,ESP,FW,22,2002,16.6,1,0,0,28,25,9,2,3,4,,,0
ESP-La Liga,2425,Espanyol,Roger Hinojo,ESP,DF,19,2005,0.1,0,0,0,0,0,0,2,0,0,,,0
ESP-La Liga,2425,Espanyol,Sergi Gómez,ESP,DF,32,1992,7.4,1,0,0,6,1,0,1,7,5,,,0
ESP-La Liga,2425,Espanyol,Urko González,ESP,MF,23,2001,15.3,2,0,0,15,11,1,3,8,26,,,0
ESP-La Liga,2425,Espanyol,Walid Cheddira,MAR,FW,26,1998,7.1,3,0,0,30,27,11,2,1,0,,,0
ESP-La Liga,2425,Espanyol,Álvaro Aguado,ESP,MF,28,1996,4.9,3,0,0,5,8,0,12,4,2,,,0
ESP-La Liga,2425,Espanyol,Álvaro Tejero,ESP,"MF,DF",28,1996,13.8,2,0,0,14,19,1,111,12,3,,,0
ESP-La Liga,2425,Getafe,Abdoulaye Keita,ESP,MF,21,2002,1.1,0,0,0,6,0,0,1,0,2,,,0
ESP-La Liga,2425,Getafe,Alberto Risco,ESP,MF,18,2005,0.8,0,0,0,1,2,0,4,0,4,,,0
ESP-La Liga,2425,Getafe,Alex Sola,ESP,MF,25,1999,11.4,4,0,0,24,26,7,18,6,12,,,0
ESP-La Liga,2425,Getafe,Allan Nyom,CMR,"MF,DF",36,1988,9.9,4,0,0,18,9,0,15,5,12,,,0
ESP-La Liga,2425,Getafe,Bertuğ Yıldırım,TUR,FW,22,2002,12.0,7,0,0,33,18,14,7,1,5,,,0
ESP-La Liga,2425,Getafe,Borja Mayoral,ESP,FW,27,1997,12.4,0,0,0,9,15,12,9,2,4,,,0
ESP-La Liga,2425,Getafe,Carles Aleñá,ESP,MF,26,1998,5.0,1,0,0,8,11,2,6,0,3,,,0
ESP-La Liga,2425,Getafe,Carles Pérez,ESP,MF,26,1998,15.9,2,0,0,44,11,1,41,7,23,,,0
ESP-La Liga,2425,Getafe,Christantus Uche,NGA,"FW,MF",21,2003,27.6,8,2,1,55,68,19,21,9,21,,,0
ESP-La Liga,2425,Getafe,Coba da Costa,ESP,MF,22,2002,11.2,4,0,0,10,10,0,41,10,13,,,0
ESP-La Liga,2425,Getafe,David Argüelles,ESP,DF,22,2002,0.1,0,0,0,0,0,0,0,0,0,,,0
ESP-La Liga,2425,Getafe,David Soria,ESP,GK,31,1993,38.0,2,0,0,0,2,0,0,0,4,,,0
ESP-La Liga,2425,Getafe,Diego Rico,ESP,DF,31,1993,31.3,9,1,0,38,56,3,150,32,50,,,0
ESP-La Liga,2425,Getafe,Djené,TOG,"DF,MF",32,1991,28.3,10,1,0,40,26,1,32,21,13,,,0
ESP-La Liga,2425,Getafe,Domingos Duarte,POR,DF,29,1995,20.7,4,2,1,24,13,0,0,17,15,,,0
ESP-La Liga,2425,Getafe,Gorka Rivera Alonso,ESP,DF,19,2004,0.2,0,0,0,1,1,0,0,0,0,,,0
ESP-La Liga,2425,Getafe,Iglesias,ESP,"DF,MF",26,1998,32.1,4,0,0,45,41,1,84,46,49,,,0
ESP-La Liga,2425,Getafe,Ismael Bekhoucha,MAR,DF,19,2004,0.8,2,0,0,3,3,0,1,2,1,,,0
ESP-La Liga,2425,Getafe,John Joe,IRL,MF,20,2003,0.5,1,0,0,1,2,0,0,0,0,,,0
ESP-La Liga,2425,Getafe,Juan Bernat,ESP,MF,31,1993,7.8,0,0,0,11,6,1,12,2,12,,,0
ESP-La Liga,2425,Getafe,Juan Berrocal,ESP,DF,25,1999,11.8,8,1,1,17,1,0,0,15,6,,,0
ESP-La Liga,2425,Getafe,Juanmi,ESP,FW,31,1993,7.7,2,0,0,19,10,6,0,3,11,,,0
ESP-La Liga,2425,Getafe,Luis Milla,ESP,MF,29,1994,31.9,6,0,0,38,48,0,200,22,39,,,0
ESP-La Liga,2425,Getafe,Mauro Arambarri,URU,MF,28,1995,29.6,10,0,0,51,52,3,14,16,33,,,0
ESP-La Liga,2425,Getafe,Nabil Aberdin,FRA,MF,21,2002,2.9,1,0,0,7,5,0,0,1,5,,,0
ESP-La Liga,2425,Getafe,Omar Alderete,PAR,DF,27,1996,33.0,8,0,0,33,12,8,6,37,27,,,0
ESP-La Liga,2425,Getafe,Peter González,DOM,MF,22,2002,5.3,1,0,0,9,10,2,14,3,6,,,0
ESP-La Liga,2425,Getafe,Ramón Terrats,ESP,"MF,FW",23,2000,13.5,1,0,0,13,22,3,34,8,10,,,0
ESP-La Liga,2425,Getafe,Yellu Santiago,ESP,MF,20,2004,4.1,5,0,0,14,6,0,3,2,8,,,0
ESP-La Liga,2425,Getafe,Álvaro Rodríguez,URU,FW,20,2004,9.5,6,0,0,30,20,7,4,3,7,,,0
ESP-La Liga,2425,Girona,Abel Ruiz,ESP,FW,24,2000,15.0,3,0,0,7,12,5,4,4,2,,,0
ESP-La Liga,2425,Girona,Alejandro Francés,ESP,DF,21,2002,13.0,2,0,0,20,14,1,26,18,24,,,0
ESP-La Liga,2425,Girona,Arnau Martinez,ESP,"DF,MF",21,2003,29.2,3,0,0,20,37,2,58,31,30,,,0
ESP-La Liga,2425,Girona,Arnaut Danjuma,NED,"MF,FW",27,1997,14.8,2,0,0,17,16,14,76,3,6,,,0
ESP-La Liga,2425,Girona,Arthur Melo,BRA,MF,27,1996,10.5,2,0,0,16,27,0,6,10,12,,,0
ESP-La Liga,2425,Girona,Bojan Miovski,MKD,FW,25,1999,9.7,0,0,0,13,11,8,3,2,5,,,0
ESP-La Liga,2425,Girona,Bryan Gil,ESP,"MF,FW",23,2001,19.1,4,0,0,22,40,4,78,12,20,,,0
ESP-La Liga,2425,Girona,Cristhian Stuani,URU,FW,37,1986,12.0,4,0,0,35,7,11,2,8,7,,,0
ESP-La Liga,2425,Girona,Daley Blind,NED,DF,34,1990,30.9,2,0,0,19,16,1,42,33,28,,,0
ESP-La Liga,2425,Girona,David López,ESP,DF,34,1989,27.0,4,0,0,12,15,1,3,14,23,,,0
ESP-La Liga,2425,Girona,Donny van de Beek,NED,MF,27,1997,15.8,5,0,0,22,8,3,11,11,19,,,0
ESP-La Liga,2425,Girona,Ferrán Ruiz,ESP,DF,21,2003,0.2,0,0,0,0,0,0,0,1,0,,,0
ESP-La Liga,2425,Girona,Gabriel Osei Misehouy,NED,FW,19,2005,2.9,0,0,0,1,5,2,6,0,1,,,0
ESP-La Liga,2425,Girona,Iker Almena,ESP,MF,20,2004,0.5,0,0,0,0,1,0,4,0,0,,,0
ESP-La Liga,2425,Girona,Iván Martín,ESP,MF,25,1999,22.7,1,0,0,21,15,4,21,12,19,,,0
ESP-La Liga,2425,Girona,Jhon Solis,COL,MF,19,2004,5.9,3,0,0,9,6,0,3,5,6,,,0
ESP-La Liga,2425,Girona,Juanpe,ESP,DF,33,1991,8.1,2,0,0,4,2,0,1,8,5,,,0
ESP-La Liga,2425,Girona,Kim Minsu,KOR,FW,18,2006,0.2,0,0,0,0,1,0,0,0,0,,,0
ESP-La Liga,2425,Girona,Ladislav Krejčí,CZE,DF,25,1999,27.1,9,0,0,24,17,0,11,34,16,,,1
ESP-La Liga,2425,Girona,Miguel Gutiérrez,ESP,"DF,MF",23,2001,27.3,4,0,0,29,34,6,153,17,24,,,0
ESP-La Liga,2425,Girona,Oriol Romeu,ESP,MF,32,1991,15.1,5,0,0,28,18,0,7,14,24,,,0
ESP-La Liga,2425,Girona,Papa Ba,ESP,FW,19,2004,0.5,0,0,0,1,4,0,1,0,1,,,0
ESP-La Liga,2425,Girona,Pau López,ESP,GK,29,1994,0.5,0,0,0,0,1,0,0,0,0,,,0
ESP-La Liga,2425,Girona,Paulo Gazzaniga,ARG,GK,32,1992,35.5,4,0,0,1,3,0,0,0,1,,,0
ESP-La Liga,2425,Girona,Portu,ESP,"FW,MF",32,1992,8.7,4,0,0,14,10,7,26,0,8,,,0
ESP-La Liga,2425,Girona,Silvi Clúa,ESP,MF,19,2005,1.8,0,0,0,5,0,0,0,2,6,,,0
ESP-La Liga,2425,Girona,Viktor Tsyhankov,UKR,"MF,FW",26,1997,21.3,1,0,0,14,28,4,123,16,13,,,0
ESP-La Liga,2425,Girona,Vladyslav Krapyvtsov,UKR,GK,19,2005,2.0,0,0,0,0,0,0,0,0,0,,,0
ESP-La Liga,2425,Girona,Yangel Herrera,VEN,MF,26,1998,25.1,10,1,0,71,68,5,45,29,42,,,0
ESP-La Liga,2425,Girona,Yaser Asprilla,COL,"MF,FW",20,2003,15.6,2,0,0,12,23,1,93,7,12,,,0
ESP-La Liga,2425,Las Palmas,Aboubacar Bassinga,BFA,MF,19,2005,0.0,0,0,0,1,0,0,0,0,0,,,0
ESP-La Liga,2425,Las Palmas,Adnan Januzaj,BEL,"MF,FW",29,1995,6.6,5,0,0,5,22,0,64,2,6,,,0
ESP-La Liga,2425,Las Palmas,Alberto Moleiro,ESP,MF,20,2003,30.2,5,0,0,31,40,2,32,16,13,,,0
ESP-La Liga,2425,Las Palmas,Andy Pelmard,MAD,DF,24,2000,2.3,1,0,0,2,3,0,2,2,0,,,0
ESP-La Liga,2425,Las Palmas,Arturo Rodríguez,ESP,FW,17,2006,0.2,0,0,0,0,0,0,2,0,0,,,0
ESP-La Liga,2425,Las Palmas,Benito Ramírez,ESP,"MF,DF",29,1995,5.3,2,1,0,5,8,0,40,1,6,,,0
ESP-La Liga,2425,Las Palmas,Daley Sinkgraven,NED,DF,29,1995,1.0,0,0,0,2,2,0,4,1,1,,,0
ESP-La Liga,2425,Las Palmas,Dario Essugo,POR,MF,19,2005,21.5,11,2,2,37,30,0,1,42,44,,,0
ESP-La Liga,2425,Las Palmas,Diego Martín,ESP,FW,20,2003,0.4,0,0,0,0,1,0,4,0,1,,,0
ESP-La Liga,2425,Las Palmas,Dinko Horkaš,CRO,GK,25,1999,12.1,1,0,0,1,1,0,0,0,0,,,0
ESP-La Liga,2425,Las Palmas,Enzo Loiodice,FRA,MF,23,2000,7.6,3,0,0,10,6,1,11,10,7,,,0
ESP-La Liga,2425,Las Palmas,Fabio González,ESP,MF,27,1997,0.6,0,0,0,1,0,0,1,0,0,,,0
ESP-La Liga,2425,Las Palmas,Fábio Silva,POR,FW,22,2002,20.7,7,0,0,39,43,20,19,5,9,,,0
ESP-La Liga,2425,Las Palmas,Jaime Mata,ESP,"MF,FW",35,1988,7.3,9,0,0,20,14,12,9,3,2,,,0
ESP-La Liga,2425,Las Palmas,Jasper Cillessen,NED,GK,35,1989,25.9,1,0,0,0,5,0,0,0,0,,,0
ESP-La Liga,2425,Las Palmas,Javier Muñoz,ESP,"MF,DF",29,1995,28.8,5,0,0,30,26,2,51,28,34,,,0
ESP-La Liga,2425,Las Palmas,José Campaña,ESP,MF,31,1993,13.2,5,0,0,7,20,0,34,20,15,,,0
ESP-La Liga,2425,Las Palmas,José Carlos González,ESP,MF,18,2006,0.1,0,0,0,0,0,0,0,0,0,,,0
ESP-La Liga,2425,Las Palmas,Juanma Herzog,ESP,DF,20,2004,14.6,1,0,0,6,7,0,0,21,11,,,0
ESP-La Liga,2425,Las Palmas,Kirian Rodríguez,ESP,MF,28,1996,19.5,2,0,0,9,18,0,17,10,18,,,0
ESP-La Liga,2425,Las Palmas,Manuel Fuster,ESP,"MF,FW",26,1997,11.1,2,0,0,12,37,1,66,4,11,,,0
ESP-La Liga,2425,Las Palmas,Marc Cardona,ESP,FW,29,1995,1.5,2,0,0,2,3,0,1,0,2,,,0
ESP-La Liga,2425,Las Palmas,Marvin,ESP,"DF,MF",24,2000,11.5,4,0,0,20,17,0,52,14,14,,,0
ESP-La Liga,2425,Las Palmas,Mika Mármol,ESP,DF,23,2001,26.7,5,0,0,33,8,3,59,36,34,,,0
ESP-La Liga,2425,Las Palmas,Oliver McBurnie,SCO,FW,28,1996,20.4,3,0,0,32,19,9,2,6,8,,,0
ESP-La Liga,2425,Las Palmas,Pejiño,ESP,MF,28,1996,0.2,0,0,0,1,0,0,1,0,1,,,0
ESP-La Liga,2425,Las Palmas,Sandro Ramírez,ESP,"MF,FW",29,1995,22.6,6,0,0,26,43,5,122,18,17,,,0
ESP-La Liga,2425,Las Palmas,Scott McKenna,SCO,DF,27,1996,27.4,5,1,0,13,8,1,2,8,13,,,1
ESP-La Liga,2425,Las Palmas,Sergio Viera,ESP,MF,19,2005,1.1,1,0,0,1,1,0,0,1,1,,,0
ESP-La Liga,2425,Las Palmas,Stefan Bajcetic,ESP,"MF,DF",19,2004,10.8,4,0,0,21,14,0,4,15,14,,,0
ESP-La Liga,2425,Las Palmas,Valentín Pezzolesi,ESP,DF,17,2007,0.1,0,0,0,0,0,0,0,0,0,,,0
ESP-La Liga,2425,Las Palmas,Viti,ESP,DF,26,1997,22.0,5,0,0,28,31,0,46,25,47,,,0
ESP-La Liga,2425,Las Palmas,Álex Muñoz,ESP,DF,30,1994,15.7,3,0,0,30,14,2,27,16,28,,,0
ESP-La Liga,2425,Las Palmas,Álex Suárez,ESP,DF,31,1993,27.3,12,0,0,27,21,1,1,15,25,,,2
ESP-La Liga,2425,Leganés,Adrià Altimira,ESP,"DF,MF",23,2001,18.1,6,0,0,27,28,3,27,16,24,,,0
ESP-La Liga,2425,Leganés,Aritz Arambarri,ESP,DF,26,1998,2.0,0,0,0,0,0,0,0,3,1,,,0
ESP-La Liga,2425,Leganés,Borna Barišić,CRO,DF,31,1992,0.1,0,0,0,0,0,0,0,0,0,,,0
ESP-La Liga,2425,Leganés,Dani Raba,ESP,"MF,FW",28,1995,20.9,6,0,0,40,56,9,87,13,23,,,0
ESP-La Liga,2425,Leganés,Darko Brašanac,SRB,MF,32,1992,18.0,4,0,0,38,13,4,11,17,14,,,0
ESP-La Liga,2425,Leganés,Diego,ESP,"FW,MF",24,2000,13.3,2,0,0,22,23,7,5,3,1,,,0
ESP-La Liga,2425,Leganés,Duk,CPV,MF,24,2000,2.0,1,0,0,5,13,0,8,1,4,,,0
ESP-La Liga,2425,Leganés,Enric Franquesa,ESP,"MF,DF",27,1997,6.8,1,0,0,8,6,0,16,4,9,,,0
ESP-La Liga,2425,Leganés,Javi Hernández,ESP,DF,26,1998,26.5,6,0,0,49,16,5,52,22,15,,,0
ESP-La Liga,2425,Leganés,Jorge Sáenz,ESP,DF,27,1996,18.8,4,1,0,30,15,1,0,23,23,,,1
ESP-La Liga,2425,Leganés,Juan Cruz,ESP,"MF,DF",24,2000,25.1,2,0,0,14,23,7,91,13,16,,,0
ESP-La Liga,2425,Leganés,Juan Soriano,ESP,GK,26,1997,6.0,1,1,0,0,3,0,0,0,1,,,1
ESP-La Liga,2425,Leganés,Julián Chicco,ARG,"MF,DF",26,1998,3.4,0,0,0,1,3,0,3,4,7,,,0
ESP-La Liga,2425,Leganés,Marko Dmitrović,SRB,GK,32,1992,32.0,0,0,0,1,6,0,0,0,1,,,0
ESP-La Liga,2425,Leganés,Matija Nastasić,SRB,DF,31,1993,23.4,3,0,0,15,8,2,0,21,12,,,0
ESP-La Liga,2425,Leganés,Miguel,ESP,FW,24,1999,19.2,3,0,0,23,30,12,10,3,7,,,0
ESP-La Liga,2425,Leganés,Munir El Haddadi,MAR,"MF,FW",28,1995,9.6,1,1,0,14,39,7,13,1,9,,,0
ESP-La Liga,2425,Leganés,Renato Tapia,PER,"MF,DF",29,1995,26.9,8,0,0,38,34,0,12,30,36,,,0
ESP-La Liga,2425,Leganés,Roberto López,ESP,MF,24,2000,4.4,0,0,0,1,3,0,23,1,5,,,0
ESP-La Liga,2425,Leganés,Sergi,ESP,DF,32,1992,32.9,2,1,0,30,12,7,1,38,29,,,1
ESP-La Liga,2425,Leganés,Seydouba Cissé,GUI,MF,23,2001,27.1,3,1,0,39,25,2,10,14,36,,,0
ESP-La Liga,2425,Leganés,Sébastien Haller,CIV,FW,30,1994,4.5,0,0,0,4,5,7,0,0,0,,,0
ESP-La Liga,2425,Leganés,Valentin Rosier,FRA,DF,27,1996,28.8,8,0,0,44,18,8,39,50,54,,,0
ESP-La Liga,2425,Leganés,Yan Diomandé,CIV,MF,17,2006,6.1,1,0,0,8,16,2,12,8,9,,,0
ESP-La Liga,2425,Leganés,Yvan Neyou,CMR,MF,27,1997,25.7,14,0,0,33,50,0,15,27,34,,,0
ESP-La Liga,2425,Leganés,Óscar Rodríguez Arnaiz,ESP,MF,26,1998,14.8,6,1,0,19,25,1,55,21,17,,,0
ESP-La Liga,2425,Mallorca,Abdón Prats,ESP,"FW,MF",31,1992,5.1,4,0,0,6,19,2,0,2,1,,,0
ESP-La Liga,2425,Mallorca,Antonio Raillo,ESP,DF,32,1991,35.6,7,1,0,50,9,2,2,27,15,,,0
ESP-La Liga,2425,Mallorca,Antonio Sánchez,ESP,"MF,DF",27,1997,15.5,3,0,0,23,11,4,33,18,17,,,0
ESP-La Liga,2425,Mallorca,Chiquinho,POR,MF,24,2000,1.6,2,0,0,6,7,0,9,1,0,,,0
ESP-La Liga,2425,Mallorca,Copete,ESP,DF,24,1999,17.0,6,0,0,27,13,0,7,18,18,,,0
ESP-La Liga,2425,Mallorca,Cyle Larin,CAN,FW,29,1995,19.6,4,0,0,32,32,24,6,2,5,,,0
ESP-La Liga,2425,Mallorca,Dani Rodríguez,ESP,"MF,FW",36,1988,24.0,5,0,0,51,40,8,116,12,28,,,0
ESP-La Liga,2425,Mallorca,Daniel Luna,COL,MF,21,2003,0.2,0,0,0,0,1,0,3,0,0,,,0
ESP-La Liga,2425,Mallorca,David López,ESP,DF,21,2003,1.9,0,0,0,0,0,0,0,2,2,,,0
ESP-La Liga,2425,Mallorca,Dominik Greif,SVK,GK,27,1997,31.0,1,0,0,0,3,0,0,0,0,,,0
ESP-La Liga,2425,Mallorca,Jan Salas,ESP,MF,18,2005,0.5,0,0,0,0,3,0,1,0,1,,,0
ESP-La Liga,2425,Mallorca,Javier Llabrés,ESP,MF,21,2002,0.6,0,0,0,0,1,1,4,0,0,,,0
ESP-La Liga,2425,Mallorca,Johan Mojica,COL,DF,31,1992,30.6,5,0,0,18,24,0,143,28,23,,,0
ESP-La Liga,2425,Mallorca,Leo Román,ESP,GK,24,2000,7.0,0,0,0,0,1,0,0,0,0,,,0
ESP-La Liga,2425,Mallorca,Manu Morlanes,ESP,MF,25,1999,14.9,7,0,0,15,13,0,8,23,30,,,0
ESP-La Liga,2425,Mallorca,Marc Domenech,ESP,"FW,MF",18,2006,3.4,0,0,0,5,1,0,4,0,4,,,0
ESP-La Liga,2425,Mallorca,Martin Valjent,SVK,DF,28,1995,30.7,4,0,0,15,13,0,11,18,21,,,0
ESP-La Liga,2425,Mallorca,Mateu Morey,ESP,DF,24,2000,8.2,1,0,0,17,10,1,16,17,18,,,0
ESP-La Liga,2425,Mallorca,Omar Mascarell,EQG,MF,31,1993,22.1,5,1,0,30,13,0,5,51,12,,,0
ESP-La Liga,2425,Mallorca,Pablo Maffeo,ESP,DF,27,1997,26.3,7,0,0,23,37,1,96,27,41,,,0
ESP-La Liga,2425,Mallorca,Roberto Navarro,ESP,MF,22,2002,14.2,3,0,0,14,21,2,30,19,22,,,0
ESP-La Liga,2425,Mallorca,Samu Costa,POR,MF,23,2000,29.4,10,1,1,62,63,2,21,32,42,,,0
ESP-La Liga,2425,Mallorca,Sergi Darder,ESP,MF,30,1993,30.5,4,0,0,21,37,3,159,15,26,,,0
ESP-La Liga,2425,Mallorca,Siebe Van Der Heyden,BEL,DF,26,1998,1.1,0,0,0,2,0,0,2,2,1,,,0
ESP-La Liga,2425,Mallorca,Takuma Asano,JPN,"MF,FW",29,1994,11.7,0,0,0,5,15,6,20,8,9,,,0
ESP-La Liga,2425,Mallorca,Toni Lato,ESP,DF,26,1997,6.9,1,1,0,12,3,2,24,5,12,,,0
ESP-La Liga,2425,Mallorca,Valery Fernández,ESP,MF,24,1999,3.4,1,0,0,3,1,1,4,0,7,,,0
ESP-La Liga,2425,Mallorca,Vedat Muriqi,KVX,FW,30,1994,22.9,1,2,0,29,41,19,10,7,4,,,1
ESP-La Liga,2425,Osasuna,Abel Bretones,ESP,"DF,MF",23,2000,23.0,3,0,0,25,32,3,84,19,37,,,0
ESP-La Liga,2425,Osasuna,Aimar Oroz,ESP,MF,22,2001,33.0,8,0,0,28,64,5,32,22,20,,,0
ESP-La Liga,2425,Osasuna,Aitor Fernández,ESP,GK,33,1991,1.0,0,0,0,0,0,0,0,0,0,,,0
ESP-La Liga,2425,Osasuna,Ante Budimir,CRO,FW,33,1991,32.8,4,0,0,47,35,15,6,1,9,,,0
ESP-La Liga,2425,Osasuna,Bryan Zaragoza,ESP,"MF,FW",22,2001,20.4,4,0,0,19,39,9,103,5,11,,,0
ESP-La Liga,2425,Osasuna,Catena,ESP,DF,29,1994,34.2,11,0,0,36,14,1,2,31,28,,,0
ESP-La Liga,2425,Osasuna,Enzo Boyomo,CMR,DF,22,2001,33.2,5,0,0,43,8,0,2,41,44,,,0
ESP-La Liga,2425,Osasuna,Iker Benito,ESP,"FW,MF",21,2002,0.4,0,0,0,1,1,0,2,1,0,,,0
ESP-La Liga,2425,Osasuna,Iker Muñoz,ESP,MF,21,2002,6.8,2,0,0,12,14,0,7,5,2,,,0
ESP-La Liga,2425,Osasuna,Javi Martínez,ESP,MF,24,1999,0.1,0,0,0,0,0,0,0,0,0,,,0
ESP-La Liga,2425,Osasuna,Jesús Areso,ESP,DF,25,1999,34.2,9,0,0,31,20,8,170,8,41,,,0
ESP-La Liga,2425,Osasuna,Jon Moncayola,ESP,MF,26,1998,23.3,8,0,0,34,9,0,109,11,39,,,0
ESP-La Liga,2425,Osasuna,Jorge Herrando,ESP,DF,23,2001,15.2,3,0,0,25,2,0,1,12,10,,,0
ESP-La Liga,2425,Osasuna,José Arnaiz,ESP,MF,29,1995,1.5,0,0,0,0,5,4,17,4,5,,,0
ESP-La Liga,2425,Osasuna,Juan Cruz Armada,ESP,DF,32,1992,16.6,4,0,0,16,2,2,10,9,15,,,0
ESP-La Liga,2425,Osasuna,Kike Barja,ESP,"FW,MF",27,1997,3.5,3,0,0,9,4,1,37,3,4,,,0
ESP-La Liga,2425,Osasuna,Lucas Torró,ESP,MF,30,1994,32.9,10,0,0,75,37,1,1,45,43,,,0
ESP-La Liga,2425,Osasuna,Moi Gómez,ESP,"MF,FW",30,1994,8.8,1,0,0,14,6,1,26,7,9,,,1
ESP-La Liga,2425,Osasuna,Nacho Vidal,ESP,DF,29,1995,1.4,0,0,0,2,1,0,2,0,0,,,0
ESP-La Liga,2425,Osasuna,Pablo Ibáñez,ESP,MF,25,1998,14.4,4,0,0,28,29,0,13,18,11,,,0
ESP-La Liga,2425,Osasuna,Raúl,ESP,FW,23,2000,8.3,1,0,0,11,12,6,6,1,7,,,0
ESP-La Liga,2425,Osasuna,Rubén García,ESP,"FW,MF",31,1993,26.8,2,0,0,36,31,10,135,17,31,,,0
ESP-La Liga,2425,Osasuna,Rubén Peña,ESP,"FW,DF",33,1991,8.6,1,0,0,12,7,0,52,7,5,,,0
ESP-La Liga,2425,Osasuna,Sergio Herrera,ESP,GK,31,1993,37.0,5,0,0,1,4,0,0,0,2,,,0
ESP-La Liga,2425,Osasuna,Unai García,ESP,DF,32,1992,0.7,0,0,0,3,3,0,0,0,0,,,0
ESP-La Liga,2425,Rayo Vallecano,Abdul Mumin,GHA,DF,26,1998,22.4,6,1,0,22,12,0,6,22,25,,,0
ESP-La Liga,2425,Rayo Vallecano,Adri Embarba,ESP,"MF,FW",32,1992,17.9,4,0,0,25,21,14,114,14,21,,,0
ESP-La Liga,2425,Rayo Vallecano,Alfonso Espino,URU,DF,32,1992,9.3,4,0,0,18,15,0,25,12,24,,,0
ESP-La Liga,2425,Rayo Vallecano,Andrei Ratiu,ROU,"DF,MF",26,1998,34.1,5,0,0,25,21,5,79,26,46,,,0
ESP-La Liga,2425,Rayo Vallecano,Aridane Hernández,ESP,DF,35,1989,11.4,1,0,0,5,10,0,0,6,11,,,1
ESP-La Liga,2425,Rayo Vallecano,Augusto Batalla,ARG,GK,28,1996,32.0,6,0,0,1,6,0,0,0,3,,,0
ESP-La Liga,2425,Rayo Vallecano,Dani Cárdenas,ESP,GK,27,1997,6.0,0,0,0,0,1,0,0,0,0,,,0
ESP-La Liga,2425,Rayo Vallecano,Etienne Eto'o,CMR,FW,21,2002,0.4,0,0,0,0,0,1,0,0,0,,,0
ESP-La Liga,2425,Rayo Vallecano,Florian Lejeune,FRA,DF,33,1991,36.9,8,0,0,50,19,0,8,42,28,,,0
ESP-La Liga,2425,Rayo Vallecano,Gerard Gumbau,ESP,MF,29,1994,9.4,4,0,0,21,11,1,38,5,12,,,0
ESP-La Liga,2425,Rayo Vallecano,Isaac Palazón Camacho,ESP,"MF,FW",29,1994,24.0,5,0,0,39,53,3,109,8,18,,,0
ESP-La Liga,2425,Rayo Vallecano,Iván Balliu,ALB,DF,32,1992,13.3,3,0,0,19,15,1,20,12,15,,,0
ESP-La Liga,2425,Rayo Vallecano,James Rodríguez,COL,MF,33,1991,1.6,1,0,0,2,1,3,13,1,3,,,0
ESP-La Liga,2425,Rayo Vallecano,Jorge de Frutos,ESP,"MF,FW",27,1997,27.7,3,1,0,41,33,9,68,18,20,,,0
ESP-La Liga,2425,Rayo Vallecano,Pathé Ciss,SEN,"MF,DF",30,1994,23.8,12,0,0,45,25,0,5,36,25,,,0
ESP-La Liga,2425,Rayo Vallecano,Pedro Díaz,ESP,MF,26,1998,13.5,2,0,0,7,6,0,41,7,15,,,0
ESP-La Liga,2425,Rayo Vallecano,Pelayo Fernandez,ESP,DF,21,2003,1.1,1,0,0,2,0,0,0,2,0,,,0
ESP-La Liga,2425,Rayo Vallecano,Pep Chavarría,ESP,DF,26,1998,28.7,3,0,0,30,25,3,80,30,36,,,0
ESP-La Liga,2425,Rayo Vallecano,Randy Nteka,ANG,FW,26,1997,12.5,6,0,0,39,15,16,4,4,5,,,0
ESP-La Liga,2425,Rayo Vallecano,Raúl de Tomás,ESP,FW,29,1994,0.2,0,0,0,1,2,0,0,0,2,,,0
ESP-La Liga,2425,Rayo Vallecano,Sergi Guardiola,ESP,FW,33,1991,4.0,1,0,0,9,7,2,4,1,4,,,0
ESP-La Liga,2425,Rayo Vallecano,Sergio Camello,ESP,FW,23,2001,12.6,2,0,0,11,10,2,6,4,4,,,0
ESP-La Liga,2425,Rayo Vallecano,Unai López,ESP,MF,28,1995,19.0,9,1,0,18,21,1,33,21,21,,,0
ESP-La Liga,2425,Rayo Vallecano,Álvaro García,ESP,"MF,FW",31,1992,28.4,4,0,0,18,19,16,108,35,23,,,0
ESP-La Liga,2425,Rayo Vallecano,Óscar Trejo,ARG,MF,36,1988,5.5,1,0,0,17,12,1,7,4,5,,,0
ESP-La Liga,2425,Rayo Vallecano,Óscar Valentín,ESP,MF,29,1994,20.4,5,0,0,57,31,0,3,22,39,,,0
ESP-La Liga,2425,Real Betis,Abde Ezzalzouli,MAR,MF,22,2001,22.0,2,0,0,23,38,4,49,9,23,,,0
ESP-La Liga,2425,Real Betis,Adrián,ESP,GK,37,1987,19.0,3,0,0,0,4,0,0,0,0,,,0
ESP-La Liga,2425,Real Betis,Aitor Ruibal,ESP,"DF,FW",28,1996,14.6,5,0,0,10,18,2,32,14,24,,,0
ESP-La Liga,2425,Real Betis,Antony,BRA,MF,24,2000,15.1,2,1,0,15,27,1,41,9,10,,,0
ESP-La Liga,2425,Real Betis,Assane Diao,SEN,FW,18,2005,3.1,0,0,0,4,4,2,4,0,3,,,0
ESP-La Liga,2425,Real Betis,Carlos Guirao,ESP,MF,21,2003,1.2,0,0,0,4,0,0,0,3,4,,,0
ESP-La Liga,2425,Real Betis,Cucho,COL,FW,25,1999,12.7,0,0,0,10,9,5,12,7,10,,,0
ESP-La Liga,2425,Real Betis,Cédric Bakambu,COD,FW,33,1991,7.9,4,0,0,23,7,12,3,0,3,,,0
ESP-La Liga,2425,Real Betis,Diego Llorente,ESP,DF,30,1993,28.0,4,0,0,20,23,0,1,44,20,,,1
ESP-La Liga,2425,Real Betis,Ezequiel Ávila,ARG,"MF,FW",30,1994,7.5,5,1,0,13,18,5,29,3,5,,,0
ESP-La Liga,2425,Real Betis,Fran Vieites,ESP,GK,25,1999,4.0,0,0,0,0,2,0,0,0,0,,,0
ESP-La Liga,2425,Real Betis,Giovani Lo Celso,ARG,MF,28,1996,16.2,4,0,0,13,63,0,93,5,21,,,0
ESP-La Liga,2425,Real Betis,Héctor Bellerín,ESP,DF,29,1995,6.4,1,0,0,6,0,0,10,6,7,,,0
ESP-La Liga,2425,Real Betis,Iker Losada,ESP,MF,22,2001,3.7,0,0,0,1,2,0,4,3,7,,,0
ESP-La Liga,2425,Real Betis,Isco,ESP,MF,32,1992,17.2,5,0,0,23,44,4,94,11,15,,,0
ESP-La Liga,2425,Real Betis,Jesus Rodríguez,ESP,MF,18,2005,12.3,0,0,0,17,38,2,19,8,13,,,0
ESP-La Liga,2425,Real Betis,Johnny Cardoso,USA,MF,22,2001,23.8,4,0,0,38,27,0,3,50,31,,,0
ESP-La Liga,2425,Real Betis,Juanmi,ESP,MF,31,1993,2.7,2,0,0,6,7,1,2,1,4,,,0
ESP-La Liga,2425,Real Betis,Marc Bartra,ESP,DF,33,1991,23.3,2,0,0,15,14,2,1,35,19,,,0
ESP-La Liga,2425,Real Betis,Marc Roca,ESP,MF,27,1996,10.1,4,0,0,16,5,0,10,14,14,,,0
ESP-La Liga,2425,Real Betis,Mateo Flores,ESP,MF,20,2004,1.7,1,0,0,4,1,0,1,2,2,,,0
ESP-La Liga,2425,Real Betis,Nabil Fekir,FRA,MF,31,1993,2.0,0,0,0,3,7,0,9,0,2,,,0
ESP-La Liga,2425,Real Betis,Natan,BRA,DF,23,2001,24.2,5,1,0,19,13,0,2,28,25,,,0
ESP-La Liga,2425,Real Betis,Nobel Mendy,SEN,DF,19,2004,1.2,1,0,0,1,1,0,0,4,0,,,0
ESP-La Liga,2425,Real Betis,Pablo Fornals,ESP,MF,28,1996,20.3,2,0,0,12,14,3,56,25,13,,,0
ESP-La Liga,2425,Real Betis,Pablo Garcia,ESP,FW,18,2006,0.4,0,0,0,0,0,1,2,0,0,,,0
ESP-La Liga,2425,Real Betis,Ricardo Rodríguez,SUI,DF,31,1992,14.2,0,0,0,12,6,0,14,8,15,,,0
ESP-La Liga,2425,Real Betis,Rodri,ESP,MF,24,2000,1.3,0,0,0,2,2,1,6,1,1,,,0
ESP-La Liga,2425,Real Betis,Romain Perraud,FRA,DF,26,1997,22.2,8,1,0,26,44,5,72,22,21,,,0
ESP-La Liga,2425,Real Betis,Rui Silva,POR,GK,30,1994,15.0,1,0,0,1,2,0,0,0,0,,,0
ESP-La Liga,2425,Real Betis,Sergi Altimira,ESP,MF,22,2001,21.9,4,0,0,35,33,0,5,22,37,,,0
ESP-La Liga,2425,Real Betis,Sergio Arribas,ESP,DF,21,2003,1.0,0,0,0,0,0,0,0,3,4,,,0
ESP-La Liga,2425,Real Betis,Vitor Roque,BRA,FW,19,2005,13.7,4,0,0,30,30,5,7,7,6,,,0
ESP-La Liga,2425,Real Betis,William Carvalho,POR,MF,32,1992,5.4,1,0,0,7,3,0,2,3,7,,,0
ESP-La Liga,2425,Real Betis,Youssouf Sabaly,SEN,DF,31,1993,17.6,1,0,0,18,12,1,30,13,26,,,0
ESP-La Liga,2425,Real Betis,Ángel Ortíz,ESP,DF,20,2004,3.9,0,0,0,6,6,0,19,5,8,,,0
ESP-La Liga,2425,Real Madrid,Andriy Lunin,UKR,GK,25,1999,7.0,0,0,0,0,1,0,0,0,0,,,0
ESP-La Liga,2425,Real Madrid,Antonio Rüdiger,GER,DF,31,1993,25.5,3,0,0,15,15,2,4,9,13,,,0
ESP-La Liga,2425,Real Madrid,Arda Güler,TUR,"MF,FW",19,2005,13.9,1,0,0,15,31,4,57,7,16,,,0
ESP-La Liga,2425,Real Madrid,Aurélien Tchouaméni,FRA,"DF,MF",24,2000,29.9,5,0,0,26,24,0,12,45,24,,,0
ESP-La Liga,2425,Real Madrid,Brahim Díaz,MAR,"MF,FW",24,1999,15.4,0,0,0,14,34,1,8,5,18,,,0
ESP-La Liga,2425,Real Madrid,Chema,ESP,MF,19,2005,0.1,0,0,0,1,0,0,0,0,0,,,0
ESP-La Liga,2425,Real Madrid,Dani Carvajal,ESP,DF,32,1992,6.8,1,0,0,3,6,0,14,10,8,,,0
ESP-La Liga,2425,Real Madrid,Dani Ceballos,ESP,MF,27,1996,13.5,4,0,0,13,30,0,14,16,21,,,0
ESP-La Liga,2425,Real Madrid,Daniel Yáñez,ESP,MF,17,2007,0.0,0,0,0,0,1,0,0,0,0,,,0
ESP-La Liga,2425,Real Madrid,David Alaba,AUT,DF,32,1992,3.5,1,0,0,2,0,0,3,6,0,,,0
ESP-La Liga,2425,Real Madrid,Eduardo Camavinga,FRA,"MF,DF",21,2002,12.2,2,0,0,21,31,1,2,19,26,,,0
ESP-La Liga,2425,Real Madrid,Endrick,BRA,FW,18,2006,4.0,1,0,0,10,9,2,2,4,2,,,0
ESP-La Liga,2425,Real Madrid,Federico Valverde,URU,"MF,DF",26,1998,33.7,4,0,0,12,15,1,26,54,33,,,0
ESP-La Liga,2425,Real Madrid,Ferland Mendy,FRA,DF,29,1995,11.2,1,1,0,5,7,0,1,9,14,,,0
ESP-La Liga,2425,Real Madrid,Fran,ESP,GK,19,2005,1.0,0,0,0,0,0,0,0,0,0,,,0
ESP-La Liga,2425,Real Madrid,Fran Garcia,ESP,DF,24,1999,24.1,0,0,0,13,22,4,66,29,36,,,0
ESP-La Liga,2425,Real Madrid,Gonzalo García,ESP,FW,20,2004,0.6,0,0,0,0,0,0,0,0,0,,,0
ESP-La Liga,2425,Real Madrid,Jacobo Ramón,ESP,DF,19,2005,2.3,1,0,0,2,1,0,0,3,3,,,0
ESP-La Liga,2425,Real Madrid,Jesús Vallejo,ESP,DF,27,1997,1.5,0,0,0,0,0,0,0,2,0,,,0
ESP-La Liga,2425,Real Madrid,Jude Bellingham,ENG,MF,21,2003,27.6,5,1,0,33,64,9,18,27,35,,,0
ESP-La Liga,2425,Real Madrid,Kylian Mbappé,FRA,FW,25,1998,32.3,3,1,0,25,40,44,34,1,5,,,0
ESP-La Liga,2425,Real Madrid,Lorenzo Aguado,ESP,DF,21,2002,0.1,0,0,0,0,0,0,0,0,0,,,0
ESP-La Liga,2425,Real Madrid,Lucas Vázquez,ESP,DF,33,1991,24.3,4,0,0,29,32,3,64,17,36,,,0
ESP-La Liga,2425,Real Madrid,Luka Modrić,CRO,MF,38,1985,20.3,7,0,0,23,19,2,113,27,20,,,0
ESP-La Liga,2425,Real Madrid,Raúl Asencio,ESP,DF,21,2003,18.6,3,0,0,12,19,1,0,16,17,,,0
ESP-La Liga,2425,Real Madrid,Rodrygo,BRA,"MF,FW",23,2001,21.4,0,0,0,8,37,1,79,11,13,,,0
ESP-La Liga,2425,Real Madrid,Thibaut Courtois,BEL,GK,32,1992,30.0,1,0,0,0,2,0,0,1,0,,,1
ESP-La Liga,2425,Real Madrid,Vinicius Júnior,BRA,"FW,MF",24,2000,25.0,8,1,0,30,70,10,56,3,12,,,0
ESP-La Liga,2425,Real Madrid,Víctor Muñoz,ESP,MF,21,2003,0.4,0,0,0,2,0,0,2,0,0,,,0
ESP-La Liga,2425,Real Madrid,Éder Militão,BRA,DF,26,1998,10.4,2,0,0,18,8,0,2,11,17,,,0
ESP-La Liga,2425,Real Sociedad,Aihen Muñoz,ESP,DF,26,1997,12.2,5,0,0,15,12,0,35,13,12,,,0
ESP-La Liga,2425,Real Sociedad,Ander Barrenetxea,ESP,MF,22,2001,14.0,6,0,0,33,13,6,52,11,19,,,0
ESP-La Liga,2425,Real Sociedad,Aritz Elustondo,ESP,DF,30,1994,16.2,2,1,0,25,18,1,4,12,11,,,0
ESP-La Liga,2425,Real Sociedad,Arkaitz Mariezkurrena,ESP,FW,19,2005,2.7,1,0,0,13,1,0,5,1,0,,,0
ESP-La Liga,2425,Real Sociedad,Arsen Zakharyan,RUS,MF,21,2003,0.8,0,0,0,1,0,0,1,1,1,,,0
ESP-La Liga,2425,Real Sociedad,Beñat Turrientes,ESP,MF,22,2002,10.5,4,0,0,13,23,0,19,7,6,,,0
ESP-La Liga,2425,Real Sociedad,Brais Méndez,ESP,"MF,FW",27,1997,17.0,4,0,0,41,45,9,50,7,14,,,0
ESP-La Liga,2425,Real Sociedad,Daniel Díaz,ESP,FW,18,2006,0.1,0,0,0,1,0,0,0,0,1,,,0
ESP-La Liga,2425,Real Sociedad,Hamari Traoré,MLI,DF,32,1992,7.8,2,0,0,12,3,0,9,11,12,,,0
ESP-La Liga,2425,Real Sociedad,Igor Zubeldia,ESP,DF,27,1997,25.2,6,1,0,38,11,0,1,34,22,,,0
ESP-La Liga,2425,Real Sociedad,Javi López,ESP,DF,22,2002,21.5,4,0,0,30,27,1,60,10,23,,,0
ESP-La Liga,2425,Real Sociedad,Jon Aramburu,VEN,DF,22,2002,27.3,8,0,0,50,42,3,46,28,68,,,0
ESP-La Liga,2425,Real Sociedad,Jon Magunazelaia,ESP,MF,23,2001,0.1,0,0,0,1,1,0,0,0,1,,,0
ESP-La Liga,2425,Real Sociedad,Jon Martin,ESP,DF,18,2006,10.0,2,0,0,20,0,0,0,7,9,,,0
ESP-La Liga,2425,Real Sociedad,Jon Pacheco,ESP,DF,23,2001,9.5,3,0,0,18,5,0,0,9,9,,,0
ESP-La Liga,2425,Real Sociedad,Luka Sučić,CRO,MF,21,2002,19.9,4,0,0,11,15,3,18,15,18,,,0
ESP-La Liga,2425,Real Sociedad,Luken Beitia,ESP,DF,20,2004,0.1,0,0,0,0,0,0,0,0,1,,,0
ESP-La Liga,2425,Real Sociedad,Martín Zubimendi,ESP,MF,25,1999,32.9,6,0,0,44,19,0,12,42,41,,,0
ESP-La Liga,2425,Real Sociedad,Mikel Oyarzabal,ESP,FW,27,1997,25.0,4,1,0,14,22,18,10,4,16,,,0
ESP-La Liga,2425,Real Sociedad,Nayef Aguerd,MAR,DF,28,1996,19.6,5,0,0,11,19,0,2,12,26,,,0
ESP-La Liga,2425,Real Sociedad,Olasagasti,ESP,MF,23,2000,9.5,2,0,0,15,7,0,9,15,10,,,0
ESP-La Liga,2425,Real Sociedad,Orri Steinn Óskarsson,ISL,FW,19,2004,10.5,1,0,0,7,6,10,7,2,6,,,0
ESP-La Liga,2425,Real Sociedad,Pablo Marín,ESP,MF,21,2003,13.8,3,0,0,19,16,0,12,5,17,,,0
ESP-La Liga,2425,Real Sociedad,Sergio Gómez,ESP,MF,23,2000,30.4,4,0,0,29,16,9,230,19,39,,,0
ESP-La Liga,2425,Real Sociedad,Sheraldo Becker,SUR,"MF,FW",29,1995,11.1,1,1,0,8,15,9,65,2,2,,,0
ESP-La Liga,2425,Real Sociedad,Takefusa Kubo,JPN,"MF,FW",23,2001,26.4,5,0,0,21,73,8,86,16,19,,,0
ESP-La Liga,2425,Real Sociedad,Umar Sadiq,NGA,FW,27,1997,2.5,1,0,0,8,1,5,2,2,1,,,0
ESP-La Liga,2425,Real Sociedad,Unai Marrero,ESP,GK,22,2001,2.0,0,0,0,0,0,0,0,0,0,,,0
ESP-La Liga,2425,Real Sociedad,Urko González,ESP,MF,23,2001,0.5,1,0,0,1,0,0,0,0,0,,,0
ESP-La Liga,2425,Real Sociedad,Álex Remiro,ESP,GK,29,1995,36.0,0,0,0,0,6,0,0,0,0,,,0
ESP-La Liga,2425,Real Sociedad,Álvaro Odriozola,ESP,DF,28,1995,0.5,1,0,0,2,1,0,1,0,1,,,0
ESP-La Liga,2425,Sevilla,Adrià Pedrosa,ESP,DF,26,1998,25.5,7,0,0,38,19,3,95,24,32,,,0
ESP-La Liga,2425,Sevilla,Akor Adams,NGA,FW,24,2000,1.5,0,0,0,1,0,1,0,0,0,,,0
ESP-La Liga,2425,Sevilla,Albert Sambi Lokonga,BEL,MF,24,1999,16.3,4,0,0,22,21,0,2,9,15,,,0
ESP-La Liga,2425,Sevilla,Carmona,ESP,DF,22,2002,32.7,11,0,0,49,44,1,43,68,59,,,0
ESP-La Liga,2425,Sevilla,Chidera Ejuke,NGA,"MF,FW",26,1998,10.7,0,0,0,6,16,4,22,6,12,,,0
ESP-La Liga,2425,Sevilla,Darío Fuentes,ESP,DF,21,2003,0.1,1,0,0,0,0,0,0,0,0,,,0
ESP-La Liga,2425,Sevilla,Diego Iturralde,ESP,MF,21,2003,0.4,0,0,0,1,1,0,0,1,0,,,0
ESP-La Liga,2425,Sevilla,Djibril Sow,SUI,MF,27,1997,22.9,5,0,0,23,40,0,9,27,14,,,0
ESP-La Liga,2425,Sevilla,Dodi Lukebakio,BEL,"MF,FW",26,1997,34.4,3,1,0,39,55,27,127,11,14,,,0
ESP-La Liga,2425,Sevilla,Gonzalo Montiel,ARG,DF,27,1997,1.3,1,0,0,3,1,0,3,2,2,,,0
ESP-La Liga,2425,Sevilla,Isaac Romero,ESP,FW,24,2000,24.0,10,1,0,38,37,11,18,7,7,,,0
ESP-La Liga,2425,Sevilla,Israel Domínguez,ESP,MF,21,2003,0.2,0,0,0,0,1,1,0,0,0,,,0
ESP-La Liga,2425,Sevilla,Jesús Navas,ESP,"MF,FW",38,1985,4.7,0,0,0,1,4,3,33,4,2,,,0
ESP-La Liga,2425,Sevilla,Juanlu Sánchez,ESP,"MF,DF",20,2003,19.1,6,1,1,18,12,1,40,16,34,,,0
ESP-La Liga,2425,Sevilla,Kelechi Iheanacho,NGA,FW,27,1996,4.4,0,0,0,5,1,7,0,0,0,,,0
ESP-La Liga,2425,Sevilla,Kike Salas,ESP,DF,22,2002,24.9,6,0,0,21,15,0,9,30,27,,,0
ESP-La Liga,2425,Sevilla,Leandro Antonetti,PUR,FW,21,2003,0.3,0,0,0,0,0,0,0,0,0,,,0
ESP-La Liga,2425,Sevilla,Loïc Bade,FRA,DF,24,2000,29.8,7,1,0,26,10,0,8,27,27,,,0
ESP-La Liga,2425,Sevilla,Lucas Ocampos,ARG,"MF,FW",30,1994,1.9,0,0,0,3,2,0,4,0,2,,,0
ESP-La Liga,2425,Sevilla,Lucien Agoume,FRA,MF,22,2002,23.5,5,1,0,49,6,2,17,40,32,,,0
ESP-La Liga,2425,Sevilla,Manu Bueno,ESP,MF,20,2004,1.6,0,0,0,2,3,0,1,0,3,,,0
ESP-La Liga,2425,Sevilla,Marcão,BRA,DF,28,1996,6.1,6,1,1,9,10,0,0,7,6,,,0
ESP-La Liga,2425,Sevilla,Mateo Mejía,ESP,FW,21,2003,0.1,0,0,0,0,1,0,0,0,0,,,0
ESP-La Liga,2425,Sevilla,Nemanja Gudelj,SRB,"MF,DF",32,1991,27.7,6,0,0,26,14,0,31,27,26,,,0
ESP-La Liga,2425,Sevilla,Peque,ESP,"MF,FW",21,2002,12.6,1,0,0,22,26,2,11,8,6,,,0
ESP-La Liga,2425,Sevilla,Ramón Martínez,ESP,DF,21,2002,2.9,0,0,0,1,1,0,0,2,3,,,0
ESP-La Liga,2425,Sevilla,Ruben Vargas,SUI,"MF,FW",25,1998,7.5,0,0,0,11,9,3,37,2,4,,,0
ESP-La Liga,2425,Sevilla,Saúl Ñíguez,ESP,MF,29,1994,17.3,8,1,0,44,11,1,17,18,32,,,0
ESP-La Liga,2425,Sevilla,Stanis Idumbo,BEL,MF,19,2005,3.2,0,0,0,1,7,0,0,4,5,,,0
ESP-La Liga,2425,Sevilla,Suso,ESP,"MF,FW",30,1993,6.7,3,0,0,6,16,2,58,3,8,,,0
ESP-La Liga,2425,Sevilla,Tanguy Nianzou,FRA,DF,22,2002,5.8,3,1,1,10,5,0,0,7,5,,,1
ESP-La Liga,2425,Sevilla,Valentín Barco,ARG,DF,20,2004,3.2,0,0,0,7,5,0,25,2,9,,,0
ESP-La Liga,2425,Sevilla,Álvaro Fernández,ESP,GK,26,1998,8.3,2,0,0,0,2,0,0,0,0,,,0
ESP-La Liga,2425,Sevilla,Álvaro Pascual,ESP,FW,22,2002,4.5,1,0,0,11,5,1,3,2,3,,,0
ESP-La Liga,2425,Sevilla,Ørjan Nyland,NOR,GK,33,1990,29.7,2,0,0,1,2,0,0,0,2,,,0
ESP-La Liga,2425,Valencia,Alberto Marí,ESP,FW,23,2001,0.1,0,0,0,1,0,0,0,0,0,,,0
ESP-La Liga,2425,Valencia,André Almeida,POR,"MF,FW",24,2000,22.0,2,0,0,28,38,2,67,7,32,,,0
ESP-La Liga,2425,Valencia,Cristhian Mosquera,ESP,DF,20,2004,36.9,6,0,0,14,25,0,2,32,36,,,0
ESP-La Liga,2425,Valencia,César Tárrega,ESP,DF,22,2002,33.6,7,0,0,56,15,0,1,19,37,,,2
ESP-La Liga,2425,Valencia,Dani Gómez,ESP,FW,26,1998,5.9,0,0,0,7,8,10,1,3,1,,,0
ESP-La Liga,2425,Valencia,David Otorbi,ESP,FW,16,2007,0.2,0,0,0,0,0,0,0,0,0,,,0
ESP-La Liga,2425,Valencia,Diego López,ESP,MF,22,2002,30.4,3,0,0,21,33,13,67,13,18,,,0
ESP-La Liga,2425,Valencia,Dimitri Foulquier,FRA,DF,31,1993,25.5,6,0,0,24,31,1,57,17,31,,,0
ESP-La Liga,2425,Valencia,Enzo Barrenechea,ARG,MF,23,2001,24.3,6,0,0,25,47,0,3,27,30,,,0
ESP-La Liga,2425,Valencia,Francisco Perez,ESP,MF,21,2002,6.3,1,0,0,6,12,0,27,3,12,,,0
ESP-La Liga,2425,Valencia,Germán Valera,ESP,MF,22,2002,1.6,0,0,0,2,4,0,6,3,1,,,0
ESP-La Liga,2425,Valencia,Giorgi Mamardashvili,GEO,GK,23,2000,34.0,2,0,0,1,6,0,0,0,2,,,0
ESP-La Liga,2425,Valencia,Hugo Duro,ESP,FW,24,1999,24.1,5,0,0,38,50,7,7,9,9,,,1
ESP-La Liga,2425,Valencia,Hugo Guillamón,ESP,MF,24,2000,4.0,2,0,0,6,4,1,1,5,8,,,0
ESP-La Liga,2425,Valencia,Iker Córdoba,ESP,DF,18,2005,0.2,0,0,0,0,0,0,1,0,0,,,0
ESP-La Liga,2425,Valencia,Ivan Jaime Pajuelo,ESP,MF,23,2000,3.3,0,0,0,8,10,1,6,3,5,,,0
ESP-La Liga,2425,Valencia,Javier Guerra,ESP,MF,21,2003,28.7,5,0,0,34,30,1,44,22,28,,,0
ESP-La Liga,2425,Valencia,Jesus Vazquez,ESP,DF,21,2003,10.2,3,0,0,17,11,1,23,10,18,,,0
ESP-La Liga,2425,Valencia,José Luis García Vayá,ESP,MF,25,1998,19.4,8,1,0,26,19,1,109,20,25,,,0
ESP-La Liga,2425,Valencia,José Luis Gayà,ESP,DF,29,1995,20.0,7,0,0,28,14,3,86,24,38,,,0
ESP-La Liga,2425,Valencia,Luis Rioja,ESP,MF,30,1993,31.5,6,0,0,18,38,11,201,21,20,,,0
ESP-La Liga,2425,Valencia,Martín Tejón,ESP,MF,20,2004,0.5,0,0,0,1,1,0,1,0,1,,,0
ESP-La Liga,2425,Valencia,Max Aarons,ENG,DF,24,2000,1.3,2,0,0,0,2,0,5,0,4,,,0
ESP-La Liga,2425,Valencia,Maximiliano Caufriez,BEL,DF,27,1997,1.0,0,0,0,3,0,0,0,1,1,,,0
ESP-La Liga,2425,Valencia,Mouctar Diakhaby,GUI,DF,27,1996,7.3,0,0,0,2,4,0,1,10,4,,,0
ESP-La Liga,2425,Valencia,Rafa Mir,ESP,"FW,MF",27,1997,8.4,4,0,0,13,7,5,7,5,5,,,0
ESP-La Liga,2425,Valencia,Rodrigo Abajas,ESP,DF,21,2003,0.7,1,0,0,2,0,1,1,1,2,,,0
ESP-La Liga,2425,Valencia,Sergi Canós,ESP,MF,27,1997,4.1,3,0,0,12,6,1,18,7,7,,,0
ESP-La Liga,2425,Valencia,Stole Dimitrievski,MKD,GK,30,1993,4.0,1,0,0,0,0,0,0,0,0,,,0
ESP-La Liga,2425,Valencia,Thierry Correia,POR,DF,25,1999,8.5,1,0,0,15,14,0,18,3,17,,,0
ESP-La Liga,2425,Valencia,Umar Sadiq,NGA,FW,27,1997,9.2,4,0,0,29,16,13,0,1,6,,,0
ESP-La Liga,2425,Valencia,Yarek Gasiorowski,ESP,DF,19,2005,10.5,1,0,0,5,2,0,3,26,16,,,0
ESP-La Liga,2425,Valladolid,Abdulai Juma Bah,SLE,DF,18,2006,9.6,1,0,0,6,6,0,0,11,7,,,0
ESP-La Liga,2425,Valladolid,Adam Aznou,MAR,"DF,MF",18,2006,9.7,1,0,0,14,17,0,11,10,22,,,0
ESP-La Liga,2425,Valladolid,Adrian Baquerin,ESP,FW,17,2007,0.5,0,0,0,0,2,0,0,0,1,,,0
ESP-La Liga,2425,Valladolid,Amath,SEN,"FW,MF",28,1996,4.2,1,0,0,4,7,2,6,2,0,,,0
ESP-La Liga,2425,Valladolid,André Ferreira,POR,GK,28,1996,6.0,0,0,0,0,0,0,0,0,0,,,0
ESP-La Liga,2425,Valladolid,Antonio Candela,ITA,DF,24,2000,10.1,1,0,0,5,7,2,20,6,6,,,0
ESP-La Liga,2425,Valladolid,Anuar,MAR,"MF,FW",29,1995,19.1,7,0,0,30,48,10,22,17,27,,,0
ESP-La Liga,2425,Valladolid,Arnau Rafús,ESP,GK,21,2003,1.0,0,0,0,0,0,0,0,0,0,,,0
ESP-La Liga,2425,Valladolid,Cenk Özkacar,TUR,DF,23,2000,8.4,1,0,0,5,1,0,0,17,6,,,0
ESP-La Liga,2425,Valladolid,Chuky san jose,ESP,"MF,FW",20,2004,8.1,1,0,0,3,10,4,24,0,2,,,0
ESP-La Liga,2425,Valladolid,Darwin Machís,VEN,"MF,FW",31,1993,7.1,0,0,0,4,14,2,68,5,4,,,0
ESP-La Liga,2425,Valladolid,David Torres,ESP,DF,21,2003,15.4,5,0,0,13,3,0,3,11,9,,,1
ESP-La Liga,2425,Valladolid,Enzo Boyomo,CMR,DF,22,2001,3.0,0,0,0,3,0,0,0,2,2,,,0
ESP-La Liga,2425,Valladolid,Eray Cömert,SUI,"DF,MF",26,1998,19.8,6,0,0,18,16,0,0,22,16,,,0
ESP-La Liga,2425,Valladolid,Florian Grillitsch,AUT,MF,28,1995,6.9,1,0,0,6,12,0,6,4,8,,,0
ESP-La Liga,2425,Valladolid,Henrique,BRA,DF,30,1994,3.9,0,0,0,5,9,0,3,3,2,,,0
ESP-La Liga,2425,Valladolid,Iago Parente,ESP,DF,18,2006,0.8,0,0,0,0,1,0,1,0,0,,,0
ESP-La Liga,2425,Valladolid,Ibrahim Alani,NGA,MF,18,2006,1.8,0,0,0,2,5,0,0,1,7,,,0
ESP-La Liga,2425,Valladolid,Iván Sánchez,ESP,MF,31,1992,15.6,4,0,0,15,48,3,114,13,24,,,0
ESP-La Liga,2425,Valladolid,Javi Sánchez,ESP,DF,27,1997,22.5,6,0,0,19,3,0,0,24,16,,,0
ESP-La Liga,2425,Valladolid,Joseph Aidoo,GHA,DF,28,1995,6.5,0,0,0,4,2,0,0,6,5,,,0
ESP-La Liga,2425,Valladolid,Juanmi Latasa,ESP,FW,23,2001,15.5,6,1,0,40,36,7,5,0,2,,,0
ESP-La Liga,2425,Valladolid,Karl Jakob Hein,EST,GK,22,2002,31.0,0,0,0,0,2,0,0,1,0,,,0
ESP-La Liga,2425,Valladolid,Kenedy,BRA,"FW,MF",28,1996,0.1,0,0,0,0,0,0,0,0,0,,,0
ESP-La Liga,2425,Valladolid,Kike Pérez,ESP,MF,27,1997,13.2,6,0,0,32,21,1,33,9,25,,,0
ESP-La Liga,2425,Valladolid,Lucas Oliveira Rosa,BRA,DF,24,2000,21.0,6,0,0,35,19,1,36,27,35,,,0
ESP-La Liga,2425,Valladolid,Luis Pérez,ESP,DF,29,1995,28.4,2,0,0,12,25,3,105,28,30,,,0
ESP-La Liga,2425,Valladolid,Mamadou Sylla,SEN,"FW,MF",30,1994,17.6,5,0,0,16,32,13,9,3,5,,,0
ESP-La Liga,2425,Valladolid,Marcos André,BRA,FW,27,1996,13.2,5,0,0,12,28,5,1,3,6,,,0
ESP-La Liga,2425,Valladolid,Mario Maroto,ESP,MF,20,2003,0.7,0,0,0,2,0,0,2,2,0,,,0
ESP-La Liga,2425,Valladolid,Mario Martín,ESP,MF,20,2004,19.4,8,3,1,50,44,1,11,21,32,,,0
ESP-La Liga,2425,Valladolid,Raúl Chasco,ESP,DF,20,2003,1.4,0,0,0,3,0,0,3,2,1,,,0
ESP-La Liga,2425,Valladolid,Raúl Moro,ESP,"MF,FW",21,2002,26.0,2,0,0,4,16,12,146,10,13,,,0
ESP-La Liga,2425,Valladolid,Selim Amallah,MAR,MF,27,1996,15.3,6,0,0,32,28,1,31,14,19,,,0
ESP-La Liga,2425,Valladolid,Stanko Jurić,CRO,MF,27,1996,19.2,7,1,1,38,9,0,0,23,21,,,0
ESP-La Liga,2425,Valladolid,Tamás Nikitscher,HUN,"MF,DF",24,1999,9.5,2,0,0,18,9,0,1,11,9,,,0
ESP-La Liga,2425,Valladolid,Víctor Meseguer,ESP,MF,25,1999,4.6,1,0,0,8,5,0,3,3,7,,,0
ESP-La Liga,2425,Valladolid,Xavier Moreno,ESP,FW,19,2004,0.5,0,0,0,0,1,0,2,0,0,,,0
ESP-La Liga,2425,Villarreal,Alfonso Pedraza,ESP,"DF,MF",28,1996,5.1,0,0,0,4,2,0,25,5,3,,,0
ESP-La Liga,2425,Villarreal,Arnau Solà,ESP,DF,21,2003,0.1,0,0,0,1,0,0,0,0,0,,,0
ESP-La Liga,2425,Villarreal,Arnaut Danjuma,NED,FW,27,1997,2.2,1,0,0,1,1,3,0,0,1,,,0
ESP-La Liga,2425,Villarreal,Ayoze Pérez,ESP,FW,31,1993,21.9,4,0,0,22,39,6,14,7,14,,,0
ESP-La Liga,2425,Villarreal,Daniel Parejo,ESP,MF,35,1989,25.3,8,0,0,20,37,1,37,25,40,,,0
ESP-La Liga,2425,Villarreal,Daniel Requena,ESP,MF,20,2004,0.1,0,0,0,1,0,0,0,0,0,,,0
ESP-La Liga,2425,Villarreal,Denis Suárez,ESP,MF,30,1994,6.8,0,0,0,1,7,0,25,4,8,,,0
ESP-La Liga,2425,Villarreal,Diego Conde,ESP,GK,25,1998,21.8,2,0,0,0,1,0,0,1,2,,,0
ESP-La Liga,2425,Villarreal,Eric Bailly,CIV,DF,30,1994,6.9,2,1,0,7,1,0,0,6,4,,,0
ESP-La Liga,2425,Villarreal,Gerard Moreno,ESP,FW,32,1992,8.0,0,0,0,10,11,1,10,2,4,,,0
ESP-La Liga,2425,Villarreal,Ilias Akhomach,MAR,MF,20,2004,6.5,1,0,0,9,21,1,19,2,8,,,0
ESP-La Liga,2425,Villarreal,Juan Bernat,ESP,DF,31,1993,2.4,0,0,0,0,2,1,8,1,7,,,0
ESP-La Liga,2425,Villarreal,Juan Foyth,ARG,DF,26,1998,16.9,4,0,0,16,5,0,4,19,14,,,0
ESP-La Liga,2425,Villarreal,Karl Etta Eyong,CMR,FW,20,2003,0.4,0,0,0,0,1,0,0,0,0,,,0
ESP-La Liga,2425,Villarreal,Kiko Femenía,ESP,DF,33,1991,24.7,7,0,0,21,13,1,46,40,32,,,0
ESP-La Liga,2425,Villarreal,Logan Costa,CPV,DF,23,2001,28.7,3,0,0,19,3,2,5,23,21,,,0
ESP-La Liga,2425,Villarreal,Luiz Lúcio Reis Júnior,BRA,GK,23,2001,16.2,2,0,0,0,6,0,0,0,0,,,0
ESP-La Liga,2425,Villarreal,Nicolas Pépé,CIV,"FW,MF",29,1995,16.7,3,0,0,20,25,8,45,7,9,,,0
ESP-La Liga,2425,Villarreal,Pape Gueye,SEN,"MF,FW",25,1999,24.7,6,2,1,31,62,4,21,23,28,,,0
ESP-La Liga,2425,Villarreal,Pau Cabanes,ESP,FW,19,2005,1.8,0,0,0,4,7,0,6,3,4,,,0
ESP-La Liga,2425,Villarreal,Pau Navarro,ESP,DF,19,2005,10.2,1,0,0,10,8,0,3,4,17,,,0
ESP-La Liga,2425,Villarreal,Ramón Terrats,ESP,FW,23,2000,1.5,1,0,0,2,2,0,5,2,3,,,0
ESP-La Liga,2425,Villarreal,Raúl Albiol,ESP,DF,38,1985,13.2,5,0,0,11,6,0,0,5,8,,,1
ESP-La Liga,2425,Villarreal,Santi Comesaña,ESP,MF,27,1996,28.4,7,0,0,37,27,1,15,21,49,,,0
ESP-La Liga,2425,Villarreal,Sergi Cardona,ESP,DF,25,1999,32.7,11,0,0,38,28,3,112,41,49,,,0
ESP-La Liga,2425,Villarreal,Tajon Buchanan,CAN,MF,25,1999,4.6,2,0,0,12,20,5,16,3,5,,,0
ESP-La Liga,2425,Villarreal,Thiago Ojeda,ARG,MF,21,2003,0.1,1,0,0,1,0,0,1,0,0,,,0
ESP-La Liga,2425,Villarreal,Thierno Barry,FRA,FW,21,2002,25.8,4,0,0,47,51,20,5,0,9,,,0
ESP-La Liga,2425,Villarreal,Willy Kambwala,FRA,DF,19,2004,12.4,1,1,0,5,0,0,0,10,11,,,0
ESP-La Liga,2425,Villarreal,Yéremy Pino,ESP,MF,21,2002,21.5,11,0,0,49,30,15,49,10,33,,,0
ESP-La Liga,2425,Villarreal,Álex Baena,ESP,"MF,FW",23,2001,28.8,9,0,0,43,47,5,208,23,16,,,0
GER-Bundesliga,2425,Augsburg,Alexis Claude-Maurice,FRA,"MF,FW",26,1998,23.4,4,0,0,26,42,3,21,15,26,,,0
GER-Bundesliga,2425,Augsburg,Arne Engels,BEL,FW,20,2003,0.9,1,0,0,3,1,0,4,0,0,,,0
GER-Bundesliga,2425,Augsburg,Arne Maier,GER,MF,25,1999,10.4,0,1,0,9,7,0,68,6,6,,,0
GER-Bundesliga,2425,Augsburg,Cedric Zesiger,SUI,DF,26,1998,13.6,7,1,1,15,7,0,12,20,7,,,0
GER-Bundesliga,2425,Augsburg,Chrislain Matsima,FRA,DF,22,2002,28.3,4,0,0,11,10,1,3,50,21,,,1
GER-Bundesliga,2425,Augsburg,Dimitris Giannoulis,GRE,MF,28,1995,29.4,8,0,0,17,20,1,120,47,33,,,0
GER-Bundesliga,2425,Augsburg,Elvis Rexhbeçaj,KVX,MF,26,1997,19.8,8,0,0,13,42,1,70,16,19,,,0
GER-Bundesliga,2425,Augsburg,Finn Dahmen,GER,GK,26,1998,19.0,0,0,0,0,1,0,0,0,0,,,0
GER-Bundesliga,2425,Augsburg,Frank Onyeka,NGA,MF,26,1998,28.7,8,0,0,47,74,3,20,37,46,,,0
GER-Bundesliga,2425,Augsburg,Fredrik Jensen,FIN,"MF,FW",26,1997,8.5,0,0,0,5,5,3,21,5,7,,,0
GER-Bundesliga,2425,Augsburg,Henri Koudossou,GER,MF,24,1999,8.3,1,0,0,7,5,2,24,14,9,,,0
GER-Bundesliga,2425,Augsburg,Jeffrey Gouweleeuw,NED,DF,33,1991,32.7,9,0,0,22,13,2,17,39,31,,,0
GER-Bundesliga,2425,Augsburg,Keven Schlotterbeck,GER,DF,27,1997,14.4,4,1,1,10,11,1,3,18,17,,,0
GER-Bundesliga,2425,Augsburg,Kristijan Jakić,CRO,MF,27,1997,25.6,2,0,0,22,28,3,14,29,24,,,0
GER-Bundesliga,2425,Augsburg,Mads Pedersen,DEN,DF,27,1996,2.6,0,0,0,5,1,1,5,2,7,,,0
GER-Bundesliga,2425,Augsburg,Marius Wolf,GER,MF,29,1995,23.8,2,0,0,19,14,4,113,26,15,,,0
GER-Bundesliga,2425,Augsburg,Maximilian Bauer,GER,DF,24,2000,7.3,1,0,0,7,13,1,4,5,9,,,0
GER-Bundesliga,2425,Augsburg,Mergim Berisha,GER,FW,26,1998,0.4,1,0,0,2,0,0,1,0,0,,,0
GER-Bundesliga,2425,Augsburg,Mert Kömür,GER,MF,19,2005,7.3,1,0,0,7,12,3,26,2,2,,,0
GER-Bundesliga,2425,Augsburg,Nediljko Labrović,CRO,GK,24,1999,15.0,0,0,0,0,2,0,0,0,0,,,0
GER-Bundesliga,2425,Augsburg,Niklas Dorsch,GER,MF,26,1998,0.4,0,0,0,0,2,0,1,0,0,,,0
GER-Bundesliga,2425,Augsburg,Noahkai Banks,USA,DF,17,2006,3.1,2,0,0,2,1,0,2,5,5,,,1
GER-Bundesliga,2425,Augsburg,Phillip Tietz,GER,FW,27,1997,18.7,4,0,0,36,12,15,2,5,6,,,0
GER-Bundesliga,2425,Augsburg,Robert Gumny,POL,MF,26,1998,3.0,2,0,0,4,4,0,4,1,3,,,0
GER-Bundesliga,2425,Augsburg,Ruben Vargas,SUI,MF,25,1998,3.4,3,0,0,5,3,0,14,2,1,,,0
GER-Bundesliga,2425,Augsburg,Samuel Essende,COD,FW,26,1998,18.2,4,2,0,45,34,13,5,1,6,,,0
GER-Bundesliga,2425,Augsburg,Steve Mounié,BEN,MF,29,1994,3.9,2,0,0,9,5,1,3,1,4,,,0
GER-Bundesliga,2425,Augsburg,Tim Breithaupt,GER,MF,22,2002,1.3,0,0,0,2,3,0,1,2,1,,,0
GER-Bundesliga,2425,Augsburg,Yusuf Kabadayı,GER,FW,20,2004,0.8,0,0,0,1,1,1,1,0,0,,,0
GER-Bundesliga,2425,Bayern Munich,Adam Aznou,MAR,DF,18,2006,0.2,0,0,0,0,0,0,1,0,0,,,0
GER-Bundesliga,2425,Bayern Munich,Aleksandar Pavlovic,GER,MF,20,2004,16.1,2,0,0,17,9,0,5,6,22,,,0
GER-Bundesliga,2425,Bayern Munich,Alphonso Davies,CAN,DF,23,2000,17.3,0,0,0,8,26,3,19,13,16,,,0
GER-Bundesliga,2425,Bayern Munich,Arijon Ibrahimović,GER,MF,18,2005,0.0,0,0,0,0,0,0,0,0,0,,,0
GER-Bundesliga,2425,Bayern Munich,Daniel Peretz,ISR,GK,24,2000,3.0,1,0,0,0,2,0,0,0,0,,,0
GER-Bundesliga,2425,Bayern Munich,Dayot Upamecano,FRA,DF,25,1998,19.5,6,0,0,20,11,0,6,31,25,,,0
GER-Bundesliga,2425,Bayern Munich,Eric Dier,ENG,DF,30,1994,16.3,1,0,0,16,4,1,2,14,12,,,0
GER-Bundesliga,2425,Bayern Munich,Gabriel Vidovic,CRO,MF,20,2003,0.3,0,0,0,0,1,0,0,0,0,,,0
GER-Bundesliga,2425,Bayern Munich,Harry Kane,ENG,FW,31,1993,26.5,5,0,0,9,21,16,14,4,10,,,0
GER-Bundesliga,2425,Bayern Munich,Hiroki Ito,JPN,DF,25,1999,2.8,1,0,0,2,3,0,2,4,0,,,0
GER-Bundesliga,2425,Bayern Munich,Jamal Musiala,GER,MF,21,2003,20.0,3,0,0,20,55,2,8,7,21,,,0
GER-Bundesliga,2425,Bayern Munich,Jonah Kusi-Asare,SWE,FW,17,2007,0.0,0,0,0,0,0,0,0,0,0,,,0
GER-Bundesliga,2425,Bayern Munich,Jonas Urbig,GER,GK,20,2003,8.0,0,0,0,0,0,0,0,0,0,,,0
GER-Bundesliga,2425,Bayern Munich,Joshua Kimmich,GER,MF,29,1995,31.6,4,0,0,15,27,2,177,22,28,,,0
GER-Bundesliga,2425,Bayern Munich,Josip Stanišić,CRO,DF,24,2000,9.7,0,0,0,2,4,0,11,5,11,,,0
GER-Bundesliga,2425,Bayern Munich,João Palhinha,POR,MF,29,1995,7.5,2,1,0,13,10,0,2,4,14,,,0
GER-Bundesliga,2425,Bayern Munich,Kim Min-jae,KOR,DF,27,1996,25.4,2,0,0,25,4,0,0,33,17,,,0
GER-Bundesliga,2425,Bayern Munich,Kingsley Coman,FRA,MF,28,1996,14.2,0,0,0,9,12,8,47,8,11,,,0
GER-Bundesliga,2425,Bayern Munich,Konrad Laimer,AUT,DF,27,1997,18.9,8,0,0,35,12,1,21,5,24,,,0
GER-Bundesliga,2425,Bayern Munich,Leon Goretzka,GER,MF,29,1995,14.7,2,0,0,12,11,0,6,17,9,,,0
GER-Bundesliga,2425,Bayern Munich,Leroy Sané,GER,MF,28,1996,18.2,2,0,0,16,25,6,50,7,14,,,0
GER-Bundesliga,2425,Bayern Munich,Manuel Neuer,GER,GK,38,1986,22.0,0,0,0,0,1,0,0,0,0,,,0
GER-Bundesliga,2425,Bayern Munich,Mathys Tel,FRA,MF,19,2005,2.8,0,0,0,5,6,1,5,1,1,,,0
GER-Bundesliga,2425,Bayern Munich,Michael Olise,FRA,MF,22,2001,25.9,3,0,0,22,66,5,134,8,20,,,0
GER-Bundesliga,2425,Bayern Munich,Raphaël Guerreiro,POR,"DF,MF",30,1993,17.5,2,0,0,9,7,0,27,10,14,,,0
GER-Bundesliga,2425,Bayern Munich,Sacha Boey,FRA,DF,23,2000,6.6,1,0,0,7,7,0,12,2,6,,,0
GER-Bundesliga,2425,Bayern Munich,Serge Gnabry,GER,"MF,FW",29,1995,13.8,0,0,0,19,6,8,22,6,10,,,0
GER-Bundesliga,2425,Bayern Munich,Sven Ulreich,GER,GK,35,1988,1.0,0,0,0,0,0,0,0,0,0,,,0
GER-Bundesliga,2425,Bayern Munich,Thomas Müller,GER,"MF,FW",34,1989,13.6,3,0,0,14,12,3,46,2,6,,,0
GER-Bundesliga,2425,Bochum,Aliou Badara Baldé,GUI,FW,21,2002,1.0,1,0,0,1,0,2,4,0,1,,,0
GER-Bundesliga,2425,Bochum,Anthony Losilla,FRA,MF,38,1986,12.6,1,0,0,18,9,1,4,18,15,,,0
GER-Bundesliga,2425,Bochum,Bernardo,BRA,DF,29,1995,19.8,5,0,0,24,11,0,15,26,26,,,0
GER-Bundesliga,2425,Bochum,Cristian Gamboa,CRC,MF,34,1989,2.5,1,0,0,1,3,0,6,2,3,,,0
GER-Bundesliga,2425,Bochum,Dani de Wit,NED,"MF,FW",26,1998,12.8,1,0,0,24,12,8,8,12,18,,,0
GER-Bundesliga,2425,Bochum,Erhan Mašović,SRB,"DF,MF",25,1998,10.1,2,0,0,12,4,0,0,12,10,,,0
GER-Bundesliga,2425,Bochum,Felix Passlack,GER,"MF,DF",26,1998,25.9,4,0,0,28,21,2,111,19,24,,,0
GER-Bundesliga,2425,Bochum,Gerrit Holtmann,PHI,"MF,DF",29,1995,12.6,2,0,0,26,7,4,90,16,18,,,0
GER-Bundesliga,2425,Bochum,Giorgos Masouras,GRE,FW,30,1994,11.7,1,0,0,12,10,15,27,4,10,,,0
GER-Bundesliga,2425,Bochum,Ibrahima Sissoko,MLI,MF,26,1997,29.0,11,1,1,76,29,2,21,33,40,,,0
GER-Bundesliga,2425,Bochum,Ivan Ordets,UKR,DF,32,1992,20.7,6,0,0,22,19,2,1,43,8,,,0
GER-Bundesliga,2425,Bochum,Jakov Medić,CRO,DF,25,1998,17.8,2,0,0,10,7,2,1,22,10,,,0
GER-Bundesliga,2425,Bochum,Kacper Koscierski,GER,DF,17,2007,0.1,0,0,0,0,0,0,0,0,0,,,0
GER-Bundesliga,2425,Bochum,Koji Miyoshi,JPN,"MF,FW",27,1997,5.2,0,1,0,10,4,2,9,2,5,,,0
GER-Bundesliga,2425,Bochum,Lukas Daschner,GER,"FW,MF",25,1998,4.6,0,0,0,4,2,0,19,0,2,,,0
GER-Bundesliga,2425,Bochum,Mats Pannewig,GER,MF,19,2004,3.0,1,0,0,5,1,0,3,2,7,,,0
GER-Bundesliga,2425,Bochum,Matúš Bero,SVK,MF,28,1995,28.5,11,0,0,50,34,1,123,18,36,,,0
GER-Bundesliga,2425,Bochum,Maximilian Wittek,GER,"DF,MF",28,1995,30.1,8,0,0,34,34,0,166,26,40,,,0
GER-Bundesliga,2425,Bochum,Moritz Broschinski,GER,"FW,MF",23,2000,15.4,1,0,0,28,18,5,28,1,16,,,0
GER-Bundesliga,2425,Bochum,Moritz-Broni Kwarteng,GHA,MF,26,1998,1.9,1,0,0,3,1,0,1,0,3,,,0
GER-Bundesliga,2425,Bochum,Myron Boadu,NED,FW,23,2001,11.6,2,0,0,11,6,12,2,1,1,,,0
GER-Bundesliga,2425,Bochum,Patrick Drewes,GER,GK,31,1993,21.0,2,0,0,1,3,0,0,0,0,,,0
GER-Bundesliga,2425,Bochum,Philipp Hofmann,GER,FW,31,1993,25.3,4,0,0,36,31,4,10,5,12,,,0
GER-Bundesliga,2425,Bochum,Samuel Bamba,GER,FW,20,2004,0.3,0,0,0,0,1,1,5,0,1,,,0
GER-Bundesliga,2425,Bochum,Tim Oermann,GER,DF,20,2003,24.6,0,0,0,16,8,0,14,24,30,,,0
GER-Bundesliga,2425,Bochum,Timo Horn,GER,GK,31,1993,13.0,2,0,0,0,2,0,0,0,0,,,0
GER-Bundesliga,2425,Bochum,Tom Krauß,GER,MF,23,2001,12.0,2,0,0,14,16,0,10,11,17,,,0
GER-Bundesliga,2425,Dortmund,Alexander Meyer,GER,GK,33,1991,2.0,0,0,0,0,0,0,0,0,0,,,0
GER-Bundesliga,2425,Dortmund,Almugera Kabar,GER,DF,18,2006,1.5,2,1,1,2,2,0,1,1,3,,,0
GER-Bundesliga,2425,Dortmund,Ayman Azhil,MAR,MF,23,2001,0.3,1,0,0,2,0,1,0,0,1,,,0
GER-Bundesliga,2425,Dortmund,Carney Chukwuemeka,AUT,MF,20,2003,2.8,1,0,0,4,5,1,1,1,5,,,0
GER-Bundesliga,2425,Dortmund,Cole Campbell,USA,FW,18,2006,0.2,0,0,0,1,1,0,1,0,0,,,0
GER-Bundesliga,2425,Dortmund,Daniel Svensson,SWE,"MF,DF",22,2002,8.7,0,0,0,4,7,1,36,5,11,,,0
GER-Bundesliga,2425,Dortmund,Donyell Malen,NED,MF,25,1999,6.8,1,0,0,2,7,3,13,3,0,,,0
GER-Bundesliga,2425,Dortmund,Emre Can,GER,"DF,MF",30,1994,23.4,4,1,0,25,19,0,10,20,27,,,0
GER-Bundesliga,2425,Dortmund,Felix Nmecha,GER,MF,23,2000,16.8,3,0,0,22,26,0,6,24,21,,,0
GER-Bundesliga,2425,Dortmund,Gio Reyna,USA,MF,21,2002,3.9,3,0,0,8,3,0,15,0,0,,,0
GER-Bundesliga,2425,Dortmund,Gregor Kobel,SUI,GK,26,1997,32.0,1,0,0,0,2,0,0,2,0,,,0
GER-Bundesliga,2425,Dortmund,Jamie Gittens,ENG,MF,19,2004,19.7,4,0,0,25,44,3,49,10,17,,,0
GER-Bundesliga,2425,Dortmund,Julian Brandt,GER,MF,28,1996,25.6,1,0,0,8,9,5,68,14,12,,,0
GER-Bundesliga,2425,Dortmund,Julian Ryerson,NOR,"DF,MF",26,1997,25.1,6,1,1,31,23,0,111,23,28,,,0
GER-Bundesliga,2425,Dortmund,Julien Duranville,BEL,MF,18,2006,3.1,3,0,0,10,7,2,13,0,0,,,0
GER-Bundesliga,2425,Dortmund,Karim Adeyemi,GER,"MF,FW",22,2002,15.9,4,0,0,27,18,4,27,8,13,,,0
GER-Bundesliga,2425,Dortmund,Kjell-Arik Wätjen,GER,MF,18,2006,0.2,0,0,0,0,1,0,0,0,0,,,0
GER-Bundesliga,2425,Dortmund,Marcel Sabitzer,AUT,MF,30,1994,18.0,3,0,0,12,9,0,23,10,19,,,0
GER-Bundesliga,2425,Dortmund,Maximilian Beier,GER,"MF,FW",21,2002,17.7,2,0,0,17,16,9,18,7,15,,,0
GER-Bundesliga,2425,Dortmund,Nico Schlotterbeck,GER,DF,24,1999,22.0,7,2,1,18,19,0,14,15,25,,,0
GER-Bundesliga,2425,Dortmund,Niklas Süle,GER,DF,28,1995,11.7,1,0,0,5,2,0,1,3,12,,,0
GER-Bundesliga,2425,Dortmund,Pascal Groß,GER,"MF,DF",33,1991,25.9,5,1,0,18,12,0,178,9,29,,,0
GER-Bundesliga,2425,Dortmund,Ramy Bensebaini,ALG,DF,29,1995,22.5,6,0,0,28,24,0,35,27,27,,,0
GER-Bundesliga,2425,Dortmund,Salih Özcan,TUR,MF,26,1998,4.3,0,0,0,11,7,1,2,10,6,,,0
GER-Bundesliga,2425,Dortmund,Serhou Guirassy,GUI,FW,28,1996,28.9,4,0,0,16,53,12,1,5,6,,,0
GER-Bundesliga,2425,Dortmund,Waldemar Anton,GER,DF,28,1996,21.7,4,0,0,20,20,1,23,32,21,,,1
GER-Bundesliga,2425,Dortmund,Yan Couto,BRA,"DF,MF",22,2002,9.9,5,0,0,12,7,0,53,10,16,,,0
GER-Bundesliga,2425,Dortmund,Yannik Lührs,GER,DF,20,2003,1.4,0,0,0,2,0,0,0,1,1,,,0
GER-Bundesliga,2425,Frankfurt,Ansgar Knauff,GER,MF,22,2002,17.7,3,0,0,27,28,11,32,11,22,,,0
GER-Bundesliga,2425,Frankfurt,Arthur Theate,BEL,DF,24,2000,30.0,6,1,1,14,23,1,26,36,24,,,0
GER-Bundesliga,2425,Frankfurt,Aurèle Amenda,SUI,DF,21,2003,1.1,1,0,0,3,2,0,0,2,0,,,0
GER-Bundesliga,2425,Frankfurt,Can Uzun,TUR,MF,18,2005,7.5,1,0,0,8,16,0,17,1,3,,,0
GER-Bundesliga,2425,Frankfurt,Ellyes Skhiri,TUN,MF,29,1995,24.8,6,0,0,21,19,2,3,34,24,,,0
GER-Bundesliga,2425,Frankfurt,Elye Wahi,CIV,FW,21,2003,2.2,1,0,0,2,3,4,5,0,0,,,0
GER-Bundesliga,2425,Frankfurt,Fares Chaïbi,ALG,MF,21,2002,11.3,2,0,0,5,7,1,72,10,10,,,0
GER-Bundesliga,2425,Frankfurt,Hugo Ekitike,FRA,FW,22,2002,28.5,1,0,0,39,17,19,17,5,12,,,0
GER-Bundesliga,2425,Frankfurt,Hugo Larsson,SWE,MF,20,2004,26.6,2,0,0,21,5,2,8,33,29,,,0
GER-Bundesliga,2425,Frankfurt,Igor Matanović,CRO,FW,21,2003,3.5,0,0,0,6,11,1,0,1,0,,,0
GER-Bundesliga,2425,Frankfurt,Jean Mattéo Bahoya,FRA,MF,19,2005,10.2,3,0,0,9,7,2,31,3,19,,,0
GER-Bundesliga,2425,Frankfurt,Junior Dina Ebimbe,CMR,MF,23,2000,3.3,0,0,0,10,4,1,8,7,2,,,0
GER-Bundesliga,2425,Frankfurt,Kauã Santos,BRA,GK,21,2003,8.5,0,0,0,0,2,0,0,0,0,,,1
GER-Bundesliga,2425,Frankfurt,Kevin Trapp,GER,GK,34,1990,25.5,0,0,0,0,1,0,0,0,0,,,0
GER-Bundesliga,2425,Frankfurt,Mahmoud Dahoud,GER,MF,28,1996,4.0,2,0,0,10,2,0,4,2,4,,,0
GER-Bundesliga,2425,Frankfurt,Mario Götze,GER,MF,32,1992,17.1,1,0,0,15,15,1,39,7,28,,,0
GER-Bundesliga,2425,Frankfurt,Michy Batshuayi,BEL,FW,30,1993,3.3,2,0,0,6,2,4,1,1,1,,,0
GER-Bundesliga,2425,Frankfurt,Nathaniel Brown,GER,"MF,DF",21,2003,21.6,2,0,0,15,22,0,93,16,42,,,0
GER-Bundesliga,2425,Frankfurt,Niels Nkounkou,FRA,"MF,DF",23,2000,4.2,1,0,0,5,2,0,23,9,9,,,0
GER-Bundesliga,2425,Frankfurt,Nnamdi Collins,GER,"DF,MF",20,2004,16.5,4,0,0,26,22,0,17,18,24,,,0
GER-Bundesliga,2425,Frankfurt,Omar Marmoush,EGY,"FW,MF",25,1999,16.1,2,0,0,9,55,7,78,4,9,,,0
GER-Bundesliga,2425,Frankfurt,Oscar Højlund,DEN,MF,19,2005,8.0,0,0,0,12,3,0,1,5,12,,,0
GER-Bundesliga,2425,Frankfurt,Rasmus Kristensen,DEN,"DF,MF",27,1997,27.9,4,0,0,25,12,0,60,20,37,,,0
GER-Bundesliga,2425,Frankfurt,Robin Koch,GER,DF,28,1996,28.7,3,0,0,23,13,1,1,25,11,,,0
GER-Bundesliga,2425,Frankfurt,Timothy Chandler,USA,"DF,MF",34,1990,0.3,0,0,0,0,2,0,1,2,0,,,0
GER-Bundesliga,2425,Frankfurt,Tuta,BRA,"DF,MF",25,1999,25.3,8,0,0,30,9,0,2,42,26,,,1
GER-Bundesliga,2425,Freiburg,Christian Günter,GER,DF,31,1993,25.7,0,0,0,14,4,5,123,7,22,,,1
GER-Bundesliga,2425,Freiburg,Eren Dinkçi,GER,MF,22,2001,13.3,1,0,0,9,6,1,16,7,14,,,0
GER-Bundesliga,2425,Freiburg,Florent Muslija,KVX,"FW,MF",26,1998,1.9,0,0,0,0,2,0,14,2,4,,,0
GER-Bundesliga,2425,Freiburg,Florian Müller,GER,GK,26,1997,8.4,0,0,0,0,1,0,0,0,0,,,0
GER-Bundesliga,2425,Freiburg,Ifechukwu Ogbus,SUI,DF,18,2005,0.2,0,0,0,1,0,0,0,1,1,,,0
GER-Bundesliga,2425,Freiburg,Jan-Niklas Beste,GER,"DF,MF",25,1999,2.4,0,0,0,3,6,1,20,0,3,,,0
GER-Bundesliga,2425,Freiburg,Johan Manzambi,SUI,MF,18,2005,3.7,2,0,0,7,7,0,5,4,3,,,0
GER-Bundesliga,2425,Freiburg,Jordy Makengo,FRA,DF,22,2001,8.3,1,0,0,5,6,2,25,6,9,,,0
GER-Bundesliga,2425,Freiburg,Junior Adamu,AUT,FW,23,2001,17.2,5,1,0,37,22,17,5,11,3,,,0
GER-Bundesliga,2425,Freiburg,Kiliann Sildillia,FRA,DF,22,2002,8.9,2,0,0,10,9,1,19,10,9,,,0
GER-Bundesliga,2425,Freiburg,Lucas Höler,GER,"FW,MF",30,1994,20.7,3,0,0,31,30,8,14,6,24,,,0
GER-Bundesliga,2425,Freiburg,Lukas Kübler,GER,DF,31,1992,20.5,5,0,0,25,23,1,30,48,20,,,0
GER-Bundesliga,2425,Freiburg,Matthias Ginter,GER,DF,30,1994,28.5,5,0,0,13,26,1,12,17,17,,,0
GER-Bundesliga,2425,Freiburg,Max Rosenfelder,GER,DF,21,2003,13.9,2,0,0,8,14,1,9,8,17,,,0
GER-Bundesliga,2425,Freiburg,Maximilian Eggestein,GER,MF,27,1996,31.6,4,0,0,22,24,1,9,39,31,,,0
GER-Bundesliga,2425,Freiburg,Maximilian Philipp,GER,"FW,MF",30,1994,0.2,0,0,0,0,0,0,0,0,0,,,0
GER-Bundesliga,2425,Freiburg,Merlin Röhl,GER,MF,22,2002,10.7,2,0,0,22,19,0,12,4,9,,,0
GER-Bundesliga,2425,Freiburg,Michael Gregoritsch,AUT,FW,30,1994,7.1,2,0,0,7,5,4,1,1,2,,,0
GER-Bundesliga,2425,Freiburg,Nicolas Höfler,GER,MF,34,1990,8.8,3,0,0,12,5,0,1,14,22,,,0
GER-Bundesliga,2425,Freiburg,Noah Atubolu,GER,GK,22,2002,25.6,2,0,0,0,0,0,0,0,0,,,0
GER-Bundesliga,2425,Freiburg,Noah Weißhaupt,GER,"FW,MF",22,2001,0.9,0,0,0,1,6,0,8,0,0,,,0
GER-Bundesliga,2425,Freiburg,Patrick Osterhage,GER,MF,24,2000,25.2,6,1,1,25,22,5,21,22,29,,,0
GER-Bundesliga,2425,Freiburg,Philipp Lienhart,AUT,DF,28,1996,30.8,5,0,0,22,19,3,8,31,13,,,0
GER-Bundesliga,2425,Freiburg,Ritsu Doan,JPN,MF,26,1998,31.8,2,0,0,27,56,8,80,14,43,,,0
GER-Bundesliga,2425,Freiburg,Roland Sallai,HUN,"DF,FW",27,1997,0.5,0,0,0,0,1,0,4,1,1,,,0
GER-Bundesliga,2425,Freiburg,Vincenzo Grifo,ITA,MF,31,1993,27.0,2,0,0,15,12,2,157,8,21,,,0
GER-Bundesliga,2425,Gladbach,Alassane Pléa,FRA,MF,31,1993,21.1,3,0,0,18,33,8,44,1,4,,,0
GER-Bundesliga,2425,Gladbach,Fabio Chiarodia,ITA,DF,19,2005,4.2,0,0,0,7,0,0,0,9,4,,,0
GER-Bundesliga,2425,Gladbach,Florian Neuhaus,GER,MF,27,1997,4.2,1,0,0,4,7,0,8,6,3,,,0
GER-Bundesliga,2425,Gladbach,Franck Honorat,FRA,MF,27,1996,16.0,0,0,0,7,5,8,123,5,6,,,0
GER-Bundesliga,2425,Gladbach,Grant Ranos,ARM,FW,21,2003,0.2,1,0,0,1,0,0,0,0,0,,,0
GER-Bundesliga,2425,Gladbach,Joe Scally,USA,DF,21,2002,28.6,6,0,0,23,47,1,49,18,32,,,0
GER-Bundesliga,2425,Gladbach,Jonas Omlin,SUI,GK,30,1994,10.9,0,1,0,1,1,0,0,0,0,,,0
GER-Bundesliga,2425,Gladbach,Julian Weigl,GER,MF,28,1995,32.0,8,0,0,23,24,0,10,51,26,,,0
GER-Bundesliga,2425,Gladbach,Kevin Stöger,AUT,MF,30,1993,17.2,3,0,0,22,40,1,114,14,20,,,0
GER-Bundesliga,2425,Gladbach,Ko Itakura,JPN,DF,27,1997,31.0,5,0,0,28,12,1,8,28,29,,,0
GER-Bundesliga,2425,Gladbach,Luca Netz,GER,DF,21,2003,10.8,2,0,0,8,6,1,16,10,14,,,0
GER-Bundesliga,2425,Gladbach,Lukas Ullrich,GER,DF,20,2004,21.1,4,0,0,22,17,0,47,20,15,,,0
GER-Bundesliga,2425,Gladbach,Marvin Friedrich,GER,DF,28,1995,11.0,0,0,0,5,4,0,0,6,9,,,0
GER-Bundesliga,2425,Gladbach,Moritz Nicolas,GER,GK,26,1997,18.2,0,0,0,0,0,0,0,1,0,,,0
GER-Bundesliga,2425,Gladbach,Nathan N'Goumou,CMR,MF,24,2000,9.2,0,0,0,7,12,7,21,4,11,,,0
GER-Bundesliga,2425,Gladbach,Nico Elvedi,SUI,DF,27,1996,23.7,1,0,0,9,15,1,1,27,24,,,1
GER-Bundesliga,2425,Gladbach,Noah Pesch,CRO,FW,19,2005,0.1,0,0,0,1,0,0,0,0,0,,,0
GER-Bundesliga,2425,Gladbach,Philipp Sander,GER,MF,26,1998,15.6,2,0,0,16,7,0,22,22,17,,,0
GER-Bundesliga,2425,Gladbach,Robin Hack,GER,MF,25,1998,24.1,4,0,0,19,21,9,61,9,19,,,0
GER-Bundesliga,2425,Gladbach,Rocco Reitz,GER,MF,22,2002,20.3,1,0,0,19,38,0,23,54,24,,,0
GER-Bundesliga,2425,Gladbach,Shiō Fukuda,JPN,FW,20,2004,0.7,0,0,0,2,0,1,1,0,0,,,0
GER-Bundesliga,2425,Gladbach,Stefan Lainer,AUT,DF,31,1992,8.4,2,0,0,11,6,3,29,12,13,,,1
GER-Bundesliga,2425,Gladbach,Tiago Cardoso,LUX,GK,18,2006,4.2,0,0,0,0,0,0,0,0,0,,,0
GER-Bundesliga,2425,Gladbach,Tim Kleindienst,GER,FW,28,1995,30.4,5,1,1,75,25,23,15,13,15,,,0
GER-Bundesliga,2425,Gladbach,Tobias Sippel,GER,GK,36,1988,0.7,0,0,0,0,0,0,0,0,0,,,0
GER-Bundesliga,2425,Gladbach,Tomáš Čvančara,CZE,"MF,FW",23,2000,9.2,5,1,1,11,6,1,15,4,0,,,0
GER-Bundesliga,2425,Heidenheim,Adrian Beck,GER,"MF,FW",27,1997,17.8,1,0,0,16,14,2,31,9,17,,,0
GER-Bundesliga,2425,Heidenheim,Benedikt Gimber,GER,DF,27,1997,29.7,9,0,0,63,49,1,3,32,47,,,0
GER-Bundesliga,2425,Heidenheim,Budu Zivzivadze,GEO,FW,30,1994,10.6,0,0,0,9,15,6,5,2,11,,,0
GER-Bundesliga,2425,Heidenheim,Denis Thomalla,GER,"FW,MF",31,1992,0.0,0,0,0,0,0,0,0,0,0,,,0
GER-Bundesliga,2425,Heidenheim,Frank Feller,GER,GK,20,2004,1.3,0,0,0,0,0,0,0,0,0,,,0
GER-Bundesliga,2425,Heidenheim,Frans Krätzig,GER,"MF,DF",21,2003,13.5,1,0,0,7,4,4,38,18,18,,,0
GER-Bundesliga,2425,Heidenheim,Jan Schöppner,GER,MF,25,1999,29.8,8,0,0,31,20,2,12,43,31,,,0
GER-Bundesliga,2425,Heidenheim,Jonas Föhrenbach,GER,"DF,MF",28,1996,20.4,3,0,0,13,4,1,58,15,24,,,0
GER-Bundesliga,2425,Heidenheim,Julian Niehues,GER,MF,23,2001,1.7,1,0,0,1,2,0,0,0,1,,,0
GER-Bundesliga,2425,Heidenheim,Kevin Müller,GER,GK,33,1991,32.7,0,0,0,0,3,0,0,0,1,,,0
GER-Bundesliga,2425,Heidenheim,Lennard Maloney,USA,"MF,DF",24,1999,8.4,1,0,0,11,4,1,0,13,13,,,0
GER-Bundesliga,2425,Heidenheim,Luca Kerber,GER,MF,22,2002,8.7,4,0,0,22,8,0,3,5,16,,,0
GER-Bundesliga,2425,Heidenheim,Léo Scienza,BRA,"MF,FW",25,1998,12.8,1,0,0,16,63,5,81,5,11,,,0
GER-Bundesliga,2425,Heidenheim,Marnon Busch,GER,"DF,MF",29,1994,15.5,1,0,0,8,7,0,50,14,15,,,0
GER-Bundesliga,2425,Heidenheim,Marvin Pieringer,GER,FW,24,1999,24.5,7,0,0,50,46,15,11,8,11,,,0
GER-Bundesliga,2425,Heidenheim,Mathias Honsak,AUT,"MF,FW",27,1996,13.1,1,0,0,14,13,2,47,9,9,,,0
GER-Bundesliga,2425,Heidenheim,Maximilian Breunig,GER,FW,23,2000,3.9,0,0,0,8,5,1,1,1,4,,,0
GER-Bundesliga,2425,Heidenheim,Mikkel Kaufmann,DEN,"FW,MF",23,2001,4.1,2,0,0,5,14,0,2,2,4,,,0
GER-Bundesliga,2425,Heidenheim,Niklas Dorsch,GER,MF,26,1998,14.8,5,1,0,15,20,0,36,16,18,,,0
GER-Bundesliga,2425,Heidenheim,Norman Theuerkauf,GER,"DF,MF",37,1987,0.2,0,0,0,1,0,0,0,0,0,,,0
GER-Bundesliga,2425,Heidenheim,Omar Traoré,GER,"DF,MF",26,1998,29.1,7,0,0,23,37,1,107,21,28,,,0
GER-Bundesliga,2425,Heidenheim,Patrick Mainka,GER,DF,29,1994,34.0,3,0,0,17,21,2,5,65,32,,,0
GER-Bundesliga,2425,Heidenheim,Paul Wanner,AUT,"MF,FW",18,2005,19.7,2,0,0,23,18,1,54,3,28,,,0
GER-Bundesliga,2425,Heidenheim,Sirlord Conteh,GER,"MF,FW",28,1996,9.9,2,0,0,8,11,4,21,0,5,,,0
GER-Bundesliga,2425,Heidenheim,Stefan Schimmer,GER,FW,30,1994,2.7,1,0,0,2,1,2,2,0,0,,,0
GER-Bundesliga,2425,Heidenheim,Thomas Keller,GER,"MF,DF",24,1999,1.6,2,0,0,6,4,0,0,4,5,,,0
GER-Bundesliga,2425,Heidenheim,Tim Siersleben,GER,DF,24,2000,13.1,4,0,0,16,7,0,10,20,14,,,0
GER-Bundesliga,2425,Hoffenheim,Adam Hložek,CZE,"FW,MF",22,2002,20.8,2,0,0,16,30,6,20,4,11,,,0
GER-Bundesliga,2425,Hoffenheim,Alexander Prass,AUT,"MF,DF",23,2001,17.4,1,0,0,17,25,0,55,11,24,,,0
GER-Bundesliga,2425,Hoffenheim,Andrej Kramarić,CRO,MF,33,1991,30.7,4,0,0,12,28,9,116,9,8,,,0
GER-Bundesliga,2425,Hoffenheim,Anton Stach,GER,"MF,DF",25,1998,28.7,8,0,0,39,34,0,23,49,47,,,0
GER-Bundesliga,2425,Hoffenheim,Arthur Chaves,BRA,DF,23,2001,24.3,8,0,0,38,19,1,8,38,35,,,0
GER-Bundesliga,2425,Hoffenheim,Bazoumana Touré,CIV,"MF,FW",18,2006,6.8,1,0,0,13,3,7,25,3,10,,,0
GER-Bundesliga,2425,Hoffenheim,David Jurásek,CZE,"DF,MF",23,2000,6.9,0,0,0,1,2,1,55,7,3,,,0
GER-Bundesliga,2425,Hoffenheim,David Mokwa,FRA,FW,20,2004,0.2,0,0,0,1,0,0,0,0,0,,,0
GER-Bundesliga,2425,Hoffenheim,Dennis Geiger,GER,MF,26,1998,8.2,4,0,0,26,10,0,5,7,14,,,0
GER-Bundesliga,2425,Hoffenheim,Diadie Samassékou,MLI,MF,28,1996,3.2,0,0,0,5,4,0,0,5,6,,,0
GER-Bundesliga,2425,Hoffenheim,Erencan Yardimci,TUR,FW,22,2002,3.5,2,0,0,8,5,5,1,1,3,,,0
GER-Bundesliga,2425,Hoffenheim,Finn Ole Becker,GER,MF,24,2000,7.4,1,0,0,5,7,0,8,9,5,,,0
GER-Bundesliga,2425,Hoffenheim,Florian Grillitsch,AUT,"MF,DF",28,1995,6.7,1,0,0,4,11,0,5,9,9,,,0
GER-Bundesliga,2425,Hoffenheim,Florian Micheler,AUT,MF,19,2005,0.4,1,0,0,1,0,0,0,0,0,,,0
GER-Bundesliga,2425,Hoffenheim,Gift Orban,NGA,FW,22,2002,7.6,2,0,0,15,7,8,6,0,1,,,0
GER-Bundesliga,2425,Hoffenheim,Grischa Prömel,GER,MF,29,1995,1.9,0,0,0,0,3,0,2,1,0,,,0
GER-Bundesliga,2425,Hoffenheim,Hannes Behrens,GER,DF,19,2005,0.3,0,0,0,0,1,0,0,2,1,,,0
GER-Bundesliga,2425,Hoffenheim,Haris Tabaković,BIH,FW,30,1994,9.1,0,0,0,15,8,11,4,1,0,,,0
GER-Bundesliga,2425,Hoffenheim,Ihlas Bebou,TOG,"FW,MF",30,1994,0.1,0,0,0,0,0,0,0,0,0,,,0
GER-Bundesliga,2425,Hoffenheim,Jacob Bruun Larsen,DEN,"MF,FW",25,1998,4.4,0,0,0,2,2,3,19,1,3,,,0
GER-Bundesliga,2425,Hoffenheim,Kevin Akpoguma,NGA,DF,29,1995,24.7,3,0,0,24,23,1,12,25,26,,,0
GER-Bundesliga,2425,Hoffenheim,Leo Østigård,NOR,DF,24,1999,10.3,0,1,0,18,5,1,2,10,7,,,1
GER-Bundesliga,2425,Hoffenheim,Luca Philipp,GER,GK,23,2000,6.0,0,0,0,0,0,0,0,0,0,,,0
GER-Bundesliga,2425,Hoffenheim,Marius Bülter,GER,"MF,FW",31,1993,19.2,4,0,0,11,36,6,86,4,10,,,0
GER-Bundesliga,2425,Hoffenheim,Max Moerstedt,GER,"FW,MF",18,2006,5.0,2,0,0,6,10,1,0,0,3,,,0
GER-Bundesliga,2425,Hoffenheim,Mergim Berisha,GER,FW,26,1998,3.7,1,0,0,5,5,3,3,0,2,,,0
GER-Bundesliga,2425,Hoffenheim,Oliver Baumann,GER,GK,34,1990,28.0,1,0,0,0,6,0,0,0,2,,,0
GER-Bundesliga,2425,Hoffenheim,Paul Hennrich,GER,MF,19,2005,0.1,0,0,0,0,0,0,0,0,0,,,0
GER-Bundesliga,2425,Hoffenheim,Pavel Kadeřábek,CZE,"MF,DF",32,1992,17.5,6,0,0,21,8,4,73,21,14,,,0
GER-Bundesliga,2425,Hoffenheim,Robin Hranáč,CZE,DF,24,2000,2.4,0,0,0,5,0,0,0,5,0,,,0
GER-Bundesliga,2425,Hoffenheim,Stanley N'Soki,FRA,DF,25,1999,14.5,3,1,0,12,6,0,1,28,18,,,2
GER-Bundesliga,2425,Hoffenheim,Tim Drexler,GER,DF,19,2005,4.0,2,0,0,8,2,0,1,0,8,,,0
GER-Bundesliga,2425,Hoffenheim,Tom Bischof,GER,MF,19,2005,28.4,5,0,0,46,33,1,145,32,54,,,0
GER-Bundesliga,2425,Hoffenheim,Umut Tohumcu,GER,MF,19,2004,4.2,3,0,0,6,6,0,8,3,6,,,0
GER-Bundesliga,2425,Hoffenheim,Valentin Gendrey,FRA,"DF,MF",24,2000,15.7,1,0,0,12,27,2,51,15,13,,,0
GER-Bundesliga,2425,Holstein Kiel,Alexander Bernhardsson,SWE,"FW,MF",25,1998,14.0,3,0,0,21,15,2,34,5,14,,,0
GER-Bundesliga,2425,Holstein Kiel,Andu Kelati,GER,MF,21,2002,3.2,2,1,1,4,5,0,6,3,4,,,0
GER-Bundesliga,2425,Holstein Kiel,Armin Gigovic,BIH,MF,22,2002,21.1,5,0,0,22,28,2,14,22,14,,,0
GER-Bundesliga,2425,Holstein Kiel,Benedikt Pichler,AUT,FW,27,1997,8.7,1,0,0,14,16,13,10,2,3,,,0
GER-Bundesliga,2425,Holstein Kiel,Carl Johansson,SWE,DF,30,1994,6.3,0,1,0,5,4,0,0,11,2,,,0
GER-Bundesliga,2425,Holstein Kiel,David Zec,SVN,DF,24,2000,17.1,5,0,0,21,8,3,1,14,10,,,0
GER-Bundesliga,2425,Holstein Kiel,Dominik Javorček,SVK,"MF,DF",21,2002,4.3,2,0,0,7,6,1,21,5,0,,,0
GER-Bundesliga,2425,Holstein Kiel,Finn Porath,GER,MF,27,1997,21.9,3,0,0,31,37,0,84,19,27,,,0
GER-Bundesliga,2425,Holstein Kiel,Ivan Nekić,CRO,DF,23,2000,0.8,0,0,0,1,0,0,0,3,1,,,0
GER-Bundesliga,2425,Holstein Kiel,Jann-Fiete Arp,GER,FW,24,2000,7.9,8,1,1,20,18,2,24,3,10,,,0
GER-Bundesliga,2425,Holstein Kiel,John Tolkin,USA,"MF,DF",22,2002,8.2,0,0,0,2,9,0,37,8,11,,,0
GER-Bundesliga,2425,Holstein Kiel,Lasse Rosenboom,GER,MF,22,2002,19.3,3,0,0,19,12,0,18,19,35,,,0
GER-Bundesliga,2425,Holstein Kiel,Lewis Holtby,GER,MF,33,1990,13.8,1,1,0,13,23,0,46,19,19,,,0
GER-Bundesliga,2425,Holstein Kiel,Magnus Knudsen,NOR,MF,23,2001,20.6,7,0,0,27,10,0,7,10,30,,,0
GER-Bundesliga,2425,Holstein Kiel,Marco Komenda,CRO,DF,27,1996,14.5,3,0,0,16,13,0,15,7,17,,,0
GER-Bundesliga,2425,Holstein Kiel,Marko Ivezić,SRB,DF,22,2001,18.4,5,0,0,27,5,1,2,26,18,,,0
GER-Bundesliga,2425,Holstein Kiel,Marvin Schulz,GER,"DF,MF",29,1995,3.4,3,0,0,6,1,0,12,0,4,,,0
GER-Bundesliga,2425,Holstein Kiel,Max Geschwill,GER,DF,23,2001,14.2,2,0,0,13,9,1,10,31,22,,,1
GER-Bundesliga,2425,Holstein Kiel,Nicolai Remberg,GER,MF,24,2000,26.9,11,0,0,43,45,2,8,29,24,,,2
GER-Bundesliga,2425,Holstein Kiel,Patrick Erras,GER,DF,29,1995,9.2,2,0,0,10,0,0,0,9,6,,,0
GER-Bundesliga,2425,Holstein Kiel,Phil Harres,GER,FW,22,2002,17.2,3,0,0,35,20,5,6,4,9,,,0
GER-Bundesliga,2425,Holstein Kiel,Shuto Machino,JPN,"FW,MF",24,1999,21.7,2,0,0,20,25,9,33,7,5,,,0
GER-Bundesliga,2425,Holstein Kiel,Steven Skrzybski,GER,"FW,MF",31,1992,14.7,0,0,0,16,22,2,30,13,8,,,0
GER-Bundesliga,2425,Holstein Kiel,Thomas Dähne,GER,GK,30,1994,9.0,0,0,0,1,1,0,0,0,0,,,0
GER-Bundesliga,2425,Holstein Kiel,Timo Becker,GER,"DF,MF",27,1997,27.2,2,0,0,9,9,0,22,17,35,,,0
GER-Bundesliga,2425,Holstein Kiel,Timon Weiner,GER,GK,25,1999,25.0,4,0,0,2,3,0,0,0,0,,,0
GER-Bundesliga,2425,Holstein Kiel,Tymoteusz Puchacz,POL,MF,25,1999,4.4,0,0,0,2,7,1,38,3,5,,,0
GER-Bundesliga,2425,Leverkusen,Aleix García,ESP,MF,27,1997,16.2,3,0,0,8,9,1,93,14,9,,,0
GER-Bundesliga,2425,Leverkusen,Amine Adli,MAR,"MF,FW",24,2000,8.5,3,0,0,15,9,7,33,1,9,,,0
GER-Bundesliga,2425,Leverkusen,Arthur,BRA,"MF,DF",21,2003,8.4,1,0,0,20,6,0,16,9,12,,,0
GER-Bundesliga,2425,Leverkusen,Edmond Tapsoba,BFA,DF,25,1999,27.9,4,0,0,34,6,1,8,24,21,,,1
GER-Bundesliga,2425,Leverkusen,Emi Buendía,ARG,MF,27,1996,2.9,0,0,0,6,7,0,3,1,5,,,0
GER-Bundesliga,2425,Leverkusen,Exequiel Palacios,ARG,MF,25,1998,12.8,2,0,0,9,18,1,4,12,15,,,0
GER-Bundesliga,2425,Leverkusen,Florian Wirtz,GER,MF,21,2003,26.1,3,0,0,22,39,11,102,9,22,,,0
GER-Bundesliga,2425,Leverkusen,Granit Xhaka,SUI,MF,31,1992,32.1,3,0,0,34,34,0,30,11,27,,,1
GER-Bundesliga,2425,Leverkusen,Jeanuël Belocian,FRA,DF,19,2005,0.8,1,0,0,1,4,0,0,0,1,,,0
GER-Bundesliga,2425,Leverkusen,Jeremie Frimpong,NED,MF,23,2000,25.7,4,0,0,20,31,9,113,8,24,,,0
GER-Bundesliga,2425,Leverkusen,Jonas Hofmann,GER,MF,32,1992,4.0,1,0,0,1,9,0,5,0,0,,,0
GER-Bundesliga,2425,Leverkusen,Jonathan Tah,GER,DF,28,1996,33.0,3,0,0,16,5,0,7,37,14,,,0
GER-Bundesliga,2425,Leverkusen,Lukáš Hrádecký,FIN,GK,34,1989,29.0,1,0,0,0,2,0,0,0,0,,,0
GER-Bundesliga,2425,Leverkusen,Mario Hermoso,ESP,DF,29,1995,3.3,0,0,0,2,1,0,4,9,0,,,0
GER-Bundesliga,2425,Leverkusen,Martin Terrier,FRA,"MF,FW",27,1997,6.5,1,0,0,2,9,2,5,1,2,,,0
GER-Bundesliga,2425,Leverkusen,Matej Kovar,CZE,GK,24,2000,5.0,0,0,0,0,1,0,0,0,0,,,0
GER-Bundesliga,2425,Leverkusen,Nathan Tella,NGA,"MF,FW",25,1999,15.1,1,0,0,22,32,10,25,5,11,,,0
GER-Bundesliga,2425,Leverkusen,Nordi Mukiele,FRA,"DF,MF",26,1997,10.0,4,0,0,6,14,1,13,16,17,,,1
GER-Bundesliga,2425,Leverkusen,Patrik Schick,CZE,FW,28,1996,18.7,4,0,0,23,23,7,1,4,5,,,0
GER-Bundesliga,2425,Leverkusen,Piero Hincapié,ECU,DF,22,2002,29.7,8,0,0,26,43,0,36,32,40,,,1
GER-Bundesliga,2425,Leverkusen,Robert Andrich,GER,"MF,DF",29,1994,17.8,7,0,0,29,17,0,12,27,12,,,0
GER-Bundesliga,2425,Leverkusen,Victor Boniface,NGA,FW,23,2000,11.2,2,0,0,14,8,6,6,0,4,,,0
GER-Bundesliga,2425,Leverkusen,Álex Grimaldo,ESP,MF,28,1995,29.3,6,1,1,15,25,8,217,17,15,,,0
GER-Bundesliga,2425,Mainz 05,Andreas Hanche-Olsen,NOR,DF,27,1997,14.3,4,1,1,20,8,0,1,11,14,,,0
GER-Bundesliga,2425,Mainz 05,Anthony Caci,FRA,MF,27,1997,29.8,6,0,0,37,11,15,134,27,37,,,0
GER-Bundesliga,2425,Mainz 05,Armindo Sieb,GER,"MF,FW",21,2003,8.5,2,0,0,13,13,10,6,1,5,,,0
GER-Bundesliga,2425,Mainz 05,Arnaud Nordin,FRA,"FW,MF",26,1998,0.9,0,0,0,1,3,0,9,0,0,,,0
GER-Bundesliga,2425,Mainz 05,Aymen Barkok,MAR,MF,26,1998,0.8,0,0,0,2,1,0,5,2,1,,,0
GER-Bundesliga,2425,Mainz 05,Danny da Costa,GER,DF,31,1993,22.3,0,0,0,19,4,0,22,29,24,,,0
GER-Bundesliga,2425,Mainz 05,Dominik Kohr,GER,"DF,MF",30,1994,25.5,11,1,0,46,36,1,14,42,46,,,0
GER-Bundesliga,2425,Mainz 05,Gabriel Vidovic,CRO,MF,20,2003,0.0,0,0,0,0,1,0,0,0,0,,,0
GER-Bundesliga,2425,Mainz 05,Hong Hyunseok,KOR,MF,25,1999,5.9,0,0,0,3,8,1,4,7,3,,,0
GER-Bundesliga,2425,Mainz 05,Jonathan Burkardt,GER,FW,24,2000,23.4,0,0,0,23,24,11,27,1,7,,,0
GER-Bundesliga,2425,Mainz 05,Kaishū Sano,JPN,MF,23,2000,33.8,3,0,0,16,33,2,11,63,33,,,0
GER-Bundesliga,2425,Mainz 05,Karim Onisiwo,AUT,MF,32,1992,1.2,0,0,0,3,2,1,2,0,0,,,0
GER-Bundesliga,2425,Mainz 05,Lasse Rieß,GER,GK,23,2001,2.0,0,0,0,0,0,0,0,0,0,,,0
GER-Bundesliga,2425,Mainz 05,Lee Jae-sung,KOR,MF,31,1992,29.4,4,0,0,23,40,9,31,37,24,,,0
GER-Bundesliga,2425,Mainz 05,Lennard Maloney,USA,"DF,MF",24,1999,0.3,1,0,0,2,0,0,0,0,1,,,0
GER-Bundesliga,2425,Mainz 05,Maxim Leitsch,GER,DF,26,1998,7.5,2,0,0,10,4,0,3,8,4,,,0
GER-Bundesliga,2425,Mainz 05,Moritz Jenz,GER,DF,25,1999,17.8,4,0,0,27,6,1,0,29,23,,,0
GER-Bundesliga,2425,Mainz 05,Nadiem Amiri,GER,MF,27,1996,27.5,9,2,1,44,51,2,165,19,28,,,0
GER-Bundesliga,2425,Mainz 05,Nelson Weiper,GER,FW,19,2005,7.8,2,0,0,19,0,7,6,2,4,,,0
GER-Bundesliga,2425,Mainz 05,Nikolas Veratschnig,AUT,MF,21,2003,4.0,1,0,0,9,6,4,7,4,7,,,0
GER-Bundesliga,2425,Mainz 05,Paul Nebel,GER,MF,21,2002,26.1,5,1,1,37,38,5,111,14,27,,,0
GER-Bundesliga,2425,Mainz 05,Phillipp Mwene,AUT,MF,30,1994,29.0,7,0,0,24,24,3,86,24,30,,,0
GER-Bundesliga,2425,Mainz 05,Robin Zentner,GER,GK,29,1994,32.0,3,0,0,1,2,0,0,0,1,,,0
GER-Bundesliga,2425,Mainz 05,Silvan Widmer,SUI,MF,31,1993,5.6,3,0,0,5,4,2,12,5,5,,,0
GER-Bundesliga,2425,Mainz 05,Stefan Bell,GER,DF,32,1991,16.0,4,0,0,24,10,3,0,28,11,,,0
GER-Bundesliga,2425,RB Leipzig,Amadou Haidara,MLI,MF,26,1998,14.7,7,0,0,23,8,0,12,18,17,,,0
GER-Bundesliga,2425,RB Leipzig,André Silva,POR,FW,28,1995,1.5,0,0,0,0,2,0,0,0,1,,,0
GER-Bundesliga,2425,RB Leipzig,Antonio Nusa,NOR,"MF,DF",19,2005,17.3,0,0,0,14,28,9,35,8,17,,,0
GER-Bundesliga,2425,RB Leipzig,Arthur Vermeeren,BEL,MF,19,2005,17.5,7,0,0,22,1,0,3,23,20,,,0
GER-Bundesliga,2425,RB Leipzig,Assan Ouédraogo,GER,MF,18,2006,0.6,0,0,0,1,3,0,1,0,0,,,0
GER-Bundesliga,2425,RB Leipzig,Benjamin Henrichs,GER,"DF,MF",27,1997,10.4,3,0,0,13,9,0,19,15,16,,,0
GER-Bundesliga,2425,RB Leipzig,Benjamin Šeško,SVN,"FW,MF",21,2003,26.4,2,1,1,26,20,18,7,4,3,,,0
GER-Bundesliga,2425,RB Leipzig,Castello Lukeba,FRA,DF,21,2002,17.5,2,0,0,12,15,0,11,18,18,,,0
GER-Bundesliga,2425,RB Leipzig,Christoph Baumgartner,AUT,"MF,FW",24,1999,17.9,5,0,0,44,29,4,14,12,25,,,0
GER-Bundesliga,2425,RB Leipzig,David Raum,GER,"MF,DF",26,1998,19.8,5,0,0,23,10,6,188,10,28,,,0
GER-Bundesliga,2425,RB Leipzig,El Chadaille Bitshiabu,FRA,DF,19,2005,12.6,2,1,0,8,2,0,4,13,19,,,0
GER-Bundesliga,2425,RB Leipzig,Elif Elmas,MKD,"FW,MF",24,1999,0.5,1,0,0,2,0,1,0,0,1,,,0
GER-Bundesliga,2425,RB Leipzig,Faik Sakar,GER,MF,16,2008,0.0,0,0,0,0,0,0,0,0,0,,,0
GER-Bundesliga,2425,RB Leipzig,Kevin Kampl,SVN,MF,33,1990,17.7,5,0,0,20,7,1,29,22,20,,,0
GER-Bundesliga,2425,RB Leipzig,Kosta Nedeljković,SRB,"DF,MF",18,2005,5.3,1,0,0,7,1,1,17,2,8,,,0
GER-Bundesliga,2425,RB Leipzig,Loïs Openda,BEL,FW,24,2000,27.3,5,1,1,29,77,27,27,5,4,,,0
GER-Bundesliga,2425,RB Leipzig,Lukas Klostermann,GER,DF,28,1996,20.4,5,0,0,13,7,0,12,25,14,,,0
GER-Bundesliga,2425,RB Leipzig,Lutsharel Geertruida,NED,DF,24,2000,17.3,2,0,0,17,6,1,13,16,24,,,0
GER-Bundesliga,2425,RB Leipzig,Maarten Vandevoordt,BEL,GK,22,2002,4.8,0,0,0,0,0,0,0,0,0,,,0
GER-Bundesliga,2425,RB Leipzig,Mohamed Simakan,FRA,DF,24,2000,0.6,0,0,0,0,1,0,1,2,0,,,0
GER-Bundesliga,2425,RB Leipzig,Nicolas Seiwald,AUT,"MF,DF",23,2001,23.2,2,0,0,27,2,0,46,31,32,,,0
GER-Bundesliga,2425,RB Leipzig,Péter Gulácsi,HUN,GK,34,1990,29.2,0,0,0,0,1,0,0,0,1,,,0
GER-Bundesliga,2425,RB Leipzig,Ridle Baku,GER,MF,26,1998,14.2,1,0,0,13,14,3,33,11,19,,,0
GER-Bundesliga,2425,RB Leipzig,Tidiam Gomis,FRA,FW,17,2006,1.7,2,0,0,3,2,2,4,1,0,,,0
GER-Bundesliga,2425,RB Leipzig,Viggo Gebel,GER,MF,16,2007,0.2,0,0,0,0,1,0,0,0,0,,,0
GER-Bundesliga,2425,RB Leipzig,Willi Orban,HUN,DF,31,1992,24.7,4,2,0,23,14,4,5,20,24,,,0
GER-Bundesliga,2425,RB Leipzig,Xaver Schlager,AUT,MF,26,1997,2.0,1,0,0,4,3,0,1,0,1,,,0
GER-Bundesliga,2425,RB Leipzig,Xavi Simons,NED,MF,21,2003,23.9,5,0,0,24,56,5,80,13,22,,,0
GER-Bundesliga,2425,RB Leipzig,Yussuf Poulsen,DEN,"MF,FW",30,1994,4.2,1,0,0,8,14,1,2,0,5,,,0
GER-Bundesliga,2425,St Pauli,Abdoulie Ceesay,GAM,FW,20,2004,0.7,1,0,0,2,3,0,0,0,3,,,0
GER-Bundesliga,2425,St Pauli,Adam Dźwigała,POL,DF,28,1995,4.1,2,1,0,5,3,0,3,3,10,,,0
GER-Bundesliga,2425,St Pauli,Andreas Albers,DEN,"FW,MF",34,1990,0.7,0,0,0,3,2,0,0,0,0,,,0
GER-Bundesliga,2425,St Pauli,Ben Alexander Voll,GER,GK,23,2000,1.0,1,0,0,0,0,0,0,0,0,,,0
GER-Bundesliga,2425,St Pauli,Carlo Boukhalfa,MAR,MF,25,1999,18.3,1,0,0,18,17,2,11,10,11,,,0
GER-Bundesliga,2425,St Pauli,Connor Metcalfe,AUS,"MF,FW",24,1999,4.0,2,1,1,5,4,0,7,3,0,,,0
GER-Bundesliga,2425,St Pauli,Danel Sinani,LUX,"FW,MF",27,1997,13.9,3,0,0,25,14,4,70,2,11,,,0
GER-Bundesliga,2425,St Pauli,Dapo Afolayan,ENG,"FW,MF",26,1997,18.2,3,0,0,21,42,9,50,8,8,,,0
GER-Bundesliga,2425,St Pauli,David Nemeth,AUT,DF,23,2001,23.7,3,0,0,21,14,0,7,18,29,,,0
GER-Bundesliga,2425,St Pauli,Elias Saad,TUN,"FW,MF",24,1999,10.0,1,0,0,17,24,7,14,4,14,,,0
GER-Bundesliga,2425,St Pauli,Eric Smith,SWE,"DF,MF",27,1997,31.4,7,0,0,27,24,3,100,37,27,,,0
GER-Bundesliga,2425,St Pauli,Erik Ahlstrand,SWE,MF,22,2001,0.5,0,0,0,0,0,1,0,1,0,,,0
GER-Bundesliga,2425,St Pauli,Finley Stevens,WAL,DF,21,2003,0.0,0,0,0,0,0,0,0,0,0,,,0
GER-Bundesliga,2425,St Pauli,Hauke Wahl,GER,DF,30,1994,33.0,1,0,0,13,15,2,8,29,29,,,0
GER-Bundesliga,2425,St Pauli,Jackson Irvine,AUS,MF,31,1993,29.0,2,0,0,38,16,2,17,35,29,,,0
GER-Bundesliga,2425,St Pauli,James Sands,USA,MF,24,2000,5.0,1,0,0,11,5,1,2,6,7,,,0
GER-Bundesliga,2425,St Pauli,Johannes Eggestein,GER,FW,26,1998,20.6,3,0,0,12,12,14,35,0,4,,,0
GER-Bundesliga,2425,St Pauli,Karol Mets,EST,DF,31,1993,10.0,1,0,0,7,5,0,3,11,8,,,0
GER-Bundesliga,2425,St Pauli,Lars Ritzka,GER,"MF,DF",26,1998,10.2,1,0,0,10,6,1,19,10,28,,,0
GER-Bundesliga,2425,St Pauli,Manolis Saliakas,GRE,MF,27,1996,25.7,4,0,0,16,15,0,83,16,23,,,0
GER-Bundesliga,2425,St Pauli,Maurides,BRA,FW,30,1994,0.0,0,0,0,0,0,0,0,0,0,,,0
GER-Bundesliga,2425,St Pauli,Morgan Guilavogui,GUI,"FW,MF",26,1998,20.1,6,0,0,47,34,11,10,13,19,,,0
GER-Bundesliga,2425,St Pauli,Nikola Vasilj,BIH,GK,28,1995,33.0,2,1,1,1,1,0,0,0,0,,,0
GER-Bundesliga,2425,St Pauli,Noah Weißhaupt,GER,"FW,MF",22,2001,12.9,0,0,0,10,42,6,72,1,6,,,0
GER-Bundesliga,2425,St Pauli,Philipp Treu,GER,MF,23,2000,32.0,2,0,0,20,36,2,59,22,43,,,1
GER-Bundesliga,2425,St Pauli,Robert Wagner,GER,MF,21,2003,4.5,1,0,0,6,5,0,2,2,4,,,0
GER-Bundesliga,2425,St Pauli,Scott Banks,SCO,MF,22,2001,1.3,1,0,0,2,4,0,6,2,1,,,0
GER-Bundesliga,2425,St Pauli,Siebe Van Der Heyden,BEL,"DF,MF",26,1998,9.7,4,1,1,16,9,0,18,15,10,,,0
GER-Bundesliga,2425,Stuttgart,Alexander Nübel,GER,GK,27,1996,34.0,0,0,0,0,4,0,0,0,0,,,0
GER-Bundesliga,2425,Stuttgart,Ameen Al-Dakhil,BEL,DF,22,2002,4.8,0,1,0,4,5,0,0,9,6,,,0
GER-Bundesliga,2425,Stuttgart,Angelo Stiller,GER,MF,23,2001,30.5,6,0,0,21,48,1,94,26,26,,,1
GER-Bundesliga,2425,Stuttgart,Anrie Chase,JPN,DF,20,2004,8.2,1,0,0,12,2,0,4,9,5,,,0
GER-Bundesliga,2425,Stuttgart,Anthony Rouault,FRA,DF,23,2001,13.5,1,0,0,19,8,0,1,17,11,,,0
GER-Bundesliga,2425,Stuttgart,Atakan Karazor,TUR,MF,27,1996,29.1,10,1,1,37,59,2,4,33,32,,,0
GER-Bundesliga,2425,Stuttgart,Chris Führich,GER,MF,26,1998,22.0,1,0,0,9,6,1,83,7,11,,,0
GER-Bundesliga,2425,Stuttgart,Dan-Axel Zagadou,FRA,DF,25,1999,0.3,1,0,0,1,0,0,0,1,0,,,0
GER-Bundesliga,2425,Stuttgart,Deniz Undav,GER,"FW,MF",28,1996,19.2,4,0,0,25,22,12,11,2,10,,,0
GER-Bundesliga,2425,Stuttgart,El Bilal Touré,MLI,FW,22,2001,4.0,0,0,0,9,3,1,0,0,1,,,0
GER-Bundesliga,2425,Stuttgart,Enzo Millot,FRA,MF,22,2002,20.5,9,0,0,25,37,3,41,13,13,,,0
GER-Bundesliga,2425,Stuttgart,Ermedin Demirović,BIH,FW,26,1998,20.6,2,0,0,24,27,18,3,1,7,,,0
GER-Bundesliga,2425,Stuttgart,Fabian Rieder,SUI,MF,22,2002,9.6,1,0,0,14,11,0,40,11,15,,,0
GER-Bundesliga,2425,Stuttgart,Finn Jeltsch,GER,DF,18,2006,8.7,2,0,0,7,5,0,3,13,14,,,0
GER-Bundesliga,2425,Stuttgart,Frans Krätzig,GER,DF,21,2003,0.6,0,0,0,1,0,0,1,0,1,,,0
GER-Bundesliga,2425,Stuttgart,Jacob Bruun Larsen,DEN,MF,25,1998,4.6,1,0,0,2,2,6,17,1,1,,,0
GER-Bundesliga,2425,Stuttgart,Jamie Leweling,GER,MF,23,2001,18.5,4,0,0,17,29,4,57,11,7,,,0
GER-Bundesliga,2425,Stuttgart,Jarzinho Malanga,GER,MF,18,2006,0.0,0,0,0,0,0,0,0,0,0,,,0
GER-Bundesliga,2425,Stuttgart,Josha Vagnoman,GER,"DF,MF",23,2000,20.4,4,0,0,18,20,0,44,14,13,,,0
GER-Bundesliga,2425,Stuttgart,Julian Chabot,GER,DF,26,1998,25.2,11,1,1,35,28,5,2,35,25,,,0
GER-Bundesliga,2425,Stuttgart,Justin Diehl,GER,MF,19,2004,1.2,0,0,0,2,0,0,10,0,0,,,0
GER-Bundesliga,2425,Stuttgart,Leonidas Stergiou,SUI,DF,22,2002,9.5,0,1,0,6,0,1,14,14,11,,,0
GER-Bundesliga,2425,Stuttgart,Luca Jaquez,SUI,DF,21,2003,2.8,0,0,0,4,0,0,1,3,0,,,0
GER-Bundesliga,2425,Stuttgart,Maximilian Mittelstädt,GER,"DF,MF",27,1997,27.4,5,0,0,24,38,2,166,47,55,,,0
GER-Bundesliga,2425,Stuttgart,Nick Woltemade,GER,"FW,MF",22,2002,18.0,5,1,1,24,35,6,6,1,6,,,0
GER-Bundesliga,2425,Stuttgart,Nikolas Nartey,DEN,MF,24,2000,0.2,0,0,0,0,0,0,0,0,0,,,0
GER-Bundesliga,2425,Stuttgart,Pascal Stenzel,GER,DF,28,1996,3.2,0,0,0,4,2,0,27,2,2,,,0
GER-Bundesliga,2425,Stuttgart,Ramon Hendriks,NED,DF,23,2001,12.8,3,0,0,12,14,0,12,15,11,,,0
GER-Bundesliga,2425,Stuttgart,Yannik Keitel,GER,MF,24,2000,3.0,1,0,0,2,6,0,2,4,6,,,0
GER-Bundesliga,2425,Union Berlin,Alexander Schwolow,GER,GK,32,1992,6.0,0,0,0,0,0,0,0,0,0,,,0
GER-Bundesliga,2425,Union Berlin,Aljoscha Kemlein,GER,MF,19,2004,10.2,3,0,0,15,2,1,5,7,5,,,0
GER-Bundesliga,2425,Union Berlin,Andrej Ilic,SRB,FW,24,2000,10.4,1,0,0,14,8,8,3,3,2,,,0
GER-Bundesliga,2425,Union Berlin,András Schäfer,HUN,MF,25,1999,17.0,3,0,0,27,33,0,17,24,25,,,0
GER-Bundesliga,2425,Union Berlin,Benedict Hollerbach,GER,"FW,MF",23,2001,28.2,3,0,0,43,45,17,73,3,20,,,0
GER-Bundesliga,2425,Union Berlin,Christopher Trimmel,AUT,"MF,DF",37,1987,19.3,5,0,0,14,5,1,109,17,24,,,0
GER-Bundesliga,2425,Union Berlin,Danilho Doekhi,NED,DF,26,1998,34.0,4,0,0,36,14,2,10,44,23,,,0
GER-Bundesliga,2425,Union Berlin,David Preu,GER,MF,19,2004,1.3,1,0,0,1,1,1,4,0,0,,,0
GER-Bundesliga,2425,Union Berlin,Diogo Leite,POR,DF,25,1999,28.3,3,0,0,25,37,2,9,53,34,,,1
GER-Bundesliga,2425,Union Berlin,Frederik Rønnow,DEN,GK,31,1992,28.0,2,0,0,0,4,0,0,0,0,,,0
GER-Bundesliga,2425,Union Berlin,Ivan Prtajin,CRO,FW,28,1996,1.8,0,0,0,1,1,2,3,0,2,,,0
GER-Bundesliga,2425,Union Berlin,Janik Haberer,GER,MF,30,1994,18.8,1,0,0,21,15,3,15,18,28,,,0
GER-Bundesliga,2425,Union Berlin,Jeong Woo-yeong,KOR,"MF,FW",24,1999,14.0,2,0,0,16,15,4,37,11,7,,,0
GER-Bundesliga,2425,Union Berlin,Jordan Pefok,USA,FW,28,1996,10.1,2,0,0,22,15,7,0,4,6,,,0
GER-Bundesliga,2425,Union Berlin,Josip Juranović,CRO,"MF,DF",28,1995,12.9,4,0,0,8,6,1,77,6,13,,,0
GER-Bundesliga,2425,Union Berlin,Jérôme Roussillon,GLP,DF,31,1993,1.5,0,0,0,1,3,0,10,2,0,,,0
GER-Bundesliga,2425,Union Berlin,Kevin Vogt,GER,DF,32,1991,15.2,6,0,0,10,7,0,0,9,7,,,0
GER-Bundesliga,2425,Union Berlin,Kevin Volland,GER,"FW,MF",32,1992,0.7,1,0,0,3,0,0,0,0,0,,,0
GER-Bundesliga,2425,Union Berlin,Leopold Querfeld,AUT,DF,20,2003,19.4,8,0,0,20,13,0,1,17,15,,,0
GER-Bundesliga,2425,Union Berlin,Lucas Tousart,FRA,MF,27,1997,6.2,2,0,0,11,6,0,2,6,9,,,0
GER-Bundesliga,2425,Union Berlin,László Bénes,SVK,"MF,FW",26,1997,6.5,4,0,0,10,4,1,49,4,3,,,0
GER-Bundesliga,2425,Union Berlin,Marin Ljubicic,CRO,FW,22,2002,3.1,1,0,0,9,8,1,1,0,1,,,0
GER-Bundesliga,2425,Union Berlin,Rani Khedira,TUN,MF,30,1994,30.3,7,0,0,44,19,1,22,47,42,,,0
GER-Bundesliga,2425,Union Berlin,Robert Skov,DEN,"MF,DF",28,1996,9.5,1,0,0,14,10,1,62,9,10,,,0
GER-Bundesliga,2425,Union Berlin,Robin Gosens,GER,MF,30,1994,1.0,1,0,0,5,0,0,1,1,0,,,0
GER-Bundesliga,2425,Union Berlin,Tim Skarke,GER,"FW,MF",27,1996,12.9,1,0,0,10,15,10,28,5,12,,,0
GER-Bundesliga,2425,Union Berlin,Tom Rothe,GER,"MF,DF",19,2004,18.6,4,1,0,25,11,2,46,18,30,,,0
GER-Bundesliga,2425,Union Berlin,Yorbe Vertessen,BEL,"MF,FW",23,2001,8.0,2,0,0,14,17,2,23,3,4,,,0
GER-Bundesliga,2425,Werder Bremen,Amos Pieper,GER,DF,26,1998,16.6,3,0,0,11,11,0,4,23,17,,,0
GER-Bundesliga,2425,Werder Bremen,André Silva,POR,FW,28,1995,4.2,1,0,0,4,7,2,2,0,2,,,0
GER-Bundesliga,2425,Werder Bremen,Anthony Jung,GER,DF,32,1991,21.1,1,0,0,9,15,2,4,26,21,,,0
GER-Bundesliga,2425,Werder Bremen,Derrick Köhn,GHA,"MF,DF",25,1999,14.9,2,0,0,14,19,4,56,11,12,,,0
GER-Bundesliga,2425,Werder Bremen,Felix Agu,NGA,MF,24,1999,19.5,1,0,0,11,43,4,50,19,16,,,1
GER-Bundesliga,2425,Werder Bremen,Issa Kaboré,BFA,MF,23,2001,3.4,0,0,0,4,8,1,19,2,5,,,0
GER-Bundesliga,2425,Werder Bremen,Jens Stage,DEN,MF,27,1996,24.5,10,0,0,37,30,4,24,18,29,,,0
GER-Bundesliga,2425,Werder Bremen,Julián Malatini,ARG,DF,23,2001,5.0,1,0,0,9,5,0,3,7,9,,,0
GER-Bundesliga,2425,Werder Bremen,Justin Njinmah,GER,"FW,MF",23,2000,10.6,1,0,0,7,17,12,19,4,1,,,0
GER-Bundesliga,2425,Werder Bremen,Keke Topp,GER,FW,20,2004,2.8,1,0,0,8,6,2,6,1,1,,,0
GER-Bundesliga,2425,Werder Bremen,Leonardo Bittencourt,GER,MF,30,1993,10.9,3,0,0,15,19,2,23,15,8,,,0
GER-Bundesliga,2425,Werder Bremen,Marco Friedl,AUT,DF,26,1998,24.0,10,2,1,26,16,3,2,36,41,,,2
GER-Bundesliga,2425,Werder Bremen,Marco Grüll,AUT,"FW,MF",26,1998,13.1,1,0,0,22,31,6,21,5,10,,,0
GER-Bundesliga,2425,Werder Bremen,Marvin Ducksch,GER,FW,30,1994,26.9,3,0,0,6,17,14,169,7,6,,,0
GER-Bundesliga,2425,Werder Bremen,Michael Zetterer,GER,GK,29,1995,34.0,2,0,0,0,6,0,0,1,0,,,0
GER-Bundesliga,2425,Werder Bremen,Miloš Veljković,SRB,DF,28,1995,11.4,1,0,0,5,3,2,9,3,5,,,0
GER-Bundesliga,2425,Werder Bremen,Mitchell Weiser,GER,MF,30,1994,31.9,9,1,1,30,45,1,80,22,42,,,0
GER-Bundesliga,2425,Werder Bremen,Niklas Stark,GER,DF,29,1995,23.4,6,1,1,30,28,2,4,36,24,,,0
GER-Bundesliga,2425,Werder Bremen,Oliver Burke,SCO,FW,27,1997,10.1,4,0,0,12,2,8,20,2,4,,,0
GER-Bundesliga,2425,Werder Bremen,Olivier Deman,BEL,"DF,FW",24,2000,0.7,1,0,0,1,2,0,6,4,3,,,0
GER-Bundesliga,2425,Werder Bremen,Romano Schmid,AUT,MF,24,2000,31.5,4,0,0,28,42,3,143,12,25,,,0
GER-Bundesliga,2425,Werder Bremen,Senne Lynen,BEL,MF,25,1999,30.4,9,0,0,39,25,0,5,64,38,,,0
GER-Bundesliga,2425,Werder Bremen,Skelly Alvero,FRA,MF,22,2002,2.6,1,0,0,7,5,0,0,2,6,,,0
GER-Bundesliga,2425,Wolfsburg,Andreas Skov Olsen,DEN,"MF,FW",24,1999,5.9,0,0,0,2,3,2,29,2,7,,,0
GER-Bundesliga,2425,Wolfsburg,Aster Vranckx,BEL,MF,21,2002,6.2,1,0,0,12,11,0,3,10,6,,,0
GER-Bundesliga,2425,Wolfsburg,Bence Dárdai,HUN,MF,18,2006,14.5,0,0,0,9,16,0,10,12,14,,,0
GER-Bundesliga,2425,Wolfsburg,Cedric Zesiger,SUI,DF,26,1998,5.8,4,0,0,14,5,0,3,5,9,,,0
GER-Bundesliga,2425,Wolfsburg,David Odogu,GER,DF,18,2006,2.2,0,0,0,2,0,1,0,2,4,,,0
GER-Bundesliga,2425,Wolfsburg,Denis Vavro,SVK,DF,28,1996,27.3,4,0,0,7,5,0,8,36,13,,,0
GER-Bundesliga,2425,Wolfsburg,Jakub Kamiński,POL,"MF,DF",22,2002,12.6,2,0,0,10,3,0,52,11,9,,,1
GER-Bundesliga,2425,Wolfsburg,Joakim Mæhle,DEN,"DF,MF",27,1997,24.3,6,0,0,9,16,0,25,26,14,,,0
GER-Bundesliga,2425,Wolfsburg,Jonas Wind,DEN,"FW,MF",25,1999,21.8,2,0,0,15,40,4,7,6,6,,,0
GER-Bundesliga,2425,Wolfsburg,Kamil Grabara,POL,GK,25,1999,28.7,2,0,0,0,3,0,0,0,0,,,0
GER-Bundesliga,2425,Wolfsburg,Kevin Behrens,GER,FW,33,1991,1.9,2,0,0,4,1,0,0,1,1,,,0
GER-Bundesliga,2425,Wolfsburg,Kevin Paredes,USA,MF,21,2003,1.4,1,0,0,1,4,0,1,1,2,,,0
GER-Bundesliga,2425,Wolfsburg,Kilian Fischer,GER,DF,23,2000,25.5,7,0,0,34,7,0,39,19,46,,,0
GER-Bundesliga,2425,Wolfsburg,Konstantinos Koulierakis,GRE,DF,20,2003,27.4,4,0,0,24,13,2,13,32,22,,,0
GER-Bundesliga,2425,Wolfsburg,Lovro Majer,CRO,MF,26,1998,3.4,1,0,0,6,6,0,16,1,2,,,0
GER-Bundesliga,2425,Wolfsburg,Lukas Nmecha,GER,FW,25,1998,5.2,1,0,0,7,15,0,6,2,0,,,0
GER-Bundesliga,2425,Wolfsburg,Mads Roerslev,DEN,DF,25,1999,3.3,0,0,0,2,3,0,7,5,8,,,0
GER-Bundesliga,2425,Wolfsburg,Marius Müller,GER,GK,31,1993,5.3,0,0,0,0,0,0,0,0,0,,,0
GER-Bundesliga,2425,Wolfsburg,Mattias Svanberg,SWE,MF,25,1999,13.5,4,0,0,16,22,0,34,15,10,,,0
GER-Bundesliga,2425,Wolfsburg,Maximilian Arnold,GER,MF,30,1994,26.2,7,1,0,30,52,0,153,24,21,,,0
GER-Bundesliga,2425,Wolfsburg,Mohamed Amoura,ALG,"FW,MF",24,2000,27.4,6,0,0,31,20,23,36,9,21,,,0
GER-Bundesliga,2425,Wolfsburg,Patrick Wimmer,AUT,"MF,FW",23,2001,19.7,5,1,0,35,40,6,44,34,33,,,0
GER-Bundesliga,2425,Wolfsburg,Ridle Baku,GER,MF,26,1998,13.0,2,0,0,13,10,1,36,14,16,,,0
GER-Bundesliga,2425,Wolfsburg,Salih Özcan,TUR,MF,26,1998,3.9,0,0,0,5,6,0,8,7,2,,,0
GER-Bundesliga,2425,Wolfsburg,Sebastiaan Bornauw,BEL,DF,25,1999,8.8,2,0,0,12,2,0,1,12,6,,,0
GER-Bundesliga,2425,Wolfsburg,Tiago Tomás,POR,"MF,FW",22,2002,20.9,7,0,0,30,50,6,21,10,19,,,0
GER-Bundesliga,2425,Wolfsburg,Yannick Gerhardt,GER,"MF,DF",30,1994,16.9,5,1,0,20,13,2,23,16,14,,,0
ITA-Serie A,2425,Atalanta,Ademola Lookman,NGA,"MF,FW",26,1997,25.0,4,0,0,31,20,26,123,4,16,,,0
ITA-Serie A,2425,Atalanta,Alberto Manzoni,ITA,MF,19,2005,0.1,0,0,0,1,1,0,0,0,0,,,0
ITA-Serie A,2425,Atalanta,Ben Godfrey,ENG,"DF,MF",26,1998,0.3,0,0,0,1,0,0,0,0,0,,,0
ITA-Serie A,2425,Atalanta,Berat Djimsiti,ALB,DF,31,1993,29.3,6,0,0,23,21,0,11,41,34,,,1
ITA-Serie A,2425,Atalanta,Charles De Ketelaere,BEL,"MF,FW",23,2001,23.0,1,0,0,22,39,2,54,3,9,,,0
ITA-Serie A,2425,Atalanta,Daniel Maldini,ITA,MF,22,2001,2.9,0,0,0,3,7,1,5,2,2,,,0
ITA-Serie A,2425,Atalanta,Davide Zappacosta,ITA,MF,32,1992,23.0,3,0,0,19,14,6,95,10,16,,,0
ITA-Serie A,2425,Atalanta,Federico Cassa,ITA,MF,18,2006,0.2,0,0,0,2,1,0,0,0,0,,,0
ITA-Serie A,2425,Atalanta,Gianluca Scamacca,ITA,FW,25,1999,0.1,0,0,0,0,0,0,0,0,0,,,0
ITA-Serie A,2425,Atalanta,Giorgio Scalvini,ITA,DF,20,2003,3.0,2,0,0,7,1,0,0,5,4,,,0
ITA-Serie A,2425,Atalanta,Ibrahim Sulemana,GHA,MF,21,2003,3.1,1,0,0,2,2,0,0,0,3,,,0
ITA-Serie A,2425,Atalanta,Isak Hien,SWE,DF,25,1999,25.9,10,0,0,36,19,0,1,30,30,,,0
ITA-Serie A,2425,Atalanta,Juan Cuadrado,COL,"MF,FW",36,1988,9.2,3,0,0,9,27,0,56,7,9,,,0
ITA-Serie A,2425,Atalanta,Juan Musso,ARG,GK,30,1994,1.0,0,0,0,0,1,0,0,0,0,,,0
ITA-Serie A,2425,Atalanta,Lazar Samardzic,SRB,MF,22,2002,13.0,3,0,0,19,10,1,60,3,14,,,0
ITA-Serie A,2425,Atalanta,Marco Brescianini,ITA,MF,24,2000,11.0,1,0,0,22,9,2,19,2,11,,,0
ITA-Serie A,2425,Atalanta,Marco Carnesecchi,ITA,GK,24,2000,34.0,1,0,0,0,5,0,0,0,0,,,0
ITA-Serie A,2425,Atalanta,Marco Palestra,ITA,MF,19,2005,2.5,0,0,0,1,10,1,11,1,4,,,0
ITA-Serie A,2425,Atalanta,Mario Pašalić,CRO,MF,29,1995,21.9,1,0,0,19,10,2,11,12,16,,,0
ITA-Serie A,2425,Atalanta,Marten de Roon,NED,"MF,DF",33,1991,34.0,5,0,0,48,23,1,28,48,47,,,0
ITA-Serie A,2425,Atalanta,Mateo Retegui,ITA,FW,25,1999,26.5,3,0,0,32,34,6,14,3,10,,,0
ITA-Serie A,2425,Atalanta,Matteo Ruggeri,ITA,"MF,DF",22,2002,19.5,2,0,0,12,5,2,82,24,24,,,0
ITA-Serie A,2425,Atalanta,Mitchel Bakker,NED,"DF,MF",24,2000,0.2,0,0,0,1,0,0,1,0,0,,,0
ITA-Serie A,2425,Atalanta,Nicolò Zaniolo,ITA,"FW,MF",25,1999,4.0,4,0,0,9,17,0,4,1,0,,,0
ITA-Serie A,2425,Atalanta,Odilon Kossounou,CIV,DF,23,2001,12.5,1,0,0,15,6,1,3,13,10,,,0
ITA-Serie A,2425,Atalanta,Rafael Tolói,ITA,DF,33,1990,5.2,1,0,0,6,2,0,2,7,5,,,0
ITA-Serie A,2425,Atalanta,Raoul Bellanova,ITA,MF,24,2000,26.7,3,0,0,15,33,0,155,19,13,,,0
ITA-Serie A,2425,Atalanta,Rui Patrício,POR,GK,36,1988,3.0,0,0,0,0,0,0,0,0,0,,,0
ITA-Serie A,2425,Atalanta,Sead Kolašinac,BIH,DF,31,1993,21.1,7,0,0,38,20,3,10,27,26,,,1
ITA-Serie A,2425,Atalanta,Stefan Posch,AUT,DF,27,1997,4.3,0,0,0,11,0,0,5,4,11,,,0
ITA-Serie A,2425,Atalanta,Vanja Vlahović,SRB,MF,20,2004,0.7,0,0,0,0,3,0,0,0,1,,,0
ITA-Serie A,2425,Atalanta,Éderson Silva,BRA,MF,25,1999,32.0,5,1,1,31,53,0,23,33,33,,,0
ITA-Serie A,2425,Bologna,Babis Lykogiannis,GRE,DF,30,1993,11.6,3,0,0,10,7,2,105,14,14,,,0
ITA-Serie A,2425,Bologna,Benjamín Domínguez,ARG,MF,20,2003,14.2,0,0,0,10,31,4,11,4,8,,,0
ITA-Serie A,2425,Bologna,Dan Ndoye,SUI,"MF,FW",23,2000,23.8,4,0,0,23,101,13,43,9,20,,,0
ITA-Serie A,2425,Bologna,Davide Calabria,ITA,DF,27,1996,7.0,3,0,0,7,5,0,16,4,7,,,0
ITA-Serie A,2425,Bologna,Emil Holm,SWE,DF,24,2000,12.6,3,0,0,16,24,1,42,9,21,,,0
ITA-Serie A,2425,Bologna,Estanis,ESP,FW,20,2003,0.1,0,0,0,1,0,0,0,0,0,,,0
ITA-Serie A,2425,Bologna,Federico Ravaglia,ITA,GK,24,1999,11.7,0,0,0,0,4,0,0,0,0,,,0
ITA-Serie A,2425,Bologna,Giovanni Fabbian,ITA,MF,21,2003,11.4,2,0,0,21,22,1,8,2,6,,,0
ITA-Serie A,2425,Bologna,Jens Odgaard,DEN,MF,25,1999,21.7,1,0,0,42,44,4,23,10,13,,,0
ITA-Serie A,2425,Bologna,Jesper Karlsson,SWE,"MF,FW",26,1998,3.3,1,0,0,6,4,1,4,0,0,,,0
ITA-Serie A,2425,Bologna,Jhon Lucumí,COL,DF,26,1998,29.0,8,1,0,22,16,0,4,24,29,,,0
ITA-Serie A,2425,Bologna,Juan Miranda,ESP,DF,24,2000,25.3,4,1,0,27,32,2,212,23,20,,,0
ITA-Serie A,2425,Bologna,Kacper Urbanski,POL,MF,19,2004,2.7,2,0,0,5,3,0,8,2,2,,,0
ITA-Serie A,2425,Bologna,Lewis Ferguson,SCO,MF,24,1999,10.9,0,0,0,26,20,1,17,4,15,,,0
ITA-Serie A,2425,Bologna,Lorenzo De Silvestri,ITA,DF,36,1988,11.8,1,0,0,17,8,1,23,9,6,,,0
ITA-Serie A,2425,Bologna,Martin Erlić,CRO,DF,26,1998,3.7,0,0,0,7,7,0,0,2,0,,,0
ITA-Serie A,2425,Bologna,Michel Aebischer,SUI,MF,27,1997,8.0,2,0,0,16,16,0,13,7,13,,,0
ITA-Serie A,2425,Bologna,Nicolò Cambiaghi,ITA,"MF,FW",23,2000,6.9,0,0,0,9,34,0,47,1,8,,,0
ITA-Serie A,2425,Bologna,Nicolò Casale,ITA,DF,26,1998,10.0,1,0,0,23,8,0,0,20,4,,,1
ITA-Serie A,2425,Bologna,Nikola Moro,CRO,MF,26,1998,13.4,1,0,0,22,9,0,33,12,27,,,0
ITA-Serie A,2425,Bologna,Oussama El Azzouzi,MAR,MF,23,2001,0.2,0,0,0,0,2,0,0,2,0,,,0
ITA-Serie A,2425,Bologna,Remo Freuler,SUI,MF,32,1992,35.6,6,0,0,47,18,1,20,41,40,,,0
ITA-Serie A,2425,Bologna,Riccardo Orsolini,ITA,"MF,FW",27,1997,20.9,2,0,0,27,46,12,70,9,14,,,0
ITA-Serie A,2425,Bologna,Sam Beukema,NED,DF,25,1998,33.5,1,0,0,28,36,2,8,30,28,,,0
ITA-Serie A,2425,Bologna,Samuel Iling-Junior,ENG,MF,20,2003,1.3,0,0,0,2,1,0,9,2,2,,,0
ITA-Serie A,2425,Bologna,Santiago Castro,ARG,FW,19,2004,25.5,7,0,0,49,53,9,9,3,10,,,1
ITA-Serie A,2425,Bologna,Stefan Posch,AUT,DF,27,1997,7.9,1,0,0,16,17,1,18,5,14,,,0
ITA-Serie A,2425,Bologna,Thijs Dallinga,NED,FW,23,2000,12.8,1,0,0,24,17,8,2,1,6,,,0
ITA-Serie A,2425,Bologna,Tommaso Pobega,ITA,MF,25,1999,13.1,6,2,1,33,14,0,8,15,20,,,0
ITA-Serie A,2425,Bologna,Łukasz Skorupski,POL,GK,33,1991,26.3,1,0,0,1,4,0,0,1,0,,,0
ITA-Serie A,2425,Cagliari,Adam Obert,SVK,"DF,MF",21,2002,12.0,4,0,0,22,7,0,10,21,17,,,0
ITA-Serie A,2425,Cagliari,Alen Sherri,ALB,GK,26,1997,6.9,0,0,0,0,0,0,0,1,0,,,0
ITA-Serie A,2425,Cagliari,Alessandro Deiola,ITA,MF,28,1995,15.9,6,0,0,32,11,0,14,13,20,,,0
ITA-Serie A,2425,Cagliari,Antoine Makoumbou,CGO,MF,26,1998,23.9,4,1,1,27,15,0,7,17,22,,,0
ITA-Serie A,2425,Cagliari,Elia Caprile,ITA,GK,22,2001,18.0,0,0,0,0,6,0,0,0,0,,,0
ITA-Serie A,2425,Cagliari,Florinel Coman,ROU,"MF,FW",26,1998,2.9,2,0,0,8,9,0,2,1,3,,,0
ITA-Serie A,2425,Cagliari,Gabriele Zappa,ITA,DF,24,1999,34.0,4,0,0,25,18,0,73,22,25,,,0
ITA-Serie A,2425,Cagliari,Gianluca Gaetano,ITA,"MF,FW",24,2000,11.2,0,0,0,16,13,4,23,7,8,,,0
ITA-Serie A,2425,Cagliari,Gianluca Lapadula,PER,FW,34,1990,3.4,1,0,0,9,1,1,3,0,0,,,0
ITA-Serie A,2425,Cagliari,Giuseppe Ciocci,ITA,GK,22,2002,0.1,0,0,0,0,1,0,0,0,0,,,0
ITA-Serie A,2425,Cagliari,José Luis Palomino,ARG,DF,34,1990,12.0,3,0,0,11,2,0,0,21,17,,,0
ITA-Serie A,2425,Cagliari,Kingstone Mutandwa,ZAM,FW,21,2003,1.4,0,0,0,7,1,0,1,0,0,,,0
ITA-Serie A,2425,Cagliari,Leonardo Pavoletti,ITA,FW,35,1988,4.9,5,0,0,25,7,7,0,0,0,,,0
ITA-Serie A,2425,Cagliari,Mateusz Wieteska,POL,DF,27,1997,2.0,1,0,0,4,0,0,0,7,0,,,0
ITA-Serie A,2425,Cagliari,Matteo Prati,ITA,MF,20,2003,6.3,1,0,0,8,6,0,5,7,4,,,0
ITA-Serie A,2425,Cagliari,Mattia Felici,ITA,MF,23,2001,10.3,1,0,0,18,17,4,25,5,13,,,0
ITA-Serie A,2425,Cagliari,Michel Ndary Adopo,FRA,MF,24,2000,26.8,5,1,1,29,16,0,8,26,34,,,0
ITA-Serie A,2425,Cagliari,Nadir Zortea,ITA,MF,25,1999,30.1,2,0,0,33,22,1,119,19,13,,,0
ITA-Serie A,2425,Cagliari,Nicola Pintus,ITA,DF,19,2005,0.0,0,0,0,0,0,0,0,0,0,,,0
ITA-Serie A,2425,Cagliari,Nicolas Viola,ITA,"MF,FW",34,1989,14.1,2,0,0,20,34,8,80,3,7,,,0
ITA-Serie A,2425,Cagliari,Paulo Azzi,BRA,MF,30,1994,4.7,2,0,0,5,3,0,22,4,9,,,0
ITA-Serie A,2425,Cagliari,Roberto Piccoli,ITA,FW,23,2001,34.7,6,0,0,60,54,23,8,3,10,,,0
ITA-Serie A,2425,Cagliari,Răzvan Marin,ROU,MF,28,1996,15.6,4,0,0,25,13,0,77,2,14,,,0
ITA-Serie A,2425,Cagliari,Sebastiano Luperto,ITA,DF,27,1996,36.0,4,0,0,23,20,1,8,30,28,,,0
ITA-Serie A,2425,Cagliari,Simone Scuffet,ITA,GK,28,1996,13.0,0,0,0,0,1,0,0,0,0,,,0
ITA-Serie A,2425,Cagliari,Tommaso Augello,ITA,"MF,DF",29,1994,30.1,3,0,0,15,11,3,208,14,27,,,0
ITA-Serie A,2425,Cagliari,Yerry Mina,COL,DF,29,1994,28.5,6,1,1,40,57,2,1,39,34,,,0
ITA-Serie A,2425,Cagliari,Zito Luvumbo,ANG,"FW,MF",22,2002,17.8,2,0,0,38,51,11,65,4,7,,,0
ITA-Serie A,2425,Como,Alberto Cerri,ITA,FW,28,1996,1.0,0,0,0,3,1,2,0,0,0,,,0
ITA-Serie A,2425,Como,Alberto Dossena,ITA,DF,25,1998,20.3,1,1,0,22,16,0,1,22,20,,,0
ITA-Serie A,2425,Como,Alberto Moreno,ESP,DF,32,1992,19.2,4,0,0,17,14,1,49,13,13,,,0
ITA-Serie A,2425,Como,Alessandro Gabrielloni,ITA,FW,30,1994,1.6,1,0,0,6,4,1,1,0,0,,,0
ITA-Serie A,2425,Como,Alessio Iovine,ITA,DF,33,1991,4.3,2,0,0,5,6,0,17,3,2,,,0
ITA-Serie A,2425,Como,Ali Jasim,IRQ,MF,20,2004,0.1,0,0,0,1,0,0,1,0,0,,,0
ITA-Serie A,2425,Como,Alieu Fadera,GAM,MF,22,2001,18.3,2,1,0,40,50,14,39,12,47,,,0
ITA-Serie A,2425,Como,Anastasios Douvikas,GRE,FW,24,1999,6.4,1,0,0,13,17,1,2,1,2,,,0
ITA-Serie A,2425,Como,Andrea Belotti,ITA,FW,30,1993,6.6,1,0,0,9,19,5,5,1,5,,,0
ITA-Serie A,2425,Como,Assane Diao,SEN,"MF,FW",18,2005,13.9,2,0,0,20,49,6,12,2,14,,,0
ITA-Serie A,2425,Como,Ben Lhassine Kone,CIV,MF,24,2000,0.6,1,0,0,1,1,0,0,1,2,,,0
ITA-Serie A,2425,Como,Daniele Baselli,ITA,MF,32,1992,0.2,0,0,0,0,1,0,0,1,0,,,0
ITA-Serie A,2425,Como,Dele Alli,ENG,"FW,MF",28,1996,0.1,0,1,0,1,0,0,0,0,0,,,0
ITA-Serie A,2425,Como,Edoardo Goldaniga,ITA,DF,30,1993,28.1,12,1,1,44,36,4,9,31,21,,,0
ITA-Serie A,2425,Como,Emil Audero,IDN,GK,27,1997,8.0,0,0,0,0,1,0,0,0,0,,,0
ITA-Serie A,2425,Como,Federico Barba,ITA,DF,30,1993,4.8,0,0,0,3,1,0,3,4,2,,,0
ITA-Serie A,2425,Como,Fellipe Jack,BRA,DF,18,2006,1.9,2,0,0,5,1,0,0,4,4,,,0
ITA-Serie A,2425,Como,Gabriel Strefezza,BRA,"MF,FW",27,1997,29.1,5,0,0,46,71,2,124,13,38,,,0
ITA-Serie A,2425,Como,Ignace Van Der Brempt,BEL,DF,22,2002,14.0,3,0,0,21,15,0,20,16,30,,,0
ITA-Serie A,2425,Como,Ivan Smolčić,CRO,DF,23,2000,7.0,2,0,0,11,5,0,4,10,9,,,0
ITA-Serie A,2425,Como,Jean Butez,FRA,GK,29,1995,18.5,0,0,0,1,2,0,0,0,0,,,0
ITA-Serie A,2425,Como,Jonathan Ikone,FRA,"MF,FW",26,1998,6.0,1,0,0,3,7,2,1,0,9,,,0
ITA-Serie A,2425,Como,Luca Mazzitelli,ITA,MF,28,1995,3.7,1,0,0,8,4,0,12,3,7,,,0
ITA-Serie A,2425,Como,Lucas Da Cunha,FRA,MF,23,2001,29.0,4,0,0,21,29,1,101,16,26,,,0
ITA-Serie A,2425,Como,Marc-Oliver Kempf,GER,DF,29,1995,29.1,6,1,1,21,20,0,4,29,21,,,0
ITA-Serie A,2425,Como,Marco Sala,ITA,DF,25,1999,2.9,3,0,0,5,1,0,9,1,7,,,0
ITA-Serie A,2425,Como,Matthias Braunöder,AUT,MF,22,2002,3.0,3,1,1,10,5,0,0,2,4,,,0
ITA-Serie A,2425,Como,Maxence Caqueret,FRA,MF,24,2000,12.1,4,0,0,17,11,1,16,6,20,,,0
ITA-Serie A,2425,Como,Máximo Perrone,ARG,MF,21,2003,20.6,6,0,0,26,13,0,4,20,26,,,0
ITA-Serie A,2425,Como,Mërgim Vojvoda,KVX,DF,29,1995,8.0,2,0,0,8,2,1,26,4,6,,,0
ITA-Serie A,2425,Como,Nicolás Paz,ARG,"MF,FW",19,2004,29.9,6,0,0,47,33,2,42,20,32,,,0
ITA-Serie A,2425,Como,Oliver Abildgaard,DEN,"DF,MF",28,1996,0.1,0,0,0,0,1,0,0,0,0,,,0
ITA-Serie A,2425,Como,Patrick Cutrone,ITA,FW,26,1998,22.7,1,0,0,23,28,20,30,5,9,,,0
ITA-Serie A,2425,Como,Pepe Reina,ESP,GK,41,1982,11.5,0,1,0,1,1,0,0,0,0,,,0
ITA-Serie A,2425,Como,Sergi Roberto,ESP,MF,32,1992,7.7,4,0,0,7,14,0,6,9,10,,,0
ITA-Serie A,2425,Como,Simone Verdi,ITA,"FW,MF",32,1992,1.3,1,0,0,1,1,0,13,0,2,,,0
ITA-Serie A,2425,Como,Yannik Engelhardt,GER,"MF,DF",23,2001,12.9,4,0,0,22,20,1,1,13,14,,,0
ITA-Serie A,2425,Como,Álex Valle,ESP,DF,20,2004,11.4,2,0,0,14,18,1,15,6,11,,,0
ITA-Serie A,2425,Empoli,Alberto Grassi,ITA,MF,29,1995,24.5,8,0,0,28,34,1,11,32,20,,,0
ITA-Serie A,2425,Empoli,Ardian Ismajli,ALB,DF,27,1996,27.9,3,0,0,21,29,0,0,53,21,,,0
ITA-Serie A,2425,Empoli,Christian Kouamé,CIV,"FW,MF",26,1997,5.6,0,0,0,7,15,2,2,0,4,,,0
ITA-Serie A,2425,Empoli,Devis Vásquez,COL,GK,26,1998,32.0,2,0,0,1,4,0,1,0,0,,,0
ITA-Serie A,2425,Empoli,Emmanuel Ekong,SWE,FW,22,2002,2.1,1,0,0,3,5,1,0,1,3,,,0
ITA-Serie A,2425,Empoli,Emmanuel Gyasi,GHA,MF,30,1994,35.7,5,0,0,56,21,14,37,12,29,,,1
ITA-Serie A,2425,Empoli,Faustino Anjorin,ENG,MF,22,2001,12.4,3,0,0,24,19,0,17,13,15,,,0
ITA-Serie A,2425,Empoli,Francesco Caputo,ITA,FW,36,1987,0.1,0,0,0,0,0,0,0,0,0,,,0
ITA-Serie A,2425,Empoli,Giuseppe Pezzella,ITA,MF,26,1997,32.0,7,0,0,48,33,6,177,16,32,,,0
ITA-Serie A,2425,Empoli,Ismael Konate,ITA,FW,18,2006,1.3,0,0,0,5,2,0,1,0,2,,,0
ITA-Serie A,2425,Empoli,Jacopo Bacci,ITA,MF,19,2005,0.3,0,0,0,0,1,0,0,1,0,,,0
ITA-Serie A,2425,Empoli,Jacopo Fazzini,ITA,MF,21,2003,15.4,1,1,0,23,32,4,32,7,19,,,0
ITA-Serie A,2425,Empoli,Jacopo Seghetti,ITA,GK,19,2005,1.0,0,0,0,0,0,0,0,0,0,,,0
ITA-Serie A,2425,Empoli,Junior Sambia,CTA,MF,27,1996,4.3,0,0,0,5,9,0,28,3,10,,,0
ITA-Serie A,2425,Empoli,Liam Henderson,SCO,MF,28,1996,26.0,10,0,0,83,23,2,97,15,22,,,0
ITA-Serie A,2425,Empoli,Liberato Cacace,NZL,"MF,DF",23,2000,24.8,6,0,0,27,17,5,103,22,27,,,0
ITA-Serie A,2425,Empoli,Lorenzo Colombo,ITA,"FW,MF",22,2002,24.8,5,1,1,46,41,6,10,3,15,,,0
ITA-Serie A,2425,Empoli,Lorenzo Tosto,ITA,DF,18,2006,0.0,0,0,0,0,0,0,0,0,0,,,0
ITA-Serie A,2425,Empoli,Luca Marianucci,ITA,DF,20,2004,11.9,0,1,0,11,5,0,6,21,12,,,0
ITA-Serie A,2425,Empoli,Marco Silvestri,ITA,GK,33,1991,5.0,0,0,0,0,0,0,0,0,0,,,0
ITA-Serie A,2425,Empoli,Mattia De Sciglio,ITA,DF,31,1992,8.5,0,0,0,8,5,0,7,10,13,,,0
ITA-Serie A,2425,Empoli,Mattia Viti,ITA,DF,22,2002,28.6,3,0,0,29,29,1,0,45,42,,,0
ITA-Serie A,2425,Empoli,Nicolas Haas,SUI,MF,28,1996,3.2,1,0,0,11,3,0,0,3,8,,,0
ITA-Serie A,2425,Empoli,Ola Solbakken,NOR,"MF,FW",25,1998,8.4,2,0,0,8,2,2,7,3,3,,,0
ITA-Serie A,2425,Empoli,Petar Stojanović,SVN,"DF,MF",28,1995,0.0,0,0,0,0,0,0,0,0,0,,,0
ITA-Serie A,2425,Empoli,Pietro Pellegri,ITA,FW,23,2001,4.6,2,0,0,10,5,1,3,0,2,,,0
ITA-Serie A,2425,Empoli,Saba Goglichidze,GEO,DF,20,2004,28.2,3,1,0,27,34,1,5,33,41,,,0
ITA-Serie A,2425,Empoli,Sebastian Walukiewicz,POL,DF,24,2000,2.0,0,0,0,4,0,0,2,1,0,,,0
ITA-Serie A,2425,Empoli,Sebastiano Esposito,ITA,"FW,MF",22,2002,25.9,1,0,0,47,56,10,55,11,29,,,0
ITA-Serie A,2425,Empoli,Szymon Żurkowski,POL,MF,26,1997,1.2,0,0,0,2,1,0,0,1,4,,,0
ITA-Serie A,2425,Empoli,Thomas Campaniello,ITA,FW,16,2008,0.3,0,0,0,0,1,0,0,0,0,,,0
ITA-Serie A,2425,Empoli,Tyronne Ebuehi,NGA,DF,28,1995,0.8,0,0,0,0,2,0,2,2,2,,,0
ITA-Serie A,2425,Empoli,Viktor Kovalenko,UKR,MF,28,1996,0.9,0,0,0,2,2,0,1,0,1,,,0
ITA-Serie A,2425,Empoli,Youssef Maleh,MAR,MF,25,1998,16.8,5,1,1,32,29,1,16,14,24,,,0
ITA-Serie A,2425,Fiorentina,Albert Guðmundsson,ISL,"FW,MF",27,1997,14.1,2,0,0,13,18,3,24,6,5,,,0
ITA-Serie A,2425,Fiorentina,Alessandro Bianco,ITA,MF,21,2002,0.2,0,0,0,0,0,0,0,0,0,,,0
ITA-Serie A,2425,Fiorentina,Amir Richardson,MAR,MF,22,2002,12.2,6,0,0,31,19,1,5,5,12,,,0
ITA-Serie A,2425,Fiorentina,Andrea Colpani,ITA,MF,25,1999,16.1,1,0,0,22,24,1,33,9,8,,,0
ITA-Serie A,2425,Fiorentina,Antonín Barák,CZE,MF,29,1994,0.6,0,0,0,0,0,0,1,0,0,,,0
ITA-Serie A,2425,Fiorentina,Cher Ndour,ITA,MF,20,2004,4.5,1,0,0,6,6,0,7,2,1,,,0
ITA-Serie A,2425,Fiorentina,Christian Kouamé,CIV,"MF,FW",26,1997,6.9,1,0,0,13,14,2,6,1,8,,,0
ITA-Serie A,2425,Fiorentina,Cristiano Biraghi,ITA,"DF,MF",31,1992,4.8,1,0,0,4,7,0,30,4,4,,,0
ITA-Serie A,2425,Fiorentina,Danilo Cataldi,ITA,MF,29,1994,19.2,1,0,0,15,22,0,21,23,18,,,0
ITA-Serie A,2425,Fiorentina,David de Gea,ESP,GK,33,1990,35.0,1,0,0,0,2,0,0,0,0,,,0
ITA-Serie A,2425,Fiorentina,Dodô,BRA,"DF,MF",25,1998,34.6,8,0,0,23,62,3,143,36,29,,,0
ITA-Serie A,2425,Fiorentina,Edoardo Bove,ITA,MF,22,2002,9.5,3,0,0,16,21,0,2,6,16,,,0
ITA-Serie A,2425,Fiorentina,Fabiano Parisi,ITA,"MF,DF",23,2000,12.5,3,0,0,17,28,0,13,17,17,,,0
ITA-Serie A,2425,Fiorentina,Jonathan Ikone,FRA,MF,26,1998,3.7,0,0,0,3,7,0,1,1,2,,,0
ITA-Serie A,2425,Fiorentina,Luca Ranieri,ITA,DF,25,1999,34.1,7,0,0,25,23,1,8,28,25,,,0
ITA-Serie A,2425,Fiorentina,Lucas Beltrán,ARG,"MF,FW",23,2001,21.7,6,0,0,32,50,4,7,5,11,,,0
ITA-Serie A,2425,Fiorentina,Lucas Martínez Quarta,ARG,DF,28,1996,3.9,1,0,0,8,2,0,0,1,7,,,0
ITA-Serie A,2425,Fiorentina,Maat Daniel Caprini,ITA,FW,18,2006,0.1,0,0,0,0,0,1,0,0,0,,,0
ITA-Serie A,2425,Fiorentina,Marin Pongračić,CRO,DF,26,1997,15.2,3,1,1,26,7,0,1,12,12,,,1
ITA-Serie A,2425,Fiorentina,Matias Moreno,ARG,DF,20,2003,1.6,0,0,0,4,0,0,2,1,8,,,0
ITA-Serie A,2425,Fiorentina,Michael Folorunsho,ITA,MF,26,1998,7.2,5,0,0,16,23,0,22,4,13,,,0
ITA-Serie A,2425,Fiorentina,Michael Kayode,ITA,DF,20,2004,1.4,0,0,0,1,2,0,6,2,1,,,0
ITA-Serie A,2425,Fiorentina,Moise Kean,ITA,FW,24,2000,30.0,6,0,0,41,52,57,9,6,5,,,0
ITA-Serie A,2425,Fiorentina,Nicolò Fagioli,ITA,MF,23,2001,10.7,0,0,0,8,14,0,27,5,10,,,0
ITA-Serie A,2425,Fiorentina,Nicolò Zaniolo,ITA,"FW,MF",25,1999,3.8,2,1,0,11,15,3,4,0,1,,,0
ITA-Serie A,2425,Fiorentina,Pablo Marí,ESP,DF,30,1993,12.2,2,0,0,14,5,0,0,25,10,,,0
ITA-Serie A,2425,Fiorentina,Pietro Comuzzo,ITA,DF,19,2005,24.4,5,0,0,25,12,0,3,27,19,,,0
ITA-Serie A,2425,Fiorentina,Pietro Terracciano,ITA,GK,34,1990,3.0,0,0,0,0,0,0,0,0,0,,,0
ITA-Serie A,2425,Fiorentina,Riccardo Sottil,ITA,MF,25,1999,9.3,1,0,0,7,33,1,41,5,4,,,0
ITA-Serie A,2425,Fiorentina,Robin Gosens,GER,"DF,MF",30,1994,28.0,6,0,0,24,22,9,65,20,34,,,0
ITA-Serie A,2425,Fiorentina,Rolando Mandragora,ITA,MF,27,1997,21.5,7,0,0,21,39,2,42,14,14,,,0
ITA-Serie A,2425,Fiorentina,Sofyan Amrabat,MAR,MF,27,1996,2.0,0,0,0,4,1,0,3,0,2,,,0
ITA-Serie A,2425,Fiorentina,Tommaso Rubino,ITA,FW,17,2006,0.1,0,0,0,1,0,0,0,0,0,,,0
ITA-Serie A,2425,Fiorentina,Yacine Adli,FRA,MF,24,2000,13.7,3,1,1,9,20,0,62,5,20,,,0
ITA-Serie A,2425,Genoa,Aarón Martín,ESP,"DF,MF",27,1997,34.3,5,0,0,38,28,4,257,20,48,,,0
ITA-Serie A,2425,Genoa,Alan Matturro,URU,DF,19,2004,10.0,2,0,0,10,5,2,8,14,6,,,0
ITA-Serie A,2425,Genoa,Alessandro Marcandalli,ITA,DF,21,2002,0.5,0,0,0,0,0,0,0,0,0,,,0
ITA-Serie A,2425,Genoa,Alessandro Vogliacco,ITA,DF,25,1998,7.9,3,0,0,12,2,0,11,9,3,,,0
ITA-Serie A,2425,Genoa,Alessandro Zanoli,ITA,MF,23,2000,19.0,3,0,0,17,19,1,65,12,21,,,0
ITA-Serie A,2425,Genoa,Andrea Pinamonti,ITA,FW,25,1999,31.7,4,0,0,21,43,15,17,1,6,,,0
ITA-Serie A,2425,Genoa,Benjamin Siegrist,SUI,GK,32,1992,1.7,0,0,0,0,0,0,0,1,0,,,0
ITA-Serie A,2425,Genoa,Brooke Norton-Cuffy,ENG,"MF,DF",20,2004,8.0,0,0,0,7,3,0,12,3,7,,,0
ITA-Serie A,2425,Genoa,Caleb Ekuban,GHA,FW,30,1994,6.2,1,0,0,15,9,5,3,1,3,,,0
ITA-Serie A,2425,Genoa,Daniele Sommariva,ITA,GK,27,1997,0.3,0,0,0,0,0,0,0,0,0,,,0
ITA-Serie A,2425,Genoa,David Akpan Ankeye,NGA,FW,22,2002,0.5,0,0,0,3,1,0,0,0,0,,,0
ITA-Serie A,2425,Genoa,Emil Bohinen,NOR,MF,25,1999,1.8,0,0,0,3,3,0,0,1,4,,,0
ITA-Serie A,2425,Genoa,Fabio Miretti,ITA,MF,20,2003,18.6,2,0,0,23,55,3,61,7,15,,,0
ITA-Serie A,2425,Genoa,Federico Accornero,ITA,MF,20,2004,0.1,0,0,0,0,0,0,1,0,0,,,0
ITA-Serie A,2425,Genoa,Filippo Melegoni,ITA,MF,25,1999,1.0,0,0,0,0,1,0,2,0,1,,,0
ITA-Serie A,2425,Genoa,Gastón Pereiro,URU,"FW,MF",29,1995,0.3,0,0,0,0,1,0,1,0,0,,,0
ITA-Serie A,2425,Genoa,Honest Ahanor,ITA,"MF,DF",16,2008,3.0,0,0,0,2,8,0,4,1,4,,,0
ITA-Serie A,2425,Genoa,Jean Onana,CMR,MF,24,2000,3.4,1,0,0,12,2,0,1,4,6,,,0
ITA-Serie A,2425,Genoa,Jeff Ekhator,ITA,"FW,MF",17,2006,8.5,1,0,0,15,13,3,10,2,4,,,0
ITA-Serie A,2425,Genoa,Johan Vásquez,MEX,DF,25,1998,33.8,9,0,0,31,32,1,7,50,32,,,0
ITA-Serie A,2425,Genoa,Junior Messias,BRA,"MF,FW",33,1991,9.4,1,0,0,8,21,0,22,6,7,,,0
ITA-Serie A,2425,Genoa,Koni De Winter,BEL,DF,22,2002,23.7,6,0,0,43,13,1,3,27,19,,,0
ITA-Serie A,2425,Genoa,Lior Kasa,ISR,MF,18,2005,2.6,2,0,0,4,3,0,2,3,2,,,0
ITA-Serie A,2425,Genoa,Lorenzo Venturino,ITA,MF,18,2006,1.9,0,0,0,3,1,0,10,0,3,,,0
ITA-Serie A,2425,Genoa,Mario Balotelli,ITA,FW,33,1990,0.7,2,0,0,2,2,0,3,0,0,,,0
ITA-Serie A,2425,Genoa,Mattia Bani,ITA,DF,30,1993,16.7,3,0,0,7,11,1,4,21,11,,,0
ITA-Serie A,2425,Genoa,Maxwel Cornet,CIV,MF,27,1996,2.7,0,0,0,0,1,1,8,2,1,,,0
ITA-Serie A,2425,Genoa,Milan Badelj,CRO,MF,35,1989,16.4,2,0,0,18,19,0,5,22,16,,,0
ITA-Serie A,2425,Genoa,Morten Frendrup,DEN,MF,23,2001,34.5,5,0,0,51,30,1,3,46,60,,,1
ITA-Serie A,2425,Genoa,Morten Thorsby,NOR,MF,28,1996,21.1,6,0,0,53,15,9,9,5,28,,,1
ITA-Serie A,2425,Genoa,Nicola Leali,ITA,GK,31,1993,29.0,1,0,0,1,6,0,0,0,0,,,1
ITA-Serie A,2425,Genoa,Patrizio Masini,ITA,MF,23,2001,17.1,3,0,0,36,48,0,26,16,28,,,0
ITA-Serie A,2425,Genoa,Pierluigi Gollini,ITA,GK,29,1995,7.0,1,0,0,0,0,0,0,0,0,,,0
ITA-Serie A,2425,Genoa,Ruslan Malinovskyi,UKR,MF,31,1993,4.3,2,0,0,9,5,0,3,1,10,,,0
ITA-Serie A,2425,Genoa,Sebastian Otoa,DEN,DF,20,2004,2.0,1,1,0,5,0,0,0,3,0,,,0
ITA-Serie A,2425,Genoa,Stefano Sabelli,ITA,"DF,MF",31,1993,22.9,3,0,0,25,23,0,59,21,31,,,0
ITA-Serie A,2425,Genoa,Vitinha,POR,"FW,MF",24,2000,14.8,2,0,0,23,25,8,46,13,8,,,0
ITA-Serie A,2425,Hellas Verona,Abdou Harroui,NED,"MF,FW",26,1998,5.1,1,0,0,10,3,0,9,2,5,,,0
ITA-Serie A,2425,Hellas Verona,Alphadjo Cissè,ITA,MF,17,2006,0.1,0,0,0,1,0,0,0,0,0,,,0
ITA-Serie A,2425,Hellas Verona,Amin Sarr,SWE,FW,23,2001,21.2,1,0,0,47,20,13,7,3,11,,,0
ITA-Serie A,2425,Hellas Verona,Antoine Bernede,FRA,MF,25,1999,6.6,2,0,0,16,4,0,14,5,8,,,0
ITA-Serie A,2425,Hellas Verona,Casper Tengstedt,DEN,FW,24,2000,16.9,2,0,0,6,9,6,11,4,5,,,0
ITA-Serie A,2425,Hellas Verona,Cheikh Niasse,SEN,MF,24,2000,8.4,4,0,0,11,14,0,2,16,15,,,0
ITA-Serie A,2425,Hellas Verona,Dailon Livramento,CPV,"MF,FW",23,2001,10.4,2,1,0,21,6,8,18,3,11,,,0
ITA-Serie A,2425,Hellas Verona,Daniel Bandeira,POR,MF,24,2000,4.5,1,0,0,4,4,0,8,5,0,,,0
ITA-Serie A,2425,Hellas Verona,Daniel Mosquera,COL,FW,24,1999,15.3,4,0,0,44,17,8,2,3,8,,,0
ITA-Serie A,2425,Hellas Verona,Daniel Oyegoke,ENG,"DF,MF",21,2003,1.1,1,0,0,2,0,0,4,1,2,,,0
ITA-Serie A,2425,Hellas Verona,Daniele Ghilardi,ITA,DF,21,2003,22.5,7,1,0,33,29,0,10,30,28,,,0
ITA-Serie A,2425,Hellas Verona,Darko Lazović,SRB,MF,33,1990,16.2,0,0,0,9,5,4,69,11,11,,,0
ITA-Serie A,2425,Hellas Verona,Davide Faraoni,ITA,"MF,DF",32,1991,2.9,1,0,0,7,1,2,12,2,9,,,0
ITA-Serie A,2425,Hellas Verona,Diego Coppola,ITA,DF,20,2003,32.5,10,0,0,44,0,0,0,66,38,,,0
ITA-Serie A,2425,Hellas Verona,Domagoj Bradarić,CRO,"MF,DF",24,1999,21.5,6,0,0,21,14,3,79,16,30,,,0
ITA-Serie A,2425,Hellas Verona,Faride Alidou,GER,FW,23,2001,0.8,0,0,0,1,0,0,3,1,0,,,0
ITA-Serie A,2425,Hellas Verona,Flavius Daniliuc,AUT,DF,23,2001,11.2,0,0,0,12,2,0,6,6,20,,,0
ITA-Serie A,2425,Hellas Verona,Giangiacomo Magnani,ITA,DF,28,1995,11.8,2,0,0,8,11,0,2,17,15,,,0
ITA-Serie A,2425,Hellas Verona,Grigoris Kastanos,CYP,"MF,FW",26,1998,9.7,4,0,0,16,19,1,24,7,15,,,0
ITA-Serie A,2425,Hellas Verona,Jackson Tchatchoua,CMR,"MF,DF",22,2001,35.2,7,1,0,26,11,8,118,14,31,,,0
ITA-Serie A,2425,Hellas Verona,Junior Ajayi,CIV,FW,19,2004,0.1,0,0,0,1,1,0,0,0,0,,,0
ITA-Serie A,2425,Hellas Verona,Lorenzo Montipò,ITA,GK,28,1996,36.0,0,0,0,0,7,0,0,0,0,,,1
ITA-Serie A,2425,Hellas Verona,Martin Frese,DEN,"DF,MF",26,1998,6.1,0,0,0,9,9,0,10,8,11,,,0
ITA-Serie A,2425,Hellas Verona,Mathis Lambourde,FRA,FW,18,2006,1.0,1,0,0,4,1,0,1,0,1,,,0
ITA-Serie A,2425,Hellas Verona,Nicolás Valentini,ARG,DF,23,2001,12.5,5,1,1,22,5,0,5,15,22,,,0
ITA-Serie A,2425,Hellas Verona,Ondrej Duda,SVK,MF,29,1994,26.6,12,1,1,51,57,0,89,28,27,,,0
ITA-Serie A,2425,Hellas Verona,Paweł Dawidowicz,POL,"DF,MF",29,1995,20.5,7,1,0,36,11,0,0,21,22,,,0
ITA-Serie A,2425,Hellas Verona,Reda Belahyane,MAR,MF,20,2004,18.4,6,1,1,31,9,0,3,10,26,,,0
ITA-Serie A,2425,Hellas Verona,Simone Perilli,ITA,GK,29,1995,2.0,0,0,0,0,0,0,0,0,0,,,0
ITA-Serie A,2425,Hellas Verona,Suat Serdar,GER,MF,27,1997,15.3,4,1,1,32,18,0,9,7,24,,,0
ITA-Serie A,2425,Hellas Verona,Tomáš Suslov,SVK,"MF,FW",22,2002,23.1,7,1,1,54,65,2,50,17,38,,,0
ITA-Serie A,2425,Hellas Verona,Yllan Okou,FRA,DF,21,2002,0.0,0,0,0,0,0,0,0,0,0,,,0
ITA-Serie A,2425,Inter,Alessandro Bastoni,ITA,DF,25,1999,26.7,6,1,1,44,39,1,62,23,23,,,0
ITA-Serie A,2425,Inter,Benjamin Pavard,FRA,DF,28,1996,17.6,4,0,0,18,9,2,11,16,16,,,0
ITA-Serie A,2425,Inter,Carlos Augusto,BRA,"DF,MF",25,1999,18.8,1,0,0,10,12,3,21,11,14,,,0
ITA-Serie A,2425,Inter,Davide Frattesi,ITA,MF,24,1999,13.6,1,0,0,11,32,2,8,4,11,,,0
ITA-Serie A,2425,Inter,Denzel Dumfries,NED,MF,28,1996,21.7,4,0,0,53,18,6,56,7,19,,,0
ITA-Serie A,2425,Inter,Federico Dimarco,ITA,MF,26,1997,24.2,3,0,0,19,11,8,192,14,15,,,0
ITA-Serie A,2425,Inter,Francesco Acerbi,ITA,DF,36,1988,19.0,0,0,0,11,18,2,10,28,17,,,0
ITA-Serie A,2425,Inter,Hakan Çalhanoğlu,TUR,MF,30,1994,21.6,5,0,0,22,13,0,122,19,22,,,0
ITA-Serie A,2425,Inter,Henrikh Mkhitaryan,ARM,MF,35,1989,26.6,4,0,0,33,24,5,25,14,24,,,0
ITA-Serie A,2425,Inter,Joaquín Correa,ARG,"FW,MF",29,1994,8.1,3,0,0,8,14,2,8,0,5,,,0
ITA-Serie A,2425,Inter,Josep Martinez,ESP,GK,26,1998,5.0,0,0,0,0,1,0,0,0,0,,,0
ITA-Serie A,2425,Inter,Kristjan Asllani,ALB,MF,22,2002,11.0,4,0,0,9,19,0,41,8,4,,,0
ITA-Serie A,2425,Inter,Lautaro Martínez,ARG,FW,26,1997,28.5,1,0,0,42,42,21,13,9,15,,,0
ITA-Serie A,2425,Inter,Luka Topalović,SVN,MF,18,2006,0.1,0,0,0,0,0,0,0,0,1,,,0
ITA-Serie A,2425,Inter,Marcus Thuram,FRA,FW,26,1997,25.4,1,0,0,30,36,13,13,3,10,,,0
ITA-Serie A,2425,Inter,Marko Arnautović,AUT,FW,35,1989,6.1,1,0,0,4,6,8,5,1,6,,,0
ITA-Serie A,2425,Inter,Matteo Darmian,ITA,"MF,DF",34,1989,19.8,3,0,0,26,19,5,32,10,20,,,1
ITA-Serie A,2425,Inter,Mehdi Taremi,IRN,FW,32,1992,9.1,1,0,0,9,13,6,1,0,1,,,0
ITA-Serie A,2425,Inter,Nicola Zalewski,POL,MF,22,2002,4.8,4,0,0,7,11,0,23,2,4,,,0
ITA-Serie A,2425,Inter,Nicolò Barella,ITA,MF,27,1997,27.7,4,0,0,25,33,4,67,12,31,,,0
ITA-Serie A,2425,Inter,Piotr Zieliński,POL,MF,30,1994,10.9,0,0,0,9,16,0,27,6,10,,,0
ITA-Serie A,2425,Inter,Stefan de Vrij,NED,DF,32,1992,19.2,2,0,0,9,5,0,0,23,12,,,0
ITA-Serie A,2425,Inter,Tajon Buchanan,CAN,"DF,MF",25,1999,1.1,0,0,0,2,4,0,3,0,0,,,0
ITA-Serie A,2425,Inter,Tomás Palacios,ARG,DF,21,2003,0.1,0,0,0,0,0,0,0,1,0,,,0
ITA-Serie A,2425,Inter,Yann Aurel Bisseck,GER,DF,23,2000,18.3,4,0,0,16,9,1,8,18,13,,,0
ITA-Serie A,2425,Inter,Yann Sommer,SUI,GK,35,1988,33.0,0,0,0,0,1,0,0,0,0,,,0
ITA-Serie A,2425,Juventus,Alberto costa,POR,"DF,MF",20,2003,4.0,3,0,0,8,2,0,3,4,10,,,0
ITA-Serie A,2425,Juventus,Andrea Cambiaso,ITA,"DF,MF",24,2000,24.7,4,0,0,28,23,6,66,17,31,,,0
ITA-Serie A,2425,Juventus,Danilo,BRA,DF,33,1991,6.5,2,0,0,11,1,0,3,9,4,,,0
ITA-Serie A,2425,Juventus,Diego Pugno,ITA,DF,18,2006,0.1,0,0,0,0,0,0,0,0,0,,,0
ITA-Serie A,2425,Juventus,Douglas Luiz,BRA,MF,26,1998,5.9,2,0,0,14,7,0,26,5,8,,,0
ITA-Serie A,2425,Juventus,Dušan Vlahović,SRB,FW,24,2000,19.8,3,0,0,28,18,12,11,1,2,,,0
ITA-Serie A,2425,Juventus,Federico Gatti,ITA,DF,26,1998,24.4,2,0,0,20,19,1,1,16,23,,,0
ITA-Serie A,2425,Juventus,Francisco Conceição,POR,MF,21,2002,14.9,5,1,1,24,36,4,62,6,15,,,0
ITA-Serie A,2425,Juventus,Gleison Bremer,BRA,DF,27,1997,6.0,2,0,0,9,5,0,0,6,8,,,0
ITA-Serie A,2425,Juventus,Jonas Rouhi,SWE,DF,20,2004,2.3,0,0,0,4,2,0,3,2,1,,,0
ITA-Serie A,2425,Juventus,Juan David Cabal,COL,DF,23,2001,5.1,0,0,0,7,10,1,7,2,4,,,0
ITA-Serie A,2425,Juventus,Kenan Yıldız,TUR,MF,19,2005,26.7,2,1,0,25,48,4,113,6,29,,,0
ITA-Serie A,2425,Juventus,Khéphren Thuram,FRA,MF,23,2001,25.8,5,0,0,36,22,0,13,11,24,,,0
ITA-Serie A,2425,Juventus,Lloyd Kelly,ENG,DF,25,1998,11.3,1,0,0,14,4,0,13,2,11,,,0
ITA-Serie A,2425,Juventus,Lorenzo Anghelè,ITA,FW,19,2005,0.1,0,0,0,0,0,0,0,0,0,,,0
ITA-Serie A,2425,Juventus,Manuel Locatelli,ITA,MF,26,1998,31.4,9,0,0,46,22,1,24,21,49,,,0
ITA-Serie A,2425,Juventus,Mattia Perin,ITA,GK,31,1992,5.0,0,0,0,0,0,0,0,0,0,,,0
ITA-Serie A,2425,Juventus,Michele Di Gregorio,ITA,GK,27,1997,33.0,0,0,0,0,7,0,0,1,0,,,0
ITA-Serie A,2425,Juventus,Nicolás González,ARG,"MF,FW",26,1998,19.4,3,0,0,30,40,6,16,9,14,,,0
ITA-Serie A,2425,Juventus,Nicolò Fagioli,ITA,MF,23,2001,6.3,4,0,0,11,5,0,13,2,10,,,0
ITA-Serie A,2425,Juventus,Nicolò Savona,ITA,DF,21,2003,19.2,5,0,0,13,9,1,34,11,13,,,0
ITA-Serie A,2425,Juventus,Pierre Kalulu,FRA,DF,24,2000,26.0,2,1,0,26,19,2,22,17,25,,,0
ITA-Serie A,2425,Juventus,Randal Kolo Muani,FRA,FW,25,1998,12.9,0,0,0,27,20,6,8,4,7,,,0
ITA-Serie A,2425,Juventus,Renato Veiga,POR,DF,21,2003,12.1,2,0,0,9,2,1,0,19,12,,,0
ITA-Serie A,2425,Juventus,Samuel Mbangula,BEL,MF,20,2004,7.9,1,0,0,6,14,0,17,3,10,,,0
ITA-Serie A,2425,Juventus,Teun Koopmeiners,NED,MF,26,1998,22.2,3,0,0,32,9,3,113,8,17,,,0
ITA-Serie A,2425,Juventus,Timothy Weah,USA,"MF,DF",24,2000,18.2,4,0,0,20,14,3,44,14,19,,,0
ITA-Serie A,2425,Juventus,Vasilije Adžić,MNE,MF,18,2006,0.5,0,0,0,1,1,0,0,0,2,,,0
ITA-Serie A,2425,Juventus,Weston McKennie,USA,"MF,DF",25,1998,25.7,3,0,0,31,19,1,19,15,13,,,0
ITA-Serie A,2425,Lazio,Adam Marušić,MNE,DF,31,1992,26.0,1,0,0,20,14,2,54,16,19,,,1
ITA-Serie A,2425,Lazio,Alessio Romagnoli,ITA,DF,29,1995,29.7,4,2,0,28,14,2,0,27,27,,,0
ITA-Serie A,2425,Lazio,Arijon Ibrahimović,GER,MF,18,2005,0.1,0,0,0,0,0,0,0,0,0,,,0
ITA-Serie A,2425,Lazio,Boulaye Dia,SEN,"MF,FW",27,1996,24.2,2,0,0,23,24,3,2,7,10,,,0
ITA-Serie A,2425,Lazio,Christos Mandas,GRE,GK,22,2001,9.0,0,0,0,0,3,0,0,0,0,,,0
ITA-Serie A,2425,Lazio,Elseid Hysaj,ALB,DF,30,1994,4.7,2,1,1,5,1,0,18,5,6,,,0
ITA-Serie A,2425,Lazio,Fisayo Dele-Bashiru,NGA,MF,23,2001,10.5,0,0,0,8,4,0,7,3,7,,,0
ITA-Serie A,2425,Lazio,Gaetano Castrovilli,ITA,MF,27,1997,1.6,0,0,0,4,1,0,0,3,2,,,0
ITA-Serie A,2425,Lazio,Gustav Isaksen,DEN,MF,23,2001,24.6,5,0,0,23,46,3,110,10,9,,,0
ITA-Serie A,2425,Lazio,Ivan Provedel,ITA,GK,30,1994,29.0,0,0,0,0,5,0,0,1,0,,,0
ITA-Serie A,2425,Lazio,Loum Tchaouna,FRA,"MF,FW",20,2003,7.3,4,1,1,11,7,0,32,4,3,,,0
ITA-Serie A,2425,Lazio,Luca Pellegrini,ITA,DF,25,1999,11.9,5,0,0,18,11,0,86,18,10,,,0
ITA-Serie A,2425,Lazio,Manuel Lazzari,ITA,DF,30,1993,15.6,3,0,0,12,29,1,97,9,15,,,0
ITA-Serie A,2425,Lazio,Mario Gila,ESP,DF,23,2000,30.5,8,0,0,32,30,0,5,30,38,,,1
ITA-Serie A,2425,Lazio,Mattia Zaccagni,ITA,"MF,FW",29,1995,29.8,10,0,0,35,98,10,156,29,27,,,0
ITA-Serie A,2425,Lazio,Mattéo Guendouzi,FRA,MF,25,1999,36.3,7,0,0,28,35,1,20,33,17,,,0
ITA-Serie A,2425,Lazio,Matías Vecino,URU,MF,32,1991,9.7,7,0,0,20,2,0,2,6,7,,,0
ITA-Serie A,2425,Lazio,Nicolò Casale,ITA,DF,26,1998,1.5,0,0,0,2,0,0,0,1,3,,,0
ITA-Serie A,2425,Lazio,Nicolò Rovella,ITA,MF,22,2001,30.2,13,0,0,43,33,2,35,43,52,,,0
ITA-Serie A,2425,Lazio,Nuno Tavares,POR,DF,24,2000,18.7,4,1,1,18,30,1,125,22,22,,,0
ITA-Serie A,2425,Lazio,Oliver Nielsen,DEN,DF,21,2003,0.4,1,0,0,2,0,1,0,1,0,,,0
ITA-Serie A,2425,Lazio,Patric,ESP,DF,31,1993,6.7,2,0,0,5,5,0,2,3,7,,,0
ITA-Serie A,2425,Lazio,Pedro,ESP,"MF,FW",37,1987,12.2,2,0,0,17,24,1,65,2,14,,,0
ITA-Serie A,2425,Lazio,Reda Belahyane,MAR,MF,20,2004,2.2,0,1,0,4,1,0,0,1,6,,,0
ITA-Serie A,2425,Lazio,Samuel Gigot,FRA,DF,30,1993,7.6,2,0,0,8,9,1,0,14,4,,,0
ITA-Serie A,2425,Lazio,Tijjani Noslin,NED,"MF,FW",25,1999,9.6,2,0,0,20,15,1,15,1,5,,,0
ITA-Serie A,2425,Lazio,Valentín Castellanos,ARG,FW,25,1998,26.5,9,1,0,38,42,17,25,8,6,,,0
ITA-Serie A,2425,Lecce,Andy Pelmard,MAD,DF,24,2000,1.4,1,0,0,2,0,0,0,0,6,,,0
ITA-Serie A,2425,Lecce,Ante Rebić,CRO,"FW,MF",30,1993,8.8,3,2,0,19,14,7,32,2,10,,,0
ITA-Serie A,2425,Lecce,Antonino Gallo,ITA,DF,24,2000,29.0,3,1,0,12,15,3,116,21,44,,,2
ITA-Serie A,2425,Lecce,Balthazar Pierret,FRA,MF,24,2000,19.1,2,0,0,34,20,0,9,23,34,,,0
ITA-Serie A,2425,Lecce,Danilo Veiga,POR,"MF,DF",21,2002,4.2,0,0,0,6,11,0,17,4,6,,,0
ITA-Serie A,2425,Lecce,Federico Baschirotto,ITA,DF,27,1996,38.0,3,0,0,31,7,0,5,22,26,,,0
ITA-Serie A,2425,Lecce,Filip Marchwiński,POL,MF,22,2002,0.2,0,0,0,0,1,0,0,0,0,,,0
ITA-Serie A,2425,Lecce,Frederic Guilbert,FRA,DF,29,1994,27.1,3,2,0,33,24,1,54,47,37,,,0
ITA-Serie A,2425,Lecce,Gaby Jean,FRA,DF,24,2000,15.4,0,0,0,15,13,0,1,10,8,,,0
ITA-Serie A,2425,Lecce,Hamza Rafia,TUN,MF,25,1999,11.8,4,0,0,26,25,0,44,4,28,,,0
ITA-Serie A,2425,Lecce,Jesper Karlsson,SWE,"MF,FW",26,1998,5.5,2,0,0,4,0,0,27,0,2,,,0
ITA-Serie A,2425,Lecce,Kevin Bonifazi,ITA,DF,28,1996,0.7,0,0,0,0,0,0,0,3,1,,,0
ITA-Serie A,2425,Lecce,Kialonda,ANG,DF,26,1997,23.8,3,0,0,9,20,0,3,31,12,,,0
ITA-Serie A,2425,Lecce,Konan N'dri,NIG,MF,23,2000,3.4,0,0,0,7,6,0,13,1,3,,,0
ITA-Serie A,2425,Lecce,Lameck Banda,ZAM,"MF,FW",23,2001,6.8,1,0,0,10,20,2,23,3,5,,,0
ITA-Serie A,2425,Lecce,Lassana Coulibaly,MLI,MF,28,1996,29.6,3,0,0,39,44,0,12,19,34,,,0
ITA-Serie A,2425,Lecce,Marco Sala,ITA,"DF,MF",25,1999,0.8,0,0,0,1,1,0,8,0,0,,,0
ITA-Serie A,2425,Lecce,Medon Berisha,ALB,MF,20,2003,8.0,5,0,0,16,11,0,29,11,8,,,0
ITA-Serie A,2425,Lecce,Mohamed Kaba,GUI,MF,22,2001,5.0,1,0,0,6,10,0,1,4,8,,,0
ITA-Serie A,2425,Lecce,Nicola Sansone,ITA,"FW,MF",32,1991,0.7,1,0,0,0,1,1,4,0,0,,,0
ITA-Serie A,2425,Lecce,Nikola Krstović,MNE,FW,24,2000,34.0,6,0,0,57,55,20,8,6,8,,,0
ITA-Serie A,2425,Lecce,Patrick Dorgu,DEN,"MF,DF",19,2004,20.4,2,1,0,24,55,4,40,18,29,,,1
ITA-Serie A,2425,Lecce,Rareș-Cătălin Burnete,ROU,FW,20,2004,0.3,0,0,0,2,2,0,0,0,0,,,0
ITA-Serie A,2425,Lecce,Remi Oudin,FRA,MF,27,1996,3.3,1,0,0,2,1,0,21,2,1,,,0
ITA-Serie A,2425,Lecce,Santiago Pierotti,ARG,"MF,FW",23,2001,21.5,6,1,1,54,13,12,17,11,25,,,0
ITA-Serie A,2425,Lecce,Tete Morente,ESP,"MF,FW",27,1996,22.5,5,0,0,26,24,0,56,13,16,,,0
ITA-Serie A,2425,Lecce,Tiago Gabriel,POR,DF,19,2004,1.1,0,0,0,0,0,0,0,0,0,,,0
ITA-Serie A,2425,Lecce,Valentin Gendrey,FRA,DF,24,2000,2.0,0,0,0,1,2,0,3,2,2,,,0
ITA-Serie A,2425,Lecce,Wladimiro Falcone,ITA,GK,29,1995,38.0,2,0,0,1,11,0,0,1,0,,,0
ITA-Serie A,2425,Lecce,Ylber Ramadani,ALB,MF,28,1996,20.1,4,0,0,18,11,0,6,22,29,,,0
ITA-Serie A,2425,Lecce,Þórir Jóhann Helgason,ISL,MF,23,2000,12.8,0,0,0,10,10,2,69,5,7,,,0
ITA-Serie A,2425,Milan,Alessandro Florenzi,ITA,"DF,FW",33,1991,0.1,0,0,0,0,0,0,1,0,0,,,0
ITA-Serie A,2425,Milan,Alexis Saelemaekers,BEL,DF,25,1999,1.0,0,0,0,0,2,0,10,1,1,,,0
ITA-Serie A,2425,Milan,Bob Murphy Omoregbe,ITA,FW,20,2003,0.0,0,0,0,1,0,0,0,0,0,,,0
ITA-Serie A,2425,Milan,Christian Pulisic,USA,"MF,FW",25,1998,27.5,1,0,0,20,37,3,118,5,29,,,0
ITA-Serie A,2425,Milan,Davide Bartesaghi,ITA,DF,18,2005,1.3,0,1,0,1,0,1,10,3,2,,,0
ITA-Serie A,2425,Milan,Davide Calabria,ITA,DF,27,1996,3.5,0,0,0,3,4,0,16,8,7,,,0
ITA-Serie A,2425,Milan,Emerson,BRA,DF,25,1999,15.3,5,0,0,34,32,0,45,15,29,,,0
ITA-Serie A,2425,Milan,Fikayo Tomori,ENG,DF,26,1997,17.7,4,1,1,10,8,0,6,20,25,,,0
ITA-Serie A,2425,Milan,Filippo Terracciano,ITA,"DF,MF",21,2003,6.0,3,0,0,11,9,1,3,7,6,,,0
ITA-Serie A,2425,Milan,Francesco Camarda,ITA,FW,16,2008,2.3,0,0,0,8,1,2,1,0,2,,,0
ITA-Serie A,2425,Milan,Ismaël Bennacer,ALG,MF,26,1997,3.3,2,0,0,5,5,0,6,3,4,,,0
ITA-Serie A,2425,Milan,João Félix,POR,MF,24,1999,8.4,3,0,0,12,30,2,5,1,6,,,0
ITA-Serie A,2425,Milan,Kevin Zeroli,ITA,MF,19,2005,0.1,0,0,0,0,0,0,0,0,1,,,0
ITA-Serie A,2425,Milan,Kyle Walker,ENG,DF,34,1990,7.3,1,0,0,7,4,0,10,9,9,,,0
ITA-Serie A,2425,Milan,Luka Jović,SRB,FW,26,1997,6.2,1,0,0,4,7,0,2,1,0,,,0
ITA-Serie A,2425,Milan,Malick Thiaw,GER,DF,22,2001,20.1,2,0,0,24,6,1,3,16,16,,,3
ITA-Serie A,2425,Milan,Marco Sportiello,ITA,GK,32,1992,1.4,0,0,0,0,0,0,0,0,0,,,0
ITA-Serie A,2425,Milan,Matteo Gabbia,ITA,DF,24,1999,23.9,4,0,0,20,6,1,2,16,15,,,0
ITA-Serie A,2425,Milan,Mattia Liberali,ITA,MF,17,2007,0.7,0,0,0,1,0,0,2,0,1,,,0
ITA-Serie A,2425,Milan,Mike Maignan,FRA,GK,29,1995,36.6,1,0,0,1,7,0,0,0,0,,,0
ITA-Serie A,2425,Milan,Noah Okafor,SUI,"FW,MF",24,2000,4.6,0,0,0,6,5,1,13,2,1,,,0
ITA-Serie A,2425,Milan,Rafael Leão,POR,"MF,FW",25,1999,25.8,5,0,0,19,52,7,55,6,11,,,0
ITA-Serie A,2425,Milan,Riccardo Sottil,ITA,MF,25,1999,1.4,0,0,0,1,3,0,8,0,1,,,0
ITA-Serie A,2425,Milan,Ruben Loftus-Cheek,ENG,MF,28,1996,11.5,3,0,0,23,27,0,7,3,8,,,0
ITA-Serie A,2425,Milan,Samuel Chukwueze,NGA,"MF,FW",25,1999,10.3,0,0,0,3,10,3,49,2,11,,,0
ITA-Serie A,2425,Milan,Santiago Giménez,MEX,FW,23,2001,7.4,3,1,0,11,4,7,2,1,3,,,0
ITA-Serie A,2425,Milan,Strahinja Pavlović,SRB,DF,23,2001,20.7,3,1,0,20,18,2,10,16,31,,,0
ITA-Serie A,2425,Milan,Tammy Abraham,ENG,FW,26,1997,13.1,1,0,0,23,12,6,3,2,11,,,0
ITA-Serie A,2425,Milan,Theo Hernández,FRA,"DF,MF",26,1997,30.0,4,1,0,17,43,3,111,16,30,,,0
ITA-Serie A,2425,Milan,Tijjani Reijnders,NED,MF,26,1998,34.8,2,1,0,28,22,2,46,37,13,,,0
ITA-Serie A,2425,Milan,Warren Bondo,FRA,MF,20,2003,1.8,1,0,0,1,4,0,1,0,3,,,0
ITA-Serie A,2425,Milan,Youssouf Fofana,FRA,MF,25,1999,27.8,5,0,0,28,17,0,10,17,34,,,0
ITA-Serie A,2425,Milan,Yunus Musah,USA,"MF,FW",21,2002,17.5,5,0,0,36,17,1,24,7,18,,,0
ITA-Serie A,2425,Milan,Álex Jiménez,ESP,"MF,DF",19,2005,14.1,6,0,0,12,18,5,37,17,13,,,0
ITA-Serie A,2425,Milan,Álvaro Morata,ESP,"FW,MF",31,1992,12.2,5,0,0,25,18,11,12,5,10,,,0
ITA-Serie A,2425,Monza,Alessandro Bianco,ITA,MF,21,2002,28.9,9,0,0,43,55,3,23,24,29,,,0
ITA-Serie A,2425,Monza,Andrea Carboni,ITA,DF,23,2001,24.3,5,0,0,29,17,0,15,27,32,,,0
ITA-Serie A,2425,Monza,Andrea Mazza,ITA,GK,20,2004,0.1,0,0,0,0,0,0,0,0,0,,,0
ITA-Serie A,2425,Monza,Andrea Petagna,ITA,FW,29,1995,3.7,1,0,0,6,4,4,1,1,1,,,0
ITA-Serie A,2425,Monza,Armando Izzo,ITA,DF,32,1992,27.1,12,0,0,65,47,0,8,43,15,,,0
ITA-Serie A,2425,Monza,Arvid Brorsson,SWE,DF,25,1999,4.0,0,0,0,1,4,0,0,2,3,,,0
ITA-Serie A,2425,Monza,Daniel Maldini,ITA,"MF,FW",22,2001,14.5,5,0,0,15,39,2,38,4,6,,,0
ITA-Serie A,2425,Monza,Danilo D'Ambrosio,ITA,DF,35,1988,12.2,2,1,0,18,11,3,9,14,16,,,0
ITA-Serie A,2425,Monza,Dany Mota,POR,"MF,FW",26,1998,23.4,3,0,0,30,36,7,38,8,4,,,0
ITA-Serie A,2425,Monza,Gaetano Castrovilli,ITA,MF,27,1997,6.6,0,0,0,8,7,2,14,2,7,,,0
ITA-Serie A,2425,Monza,Gianluca Caprari,ITA,"MF,FW",31,1993,18.3,3,0,0,18,42,5,80,8,11,,,0
ITA-Serie A,2425,Monza,Giorgos Kyriakopoulos,GRE,MF,28,1996,31.6,5,0,0,24,36,6,171,25,28,,,1
ITA-Serie A,2425,Monza,Jean-Daniel Akpa-Akpro,CIV,MF,31,1992,10.7,4,0,0,24,18,0,6,11,19,,,0
ITA-Serie A,2425,Monza,Kacper Urbanski,POL,MF,19,2004,5.6,1,0,0,8,4,0,4,2,3,,,0
ITA-Serie A,2425,Monza,Keita Baldé,SEN,FW,29,1995,7.1,2,0,0,7,23,3,6,2,1,,,0
ITA-Serie A,2425,Monza,Kevin Martins,ITA,MF,19,2005,2.0,1,0,0,3,4,0,6,1,4,,,0
ITA-Serie A,2425,Monza,Kevin Zeroli,ITA,MF,19,2005,4.4,0,0,0,5,1,2,2,2,2,,,0
ITA-Serie A,2425,Monza,Luca Caldirola,ITA,DF,33,1991,9.7,5,0,0,18,16,1,1,11,7,,,0
ITA-Serie A,2425,Monza,Matteo Pessina,ITA,MF,27,1997,9.5,2,0,0,5,13,0,6,11,4,,,0
ITA-Serie A,2425,Monza,Mattia Valoti,ITA,"FW,MF",30,1993,0.4,1,0,0,2,2,0,0,0,3,,,0
ITA-Serie A,2425,Monza,Milan Đurić,BIH,FW,34,1990,14.1,3,0,0,17,18,5,0,3,1,,,0
ITA-Serie A,2425,Monza,Mirko Marić,CRO,FW,29,1995,1.2,0,0,0,2,2,0,2,1,0,,,0
ITA-Serie A,2425,Monza,Omari Forson,ENG,FW,20,2004,2.5,0,0,0,2,2,1,9,1,3,,,0
ITA-Serie A,2425,Monza,Pablo Marí,ESP,DF,30,1993,18.1,4,1,1,27,5,0,1,36,14,,,0
ITA-Serie A,2425,Monza,Patrick Ciurria,ITA,MF,29,1995,12.3,1,0,0,17,11,1,61,8,15,,,0
ITA-Serie A,2425,Monza,Pedro Pereira,POR,"MF,DF",26,1998,29.6,10,0,0,48,9,0,58,23,30,,,0
ITA-Serie A,2425,Monza,Roberto Gagliardini,ITA,MF,30,1994,2.0,1,0,0,6,7,0,1,2,1,,,0
ITA-Serie A,2425,Monza,Samuele Birindelli,ITA,MF,25,1999,16.3,2,0,0,16,15,5,65,10,14,,,0
ITA-Serie A,2425,Monza,Samuele Vignato,ITA,MF,20,2004,5.2,0,0,0,3,3,1,14,0,3,,,0
ITA-Serie A,2425,Monza,Semuel Pizzignacco,ITA,GK,22,2001,8.2,0,0,0,0,2,0,0,0,0,,,1
ITA-Serie A,2425,Monza,Silvère Ganvoula,CGO,FW,28,1996,3.6,0,0,0,4,8,1,0,1,0,,,0
ITA-Serie A,2425,Monza,Stefan Lekovic,SRB,DF,20,2004,4.1,0,0,0,5,3,0,0,8,4,,,1
ITA-Serie A,2425,Monza,Stefano Sensi,ITA,MF,28,1995,3.0,0,0,0,3,6,0,12,3,5,,,0
ITA-Serie A,2425,Monza,Stefano Turati,ITA,GK,22,2001,29.7,1,0,0,0,12,0,0,0,0,,,0
ITA-Serie A,2425,Monza,Tomás Palacios,ARG,DF,21,2003,5.0,2,0,0,2,10,1,1,9,5,,,0
ITA-Serie A,2425,Monza,Warren Bondo,FRA,MF,20,2003,18.0,5,1,1,31,36,1,7,6,25,,,0
ITA-Serie A,2425,Napoli,Alessandro Buongiorno,ITA,DF,25,1999,21.4,2,0,0,17,21,1,2,33,23,,,0
ITA-Serie A,2425,Napoli,Alessio Zerbin,ITA,"FW,MF",25,1999,0.0,0,0,0,0,0,0,0,0,1,,,0
ITA-Serie A,2425,Napoli,Alex Meret,ITA,GK,27,1997,33.4,0,0,0,1,4,0,0,0,0,,,1
ITA-Serie A,2425,Napoli,Amir Rrahmani,KVX,DF,30,1994,37.8,2,0,0,42,16,0,1,27,30,,,1
ITA-Serie A,2425,Napoli,Billy Gilmour,SCO,MF,23,2001,13.1,0,0,0,14,16,0,18,9,14,,,0
ITA-Serie A,2425,Napoli,Cyril Ngonge,BEL,FW,24,2000,2.4,2,0,0,8,14,1,11,2,5,,,0
ITA-Serie A,2425,Napoli,David Neres,BRA,FW,27,1997,14.3,1,0,0,14,10,4,92,7,11,,,0
ITA-Serie A,2425,Napoli,Elia Caprile,ITA,GK,22,2001,3.6,0,0,0,0,0,0,0,0,0,,,0
ITA-Serie A,2425,Napoli,Frank Anguissa,CMR,MF,28,1995,31.7,5,0,0,39,36,2,23,34,26,,,0
ITA-Serie A,2425,Napoli,Giacomo Raspadori,ITA,"FW,MF",24,2000,12.3,1,0,0,12,20,1,67,3,9,,,0
ITA-Serie A,2425,Napoli,Giovanni Di Lorenzo,ITA,DF,30,1993,37.0,6,0,0,46,52,5,63,31,43,,,0
ITA-Serie A,2425,Napoli,Giovanni Simeone,ARG,FW,29,1995,4.7,1,0,0,7,16,2,3,1,0,,,0
ITA-Serie A,2425,Napoli,Juan Jesus,BRA,DF,33,1991,11.9,2,0,0,14,5,0,0,9,15,,,0
ITA-Serie A,2425,Napoli,Khvicha Kvaratskhelia,GEO,"FW,MF",23,2001,13.1,1,0,0,12,33,0,50,4,9,,,0
ITA-Serie A,2425,Napoli,Leonardo Spinazzola,ITA,"DF,MF",31,1993,16.9,1,0,0,6,12,1,65,9,10,,,0
ITA-Serie A,2425,Napoli,Mathías Olivera,URU,DF,26,1997,26.3,4,0,0,28,22,2,22,25,36,,,0
ITA-Serie A,2425,Napoli,Matteo Politano,ITA,"FW,MF",30,1993,31.2,3,0,0,14,31,6,229,13,16,,,0
ITA-Serie A,2425,Napoli,Michael Folorunsho,ITA,"FW,MF",26,1998,0.4,0,0,0,2,1,0,0,0,2,,,0
ITA-Serie A,2425,Napoli,Noah Okafor,SUI,"FW,MF",24,2000,0.4,0,0,0,2,1,0,3,0,2,,,0
ITA-Serie A,2425,Napoli,Pasquale Mazzocchi,ITA,"MF,DF",29,1995,7.8,3,0,0,9,5,1,12,5,7,,,0
ITA-Serie A,2425,Napoli,Philip Billing,DEN,MF,28,1996,2.2,1,0,0,10,1,0,2,4,6,,,0
ITA-Serie A,2425,Napoli,Rafa Marín,ESP,DF,22,2002,1.6,1,0,0,2,1,0,0,1,0,,,0
ITA-Serie A,2425,Napoli,Romelu Lukaku,BEL,FW,31,1993,31.6,4,0,0,47,36,24,4,1,2,,,0
ITA-Serie A,2425,Napoli,Scott McTominay,SCO,MF,27,1996,32.6,3,0,0,45,60,5,11,23,23,,,0
ITA-Serie A,2425,Napoli,Simone Scuffet,ITA,GK,28,1996,1.0,0,0,0,0,0,0,0,0,0,,,0
ITA-Serie A,2425,Napoli,Stanislav Lobotka,SVK,MF,29,1994,29.3,3,0,0,24,31,0,3,21,32,,,0
ITA-Serie A,2425,Napoli,Walid Cheddira,MAR,FW,26,1998,0.1,0,0,0,0,0,0,0,0,0,,,0
ITA-Serie A,2425,Parma,Adrian Benedyczak,POL,MF,23,2000,2.4,0,0,0,4,5,1,1,0,0,,,0
ITA-Serie A,2425,Parma,Adrian Bernabe,ESP,MF,23,2001,16.1,1,0,0,9,36,0,29,7,19,,,0
ITA-Serie A,2425,Parma,Alessandro Circati,AUS,DF,20,2003,6.0,1,0,0,4,5,0,0,4,5,,,0
ITA-Serie A,2425,Parma,Alessandro Vogliacco,ITA,DF,25,1998,8.6,2,0,0,10,5,0,2,4,3,,,1
ITA-Serie A,2425,Parma,Ange-Yoan Bonny,CIV,FW,20,2003,28.1,2,0,0,20,47,14,14,3,18,,,0
ITA-Serie A,2425,Parma,Antoine Hainaut,FRA,"DF,MF",22,2002,13.4,4,0,0,13,16,1,26,15,13,,,0
ITA-Serie A,2425,Parma,Botond Balogh,HUN,DF,22,2002,22.8,5,0,0,17,7,0,1,25,17,,,0
ITA-Serie A,2425,Parma,Dennis Man,ROU,"MF,FW",25,1998,22.2,0,0,0,8,17,4,33,8,6,,,0
ITA-Serie A,2425,Parma,Drissa Camara,CIV,FW,22,2002,5.0,3,0,0,17,17,1,5,4,7,,,0
ITA-Serie A,2425,Parma,Emanuele Valeri,ITA,"DF,MF",25,1998,31.9,1,0,0,28,26,0,129,30,32,,,0
ITA-Serie A,2425,Parma,Enrico Delprato,ITA,"DF,MF",24,1999,32.7,8,0,0,20,17,0,16,17,17,,,0
ITA-Serie A,2425,Parma,Gabriel Charpentier,CGO,FW,25,1999,3.0,1,0,0,13,10,0,2,0,3,,,0
ITA-Serie A,2425,Parma,Giovanni Leoni,ITA,DF,17,2006,13.3,3,1,0,11,9,0,3,16,9,,,0
ITA-Serie A,2425,Parma,Hernani,BRA,MF,30,1994,14.7,7,0,0,33,25,1,33,19,26,,,0
ITA-Serie A,2425,Parma,Jacob Ondrejka,SWE,MF,21,2002,4.7,0,0,0,1,8,0,16,7,5,,,0
ITA-Serie A,2425,Parma,Lautaro Valenti,ARG,DF,25,1999,17.3,6,1,1,24,7,0,2,13,12,,,0
ITA-Serie A,2425,Parma,Leandro Chichizola,ARG,GK,34,1990,1.0,0,0,0,0,0,0,0,0,0,,,0
ITA-Serie A,2425,Parma,Mandela Keita,BEL,MF,22,2002,20.3,6,1,1,29,33,1,0,17,25,,,0
ITA-Serie A,2425,Parma,Mateo Pellegrino,ARG,FW,23,2001,8.2,2,0,0,27,16,0,4,1,2,,,0
ITA-Serie A,2425,Parma,Mateusz Kowalski,POL,MF,19,2005,0.6,0,0,0,1,0,0,0,0,0,,,0
ITA-Serie A,2425,Parma,Mathias Løvik,NOR,"DF,MF",20,2003,1.0,0,0,0,2,0,0,3,2,1,,,0
ITA-Serie A,2425,Parma,Matteo Cancellieri,ITA,"MF,FW",22,2002,15.8,2,1,0,26,41,2,22,13,14,,,0
ITA-Serie A,2425,Parma,Milan Đurić,BIH,FW,34,1990,3.0,1,0,0,2,6,1,0,0,0,,,0
ITA-Serie A,2425,Parma,Mohamed Haj,TUN,MF,19,2005,5.0,4,0,0,6,11,0,7,3,1,,,0
ITA-Serie A,2425,Parma,Nahuel Estévez,ARG,MF,28,1995,7.3,3,0,0,9,9,0,15,3,7,,,0
ITA-Serie A,2425,Parma,Pontus Almqvist,SWE,"FW,MF",25,1999,12.4,5,0,0,15,15,2,11,20,14,,,0
ITA-Serie A,2425,Parma,Simon Sohm,SUI,MF,23,2001,33.2,6,0,0,19,30,1,15,26,16,,,0
ITA-Serie A,2425,Parma,Valentin Mihaila,ROU,"MF,FW",24,2000,14.3,2,0,0,17,20,1,33,7,15,,,0
ITA-Serie A,2425,Parma,Woyo Coulibaly,MLI,DF,25,1999,12.0,1,1,0,12,12,1,5,9,9,,,1
ITA-Serie A,2425,Parma,Wylan Cyprien,FRA,MF,29,1995,0.3,0,0,0,0,0,0,0,2,0,,,0
ITA-Serie A,2425,Parma,Yordan Osorio,VEN,DF,30,1994,1.9,0,0,0,5,2,0,0,4,2,,,0
ITA-Serie A,2425,Parma,Zion Suzuki,JPN,GK,21,2002,36.8,2,1,1,3,6,0,0,0,0,,,0
ITA-Serie A,2425,Roma,Alexis Saelemaekers,BEL,"MF,FW",25,1999,15.4,4,0,0,13,30,0,52,9,20,,,0
ITA-Serie A,2425,Roma,Anass Salah-Eddine,MAR,MF,22,2002,1.7,0,0,0,2,1,0,6,1,1,,,0
ITA-Serie A,2425,Roma,Angeliño,ESP,"MF,DF",27,1997,35.3,1,0,0,32,33,5,119,28,24,,,0
ITA-Serie A,2425,Roma,Artem Dovbyk,UKR,FW,27,1997,26.9,0,0,0,30,16,22,1,2,1,,,0
ITA-Serie A,2425,Roma,Bryan Cristante,ITA,MF,29,1995,22.7,8,0,0,37,9,0,15,18,29,,,0
ITA-Serie A,2425,Roma,Devyne Rensch,NED,"MF,DF",21,2003,5.2,0,0,0,1,7,1,11,6,12,,,0
ITA-Serie A,2425,Roma,Eldor Shomurodov,UZB,FW,29,1995,12.2,1,0,0,14,7,3,6,3,6,,,0
ITA-Serie A,2425,Roma,Enzo Le Fée,FRA,MF,24,2000,3.5,1,0,0,6,5,0,7,5,4,,,0
ITA-Serie A,2425,Roma,Gianluca Mancini,ITA,DF,28,1996,34.9,8,0,0,49,34,6,32,33,26,,,0
ITA-Serie A,2425,Roma,Leandro Paredes,ARG,MF,30,1994,15.3,4,0,0,15,16,0,57,20,14,,,0
ITA-Serie A,2425,Roma,Lorenzo Pellegrini,ITA,MF,28,1996,18.1,4,0,0,26,26,4,49,6,16,,,0
ITA-Serie A,2425,Roma,Lucas Gourna-Douath,FRA,MF,20,2003,2.5,2,0,0,9,5,1,2,0,4,,,0
ITA-Serie A,2425,Roma,Manu Koné,FRA,MF,23,2001,28.6,6,0,0,27,86,2,2,26,26,,,0
ITA-Serie A,2425,Roma,Mario Hermoso,ESP,DF,29,1995,2.8,2,1,1,7,1,0,3,4,1,,,0
ITA-Serie A,2425,Roma,Mats Hummels,GER,DF,35,1988,10.2,1,0,0,10,4,0,2,25,13,,,1
ITA-Serie A,2425,Roma,Matìas Soulé,ARG,MF,21,2003,19.8,3,0,0,12,36,1,87,11,16,,,0
ITA-Serie A,2425,Roma,Mile Svilar,SRB,GK,24,1999,38.0,1,0,0,0,8,0,0,0,0,,,0
ITA-Serie A,2425,Roma,Niccolò Pisilli,ITA,MF,19,2004,13.6,7,0,0,19,13,1,10,11,12,,,0
ITA-Serie A,2425,Roma,Nicola Zalewski,POL,MF,22,2002,5.9,0,0,0,2,13,1,28,5,6,,,0
ITA-Serie A,2425,Roma,Obite N'Dicka,CIV,DF,24,1999,38.0,2,0,0,37,23,1,0,35,27,,,0
ITA-Serie A,2425,Roma,Paulo Dybala,ARG,"FW,MF",30,1993,15.7,2,0,0,6,60,6,62,2,7,,,0
ITA-Serie A,2425,Roma,Samuel Dahl,SWE,DF,21,2003,0.5,0,0,0,2,0,0,1,0,2,,,0
ITA-Serie A,2425,Roma,Saud Abdulhamid,KSA,MF,25,1999,2.3,0,0,0,2,5,0,7,2,2,,,0
ITA-Serie A,2425,Roma,Stephan El Shaarawy,ITA,"MF,FW",31,1992,12.2,2,0,0,7,14,5,27,10,12,,,0
ITA-Serie A,2425,Roma,Tammy Abraham,ENG,FW,26,1997,0.0,0,0,0,0,0,0,0,0,0,,,0
ITA-Serie A,2425,Roma,Tommaso Baldanzi,ITA,"MF,FW",21,2003,9.2,2,0,0,7,16,0,6,6,6,,,0
ITA-Serie A,2425,Roma,Victor Nelsson,DEN,DF,25,1998,2.1,0,0,0,2,5,0,0,2,3,,,0
ITA-Serie A,2425,Roma,Zeki Çelik,TUR,"DF,MF",27,1997,25.1,5,0,0,31,10,0,42,12,37,,,0
ITA-Serie A,2425,Torino,Aaron Ciammaglichella,ITA,MF,19,2005,0.0,0,0,0,0,0,0,0,0,0,,,0
ITA-Serie A,2425,Torino,Adam Masina,MAR,DF,30,1994,21.3,5,0,0,23,18,2,14,26,15,,,0
ITA-Serie A,2425,Torino,Adrien Tameze,CMR,"MF,DF",30,1994,7.2,3,0,0,8,4,0,9,5,3,,,0
ITA-Serie A,2425,Torino,Alberto Paleari,ITA,GK,31,1992,1.0,0,0,0,0,1,0,0,0,0,,,0
ITA-Serie A,2425,Torino,Alessio Cacciamani,ITA,MF,17,2007,0.3,0,0,0,0,0,0,3,1,0,,,0
ITA-Serie A,2425,Torino,Ali Dembélé,FRA,DF,20,2004,4.3,4,1,1,9,7,0,7,1,5,,,0
ITA-Serie A,2425,Torino,Alieu Njie,SWE,FW,19,2005,4.4,1,0,0,12,12,2,6,0,1,,,0
ITA-Serie A,2425,Torino,Antonio Sanabria,PAR,FW,28,1996,14.6,2,0,0,16,14,1,0,1,3,,,0
ITA-Serie A,2425,Torino,Borna Sosa,CRO,"MF,DF",26,1998,13.1,0,0,0,12,7,1,52,12,16,,,0
ITA-Serie A,2425,Torino,Cesare Casadei,ITA,MF,21,2003,11.3,1,0,0,16,10,0,2,5,5,,,0
ITA-Serie A,2425,Torino,Ché Adams,SCO,FW,28,1996,29.5,2,0,0,29,40,23,10,1,6,,,0
ITA-Serie A,2425,Torino,Cristiano Biraghi,ITA,DF,31,1992,12.9,0,0,0,9,12,2,106,7,10,,,1
ITA-Serie A,2425,Torino,Duván Zapata,COL,FW,33,1991,6.5,1,0,0,10,8,2,3,2,5,,,0
ITA-Serie A,2425,Torino,Elif Elmas,MKD,"MF,FW",24,1999,11.3,0,0,0,13,14,2,23,4,8,,,0
ITA-Serie A,2425,Torino,Guillermo Maripán,CHI,DF,30,1994,26.0,4,1,0,29,8,1,1,38,23,,,0
ITA-Serie A,2425,Torino,Gvidas Gineitis,LTU,MF,20,2004,15.9,5,0,0,23,23,2,50,18,15,,,0
ITA-Serie A,2425,Torino,Ivan Ilić,SRB,MF,23,2001,10.2,4,0,0,11,22,1,27,5,2,,,0
ITA-Serie A,2425,Torino,Karol Linetty,POL,MF,29,1995,17.1,6,0,0,39,14,0,3,9,22,,,0
ITA-Serie A,2425,Torino,Marcus Pedersen,NOR,"MF,DF",24,2000,15.1,3,0,0,16,4,4,56,13,8,,,0
ITA-Serie A,2425,Torino,Mërgim Vojvoda,KVX,"DF,MF",29,1995,12.3,4,0,0,13,4,1,40,8,10,,,0
ITA-Serie A,2425,Torino,Nikola Vlašić,CRO,"MF,FW",26,1997,23.5,0,0,0,28,26,6,25,8,17,,,0
ITA-Serie A,2425,Torino,Raoul Bellanova,ITA,MF,24,2000,1.0,0,0,0,1,1,0,5,0,0,,,0
ITA-Serie A,2425,Torino,Saba Sazonov,GEO,DF,22,2002,0.0,0,0,0,0,0,0,0,0,0,,,0
ITA-Serie A,2425,Torino,Samuele Ricci,ITA,MF,22,2001,31.4,8,1,0,38,70,0,30,27,21,,,0
ITA-Serie A,2425,Torino,Saúl Coco,EQG,DF,25,1999,31.6,10,0,0,53,19,0,2,36,27,,,1
ITA-Serie A,2425,Torino,Sebastian Walukiewicz,POL,DF,24,2000,18.5,6,0,0,29,7,1,24,17,20,,,0
ITA-Serie A,2425,Torino,Sergiu Perciun,MDA,MF,18,2006,1.7,0,0,0,3,4,0,5,1,2,,,0
ITA-Serie A,2425,Torino,Tommaso Gabellini,ITA,FW,17,2006,0.1,0,0,0,0,0,0,0,0,0,,,0
ITA-Serie A,2425,Torino,Valentino Lazaro,AUT,MF,28,1996,25.6,6,0,0,30,13,2,142,10,12,,,0
ITA-Serie A,2425,Torino,Vanja Milinković-Savić,SRB,GK,27,1997,37.0,3,0,0,1,10,0,0,0,0,,,0
ITA-Serie A,2425,Torino,Yann Karamoh,FRA,"MF,FW",26,1998,11.6,2,0,0,12,14,4,24,3,2,,,0
ITA-Serie A,2425,Udinese,Alexis Sánchez,CHI,FW,35,1988,4.9,0,0,0,4,11,4,9,4,1,,,0
ITA-Serie A,2425,Udinese,Arthur Atta,FRA,"MF,FW",21,2003,13.9,5,0,0,15,14,1,24,7,10,,,0
ITA-Serie A,2425,Udinese,Brenner,BRA,"MF,FW",24,2000,4.3,0,0,0,0,5,0,11,1,4,,,0
ITA-Serie A,2425,Udinese,Christian Kabasele,BEL,DF,33,1991,12.9,0,0,0,20,16,0,2,14,9,,,0
ITA-Serie A,2425,Udinese,Damián Pizarro,CHI,FW,19,2005,0.2,0,0,0,0,0,0,0,0,0,,,0
ITA-Serie A,2425,Udinese,Daniele Padelli,ITA,GK,38,1985,1.0,0,0,0,0,0,0,0,0,0,,,0
ITA-Serie A,2425,Udinese,Enzo Ebosse,CMR,DF,25,1999,1.0,1,0,0,1,0,0,0,1,0,,,0
ITA-Serie A,2425,Udinese,Florian Thauvin,FRA,"FW,MF",31,1993,21.7,0,0,0,10,27,3,165,7,14,,,0
ITA-Serie A,2425,Udinese,Hassane Kamara,CIV,"MF,DF",30,1994,22.2,8,1,1,25,22,1,107,28,25,,,0
ITA-Serie A,2425,Udinese,Iker Bravo,ESP,FW,19,2005,7.6,3,0,0,12,10,2,8,1,5,,,0
ITA-Serie A,2425,Udinese,Jaka Bijol,SVN,DF,25,1999,32.9,13,1,1,49,8,2,2,36,26,,,1
ITA-Serie A,2425,Udinese,James Abankwah,IRL,DF,20,2004,1.0,1,0,0,4,3,0,0,1,1,,,0
ITA-Serie A,2425,Udinese,Jesper Karlström,SWE,MF,29,1995,35.4,9,0,0,41,25,1,15,35,34,,,0
ITA-Serie A,2425,Udinese,Jordan Zemura,ZIM,"MF,DF",24,1999,15.7,2,0,0,21,7,2,39,17,15,,,0
ITA-Serie A,2425,Udinese,Jurgen Ekkelenkamp,NED,MF,24,2000,21.0,2,0,0,29,14,2,13,12,25,,,0
ITA-Serie A,2425,Udinese,Keinan Davis,ENG,FW,26,1998,11.8,2,0,0,24,12,8,3,1,5,,,0
ITA-Serie A,2425,Udinese,Kingsley Ehizibue,NED,"MF,DF",29,1995,27.8,5,0,0,33,33,5,60,23,35,,,0
ITA-Serie A,2425,Udinese,Lautaro Gianetti,ARG,DF,30,1993,9.8,4,0,0,7,0,0,0,15,11,,,2
ITA-Serie A,2425,Udinese,Lorenzo Lucca,ITA,FW,23,2000,26.1,10,0,0,65,55,16,5,6,6,,,0
ITA-Serie A,2425,Udinese,Maduka Okoye,NGA,GK,24,1999,25.0,1,0,0,0,1,0,0,0,0,,,1
ITA-Serie A,2425,Udinese,Martín Payero,ARG,MF,25,1998,15.3,5,0,0,35,39,0,39,13,15,,,0
ITA-Serie A,2425,Udinese,Matteo Palma,GER,DF,16,2008,0.1,0,0,0,1,0,0,0,0,0,,,0
ITA-Serie A,2425,Udinese,Nehuén Pérez,ARG,DF,24,2000,2.0,0,0,0,3,2,0,0,1,1,,,0
ITA-Serie A,2425,Udinese,Oier Zarraga,ESP,MF,25,1999,10.0,0,0,0,12,6,0,19,2,13,,,0
ITA-Serie A,2425,Udinese,Oumar Solet,FRA,DF,24,2000,18.6,3,1,1,17,14,0,9,16,19,,,0
ITA-Serie A,2425,Udinese,Razvan Sava,ROU,GK,22,2002,12.0,1,0,0,1,1,0,0,0,0,,,0
ITA-Serie A,2425,Udinese,Rui Modesto,ANG,MF,24,1999,6.8,1,0,0,10,5,1,26,8,12,,,0
ITA-Serie A,2425,Udinese,Sandi Lovrić,SVN,MF,26,1998,25.6,5,0,0,54,34,0,89,22,30,,,0
ITA-Serie A,2425,Udinese,Simone Pafundi,ITA,FW,18,2006,1.3,0,0,0,1,6,0,13,0,3,,,0
ITA-Serie A,2425,Udinese,Souleymane Touré,FRA,DF,21,2003,8.1,2,2,0,15,6,1,6,9,6,,,1
ITA-Serie A,2425,Udinese,Thomas Kristensen,DEN,DF,22,2002,19.5,5,0,0,31,3,1,10,21,20,,,0
ITA-Serie A,2425,Venezia,Alessandro Marcandalli,ITA,DF,21,2002,3.9,2,0,0,9,0,0,0,2,6,,,0
ITA-Serie A,2425,Venezia,Alessio Zerbin,ITA,MF,25,1999,16.9,4,0,0,36,36,3,75,15,30,,,0
ITA-Serie A,2425,Venezia,Alfred Duncan,GHA,MF,31,1993,10.6,2,0,0,22,11,0,17,7,9,,,0
ITA-Serie A,2425,Venezia,Antonio Candela,ITA,"MF,DF",24,2000,11.2,2,0,0,15,5,0,21,8,21,,,1
ITA-Serie A,2425,Venezia,Antonio Raimondo,ITA,FW,20,2004,1.0,0,0,0,2,1,1,1,0,1,,,0
ITA-Serie A,2425,Venezia,Bjarki Bjarkason,ISL,MF,24,2000,1.8,2,0,0,2,8,0,7,3,2,,,0
ITA-Serie A,2425,Venezia,Cheick Oumar Conde,GUI,MF,24,2000,1.7,2,0,0,5,4,0,0,3,6,,,0
ITA-Serie A,2425,Venezia,Christian Gytkjær,DEN,FW,34,1990,8.4,0,0,0,11,5,7,0,1,4,,,0
ITA-Serie A,2425,Venezia,Daniel Fila,CZE,FW,21,2002,5.5,3,1,1,13,7,3,0,0,1,,,0
ITA-Serie A,2425,Venezia,Domen Črnigoj,SVN,MF,28,1995,1.5,0,0,0,2,4,0,2,4,2,,,0
ITA-Serie A,2425,Venezia,Fali Candé,GNB,DF,26,1998,17.0,4,0,0,24,21,0,7,16,19,,,0
ITA-Serie A,2425,Venezia,Filip Stankovic,SRB,GK,22,2002,15.2,1,0,0,0,1,0,0,0,0,,,0
ITA-Serie A,2425,Venezia,Francesco Zampano,ITA,MF,30,1993,18.2,5,0,0,24,19,5,49,6,21,,,0
ITA-Serie A,2425,Venezia,Franco Carboni,ITA,MF,21,2003,2.5,2,0,0,3,2,0,8,0,4,,,0
ITA-Serie A,2425,Venezia,Gaetano Oristanio,ITA,"FW,MF",21,2002,25.7,3,0,0,50,71,11,56,7,14,,,0
ITA-Serie A,2425,Venezia,Gianluca Busio,USA,MF,22,2002,28.0,4,0,0,26,44,4,30,18,30,,,0
ITA-Serie A,2425,Venezia,Giorgio Altare,ITA,DF,25,1998,8.4,2,0,0,10,2,0,7,18,12,,,1
ITA-Serie A,2425,Venezia,Hans Nicolussi Caviglia,ITA,MF,24,2000,31.8,7,1,1,50,38,0,69,29,29,,,0
ITA-Serie A,2425,Venezia,Ionuț Radu,ROU,GK,27,1997,15.0,1,0,0,0,1,0,0,0,0,,,0
ITA-Serie A,2425,Venezia,Issa Doumbia,ITA,MF,20,2003,10.4,0,0,0,18,12,0,10,9,8,,,0
ITA-Serie A,2425,Venezia,Jay Idzes,IDN,DF,24,2000,34.7,5,0,0,50,12,3,6,28,30,,,0
ITA-Serie A,2425,Venezia,Jesse Joronen,FIN,GK,31,1993,7.8,0,0,0,1,0,0,0,0,0,,,1
ITA-Serie A,2425,Venezia,Joel Pohjanpalo,FIN,FW,29,1994,17.8,1,0,0,12,15,10,3,4,3,,,0
ITA-Serie A,2425,Venezia,John Yeboah,ECU,"FW,MF",24,2000,13.6,6,0,0,14,21,4,26,4,3,,,0
ITA-Serie A,2425,Venezia,Joël Schingtienne,BEL,DF,21,2002,12.5,2,0,0,7,1,0,0,11,17,,,0
ITA-Serie A,2425,Venezia,Kike Pérez,ESP,MF,27,1997,12.4,4,0,0,31,16,1,48,11,25,,,0
ITA-Serie A,2425,Venezia,Magnus Kofod Andersen,DEN,MF,25,1999,7.7,1,0,0,7,5,0,16,6,4,,,0
ITA-Serie A,2425,Venezia,Marin Šverko,CRO,DF,26,1998,12.4,3,0,0,9,10,0,2,15,9,,,0
ITA-Serie A,2425,Venezia,Michael Svoboda,AUT,DF,25,1998,14.6,1,0,0,6,11,0,2,22,16,,,0
ITA-Serie A,2425,Venezia,Mikael Ellertsson,ISL,MF,22,2002,27.4,2,0,0,22,43,2,28,15,27,,,0
ITA-Serie A,2425,Venezia,Mirko Marić,CRO,FW,29,1995,4.0,0,0,0,3,4,3,3,1,3,,,0
ITA-Serie A,2425,Venezia,Nicholas Pierini,ITA,"FW,MF",25,1998,0.9,0,0,0,1,2,0,3,0,0,,,0
ITA-Serie A,2425,Venezia,Nunzio Lella,ITA,MF,24,2000,0.1,0,0,0,1,1,0,0,0,0,,,0
ITA-Serie A,2425,Venezia,Richie Sagrado,BEL,"MF,DF",20,2004,1.6,1,0,0,2,2,0,0,3,2,,,0
ITA-Serie A,2425,Venezia,Ridgeciano Haps,SUR,"MF,DF",31,1993,15.2,3,0,0,14,15,1,26,8,16,,,0
ITA-Serie A,2425,Venezia,Saad El Haddad,MAR,MF,19,2005,0.3,0,0,0,1,1,0,0,0,0,,,0
FRA-Ligue 1,2425,Angers,Abdoulaye Bamba,CIV,DF,34,1990,16.8,2,0,0,10,7,0,5,20,15,,,0
FRA-Ligue 1,2425,Angers,Bamba Dieng,SEN,FW,24,2000,5.9,1,0,0,9,13,4,5,0,1,,,0
FRA-Ligue 1,2425,Angers,Carlens Arcus,HAI,DF,28,1996,22.7,3,0,0,37,21,1,56,26,37,,,0
FRA-Ligue 1,2425,Angers,Cédric Hountondji,BEN,DF,30,1994,3.0,0,0,0,2,1,0,0,4,5,,,0
FRA-Ligue 1,2425,Angers,Emmanuel Biumla,FRA,DF,19,2005,14.8,2,0,0,8,10,0,0,10,13,,,0
FRA-Ligue 1,2425,Angers,Enzo Caumont,FRA,MF,20,2004,0.4,1,0,0,1,0,0,0,1,1,,,0
FRA-Ligue 1,2425,Angers,Esteban Lepaul,FRA,FW,24,2000,18.1,2,0,0,16,16,16,15,4,6,,,0
FRA-Ligue 1,2425,Angers,Farid El Melali,ALG,"MF,FW",27,1997,21.0,1,0,0,21,46,8,87,17,17,,,0
FRA-Ligue 1,2425,Angers,Florent Hanin,ALG,DF,34,1990,29.7,2,0,0,17,35,1,104,47,48,,,0
FRA-Ligue 1,2425,Angers,Haris Belkebla,ALG,MF,30,1994,19.9,1,0,0,18,32,1,3,35,39,,,0
FRA-Ligue 1,2425,Angers,Himad Abdelli,ALG,MF,24,1999,31.6,4,0,0,47,32,3,45,27,32,,,0
FRA-Ligue 1,2425,Angers,Ibrahima Niane,SEN,FW,25,1999,10.5,0,0,0,15,30,9,2,2,3,,,0
FRA-Ligue 1,2425,Angers,Jacques Ekomie,GAB,"DF,MF",20,2003,7.7,1,0,0,11,21,1,23,5,14,,,0
FRA-Ligue 1,2425,Angers,Jean-Eudes Aholou,CIV,MF,30,1994,21.8,7,0,0,50,25,1,2,34,36,,,0
FRA-Ligue 1,2425,Angers,Jim Allevinah,GAB,MF,29,1995,19.4,3,0,0,18,25,10,35,12,14,,,0
FRA-Ligue 1,2425,Angers,Jordan Lefort,MTN,DF,30,1993,34.0,3,0,0,14,15,1,12,32,29,,,0
FRA-Ligue 1,2425,Angers,Justin-Noël Kalumba,FRA,FW,19,2004,0.3,0,0,0,0,1,0,1,1,0,,,0
FRA-Ligue 1,2425,Angers,Lanroy Machine,FRA,MF,18,2005,0.1,0,0,0,0,0,0,1,0,0,,,0
FRA-Ligue 1,2425,Angers,Lilian Raolisoa,FRA,"DF,MF",24,2000,14.6,1,2,0,16,9,3,76,16,25,,,0
FRA-Ligue 1,2425,Angers,Lois Diony,FRA,FW,31,1992,0.2,0,0,0,0,0,0,0,0,0,,,0
FRA-Ligue 1,2425,Angers,Marius Courcoul,FRA,MF,17,2007,3.4,0,0,0,4,2,0,4,6,2,,,0
FRA-Ligue 1,2425,Angers,Melvin Zinga,FRA,GK,22,2002,1.0,0,0,0,1,0,0,0,0,0,,,0
FRA-Ligue 1,2425,Angers,Ousmane Camara,MLI,DF,21,2003,2.8,1,0,0,1,0,0,0,0,3,,,0
FRA-Ligue 1,2425,Angers,Pierrick Capelle,FRA,MF,37,1987,5.4,4,0,0,12,4,1,10,11,17,,,0
FRA-Ligue 1,2425,Angers,Prosper Peter,NGA,FW,16,2007,0.3,0,0,0,1,0,0,0,0,1,,,0
FRA-Ligue 1,2425,Angers,Sidiki Cherif,FRA,FW,17,2006,3.6,0,0,0,4,8,5,4,0,5,,,0
FRA-Ligue 1,2425,Angers,Yahia Fofana,CIV,GK,23,2000,33.0,4,0,0,0,11,0,0,1,0,,,0
FRA-Ligue 1,2425,Angers,Yassin Belkhdim,FRA,MF,22,2002,16.9,4,0,0,28,15,2,16,21,27,,,0
FRA-Ligue 1,2425,Angers,Zinedine Ferhat,ALG,MF,31,1993,9.4,1,0,0,11,15,2,68,10,7,,,0
FRA-Ligue 1,2425,Angers,Zinédine Ould Khaled,FRA,MF,24,2000,3.8,1,0,0,8,4,0,1,2,8,,,0
FRA-Ligue 1,2425,Auxerre,Ado Onaiwu,JPN,"MF,FW",28,1995,10.6,1,1,0,9,12,3,7,3,7,,,0
FRA-Ligue 1,2425,Auxerre,Aristide Zossou,CIV,MF,19,2005,0.2,0,0,0,2,0,0,1,0,0,,,0
FRA-Ligue 1,2425,Auxerre,Assane Dioussé,SEN,MF,26,1997,7.4,1,0,0,18,11,0,1,11,8,,,0
FRA-Ligue 1,2425,Auxerre,Ben Viadere,FRA,FW,18,2005,0.1,0,0,0,0,0,0,4,0,0,,,0
FRA-Ligue 1,2425,Auxerre,Clément Akpa,CIV,DF,22,2001,27.6,7,0,0,15,35,0,26,40,33,,,0
FRA-Ligue 1,2425,Auxerre,Donovan Léon,GUF,GK,31,1992,32.0,4,0,0,1,4,0,0,0,0,,,0
FRA-Ligue 1,2425,Auxerre,Elisha Owusu,GHA,MF,26,1997,26.0,7,0,0,48,21,0,10,39,42,,,1
FRA-Ligue 1,2425,Auxerre,Eros Maddy,NED,"FW,MF",23,2001,0.2,1,0,0,3,0,0,0,0,0,,,0
FRA-Ligue 1,2425,Auxerre,Florian Ayé,FRA,FW,27,1997,6.4,0,0,0,10,6,3,2,7,1,,,0
FRA-Ligue 1,2425,Auxerre,Fredrik Oppegard,NOR,"MF,DF",21,2002,3.0,0,0,0,3,4,1,6,2,3,,,0
FRA-Ligue 1,2425,Auxerre,Gabriel Osho,NGA,DF,25,1998,18.4,1,1,0,11,10,0,3,13,16,,,0
FRA-Ligue 1,2425,Auxerre,Gaëtan Perrin,FRA,MF,28,1996,29.9,2,0,0,24,20,9,161,12,27,,,0
FRA-Ligue 1,2425,Auxerre,Gideon Mensah,GHA,"DF,MF",26,1998,25.3,2,0,0,33,26,1,76,49,46,,,0
FRA-Ligue 1,2425,Auxerre,Hamed Junior Traorè,CIV,MF,24,2000,23.3,5,0,0,30,40,7,42,7,21,,,0
FRA-Ligue 1,2425,Auxerre,Han-Noah Massengo,FRA,MF,23,2001,11.6,5,0,0,17,21,0,9,17,11,,,0
FRA-Ligue 1,2425,Auxerre,Jubal,BRA,DF,30,1993,29.3,7,0,0,27,21,1,0,27,40,,,1
FRA-Ligue 1,2425,Auxerre,Ki-Jana Hoever,NED,"DF,MF",22,2002,23.6,4,1,1,22,12,0,77,20,40,,,0
FRA-Ligue 1,2425,Auxerre,Kévin Danois,FRA,MF,20,2004,16.2,1,0,0,22,18,2,15,20,31,,,0
FRA-Ligue 1,2425,Auxerre,Lassine Sinayoko,MLI,"FW,MF",24,1999,25.5,5,0,0,36,33,13,25,13,20,,,0
FRA-Ligue 1,2425,Auxerre,Lasso Coulibaly,CIV,MF,21,2002,0.5,0,0,0,0,1,0,2,0,1,,,0
FRA-Ligue 1,2425,Auxerre,Loïc N'Gatta,FRA,DF,20,2003,0.1,1,0,0,1,0,0,1,0,1,,,0
FRA-Ligue 1,2425,Auxerre,Paul Joly,FRA,"DF,MF",24,2000,11.2,3,1,0,10,27,0,55,26,31,,,0
FRA-Ligue 1,2425,Auxerre,Rayan Raveloson,MAD,"MF,DF",27,1997,8.0,3,0,0,10,12,0,8,5,5,,,0
FRA-Ligue 1,2425,Auxerre,Rudy Matondo,FRA,MF,16,2008,0.7,1,0,0,4,3,0,0,0,1,,,0
FRA-Ligue 1,2425,Auxerre,Sinaly Diomande,CIV,DF,23,2001,21.6,6,0,0,24,19,0,1,31,19,,,1
FRA-Ligue 1,2425,Auxerre,Theo Bair,CAN,FW,24,1999,10.4,1,0,0,20,5,8,7,3,3,,,0
FRA-Ligue 1,2425,Auxerre,Théo De Percin,MTQ,GK,23,2001,2.0,0,0,0,0,0,0,0,0,0,,,0
FRA-Ligue 1,2425,Auxerre,Théo Pellenard,FRA,DF,30,1994,0.5,0,0,0,4,1,0,2,0,2,,,0
FRA-Ligue 1,2425,Auxerre,Yoann Cissé,FRA,MF,19,2004,0.1,0,0,0,0,0,0,3,1,0,,,0
FRA-Ligue 1,2425,Brest,Abdallah Sima,SEN,"FW,MF",23,2001,13.8,2,0,0,16,25,4,16,1,11,,,0
FRA-Ligue 1,2425,Brest,Abdoulaye Ndiaye,SEN,DF,22,2002,19.0,4,1,0,21,18,0,2,12,32,,,0
FRA-Ligue 1,2425,Brest,Axel Camblan,FRA,FW,20,2003,0.3,0,0,0,0,0,0,1,0,1,,,0
FRA-Ligue 1,2425,Brest,Bradley Locko,FRA,DF,22,2002,1.1,1,0,0,1,0,0,1,0,2,,,0
FRA-Ligue 1,2425,Brest,Brendan Chardonnet,FRA,DF,29,1994,26.8,6,0,0,36,20,0,3,28,34,,,1
FRA-Ligue 1,2425,Brest,Edimilson Fernandes,SUI,"MF,DF",28,1996,12.3,1,0,0,7,6,0,10,18,7,,,0
FRA-Ligue 1,2425,Brest,Grégoire Coudert,FRA,GK,25,1999,2.0,0,0,0,0,0,0,0,0,0,,,0
FRA-Ligue 1,2425,Brest,Hamidou Makalou,MLI,MF,18,2006,0.4,0,0,0,0,0,0,0,0,0,,,0
FRA-Ligue 1,2425,Brest,Hianga'a Mbock,FRA,MF,24,1999,0.2,0,0,0,1,0,0,0,1,0,,,0
FRA-Ligue 1,2425,Brest,Hugo Magnetti,FRA,MF,26,1998,25.8,5,0,0,29,22,0,18,17,32,,,0
FRA-Ligue 1,2425,Brest,Ibrahim Salah,MAR,"MF,FW",22,2001,4.0,0,0,0,6,3,2,15,2,2,,,0
FRA-Ligue 1,2425,Brest,Jonas Martin,FRA,MF,34,1990,5.5,2,0,0,7,10,0,3,8,7,,,0
FRA-Ligue 1,2425,Brest,Jordan Amavi,FRA,DF,30,1994,8.8,2,0,0,15,6,0,15,7,17,,,0
FRA-Ligue 1,2425,Brest,Julien Le Cardinal,FRA,DF,26,1997,15.3,3,0,0,12,12,0,6,34,15,,,1
FRA-Ligue 1,2425,Brest,Justin Bourgault,FRA,DF,18,2005,1.4,0,0,0,1,1,0,4,0,1,,,0
FRA-Ligue 1,2425,Brest,Jérémy Le Douaron,FRA,FW,26,1998,1.1,0,0,0,2,0,2,0,0,0,,,0
FRA-Ligue 1,2425,Brest,Kamory Doumbia,MLI,"MF,FW",21,2003,14.7,1,0,0,17,22,1,48,27,30,,,0
FRA-Ligue 1,2425,Brest,Kenny Lala,MAD,DF,32,1991,29.8,5,0,0,18,14,1,125,25,41,,,0
FRA-Ligue 1,2425,Brest,Luck Zogbé,CIV,DF,19,2005,7.1,2,0,0,9,11,1,14,14,19,,,0
FRA-Ligue 1,2425,Brest,Ludovic Ajorque,FRA,FW,30,1994,27.7,5,0,0,61,26,11,7,5,18,,,0
FRA-Ligue 1,2425,Brest,Mahdi Camara,FRA,MF,26,1998,29.5,5,0,0,41,46,3,47,30,43,,,0
FRA-Ligue 1,2425,Brest,Mama Samba Baldé,GNB,"FW,MF",28,1995,12.8,4,0,0,18,22,14,11,6,9,,,0
FRA-Ligue 1,2425,Brest,Marco Bizot,NED,GK,33,1991,32.0,4,0,0,1,5,0,0,0,1,,,0
FRA-Ligue 1,2425,Brest,Massadio Haïdara,MLI,DF,31,1992,18.6,3,2,1,20,45,0,49,25,17,,,0
FRA-Ligue 1,2425,Brest,Mathias Pereira Lage,POR,"MF,FW",27,1996,17.5,4,0,0,29,28,2,99,20,24,,,0
FRA-Ligue 1,2425,Brest,Pierre Lees-Melou,FRA,MF,31,1993,17.0,7,0,0,32,30,0,22,11,38,,,0
FRA-Ligue 1,2425,Brest,Romain Del Castillo,FRA,"FW,MF",28,1996,14.0,0,0,0,12,17,0,105,6,21,,,0
FRA-Ligue 1,2425,Brest,Romain Faivre,FRA,"MF,FW",26,1998,10.0,2,0,0,6,23,1,26,3,11,,,0
FRA-Ligue 1,2425,Brest,Soumaïla Coulibaly,FRA,DF,20,2003,4.9,1,0,0,12,1,0,0,6,2,,,0
FRA-Ligue 1,2425,Brest,Sérigné Diop,SEN,FW,19,2005,0.0,0,0,0,0,0,0,0,0,0,,,0
FRA-Ligue 1,2425,Le Havre,Abdoulaye Touré,GUI,MF,30,1994,25.8,5,0,0,29,44,1,11,33,34,,,0
FRA-Ligue 1,2425,Le Havre,Alois Confais,FRA,"DF,MF",27,1996,0.0,0,0,0,1,0,1,0,0,0,,,0
FRA-Ligue 1,2425,Le Havre,André Ayew,GHA,FW,34,1989,16.1,2,0,0,19,30,6,7,3,10,,,0
FRA-Ligue 1,2425,Le Havre,Antoine Joujou,FRA,"MF,FW",21,2003,10.5,1,0,0,7,7,2,36,10,12,,,0
FRA-Ligue 1,2425,Le Havre,Arouna Sangante,SEN,DF,22,2002,13.8,4,1,0,22,16,1,2,22,16,,,0
FRA-Ligue 1,2425,Le Havre,Arthur Desmas,FRA,GK,30,1994,18.0,2,0,0,1,6,0,0,0,0,,,0
FRA-Ligue 1,2425,Le Havre,Christopher Opéri,CIV,"MF,DF",27,1997,13.0,2,1,1,8,16,3,126,16,9,,,0
FRA-Ligue 1,2425,Le Havre,Daler Kuzyaev,RUS,MF,31,1993,6.3,1,0,0,8,3,0,6,8,8,,,0
FRA-Ligue 1,2425,Le Havre,Elysée Logbo,FRA,FW,20,2004,0.3,0,0,0,0,0,0,0,0,0,,,0
FRA-Ligue 1,2425,Le Havre,Emmanuel Sabbi,USA,"MF,FW",26,1997,7.3,1,0,0,11,16,2,15,3,7,,,0
FRA-Ligue 1,2425,Le Havre,Etienne Youte Kinkoue,FRA,DF,22,2002,25.8,4,1,0,14,6,0,2,29,10,,,1
FRA-Ligue 1,2425,Le Havre,Fodé Ballo-Touré,SEN,"DF,MF",27,1997,6.5,0,0,0,3,14,0,21,5,7,,,0
FRA-Ligue 1,2425,Le Havre,Gautier Lloris,FRA,DF,29,1995,30.8,5,0,0,31,7,2,3,35,44,,,0
FRA-Ligue 1,2425,Le Havre,Ilyes Housni,FRA,FW,19,2005,2.6,0,0,0,4,5,1,5,1,5,,,0
FRA-Ligue 1,2425,Le Havre,Issa Soumaré,SEN,"MF,FW",23,2000,21.1,0,0,0,17,61,4,43,14,14,,,0
FRA-Ligue 1,2425,Le Havre,Josué Casimir,HAI,"MF,FW",22,2001,22.2,5,0,0,29,46,8,86,6,28,,,0
FRA-Ligue 1,2425,Le Havre,Junior Mwanga,FRA,MF,21,2003,10.6,1,1,0,19,6,0,21,7,16,,,0
FRA-Ligue 1,2425,Le Havre,Kandet Diawara,GUI,MF,24,2000,0.0,0,0,0,0,0,0,0,0,0,,,0
FRA-Ligue 1,2425,Le Havre,Koka,EGY,FW,31,1993,9.5,2,0,0,14,2,1,0,4,2,,,0
FRA-Ligue 1,2425,Le Havre,Loïc Nego,HUN,"DF,MF",33,1991,27.3,4,0,0,27,28,5,75,29,35,,,0
FRA-Ligue 1,2425,Le Havre,Mahamadou Diawara,FRA,MF,19,2005,6.5,0,0,0,15,7,0,5,13,13,,,0
FRA-Ligue 1,2425,Le Havre,Mathieu Gorgelin,FRA,GK,33,1990,16.0,2,0,0,0,2,0,0,0,1,,,0
FRA-Ligue 1,2425,Le Havre,Mathéo Bodmer,FRA,DF,20,2004,0.1,0,0,0,1,0,0,0,0,0,,,0
FRA-Ligue 1,2425,Le Havre,Oussama Targhalline,MAR,MF,22,2002,11.0,0,0,0,12,10,4,17,19,13,,,0
FRA-Ligue 1,2425,Le Havre,Rassoul Ndiaye,SEN,MF,22,2001,11.8,2,0,0,12,10,1,32,12,25,,,0
FRA-Ligue 1,2425,Le Havre,Samuel Grandsir,FRA,"FW,MF",27,1996,0.9,0,0,0,2,0,0,5,0,5,,,0
FRA-Ligue 1,2425,Le Havre,Steve Ngoura,FRA,FW,19,2005,3.2,0,0,0,5,1,2,2,0,2,,,0
FRA-Ligue 1,2425,Le Havre,Timothee Pembele,FRA,"DF,MF",21,2002,12.4,3,0,0,9,11,1,28,12,22,,,0
FRA-Ligue 1,2425,Le Havre,Yanis Zouaoui,ALG,"DF,MF",26,1998,10.8,3,0,0,8,13,1,111,7,9,,,0
FRA-Ligue 1,2425,Le Havre,Yassine Kechta,MAR,"MF,FW",22,2002,23.3,4,0,0,42,33,4,36,24,37,,,0
FRA-Ligue 1,2425,Le Havre,Yoann Salmier,GUF,DF,31,1992,8.9,3,0,0,9,3,0,1,9,6,,,0
FRA-Ligue 1,2425,Lens,Abdukodir Khusanov,UZB,DF,20,2004,10.8,2,1,0,13,3,0,5,26,11,,,0
FRA-Ligue 1,2425,Lens,Abdulai Juma Bah,SLE,DF,18,2006,7.6,2,0,0,7,1,0,0,16,9,,,0
FRA-Ligue 1,2425,Lens,Adrien Thomasson,FRA,MF,30,1993,29.1,7,0,0,51,48,7,59,20,48,,,0
FRA-Ligue 1,2425,Lens,Anass Zaroury,MAR,"MF,FW",23,2000,15.6,3,1,1,13,24,2,126,6,17,,,0
FRA-Ligue 1,2425,Lens,Andy Diouf,FRA,MF,21,2003,24.7,2,0,0,43,21,2,28,14,29,,,0
FRA-Ligue 1,2425,Lens,Angelo Fulgini,NCL,MF,27,1996,11.6,3,0,0,15,26,3,45,2,10,,,0
FRA-Ligue 1,2425,Lens,Brice Samba,FRA,GK,30,1994,15.0,1,0,0,0,2,0,0,1,0,,,0
FRA-Ligue 1,2425,Lens,David Costa,POR,MF,23,2001,3.9,0,1,0,3,4,0,15,1,0,,,0
FRA-Ligue 1,2425,Lens,Deiver Machado,COL,"DF,MF",30,1993,20.1,7,2,1,28,30,5,49,16,27,,,0
FRA-Ligue 1,2425,Lens,Facundo Medina,ARG,DF,25,1999,28.3,15,1,1,29,22,0,16,31,30,,,0
FRA-Ligue 1,2425,Lens,Florian Sotoca,FRA,"FW,MF",33,1990,19.9,2,1,0,15,20,6,75,14,13,,,0
FRA-Ligue 1,2425,Lens,Gabin Capuano,FRA,FW,18,2006,0.1,0,0,0,1,0,0,0,0,0,,,0
FRA-Ligue 1,2425,Lens,Goduine Koyalipou,CTA,FW,24,2000,9.8,0,0,0,8,6,6,2,1,2,,,0
FRA-Ligue 1,2425,Lens,Hamzat Ojediran,NGA,MF,20,2003,4.6,5,0,0,17,3,1,2,10,15,,,0
FRA-Ligue 1,2425,Lens,Hervé Koffi,BFA,GK,27,1996,5.0,2,0,0,0,0,0,0,0,1,,,0
FRA-Ligue 1,2425,Lens,Jeremy Agbonifo,SWE,FW,18,2005,3.3,1,0,0,14,5,2,7,1,5,,,0
FRA-Ligue 1,2425,Lens,Jhoanner Chávez,ECU,MF,22,2002,6.6,1,0,0,10,8,2,31,6,5,,,0
FRA-Ligue 1,2425,Lens,Jonathan Gradit,FRA,DF,31,1992,23.5,4,0,0,28,16,0,10,26,22,,,0
FRA-Ligue 1,2425,Lens,Kembo Diliwidi,FRA,FW,18,2006,0.0,0,0,0,1,0,0,1,0,0,,,0
FRA-Ligue 1,2425,Lens,Kevin Danso,AUT,DF,25,1998,12.0,3,0,0,27,11,1,0,22,8,,,0
FRA-Ligue 1,2425,Lens,Kyllian Antonio,FRA,"MF,DF",16,2008,1.5,0,0,0,2,3,0,2,3,2,,,0
FRA-Ligue 1,2425,Lens,M'Bala Nzola,ANG,FW,27,1996,16.2,3,1,0,30,13,23,1,5,4,,,0
FRA-Ligue 1,2425,Lens,Malang Sarr,FRA,DF,25,1999,15.4,0,0,0,13,10,1,1,22,13,,,0
FRA-Ligue 1,2425,Lens,Martin Satriano,URU,FW,23,2001,1.0,0,0,0,4,1,0,1,0,1,,,0
FRA-Ligue 1,2425,Lens,Mathew Ryan,AUS,GK,32,1992,14.0,0,0,0,0,1,0,0,1,0,,,0
FRA-Ligue 1,2425,Lens,Nampalys Mendy,SEN,MF,32,1992,6.5,2,0,0,11,12,0,2,10,9,,,0
FRA-Ligue 1,2425,Lens,Neil El Aynaoui,MAR,MF,23,2001,17.6,4,0,0,35,32,0,64,31,24,,,0
FRA-Ligue 1,2425,Lens,Przemysław Frankowski,POL,"MF,DF",29,1995,15.4,3,0,0,18,7,1,77,20,20,,,0
FRA-Ligue 1,2425,Lens,Rayan Fofana,FRA,MF,18,2006,0.3,0,0,0,1,1,0,0,0,2,,,0
FRA-Ligue 1,2425,Lens,Ruben Aguilar,FRA,"MF,DF",31,1993,12.5,4,0,0,14,15,5,46,12,19,,,0
FRA-Ligue 1,2425,Lens,Rémy Labeau Lascary,GLP,"MF,FW",21,2003,7.1,5,0,0,23,9,10,19,1,10,,,0
FRA-Ligue 1,2425,Lens,Tom Pouilly,FRA,DF,21,2003,3.0,1,0,0,3,2,0,11,4,6,,,0
FRA-Ligue 1,2425,Lens,Wesley Saïd,FRA,FW,29,1995,10.1,4,0,0,22,4,7,8,2,11,,,0
FRA-Ligue 1,2425,Lille,Aaron Malouda,FRA,FW,18,2005,0.0,0,0,0,0,0,0,0,0,0,,,0
FRA-Ligue 1,2425,Lille,Alexsandro Ribeiro,BRA,DF,24,1999,30.0,10,0,0,27,32,2,8,26,19,,,1
FRA-Ligue 1,2425,Lille,André Gomes,POR,MF,31,1993,14.2,3,0,0,25,12,0,10,5,13,,,0
FRA-Ligue 1,2425,Lille,Angel Gomes,ENG,MF,23,2000,8.2,1,0,0,4,11,0,10,0,6,,,0
FRA-Ligue 1,2425,Lille,Ayyoub Bouaddi,MAR,MF,16,2007,12.8,2,0,0,18,9,0,3,12,32,,,0
FRA-Ligue 1,2425,Lille,Aïssa Mandi,ALG,DF,32,1991,19.3,3,0,0,7,9,1,10,14,18,,,0
FRA-Ligue 1,2425,Lille,Bafodé Diakité,FRA,DF,23,2001,30.7,8,1,1,44,17,1,4,26,19,,,0
FRA-Ligue 1,2425,Lille,Benjamin André,FRA,MF,33,1990,29.9,12,0,0,50,49,3,17,49,58,,,0
FRA-Ligue 1,2425,Lille,Chuba Akpom,ENG,FW,28,1995,7.1,0,0,0,11,15,2,1,0,5,,,0
FRA-Ligue 1,2425,Lille,Edon Zhegrova,KVX,MF,25,1999,10.9,1,0,0,10,11,5,58,4,2,,,0
FRA-Ligue 1,2425,Lille,Ethan Mbappé,FRA,MF,17,2006,2.5,3,0,0,5,1,1,14,1,2,,,0
FRA-Ligue 1,2425,Lille,Gabriel Gudmundsson,SWE,"DF,MF",25,1999,19.8,3,0,0,30,42,5,59,17,24,,,0
FRA-Ligue 1,2425,Lille,Hákon Haraldsson,ISL,MF,21,2003,19.5,3,0,0,19,27,3,58,8,15,,,0
FRA-Ligue 1,2425,Lille,Ismaily,BRA,DF,34,1990,10.0,4,0,0,13,6,0,16,14,17,,,0
FRA-Ligue 1,2425,Lille,Jonathan David,CAN,FW,24,2000,28.4,4,0,0,25,36,10,4,7,9,,,0
FRA-Ligue 1,2425,Lille,Lucas Chevalier,FRA,GK,22,2001,34.0,0,0,0,0,7,0,0,0,2,,,0
FRA-Ligue 1,2425,Lille,Matias Fernandez-Pardo,BEL,"MF,FW",19,2005,11.8,4,0,0,18,21,3,30,3,9,,,0
FRA-Ligue 1,2425,Lille,Mitchel Bakker,NED,"MF,DF",24,2000,12.7,3,1,0,18,9,4,68,13,13,,,0
FRA-Ligue 1,2425,Lille,Mohamed Lamine Bayo,GUI,FW,26,1998,3.4,1,0,0,6,2,0,0,0,1,,,0
FRA-Ligue 1,2425,Lille,Nabil Bentaleb,ALG,MF,29,1994,3.7,0,0,0,3,1,0,6,5,3,,,0
FRA-Ligue 1,2425,Lille,Ngal'Ayel Mukau,COD,MF,19,2004,13.2,4,0,0,19,15,0,5,17,18,,,0
FRA-Ligue 1,2425,Lille,Osame Sahraoui,MAR,MF,23,2001,14.4,1,0,0,8,12,1,12,6,8,,,0
FRA-Ligue 1,2425,Lille,Ousmane Toure,FRA,DF,19,2005,0.1,0,0,0,0,0,0,0,1,0,,,0
FRA-Ligue 1,2425,Lille,Rémy Cabella,FRA,MF,34,1990,11.2,1,0,0,16,19,2,60,7,19,,,0
FRA-Ligue 1,2425,Lille,Thomas Meunier,BEL,DF,32,1991,21.4,5,0,0,27,3,3,61,34,39,,,0
FRA-Ligue 1,2425,Lille,Tiago Santos,POR,"DF,MF",22,2002,4.5,1,0,0,6,10,2,19,2,7,,,0
FRA-Ligue 1,2425,Lille,Younes Lachaab,FRA,MF,19,2005,0.1,0,0,0,1,0,0,0,1,1,,,0
FRA-Ligue 1,2425,Lyon,Abner,BRA,"DF,MF",24,2000,12.1,1,0,0,16,4,0,31,6,20,,,0
FRA-Ligue 1,2425,Lyon,Adryelson,BRA,DF,26,1998,0.0,1,0,0,0,0,0,0,1,0,,,0
FRA-Ligue 1,2425,Lyon,Ainsley Maitland-Niles,ENG,"DF,MF",26,1997,22.1,1,0,0,16,10,3,48,25,43,,,0
FRA-Ligue 1,2425,Lyon,Alejandro Rodriguez,POR,FW,16,2008,0.2,0,0,0,0,0,0,1,0,0,,,0
FRA-Ligue 1,2425,Lyon,Alexandre Lacazette,FRA,FW,33,1991,22.8,5,0,0,48,33,20,17,8,6,,,0
FRA-Ligue 1,2425,Lyon,Clinton Mata,ANG,DF,31,1992,26.3,6,0,0,27,34,1,39,47,29,,,0
FRA-Ligue 1,2425,Lyon,Corentin Tolisso,FRA,MF,29,1994,25.9,4,0,0,44,50,8,33,21,24,,,0
FRA-Ligue 1,2425,Lyon,Duje Ćaleta-Car,CRO,DF,27,1996,17.6,8,0,0,27,9,2,1,16,12,,,0
FRA-Ligue 1,2425,Lyon,Ernest Nuamah,GHA,"MF,FW",20,2003,11.7,2,0,0,18,11,7,30,8,11,,,0
FRA-Ligue 1,2425,Lyon,Georges Mikautadze,GEO,"FW,MF",23,2000,16.1,2,0,0,7,23,3,9,4,6,,,0
FRA-Ligue 1,2425,Lyon,Gift Orban,NGA,FW,22,2002,2.1,1,0,0,5,1,4,1,0,0,,,0
FRA-Ligue 1,2425,Lyon,Jordan Veretout,FRA,MF,31,1993,17.3,3,0,0,23,11,0,26,6,14,,,0
FRA-Ligue 1,2425,Lyon,Lucas Perri,BRA,GK,26,1997,33.0,1,0,0,1,4,0,0,0,0,,,0
FRA-Ligue 1,2425,Lyon,Mahamadou Diawara,FRA,MF,19,2005,0.2,0,0,0,1,0,0,0,0,0,,,0
FRA-Ligue 1,2425,Lyon,Malick Fofana,BEL,"FW,MF",19,2005,17.7,2,0,0,13,36,10,71,8,12,,,0
FRA-Ligue 1,2425,Lyon,Mama Samba Baldé,GNB,"FW,MF",28,1995,0.4,0,0,0,1,1,0,0,0,2,,,0
FRA-Ligue 1,2425,Lyon,Maxence Caqueret,FRA,MF,24,2000,6.4,1,0,0,4,6,1,6,8,11,,,0
FRA-Ligue 1,2425,Lyon,Moussa Niakhaté,SEN,DF,28,1996,30.3,2,0,0,34,16,1,5,25,27,,,0
FRA-Ligue 1,2425,Lyon,Nemanja Matić,SRB,MF,35,1988,22.3,1,0,0,13,7,0,9,17,30,,,0
FRA-Ligue 1,2425,Lyon,Nicolás Tagliafico,ARG,DF,31,1992,21.1,7,0,0,41,28,1,38,32,39,,,0
FRA-Ligue 1,2425,Lyon,Orel Mangala,BEL,MF,26,1998,0.7,0,0,0,0,0,0,1,0,0,,,0
FRA-Ligue 1,2425,Lyon,Paul Akouokou,CIV,MF,26,1997,0.2,1,0,0,3,0,0,0,1,0,,,0
FRA-Ligue 1,2425,Lyon,Rayan Cherki,FRA,"MF,FW",20,2003,22.7,3,0,0,16,34,3,118,7,13,,,0
FRA-Ligue 1,2425,Lyon,Rémy Descamps,FRA,GK,28,1996,1.0,0,0,0,0,0,0,0,0,0,,,0
FRA-Ligue 1,2425,Lyon,Sael Kumbedi,FRA,DF,19,2005,10.6,2,0,0,17,10,0,14,7,15,,,0
FRA-Ligue 1,2425,Lyon,Saïd Benrahma,ALG,"FW,MF",28,1995,8.2,0,0,0,6,6,6,43,3,6,,,0
FRA-Ligue 1,2425,Lyon,Tanner Tessmann,USA,MF,22,2001,13.7,3,0,0,14,14,0,14,19,15,,,0
FRA-Ligue 1,2425,Lyon,Thiago Almada,ARG,MF,23,2001,10.6,3,0,0,10,8,1,46,7,9,,,0
FRA-Ligue 1,2425,Lyon,Téo Barisic,CRO,DF,19,2004,0.0,0,0,0,0,0,0,0,0,0,,,0
FRA-Ligue 1,2425,Lyon,Warmed Omari,COM,DF,24,2000,0.1,0,0,0,0,0,0,0,0,0,,,0
FRA-Ligue 1,2425,Lyon,Wilfried Zaha,CIV,FW,31,1992,0.8,0,0,0,2,2,0,0,1,1,,,0
FRA-Ligue 1,2425,Marseille,Adrien Rabiot,FRA,MF,29,1995,27.6,4,0,0,53,33,12,40,20,31,,,0
FRA-Ligue 1,2425,Marseille,Amar Dedić,BIH,MF,21,2002,3.5,1,0,0,7,2,0,5,3,4,,,0
FRA-Ligue 1,2425,Marseille,Amine Gouiri,ALG,FW,24,2000,11.6,0,0,0,11,7,5,57,1,5,,,0
FRA-Ligue 1,2425,Marseille,Amine Harit,MAR,MF,27,1997,5.8,1,1,0,6,15,0,7,3,7,,,0
FRA-Ligue 1,2425,Marseille,Bamo Meïté,CIV,DF,22,2001,0.3,0,0,0,1,1,0,0,0,0,,,0
FRA-Ligue 1,2425,Marseille,Bilal Nadir,MAR,MF,20,2003,4.3,2,0,0,4,11,0,6,4,3,,,0
FRA-Ligue 1,2425,Marseille,Darryl Bakola,FRA,MF,16,2007,0.2,1,0,0,3,0,0,0,0,1,,,0
FRA-Ligue 1,2425,Marseille,Derek Cornelius,CAN,DF,26,1997,15.8,9,2,2,25,14,0,4,13,17,,,0
FRA-Ligue 1,2425,Marseille,Elye Wahi,CIV,FW,21,2003,6.4,1,0,0,17,8,10,2,1,0,,,0
FRA-Ligue 1,2425,Marseille,Emmanuel Koum Mbondo,FRA,FW,18,2006,0.1,0,0,0,0,0,0,0,0,0,,,0
FRA-Ligue 1,2425,Marseille,Enzo Sternal,FRA,FW,17,2007,0.3,1,0,0,0,0,0,0,0,0,,,0
FRA-Ligue 1,2425,Marseille,Faris Pemi Moumbagna,CMR,FW,24,2000,0.1,0,0,0,1,0,0,0,0,0,,,0
FRA-Ligue 1,2425,Marseille,Geoffrey Kondogbia,CTA,"DF,MF",31,1993,22.4,1,0,0,19,17,1,4,22,39,,,0
FRA-Ligue 1,2425,Marseille,Gerónimo Rulli,ARG,GK,32,1992,34.0,1,0,0,2,11,0,0,1,3,,,0
FRA-Ligue 1,2425,Marseille,Ismaël Bennacer,ALG,MF,26,1997,7.2,2,0,0,19,11,0,28,10,10,,,0
FRA-Ligue 1,2425,Marseille,Ismaël Koné,CAN,MF,22,2002,4.0,0,0,0,4,11,1,3,4,5,,,0
FRA-Ligue 1,2425,Marseille,Jonathan Rowe,ENG,"MF,FW",21,2003,9.0,2,0,0,14,26,6,28,2,11,,,0
FRA-Ligue 1,2425,Marseille,Keyliane Abdallah,FRA,FW,18,2006,0.0,0,0,0,0,0,0,0,0,1,,,0
FRA-Ligue 1,2425,Marseille,Leonardo Balerdi,ARG,DF,25,1999,25.3,9,1,1,28,20,0,2,38,38,,,1
FRA-Ligue 1,2425,Marseille,Lilian Brassier,FRA,DF,24,1999,8.7,3,0,0,7,3,0,5,8,6,,,0
FRA-Ligue 1,2425,Marseille,Luis Henrique,BRA,MF,22,2001,29.0,0,0,0,8,8,9,97,10,9,,,0
FRA-Ligue 1,2425,Marseille,Luiz Felipe,ITA,DF,27,1997,1.4,1,0,0,1,0,0,0,3,3,,,0
FRA-Ligue 1,2425,Marseille,Mason Greenwood,ENG,"MF,FW",22,2001,31.2,3,0,0,24,36,2,110,11,18,,,0
FRA-Ligue 1,2425,Marseille,Michael Amir Murillo,PAN,DF,28,1996,27.1,3,0,0,29,26,1,37,18,31,,,0
FRA-Ligue 1,2425,Marseille,Neal Maupay,FRA,FW,27,1996,11.6,3,1,1,10,17,2,1,1,4,,,0
FRA-Ligue 1,2425,Marseille,Pierre Højbjerg,DEN,MF,28,1995,29.6,5,0,0,30,39,0,19,42,45,,,0
FRA-Ligue 1,2425,Marseille,Pol Lirola,ESP,DF,26,1997,7.6,1,1,0,9,9,0,14,4,9,,,1
FRA-Ligue 1,2425,Marseille,Quentin Merlin,FRA,"MF,DF",22,2002,17.7,1,0,0,11,17,2,93,14,17,,,0
FRA-Ligue 1,2425,Marseille,Robinio Vaz,FRA,FW,17,2007,0.8,1,0,0,1,4,0,1,0,1,,,0
FRA-Ligue 1,2425,Marseille,Ulisses Garcia,SUI,"DF,MF",28,1996,10.3,2,0,0,8,9,2,35,8,11,,,0
FRA-Ligue 1,2425,Marseille,Valentin Carboni,ARG,MF,19,2005,1.1,1,0,0,5,1,0,2,1,2,,,0
FRA-Ligue 1,2425,Marseille,Valentin Rongier,FRA,"MF,DF",29,1994,17.4,5,0,0,37,14,0,7,32,29,,,0
FRA-Ligue 1,2425,Monaco,Al-Musrati,LBY,MF,28,1996,4.3,0,0,0,5,3,0,0,5,11,,,0
FRA-Ligue 1,2425,Monaco,Aleksandr Golovin,RUS,MF,28,1996,12.8,1,0,0,25,20,1,24,12,23,,,0
FRA-Ligue 1,2425,Monaco,Breel Embolo,SUI,"FW,MF",27,1997,20.5,5,0,0,27,43,11,6,4,17,,,0
FRA-Ligue 1,2425,Monaco,Caio Henrique,BRA,DF,27,1997,21.4,3,0,0,16,20,4,124,24,29,,,0
FRA-Ligue 1,2425,Monaco,Christian Mawissa,FRA,DF,19,2005,16.7,3,0,0,19,7,0,3,26,30,,,0
FRA-Ligue 1,2425,Monaco,Denis Zakaria,SUI,MF,27,1996,23.8,5,0,0,32,21,1,7,37,25,,,0
FRA-Ligue 1,2425,Monaco,Eliesse Ben Seghir,MAR,MF,19,2005,19.4,0,0,0,25,56,2,50,13,22,,,0
FRA-Ligue 1,2425,Monaco,Eliot Matazo,BEL,MF,22,2002,0.8,0,0,0,0,1,0,0,1,2,,,0
FRA-Ligue 1,2425,Monaco,Folarin Balogun,USA,FW,23,2001,6.8,0,0,0,7,9,8,5,1,1,,,0
FRA-Ligue 1,2425,Monaco,George Ilenikhena,NGA,FW,17,2006,8.0,0,0,0,14,10,9,0,2,2,,,0
FRA-Ligue 1,2425,Monaco,Ismail Jakobs,SEN,DF,24,1999,2.0,0,0,0,1,3,0,14,2,5,,,0
FRA-Ligue 1,2425,Monaco,Jordan Teze,NED,"DF,MF",24,1999,6.3,2,1,0,10,3,1,12,6,10,,,0
FRA-Ligue 1,2425,Monaco,Kassoum Ouattara,FRA,"MF,DF",19,2004,4.3,2,0,0,10,2,0,17,5,7,,,0
FRA-Ligue 1,2425,Monaco,Krépin Diatta,SEN,"DF,MF",25,1999,5.6,3,0,0,14,7,2,15,9,12,,,0
FRA-Ligue 1,2425,Monaco,Lamine Camara,SEN,MF,20,2004,22.8,10,1,1,45,40,0,118,30,40,,,0
FRA-Ligue 1,2425,Monaco,Lucas Michal,FRA,FW,19,2005,1.3,0,0,0,5,4,0,2,1,3,,,0
FRA-Ligue 1,2425,Monaco,Maghnes Akliouche,FRA,MF,22,2002,26.7,2,0,0,31,38,8,52,15,32,,,0
FRA-Ligue 1,2425,Monaco,Mamadou Coulibaly,FRA,MF,20,2004,0.1,0,0,0,1,1,0,1,0,0,,,0
FRA-Ligue 1,2425,Monaco,Mika Biereth,DEN,FW,21,2003,13.6,0,0,0,19,30,6,9,4,5,,,0
FRA-Ligue 1,2425,Monaco,Mohammed Salisu,GHA,DF,25,1999,11.4,2,0,0,9,3,1,0,18,17,,,0
FRA-Ligue 1,2425,Monaco,Philipp Köhn,SUI,GK,26,1998,19.0,1,0,0,0,1,0,0,0,0,,,0
FRA-Ligue 1,2425,Monaco,Radosław Majecki,POL,GK,24,1999,15.0,1,0,0,0,1,0,0,0,0,,,0
FRA-Ligue 1,2425,Monaco,Saïmon Bouabré,FRA,MF,18,2006,1.1,0,0,0,1,2,0,0,0,0,,,0
FRA-Ligue 1,2425,Monaco,Soungoutou Magassa,FRA,MF,20,2003,11.4,5,1,0,28,20,0,7,22,26,,,0
FRA-Ligue 1,2425,Monaco,Takumi Minamino,JPN,MF,29,1995,24.8,4,0,0,31,22,10,23,11,18,,,0
FRA-Ligue 1,2425,Monaco,Thilo Kehrer,GER,DF,27,1996,26.5,1,0,0,23,20,1,2,34,25,,,0
FRA-Ligue 1,2425,Monaco,Vanderson,BRA,DF,23,2001,22.9,6,1,1,28,23,1,59,36,47,,,0
FRA-Ligue 1,2425,Monaco,Wilfried Singo,CIV,DF,23,2000,23.3,4,0,0,36,34,3,11,44,23,,,0
FRA-Ligue 1,2425,Montpellier,Akor Adams,NGA,FW,24,2000,11.9,2,0,0,17,8,16,5,1,3,,,0
FRA-Ligue 1,2425,Montpellier,Andy Delort,ALG,FW,32,1991,6.7,1,0,0,11,12,10,11,0,3,,,0
FRA-Ligue 1,2425,Montpellier,Arnaud Nordin,FRA,"MF,FW",26,1998,13.0,2,0,0,13,40,1,35,5,14,,,0
FRA-Ligue 1,2425,Montpellier,Axel Gueguin,FRA,FW,19,2005,0.3,0,0,0,4,0,0,1,0,1,,,0
FRA-Ligue 1,2425,Montpellier,Bamo Meïté,CIV,DF,22,2001,4.7,2,1,0,8,4,0,0,5,3,,,0
FRA-Ligue 1,2425,Montpellier,Becir Omeragic,SUI,DF,22,2002,20.0,1,0,0,13,10,0,7,15,16,,,0
FRA-Ligue 1,2425,Montpellier,Benjamin Lecomte,FRA,GK,33,1991,30.0,0,0,0,0,2,0,0,0,0,,,1
FRA-Ligue 1,2425,Montpellier,Birama Touré,MLI,"MF,DF",32,1992,3.3,2,0,0,2,5,0,0,5,5,,,0
FRA-Ligue 1,2425,Montpellier,Boubakar Kouyaté,MLI,DF,27,1997,8.4,6,1,1,15,8,4,0,11,17,,,0
FRA-Ligue 1,2425,Montpellier,Dimitry Bertaud,COD,GK,26,1998,4.0,0,0,0,0,0,0,0,0,0,,,0
FRA-Ligue 1,2425,Montpellier,Enzo Tchato,CMR,"DF,MF",21,2002,21.1,3,0,0,21,16,2,78,20,28,,,0
FRA-Ligue 1,2425,Montpellier,Falaye Sacko,MLI,DF,29,1995,13.7,1,0,0,15,6,1,12,13,8,,,0
FRA-Ligue 1,2425,Montpellier,Gabriel Bares,SUI,MF,23,2000,0.6,0,0,0,0,1,0,1,1,2,,,0
FRA-Ligue 1,2425,Montpellier,Issiaga Sylla,GUI,"DF,MF",30,1994,12.8,2,0,0,13,6,3,36,12,10,,,0
FRA-Ligue 1,2425,Montpellier,Jordan Ferri,FRA,MF,32,1992,19.7,6,1,0,35,30,0,25,9,24,,,0
FRA-Ligue 1,2425,Montpellier,Joris Chotard,FRA,MF,22,2001,21.0,5,0,0,16,10,1,31,19,29,,,0
FRA-Ligue 1,2425,Montpellier,Junior Ndiaye,UAE,FW,19,2005,4.9,0,0,0,9,11,4,2,0,2,,,0
FRA-Ligue 1,2425,Montpellier,Khalil Fayad,FRA,"MF,FW",20,2004,11.4,5,0,0,21,27,1,20,10,16,,,1
FRA-Ligue 1,2425,Montpellier,Lucas Mincarelli,FRA,DF,20,2004,7.9,0,0,0,5,5,0,21,10,11,,,0
FRA-Ligue 1,2425,Montpellier,Modibo Sagnan,MLI,DF,25,1999,23.8,10,0,0,33,12,1,1,31,35,,,0
FRA-Ligue 1,2425,Montpellier,Musa Al-Taamari,JOR,"MF,FW",27,1997,12.4,3,0,0,7,26,3,13,3,10,,,0
FRA-Ligue 1,2425,Montpellier,Nicolas Pays,FRA,"MF,FW",20,2003,5.0,0,0,0,2,6,0,17,4,6,,,0
FRA-Ligue 1,2425,Montpellier,Nikola Maksimović,SRB,DF,32,1991,6.5,2,0,0,3,5,0,0,8,5,,,0
FRA-Ligue 1,2425,Montpellier,Othmane Maamma,MAR,MF,18,2005,4.0,1,0,0,4,8,2,12,1,1,,,0
FRA-Ligue 1,2425,Montpellier,Rabby Nzingoula,FRA,MF,18,2005,18.8,11,0,0,37,43,2,17,29,41,,,0
FRA-Ligue 1,2425,Montpellier,Simon Cara,FRA,FW,19,2005,0.1,0,0,0,0,0,0,0,0,0,,,0
FRA-Ligue 1,2425,Montpellier,Stefan Džodić,SRB,DF,19,2005,2.7,2,1,0,4,2,0,0,4,4,,,0
FRA-Ligue 1,2425,Montpellier,Tanguy Coulibaly,FRA,"MF,FW",23,2001,16.5,4,2,1,45,21,3,21,10,25,,,0
FRA-Ligue 1,2425,Montpellier,Théo Chennahi,FRA,DF,19,2005,2.0,2,0,0,3,2,0,2,3,1,,,0
FRA-Ligue 1,2425,Montpellier,Théo Sainte-Luce,FRA,DF,25,1998,11.3,3,0,0,8,9,2,24,12,12,,,0
FRA-Ligue 1,2425,Montpellier,Téji Savanier,FRA,MF,32,1991,26.3,4,1,0,22,62,1,197,14,26,,,0
FRA-Ligue 1,2425,Montpellier,Wahbi Khazri,TUN,"FW,MF",33,1991,12.4,4,0,0,23,28,7,47,5,19,,,0
FRA-Ligue 1,2425,Montpellier,Wilfried Ndollo,CMR,DF,19,2005,4.5,0,0,0,7,8,0,6,7,5,,,1
FRA-Ligue 1,2425,Montpellier,Yael Mouanga,FRA,DF,19,2005,10.5,3,0,0,10,5,1,2,10,8,,,0
FRA-Ligue 1,2425,Montpellier,Yanis Issoufou,FRA,MF,17,2006,0.9,0,0,0,1,0,0,3,0,4,,,0
FRA-Ligue 1,2425,Nantes,Alban Lafont,CIV,GK,25,1999,12.0,1,0,0,0,0,0,0,0,1,,,0
FRA-Ligue 1,2425,Nantes,Anthony Lopes,POR,GK,33,1990,17.4,2,0,0,1,7,0,0,1,0,,,0
FRA-Ligue 1,2425,Nantes,Bahereba Guirassy,FRA,MF,17,2006,3.9,0,0,0,2,2,0,7,2,9,,,0
FRA-Ligue 1,2425,Nantes,Dehmaine Assoumani,FRA,FW,19,2005,1.1,0,0,0,1,4,0,6,1,5,,,0
FRA-Ligue 1,2425,Nantes,Douglas,BRA,MF,27,1997,25.6,8,0,0,42,36,0,11,32,39,,,0
FRA-Ligue 1,2425,Nantes,Fabien Centonze,FRA,DF,28,1996,2.9,0,0,0,2,2,1,11,2,4,,,0
FRA-Ligue 1,2425,Nantes,Florent Mollet,FRA,MF,32,1991,2.7,1,0,0,2,3,1,13,1,2,,,0
FRA-Ligue 1,2425,Nantes,Francis Coquelin,FRA,MF,33,1991,2.5,1,0,0,7,1,0,0,6,5,,,0
FRA-Ligue 1,2425,Nantes,Ignatius Ganago,CMR,MF,25,1999,2.7,1,0,0,2,3,2,3,4,1,,,0
FRA-Ligue 1,2425,Nantes,Jean-Charles Castelletto,CMR,"DF,MF",29,1995,29.1,5,1,0,34,14,0,9,25,18,,,1
FRA-Ligue 1,2425,Nantes,Jean-Kevin Duverne,HAI,DF,27,1997,6.0,2,0,0,14,6,0,9,8,12,,,0
FRA-Ligue 1,2425,Nantes,Jean-Philippe Gbamin,CIV,MF,28,1995,2.4,1,0,0,3,6,0,0,1,1,,,0
FRA-Ligue 1,2425,Nantes,Johann Lepenant,FRA,MF,21,2002,22.8,3,0,0,51,38,1,16,15,34,,,0
FRA-Ligue 1,2425,Nantes,Kelvin Amian,FRA,DF,26,1998,24.1,5,0,0,23,12,1,38,13,35,,,0
FRA-Ligue 1,2425,Nantes,Louis Leroux,FRA,"MF,DF",18,2006,9.1,1,0,0,10,12,0,6,8,19,,,0
FRA-Ligue 1,2425,Nantes,Marcus Coco,FRA,DF,28,1996,10.6,3,2,0,30,17,0,29,11,22,,,0
FRA-Ligue 1,2425,Nantes,Matthis Abline,FRA,FW,21,2003,30.8,3,0,0,34,55,5,31,6,4,,,0
FRA-Ligue 1,2425,Nantes,Meschak Elia,COD,FW,26,1997,1.9,0,0,0,7,2,0,14,0,5,,,0
FRA-Ligue 1,2425,Nantes,Moses Simon,NGA,"FW,MF",29,1995,29.0,2,0,0,11,50,9,223,13,13,,,0
FRA-Ligue 1,2425,Nantes,Mostafa Mohamed,EGY,FW,26,1997,13.9,3,0,0,32,35,5,4,9,9,,,0
FRA-Ligue 1,2425,Nantes,Nathan Zeze,FRA,DF,19,2005,16.8,6,0,0,17,17,0,1,21,24,,,0
FRA-Ligue 1,2425,Nantes,Nicolas Cozza,FRA,"DF,MF",25,1999,22.8,3,1,0,14,12,2,27,25,40,,,0
FRA-Ligue 1,2425,Nantes,Nicolas Pallois,FRA,DF,36,1987,22.4,9,0,0,22,11,0,7,29,27,,,1
FRA-Ligue 1,2425,Nantes,Patrik Carlgren,SWE,GK,32,1992,4.6,0,0,0,0,1,0,0,0,0,,,0
FRA-Ligue 1,2425,Nantes,Pedro Chirivella,ESP,MF,27,1997,26.1,6,0,0,25,16,0,18,21,27,,,0
FRA-Ligue 1,2425,Nantes,Plamedi Nsingi,,FW,23,2000,0.2,0,0,0,0,1,0,0,0,0,,,0
FRA-Ligue 1,2425,Nantes,Saidou Sow,GUI,DF,22,2002,8.9,1,0,0,7,5,0,0,14,11,,,0
FRA-Ligue 1,2425,Nantes,Sorba Thomas,WAL,"MF,DF",24,1999,14.7,3,0,0,13,17,2,131,9,6,,,0
FRA-Ligue 1,2425,Nantes,Sékou Doucoure,FRA,DF,19,2005,0.1,0,0,0,0,1,0,0,0,0,,,0
FRA-Ligue 1,2425,Nantes,Tino Kadewere,ZIM,MF,28,1996,5.7,1,0,0,6,3,2,2,6,10,,,0
FRA-Ligue 1,2425,Nice,Ali Abdi,TUN,MF,30,1993,15.5,2,0,0,28,14,5,51,20,27,,,0
FRA-Ligue 1,2425,Nice,Amidou Doumbouya,FRA,MF,16,2007,0.5,0,0,0,0,0,0,2,1,1,,,0
FRA-Ligue 1,2425,Nice,Antoine Mendy,SEN,"DF,MF",20,2004,9.2,2,0,0,13,9,0,6,7,20,,,0
FRA-Ligue 1,2425,Nice,Badredine Bouanani,ALG,"MF,FW",19,2004,12.2,2,0,0,13,17,2,32,12,4,,,0
FRA-Ligue 1,2425,Nice,Baptiste Santamaria,FRA,MF,29,1995,10.3,1,0,0,17,20,0,3,17,10,,,0
FRA-Ligue 1,2425,Nice,Bernard Nguene,CMR,FW,17,2006,0.1,0,0,0,1,0,0,0,0,0,,,0
FRA-Ligue 1,2425,Nice,Bilal Brahimi,ALG,MF,24,2000,0.8,0,0,0,3,0,0,5,0,0,,,0
FRA-Ligue 1,2425,Nice,Dante,BRA,DF,40,1983,21.8,5,1,0,19,14,0,2,33,14,,,0
FRA-Ligue 1,2425,Nice,Evann Guessand,CIV,"MF,FW",23,2001,28.5,2,0,0,45,64,10,37,15,29,,,0
FRA-Ligue 1,2425,Nice,Gaëtan Laborde,FRA,FW,30,1994,20.3,1,0,0,28,18,8,27,7,13,,,0
FRA-Ligue 1,2425,Nice,Hicham Boudaoui,ALG,MF,24,1999,27.1,9,0,0,41,51,3,17,24,52,,,0
FRA-Ligue 1,2425,Nice,Issiaga Camara,GUI,MF,19,2005,0.2,0,0,0,0,2,0,0,3,1,,,0
FRA-Ligue 1,2425,Nice,Jeremie Boga,CIV,"MF,FW",27,1997,11.7,0,0,0,1,17,5,21,3,5,,,0
FRA-Ligue 1,2425,Nice,Jonathan Clauss,FRA,"MF,DF",31,1992,25.6,7,0,0,26,12,1,191,47,34,,,0
FRA-Ligue 1,2425,Nice,Jordan Lotomba,SUI,"DF,MF",25,1998,0.4,0,0,0,2,0,1,2,0,0,,,0
FRA-Ligue 1,2425,Nice,Marcin Bułka,POL,GK,24,1999,34.0,0,0,0,0,5,0,0,1,0,,,0
FRA-Ligue 1,2425,Nice,Melvin Bard,FRA,"DF,MF",23,2000,21.5,4,2,1,17,22,2,61,29,37,,,0
FRA-Ligue 1,2425,Nice,Mohamed Abdelmonem,EGY,DF,25,1999,9.5,2,0,0,9,10,0,2,15,14,,,0
FRA-Ligue 1,2425,Nice,Mohamed Ali Cho,FRA,"FW,MF",20,2004,18.0,2,0,0,12,41,9,51,5,10,,,0
FRA-Ligue 1,2425,Nice,Morgan Sanson,FRA,MF,29,1994,2.6,0,0,0,2,1,0,4,4,3,,,0
FRA-Ligue 1,2425,Nice,Moïse Bombito,CAN,DF,24,2000,24.4,3,1,1,28,13,0,2,20,28,,,1
FRA-Ligue 1,2425,Nice,Pablo Rosario,DOM,"MF,DF",27,1997,19.7,6,1,0,24,10,0,3,33,18,,,0
FRA-Ligue 1,2425,Nice,Rareş Ilie,ROU,MF,21,2003,0.1,0,0,0,0,0,0,3,0,1,,,0
FRA-Ligue 1,2425,Nice,Sofiane Diop,MAR,"MF,FW",24,2000,11.8,3,0,0,17,19,3,32,18,18,,,0
FRA-Ligue 1,2425,Nice,Tanguy Ndombele,FRA,MF,27,1996,12.6,2,0,0,10,28,0,3,13,22,,,0
FRA-Ligue 1,2425,Nice,Terem Moffi,NGA,FW,25,1999,0.6,0,0,0,1,0,1,0,0,0,,,0
FRA-Ligue 1,2425,Nice,Tom Louchet,FRA,"DF,MF",21,2003,8.6,1,0,0,8,9,0,35,15,17,,,0
FRA-Ligue 1,2425,Nice,Victor Orakpo,NGA,FW,18,2006,0.4,0,0,0,0,2,1,0,0,0,,,0
FRA-Ligue 1,2425,Nice,Yael Nandjou,FRA,DF,19,2005,1.7,0,0,0,6,2,0,4,4,1,,,0
FRA-Ligue 1,2425,Nice,Youssouf Ndayishimiye,BDI,DF,25,1998,21.5,5,0,0,19,13,0,2,20,19,,,0
FRA-Ligue 1,2425,Nice,Youssoufa Moukoko,GER,FW,19,2004,2.3,0,0,0,1,4,5,1,0,2,,,0
FRA-Ligue 1,2425,PSG,Achraf Hakimi,MAR,DF,25,1998,23.0,4,0,0,19,25,8,80,31,35,,,0
FRA-Ligue 1,2425,PSG,Arnau Tenas,ESP,GK,23,2001,1.0,0,0,0,0,0,0,0,0,0,,,0
FRA-Ligue 1,2425,PSG,Axel Tapé,FRA,DF,16,2007,2.0,1,0,0,2,3,0,0,1,2,,,0
FRA-Ligue 1,2425,PSG,Bradley Barcola,FRA,FW,21,2002,24.2,2,0,0,31,22,7,25,19,17,,,0
FRA-Ligue 1,2425,PSG,Désiré Doué,FRA,"MF,FW",19,2005,19.2,1,0,0,28,44,1,78,13,31,,,0
FRA-Ligue 1,2425,PSG,Fabián Ruiz Peña,ESP,MF,28,1996,21.4,1,0,0,6,10,5,27,16,24,,,0
FRA-Ligue 1,2425,PSG,Gianluigi Donnarumma,ITA,GK,25,1999,23.2,2,0,0,0,3,0,0,0,1,,,0
FRA-Ligue 1,2425,PSG,Gonçalo Ramos,POR,FW,23,2001,11.8,1,0,0,8,11,9,1,0,6,,,0
FRA-Ligue 1,2425,PSG,Ibrahim Mbaye,SEN,FW,16,2008,3.8,0,0,0,6,3,1,5,2,2,,,0
FRA-Ligue 1,2425,PSG,João Neves,POR,"MF,DF",19,2004,20.5,1,0,0,17,33,3,15,23,31,,,0
FRA-Ligue 1,2425,PSG,Khvicha Kvaratskhelia,GEO,FW,23,2001,10.2,0,0,0,12,18,0,33,2,13,,,0
FRA-Ligue 1,2425,PSG,Lee Kang-in,KOR,"FW,MF",23,2001,18.5,1,0,0,21,28,1,94,3,18,,,0
FRA-Ligue 1,2425,PSG,Lucas Beraldo,BRA,DF,20,2003,22.3,6,0,0,22,9,1,3,22,31,,,0
FRA-Ligue 1,2425,PSG,Lucas Hernández,FRA,DF,28,1996,9.7,2,0,0,9,9,0,2,7,18,,,1
FRA-Ligue 1,2425,PSG,Marco Asensio,ESP,"FW,MF",28,1996,6.9,0,0,0,1,4,3,13,1,3,,,0
FRA-Ligue 1,2425,PSG,Marquinhos,BRA,DF,30,1994,19.2,3,0,0,18,7,1,3,13,19,,,0
FRA-Ligue 1,2425,PSG,Matvei Safonov,RUS,GK,25,1999,9.8,0,0,0,0,1,0,0,1,0,,,0
FRA-Ligue 1,2425,PSG,Milan Škriniar,SVK,DF,29,1995,4.2,1,0,0,4,5,1,0,3,5,,,0
FRA-Ligue 1,2425,PSG,Noham Kamara,FRA,DF,17,2007,0.8,0,0,0,0,0,0,0,1,1,,,0
FRA-Ligue 1,2425,PSG,Nuno Mendes,POR,DF,22,2002,18.6,3,0,0,13,23,1,60,18,19,,,0
FRA-Ligue 1,2425,PSG,Ousmane Dembélé,FRA,FW,27,1997,19.2,1,0,0,8,14,9,80,9,5,,,0
FRA-Ligue 1,2425,PSG,Presnel Kimpembe,FRA,DF,28,1995,0.3,0,0,0,0,1,0,0,0,0,,,0
FRA-Ligue 1,2425,PSG,Randal Kolo Muani,FRA,FW,25,1998,4.0,0,0,0,7,7,2,0,0,4,,,0
FRA-Ligue 1,2425,PSG,Senny Mayulu,FRA,MF,18,2006,9.0,1,0,0,19,18,0,9,5,18,,,0
FRA-Ligue 1,2425,PSG,Vitinha,POR,MF,24,2000,22.7,1,0,0,9,12,0,21,14,23,,,0
FRA-Ligue 1,2425,PSG,Warren Zaïre-Emery,FRA,"MF,DF",18,2006,22.8,3,0,0,25,19,1,9,23,25,,,0
FRA-Ligue 1,2425,PSG,Willian Pacho,ECU,DF,22,2001,23.7,2,0,0,20,7,0,0,41,30,,,0
FRA-Ligue 1,2425,PSG,Yoram Zague,FRA,DF,18,2006,2.0,0,0,0,2,0,0,4,2,6,,,0
FRA-Ligue 1,2425,Reims,Abdoul Koné,FRA,DF,19,2005,1.5,0,0,0,3,3,0,0,1,3,,,0
FRA-Ligue 1,2425,Reims,Amadou Koné,MLI,MF,19,2005,14.4,3,1,0,19,51,0,3,19,31,,,0
FRA-Ligue 1,2425,Reims,Amine Salama,FRA,FW,24,2000,4.1,0,0,0,2,1,5,4,1,2,,,0
FRA-Ligue 1,2425,Reims,Ange Martial Tia,MLI,MF,17,2006,1.9,0,0,0,3,1,0,3,2,3,,,0
FRA-Ligue 1,2425,Reims,Aurélio Buta,POR,DF,27,1997,21.9,5,0,0,32,27,3,31,21,24,,,0
FRA-Ligue 1,2425,Reims,Cédric Kipré,CIV,DF,27,1996,24.3,4,2,0,24,12,1,12,32,30,,,0
FRA-Ligue 1,2425,Reims,Eloge Zabi,CIV,MF,17,2006,0.2,0,1,0,1,0,0,0,0,0,,,0
FRA-Ligue 1,2425,Reims,Emmanuel Agbadou,CIV,DF,27,1997,14.0,3,0,0,13,6,0,1,18,17,,,0
FRA-Ligue 1,2425,Reims,Gabriel Moscardo,BRA,MF,18,2005,0.9,1,0,0,1,0,0,0,0,1,,,0
FRA-Ligue 1,2425,Reims,Hafiz Ibrahim,NGA,FW,18,2005,4.3,2,1,1,12,2,3,1,2,2,,,0
FRA-Ligue 1,2425,Reims,Hiroki Sekine,JPN,DF,21,2002,9.9,1,0,0,4,7,0,22,6,7,,,0
FRA-Ligue 1,2425,Reims,Ike Orazi,IRL,FW,17,2007,0.0,0,0,0,0,0,0,0,0,0,,,0
FRA-Ligue 1,2425,Reims,John Joe,IRL,MF,20,2003,6.1,0,0,0,14,13,0,5,6,15,,,0
FRA-Ligue 1,2425,Reims,Jordan Pefok,USA,FW,28,1996,4.2,0,0,0,11,8,3,1,2,2,,,0
FRA-Ligue 1,2425,Reims,Joseph Okumu,KEN,DF,27,1997,18.8,5,1,1,15,15,0,5,26,16,,,0
FRA-Ligue 1,2425,Reims,Junya Itō,JPN,"MF,FW",31,1993,29.9,1,0,0,14,34,10,233,12,30,,,0
FRA-Ligue 1,2425,Reims,Keito Nakamura,JPN,"MF,FW",24,2000,29.4,5,0,0,29,8,10,54,12,16,,,0
FRA-Ligue 1,2425,Reims,Malcolm Jeng,SWE,DF,19,2005,1.2,0,0,0,1,0,0,0,3,0,,,0
FRA-Ligue 1,2425,Reims,Mamadou Diakhon,SEN,"MF,FW",18,2005,9.5,2,0,0,5,22,0,34,4,8,,,0
FRA-Ligue 1,2425,Reims,Marshall Munetsi,ZIM,MF,28,1996,18.8,5,0,0,28,30,2,11,17,20,,,0
FRA-Ligue 1,2425,Reims,Martin Adeline,FRA,MF,20,2003,0.3,0,0,0,0,1,0,0,0,1,,,0
FRA-Ligue 1,2425,Reims,Mohamed Bamba,CIV,MF,19,2004,0.1,0,0,0,0,0,0,0,0,0,,,0
FRA-Ligue 1,2425,Reims,Mohamed Daramy,DEN,"FW,MF",22,2002,0.2,0,0,0,0,0,0,0,0,0,,,0
FRA-Ligue 1,2425,Reims,Mory Gbane,CIV,"DF,MF",23,2000,12.5,2,0,0,12,3,0,2,20,11,,,0
FRA-Ligue 1,2425,Reims,Nhoa Sangui,FRA,"DF,MF",18,2006,12.9,3,0,0,9,9,0,15,8,8,,,0
FRA-Ligue 1,2425,Reims,Niama Sissoko,MLI,FW,18,2005,0.5,0,0,0,3,0,0,0,0,0,,,0
FRA-Ligue 1,2425,Reims,Oumar Diakité,CIV,FW,20,2003,18.1,6,0,0,27,26,11,7,2,13,,,0
FRA-Ligue 1,2425,Reims,Reda Khadra,GER,"FW,MF",23,2001,0.9,0,0,0,0,3,0,3,0,1,,,0
FRA-Ligue 1,2425,Reims,Sergio Akieme,ESP,DF,26,1997,28.0,5,0,0,25,21,1,95,17,23,,,0
FRA-Ligue 1,2425,Reims,Teddy Teuma,MLT,MF,30,1993,8.3,1,0,0,11,7,2,44,12,10,,,0
FRA-Ligue 1,2425,Reims,Thibault De Smet,BEL,DF,26,1998,2.1,0,0,0,1,2,0,0,4,4,,,0
FRA-Ligue 1,2425,Reims,Valentin Atangana Edoa,FRA,MF,18,2005,31.7,7,0,0,57,50,8,16,37,49,,,0
FRA-Ligue 1,2425,Reims,Yaya Kader Fofana,MLI,"MF,FW",20,2004,7.0,4,0,0,16,7,0,6,3,10,,,0
FRA-Ligue 1,2425,Reims,Yehvann Diouf,SEN,GK,24,1999,34.0,1,0,0,0,3,0,0,0,2,,,0
FRA-Ligue 1,2425,Rennes,Adrien Truffert,FRA,"MF,DF",22,2001,30.6,3,0,0,25,34,4,141,29,38,,,0
FRA-Ligue 1,2425,Rennes,Albert Grønbaek,DEN,"MF,FW",23,2001,9.0,1,0,0,10,10,0,28,3,11,,,0
FRA-Ligue 1,2425,Rennes,Alidu Seidu,GHA,DF,24,2000,8.9,4,0,0,10,28,1,4,13,17,,,0
FRA-Ligue 1,2425,Rennes,Amine Gouiri,ALG,"MF,FW",24,2000,11.5,2,0,0,18,12,4,12,2,5,,,0
FRA-Ligue 1,2425,Rennes,Andrés Gómez,COL,MF,21,2002,4.2,1,0,0,11,2,2,19,3,6,,,0
FRA-Ligue 1,2425,Rennes,Anthony Rouault,FRA,DF,23,2001,10.8,3,0,0,7,1,1,0,7,8,,,0
FRA-Ligue 1,2425,Rennes,Arnaud Kalimuendo,FRA,FW,22,2002,28.6,2,0,0,29,40,12,12,4,12,,,0
FRA-Ligue 1,2425,Rennes,Ayanda Sishuba,BEL,MF,19,2005,0.0,0,0,0,0,0,0,0,0,0,,,0
FRA-Ligue 1,2425,Rennes,Azor Matusiwa,NED,MF,26,1998,23.1,3,0,0,29,32,0,1,38,43,,,0
FRA-Ligue 1,2425,Rennes,Baptiste Santamaria,FRA,MF,29,1995,5.4,1,0,0,5,7,1,4,11,4,,,0
FRA-Ligue 1,2425,Rennes,Benjamin Bourigeaud,FRA,MF,30,1994,0.9,0,0,0,0,0,0,6,2,0,,,0
FRA-Ligue 1,2425,Rennes,Brice Samba,FRA,GK,30,1994,17.0,3,0,0,0,1,0,0,0,1,,,0
FRA-Ligue 1,2425,Rennes,Christopher Wooh,CMR,DF,22,2001,16.2,6,1,0,33,8,0,1,25,20,,,1
FRA-Ligue 1,2425,Rennes,Djaoui Cissé,FRA,MF,20,2004,12.5,4,0,0,25,14,0,3,14,19,,,0
FRA-Ligue 1,2425,Rennes,Gauthier Gallon,FRA,GK,31,1993,0.5,0,0,0,0,0,0,0,0,0,,,0
FRA-Ligue 1,2425,Rennes,Glen Kamara,FIN,MF,28,1995,7.4,0,0,0,7,4,0,0,8,10,,,0
FRA-Ligue 1,2425,Rennes,Hans Hateboer,NED,"DF,MF",30,1994,18.7,3,0,0,20,10,1,34,33,20,,,0
FRA-Ligue 1,2425,Rennes,Henrik Meister,DEN,FW,20,2003,0.7,0,0,0,3,1,0,0,1,0,,,0
FRA-Ligue 1,2425,Rennes,Ismaël Koné,CAN,MF,22,2002,5.2,1,0,0,8,8,0,2,4,6,,,0
FRA-Ligue 1,2425,Rennes,Jordan James,WAL,MF,20,2004,13.1,4,0,0,26,15,1,34,14,22,,,0
FRA-Ligue 1,2425,Rennes,Jota,POR,MF,25,1999,3.7,0,0,0,3,2,3,16,3,3,,,0
FRA-Ligue 1,2425,Rennes,Jérémy Jacquet,FRA,DF,19,2005,10.3,0,0,0,13,6,0,3,27,19,,,0
FRA-Ligue 1,2425,Rennes,Kader Meïté,FRA,FW,16,2007,6.0,0,0,0,14,8,4,2,0,0,,,0
FRA-Ligue 1,2425,Rennes,Kazeem Olaigbe,BEL,"MF,FW",21,2003,3.3,0,0,0,6,1,2,11,0,4,,,0
FRA-Ligue 1,2425,Rennes,Kyogo Furuhashi,JPN,FW,29,1995,1.4,0,0,0,4,2,0,0,0,2,,,0
FRA-Ligue 1,2425,Rennes,Leo Østigård,NOR,DF,24,1999,13.6,4,0,0,18,5,0,0,16,18,,,0
FRA-Ligue 1,2425,Rennes,Lilian Brassier,FRA,DF,24,1999,13.7,1,0,0,9,12,0,9,20,12,,,0
FRA-Ligue 1,2425,Rennes,Lorenz Assignon,TOG,"MF,DF",24,2000,26.2,9,0,0,53,28,4,71,26,27,,,0
FRA-Ligue 1,2425,Rennes,Ludovic Blas,FRA,"MF,FW",26,1997,25.5,6,0,0,31,54,1,123,12,25,,,0
FRA-Ligue 1,2425,Rennes,Mahamadou Nagida,CMR,MF,19,2005,4.8,1,0,0,5,12,0,29,10,6,,,0
FRA-Ligue 1,2425,Rennes,Mikayil Ngor Faye,SEN,DF,20,2004,7.6,1,1,0,10,6,0,1,12,12,,,0
FRA-Ligue 1,2425,Rennes,Musa Al-Taamari,JOR,"FW,MF",27,1997,6.3,1,0,0,4,11,4,6,2,1,,,0
FRA-Ligue 1,2425,Rennes,Naouirou Ahamada,FRA,MF,22,2002,0.6,0,0,0,1,0,0,1,3,0,,,0
FRA-Ligue 1,2425,Rennes,Seko Fofana,CIV,MF,29,1995,9.4,3,0,0,9,7,2,5,7,7,,,0
FRA-Ligue 1,2425,Rennes,Steve Mandanda,FRA,GK,39,1985,16.5,0,0,0,0,1,0,0,0,0,,,0
FRA-Ligue 1,2425,Saint-Étienne,Aimen Moueffek,FRA,MF,23,2001,11.5,2,0,0,20,7,3,4,5,12,,,0
FRA-Ligue 1,2425,Saint-Étienne,Anthony Briançon,FRA,"DF,MF",29,1994,0.0,0,0,0,0,0,0,0,0,0,,,0
FRA-Ligue 1,2425,Saint-Étienne,Augustine Boakye,GHA,"MF,FW",23,2000,8.1,5,0,0,19,7,3,5,6,3,,,0
FRA-Ligue 1,2425,Saint-Étienne,Ayman Aiki,FRA,MF,19,2005,1.4,0,0,0,4,1,0,1,1,3,,,0
FRA-Ligue 1,2425,Saint-Étienne,Ben Old,NZL,"MF,FW",21,2002,5.9,0,0,0,4,10,0,19,2,5,,,0
FRA-Ligue 1,2425,Saint-Étienne,Benjamin Bouchouari,MAR,MF,22,2001,19.7,6,0,0,15,42,0,9,16,28,,,0
FRA-Ligue 1,2425,Saint-Étienne,Beres Owusu,FRA,DF,20,2003,1.0,0,0,0,1,1,0,1,0,2,,,0
FRA-Ligue 1,2425,Saint-Étienne,Dennis Appiah,FRA,DF,32,1992,23.6,2,0,0,37,9,2,53,29,43,,,0
FRA-Ligue 1,2425,Saint-Étienne,Djylian N'Guessan,FRA,FW,15,2008,2.0,0,0,0,1,2,0,0,0,4,,,0
FRA-Ligue 1,2425,Saint-Étienne,Dylan Batubinsika,COD,DF,28,1996,22.4,3,1,0,24,13,0,1,41,13,,,1
FRA-Ligue 1,2425,Saint-Étienne,Florian Tardieu,FRA,MF,32,1992,13.9,0,0,0,10,14,1,24,15,14,,,0
FRA-Ligue 1,2425,Saint-Étienne,Gautier Larsonneur,FRA,GK,27,1997,34.0,5,0,0,0,13,0,0,0,0,,,0
FRA-Ligue 1,2425,Saint-Étienne,Ibrahim Sissoko,MLI,FW,28,1995,9.1,1,0,0,37,21,9,3,2,9,,,0
FRA-Ligue 1,2425,Saint-Étienne,Ibrahima Wadji,SEN,FW,29,1995,3.9,1,0,0,11,5,4,2,1,6,,,0
FRA-Ligue 1,2425,Saint-Étienne,Igor Miladinović,SRB,MF,21,2003,0.3,0,0,0,0,0,0,0,1,0,,,0
FRA-Ligue 1,2425,Saint-Étienne,Irvin Cardona,MLT,"FW,MF",26,1997,11.8,2,0,0,12,10,3,31,4,6,,,0
FRA-Ligue 1,2425,Saint-Étienne,Jibril Othman,TUN,FW,20,2004,0.1,0,0,0,0,0,0,0,0,0,,,0
FRA-Ligue 1,2425,Saint-Étienne,Kévin Pedro,FRA,DF,18,2006,0.1,0,0,0,1,0,0,1,2,0,,,0
FRA-Ligue 1,2425,Saint-Étienne,Lamine Fomba,FRA,MF,26,1998,2.4,2,0,0,13,2,1,1,4,6,,,0
FRA-Ligue 1,2425,Saint-Étienne,Louis Mouton,FRA,MF,22,2002,11.6,2,0,0,24,7,2,21,12,26,,,0
FRA-Ligue 1,2425,Saint-Étienne,Lucas Stassin,BEL,FW,19,2004,21.0,4,0,0,32,26,7,19,3,11,,,0
FRA-Ligue 1,2425,Saint-Étienne,Léo Pétrot,FRA,DF,27,1997,29.3,4,0,0,23,22,1,51,40,39,,,0
FRA-Ligue 1,2425,Saint-Étienne,Marwann Nzuzi,FRA,DF,20,2004,1.4,2,0,0,2,1,0,1,2,2,,,0
FRA-Ligue 1,2425,Saint-Étienne,Mathieu Cafaro,FRA,"MF,FW",27,1997,8.1,3,1,0,11,14,3,27,7,7,,,0
FRA-Ligue 1,2425,Saint-Étienne,Mathis Amougou,FRA,MF,18,2006,9.5,2,0,0,6,8,0,1,12,15,,,0
FRA-Ligue 1,2425,Saint-Étienne,Maxime Bernauer,FRA,DF,26,1998,8.5,4,1,1,10,4,0,0,5,8,,,0
FRA-Ligue 1,2425,Saint-Étienne,Mickael Nade,FRA,DF,25,1999,25.6,1,0,0,19,27,0,1,33,43,,,1
FRA-Ligue 1,2425,Saint-Étienne,Pierre Cornud,FRA,"DF,MF",27,1996,6.4,2,0,0,10,3,1,14,9,10,,,0
FRA-Ligue 1,2425,Saint-Étienne,Pierre Ekwah Elimby,FRA,MF,22,2002,28.6,3,0,0,42,38,0,5,47,35,,,0
FRA-Ligue 1,2425,Saint-Étienne,Yunis Abdelhamid,MAR,DF,36,1987,11.5,2,0,0,16,6,0,0,14,11,,,0
FRA-Ligue 1,2425,Saint-Étienne,Yvann Macon,FRA,DF,25,1998,8.8,4,0,0,26,8,1,23,2,12,,,0
FRA-Ligue 1,2425,Saint-Étienne,Zuriko Davitashvili,GEO,"FW,MF",23,2001,30.9,3,0,0,19,40,5,85,14,14,,,0
FRA-Ligue 1,2425,Strasbourg,Abakar Sylla,CIV,DF,21,2002,10.6,2,1,0,17,7,0,1,11,14,,,1
FRA-Ligue 1,2425,Strasbourg,Abdoul Ouattara,FRA,"MF,FW",18,2005,5.2,1,0,0,7,1,1,3,8,3,,,0
FRA-Ligue 1,2425,Strasbourg,Andrew Omobamidele,IRL,DF,22,2002,6.0,5,1,1,13,7,0,0,8,4,,,0
FRA-Ligue 1,2425,Strasbourg,Andrey Santos,BRA,MF,20,2004,31.7,8,0,0,29,63,0,0,31,72,,,0
FRA-Ligue 1,2425,Strasbourg,Caleb Wiley,USA,"MF,DF",19,2004,3.0,1,0,0,2,2,0,8,4,0,,,0
FRA-Ligue 1,2425,Strasbourg,Diego Moreira,BEL,"MF,DF",19,2004,28.5,4,1,0,26,35,2,93,34,29,,,0
FRA-Ligue 1,2425,Strasbourg,Dilane Bakwa,FRA,MF,21,2002,27.7,4,0,0,29,71,5,155,16,14,,,0
FRA-Ligue 1,2425,Strasbourg,Eduard Sobol,UKR,"DF,MF",29,1995,1.1,2,0,0,4,1,0,1,2,0,,,0
FRA-Ligue 1,2425,Strasbourg,Emanuel Emegha,NED,FW,21,2003,25.5,5,0,0,36,37,27,1,1,5,,,0
FRA-Ligue 1,2425,Strasbourg,Félix Lemaréchal,FRA,"MF,FW",20,2003,19.8,2,0,0,30,12,3,27,14,27,,,0
FRA-Ligue 1,2425,Strasbourg,Guéla Doué,CIV,"DF,MF",21,2002,30.2,7,0,0,41,19,0,46,33,42,,,0
FRA-Ligue 1,2425,Strasbourg,Habib Diarra,SEN,"MF,FW",20,2004,26.1,6,0,0,26,52,1,53,14,11,,,0
FRA-Ligue 1,2425,Strasbourg,Ismaël Doukouré,FRA,"DF,MF",21,2003,29.3,7,0,0,30,17,0,1,22,23,,,1
FRA-Ligue 1,2425,Strasbourg,Junior Mwanga,FRA,MF,21,2003,3.3,0,0,0,6,1,0,0,3,9,,,0
FRA-Ligue 1,2425,Strasbourg,Jérémy Sebas,MTQ,MF,21,2003,2.1,0,0,0,6,2,2,2,0,2,,,0
FRA-Ligue 1,2425,Strasbourg,Karl-Johan Johnsson,SWE,GK,34,1990,3.0,0,0,0,1,0,0,0,0,0,,,0
FRA-Ligue 1,2425,Strasbourg,Karol Fila,POL,DF,26,1998,0.1,1,0,0,0,0,0,0,0,0,,,0
FRA-Ligue 1,2425,Strasbourg,Mamadou Sarr,SEN,DF,18,2005,26.3,4,0,0,29,11,0,1,25,22,,,0
FRA-Ligue 1,2425,Strasbourg,Marvin Senaya,GHA,DF,23,2001,2.5,3,0,0,4,4,0,1,7,3,,,0
FRA-Ligue 1,2425,Strasbourg,Milos Lukovic,SRB,FW,18,2005,0.1,0,0,0,0,0,0,0,0,0,,,0
FRA-Ligue 1,2425,Strasbourg,Nordine Kandil,FRA,MF,22,2001,0.1,0,0,0,2,0,0,0,0,0,,,0
FRA-Ligue 1,2425,Strasbourg,Pape Daouda Diongue,SEN,MF,18,2006,0.9,0,0,0,0,0,0,1,3,0,,,0
FRA-Ligue 1,2425,Strasbourg,Saidou Sow,GUI,DF,22,2002,11.3,2,0,0,7,5,1,0,15,5,,,0
FRA-Ligue 1,2425,Strasbourg,Samuel Amo-Ameyaw,ENG,MF,18,2006,3.6,0,0,0,3,5,1,6,3,3,,,0
FRA-Ligue 1,2425,Strasbourg,Sebastian Nanasi,SWE,"MF,FW",22,2002,23.4,1,0,0,9,17,1,67,7,13,,,0
FRA-Ligue 1,2425,Strasbourg,Sekou Mara,FRA,"FW,MF",22,2002,8.5,2,0,0,18,16,3,3,3,6,,,0
FRA-Ligue 1,2425,Strasbourg,Thomas Delaine,FRA,"DF,MF",32,1992,0.1,0,0,0,1,0,0,0,1,1,,,0
FRA-Ligue 1,2425,Strasbourg,Valentín Barco,ARG,MF,20,2004,12.9,2,0,0,17,29,0,31,13,22,,,0
FRA-Ligue 1,2425,Strasbourg,Óscar Perea,COL,MF,18,2005,0.2,0,0,0,0,0,1,0,0,0,,,0
FRA-Ligue 1,2425,Strasbourg,Đorđe Petrović,SRB,GK,24,1999,31.0,2,0,0,0,3,0,1,0,1,,,0
FRA-Ligue 1,2425,Toulouse,Aron Dønnum,NOR,MF,26,1998,29.9,6,0,0,38,54,0,117,26,34,,,0
FRA-Ligue 1,2425,Toulouse,Charlie Cresswell,ENG,DF,21,2002,28.8,5,0,0,28,15,3,4,29,23,,,1
FRA-Ligue 1,2425,Toulouse,Cristian Cásseres Jr.,VEN,MF,24,2000,30.0,11,0,0,54,46,1,79,42,61,,,0
FRA-Ligue 1,2425,Toulouse,Denis Genreau,AUS,MF,25,1999,2.5,0,0,0,7,5,0,9,3,5,,,0
FRA-Ligue 1,2425,Toulouse,Djibril Sidibé,FRA,DF,32,1992,23.3,1,0,0,20,19,2,45,20,36,,,0
FRA-Ligue 1,2425,Toulouse,Edhy Zuliani,FRA,MF,19,2004,0.1,0,0,0,0,0,0,0,1,0,,,0
FRA-Ligue 1,2425,Toulouse,Frank Magri,CMR,FW,24,1999,16.8,5,1,0,26,28,4,4,4,2,,,0
FRA-Ligue 1,2425,Toulouse,Gabriel Suazo,CHI,"MF,DF",26,1997,24.0,0,0,0,32,29,2,79,35,37,,,1
FRA-Ligue 1,2425,Toulouse,Guillaume Restes,FRA,GK,19,2005,28.3,2,0,0,1,2,0,0,1,1,,,0
FRA-Ligue 1,2425,Toulouse,Jaydee Canvot,FRA,"DF,MF",18,2006,12.3,2,0,0,18,3,0,6,11,12,,,0
FRA-Ligue 1,2425,Toulouse,Joshua King,NOR,"FW,MF",32,1992,18.6,2,0,0,35,27,7,9,6,10,,,0
FRA-Ligue 1,2425,Toulouse,Kjetil Haug,NOR,GK,26,1998,5.5,0,0,0,0,0,0,0,0,0,,,0
FRA-Ligue 1,2425,Toulouse,Logan Costa,CPV,DF,23,2001,1.0,0,0,0,0,0,0,1,2,1,,,0
FRA-Ligue 1,2425,Toulouse,Mark McKenzie,USA,DF,25,1999,27.7,1,1,0,30,12,1,1,24,32,,,0
FRA-Ligue 1,2425,Toulouse,Miha Zajc,SVN,MF,30,1994,2.9,2,0,0,5,2,0,7,3,4,,,0
FRA-Ligue 1,2425,Toulouse,Naatan Skyttä,FIN,MF,22,2002,0.1,0,0,0,1,0,0,0,0,0,,,0
FRA-Ligue 1,2425,Toulouse,Niklas Schmidt,GER,MF,26,1998,2.3,0,0,0,5,1,0,16,1,3,,,0
FRA-Ligue 1,2425,Toulouse,Noah Edjouma,FRA,MF,18,2005,1.9,0,1,0,4,3,0,6,2,2,,,0
FRA-Ligue 1,2425,Toulouse,Rafik Messali,FRA,MF,21,2003,5.1,0,0,0,9,8,1,16,8,8,,,0
FRA-Ligue 1,2425,Toulouse,Rasmus Nicolaisen,DEN,DF,27,1997,6.9,0,0,0,4,8,0,0,10,3,,,1
FRA-Ligue 1,2425,Toulouse,Shavy Babicka,GAB,MF,24,2000,13.2,2,0,0,15,21,7,38,5,13,,,0
FRA-Ligue 1,2425,Toulouse,Vincent Sierro,SUI,MF,28,1995,26.7,4,0,0,34,32,1,64,16,27,,,0
FRA-Ligue 1,2425,Toulouse,Warren Kamanzi,NOR,MF,23,2000,11.4,3,0,0,16,13,2,17,9,14,,,0
FRA-Ligue 1,2425,Toulouse,Yann Gboho,FRA,"MF,FW",23,2001,25.9,2,0,0,16,61,2,26,6,19,,,0
FRA-Ligue 1,2425,Toulouse,Zakaria Aboukhlal,MAR,"MF,FW",24,2000,21.1,4,0,0,35,25,13,33,6,14,,,0
FRA-Ligue 1,2425,Toulouse,Álex Domínguez,ESP,GK,26,1998,0.2,0,0,0,0,0,0,0,0,0,,,0
FRA-Ligue 1,2425,Toulouse,Ümit Akdag,ROU,DF,20,2003,5.6,2,0,0,8,1,0,3,12,4,,,0
