league,season,team,player,nation,pos,age,born,90s,Standard_Gls,Standard_Sh,Standard_SoT,Standard_SoT%,Standard_Sh/90,Standard_SoT/90,Standard_G/Sh,Standard_G/SoT,Standard_PK,Standard_PKatt
ENG-Premier League,2425,Arsenal,Ben White,ENG,DF,26,1997,13.3,0,9,2,22.2,0.68,0.15,0.0,0.0,0,0
ENG-Premier League,2425,Arsenal,Bukayo Saka,ENG,"FW,MF",22,2001,19.2,6,67,23,34.3,3.49,1.2,0.07,0.22,1,1
ENG-Premier League,2425,Arsenal,David Raya,ESP,GK,28,1995,38.0,0,0,0,,0.0,0.0,,,0,0
ENG-Premier League,2425,Arsenal,Declan Rice,ENG,MF,25,1999,31.4,4,48,15,31.3,1.53,0.48,0.08,0.27,0,0
ENG-Premier League,2425,Arsenal,Ethan Nwaneri,ENG,"FW,MF",17,2007,9.9,4,24,9,37.5,2.41,0.91,0.17,0.44,0,0
ENG-Premier League,2425,Arsenal,Gabriel Jesus,BRA,FW,27,1997,6.8,3,20,8,40.0,2.96,1.18,0.15,0.38,0,0
ENG-Premier League,2425,Arsenal,Gabriel Magalhães,BRA,DF,26,1997,26.3,3,22,5,22.7,0.84,0.19,0.14,0.6,0,0
ENG-Premier League,2425,Arsenal,Gabriel Martinelli,BRA,"FW,MF",23,2001,25.4,8,56,25,44.6,2.2,0.98,0.14,0.32,0,0
ENG-Premier League,2425,Arsenal,Jakub Kiwior,POL,DF,24,2000,12.5,1,3,1,33.3,0.24,0.08,0.33,1.0,0,0
ENG-Premier League,2425,Arsenal,Jorginho,ITA,MF,32,1991,7.8,0,2,0,0.0,0.26,0.0,0.0,,0,0
ENG-Premier League,2425,Arsenal,Jurriën Timber,NED,DF,23,2001,26.9,1,14,4,28.6,0.52,0.15,0.07,0.25,0,0
ENG-Premier League,2425,Arsenal,Kai Havertz,GER,FW,25,1999,20.8,9,53,21,39.6,2.54,1.01,0.17,0.43,0,0
ENG-Premier League,2425,Arsenal,Kieran Tierney,SCO,DF,27,1997,2.9,1,2,1,50.0,0.69,0.35,0.5,1.0,0,0
ENG-Premier League,2425,Arsenal,Leandro Trossard,BEL,FW,29,1994,28.3,8,72,22,30.6,2.55,0.78,0.11,0.36,0,0
ENG-Premier League,2425,Arsenal,Martin Ødegaard,NOR,MF,25,1998,25.8,3,49,17,34.7,1.9,0.66,0.04,0.12,1,1
ENG-Premier League,2425,Arsenal,Mikel Merino,ESP,"MF,FW",28,1996,17.6,7,38,15,39.5,2.16,0.85,0.18,0.47,0,0
ENG-Premier League,2425,Arsenal,Myles Lewis-Skelly,ENG,DF,17,2006,15.2,1,3,1,33.3,0.2,0.07,0.33,1.0,0,0
ENG-Premier League,2425,Arsenal,Nathan Butler-Oyedeji,ENG,FW,21,2003,0.1,0,1,1,100.0,12.86,12.86,0.0,0.0,0,0
ENG-Premier League,2425,Arsenal,Oleksandr Zinchenko,UKR,"DF,MF",27,1996,5.9,0,10,0,0.0,1.71,0.0,0.0,,0,0
ENG-Premier League,2425,Arsenal,Raheem Sterling,ENG,"FW,MF",29,1994,5.5,0,11,0,0.0,1.98,0.0,0.0,,0,0
ENG-Premier League,2425,Arsenal,Reiss Nelson,ENG,"FW,MF",24,1999,0.0,0,0,0,,0.0,0.0,,,0,0
ENG-Premier League,2425,Arsenal,Riccardo Calafiori,ITA,DF,22,2002,10.9,2,10,6,60.0,0.92,0.55,0.2,0.33,0,0
ENG-Premier League,2425,Arsenal,Takehiro Tomiyasu,JPN,DF,25,1998,0.1,0,1,0,0.0,12.86,0.0,0.0,,0,0
ENG-Premier League,2425,Arsenal,Thomas Partey,GHA,"MF,DF",31,1993,31.1,4,26,9,34.6,0.84,0.29,0.15,0.44,0,0
ENG-Premier League,2425,Arsenal,William Saliba,FRA,DF,23,2001,33.8,2,6,3,50.0,0.18,0.09,0.33,0.67,0,0
ENG-Premier League,2425,Aston Villa,Amadou Onana,BEL,MF,22,2001,18.0,3,17,6,35.3,0.95,0.33,0.18,0.5,0,0
ENG-Premier League,2425,Aston Villa,Andrés García,ESP,"DF,MF",21,2003,3.5,0,2,0,0.0,0.57,0.0,0.0,,0,0
ENG-Premier League,2425,Aston Villa,Axel Disasi,FRA,DF,26,1998,5.4,0,2,0,0.0,0.37,0.0,0.0,,0,0
ENG-Premier League,2425,Aston Villa,Boubacar Kamara,FRA,"MF,DF",24,1999,19.2,1,10,3,30.0,0.52,0.16,0.1,0.33,0,0
ENG-Premier League,2425,Aston Villa,Diego Carlos,BRA,DF,31,1993,9.2,0,4,1,25.0,0.43,0.11,0.0,0.0,0,0
ENG-Premier League,2425,Aston Villa,Donyell Malen,NED,MF,25,1999,3.4,3,15,9,60.0,4.43,2.66,0.2,0.33,0,0
ENG-Premier League,2425,Aston Villa,Emi Buendía,ARG,"FW,MF",27,1996,1.1,0,5,0,0.0,4.59,0.0,0.0,,0,0
ENG-Premier League,2425,Aston Villa,Emiliano Martínez,ARG,GK,31,1992,35.5,0,0,0,,0.0,0.0,,,0,0
ENG-Premier League,2425,Aston Villa,Ezri Konsa,ENG,DF,26,1997,32.6,2,11,5,45.5,0.34,0.15,0.18,0.4,0,0
ENG-Premier League,2425,Aston Villa,Ian Maatsen,NED,DF,22,2002,12.7,1,19,5,26.3,1.5,0.4,0.05,0.2,0,0
ENG-Premier League,2425,Aston Villa,Jacob Ramsey,ENG,MF,23,2001,18.0,1,19,4,21.1,1.05,0.22,0.05,0.25,0,0
ENG-Premier League,2425,Aston Villa,Jaden Philogene Bidace,ENG,MF,22,2002,3.7,0,7,0,0.0,1.9,0.0,0.0,,0,0
ENG-Premier League,2425,Aston Villa,John McGinn,SCO,MF,29,1994,24.7,1,31,5,16.1,1.26,0.2,0.03,0.2,0,0
ENG-Premier League,2425,Aston Villa,Jáder Durán,COL,FW,20,2003,7.1,7,31,15,48.4,4.37,2.12,0.23,0.47,0,0
ENG-Premier League,2425,Aston Villa,Kosta Nedeljković,SRB,DF,18,2005,1.4,0,0,0,,0.0,0.0,,,0,0
ENG-Premier League,2425,Aston Villa,Lamare Bogarde,NED,"DF,MF",20,2004,5.3,0,1,1,100.0,0.19,0.19,0.0,0.0,0,0
ENG-Premier League,2425,Aston Villa,Leon Bailey,JAM,MF,26,1997,12.7,1,28,6,21.4,2.21,0.47,0.04,0.17,0,0
ENG-Premier League,2425,Aston Villa,Lucas Digne,FRA,DF,31,1993,26.1,0,13,3,23.1,0.5,0.11,0.0,0.0,0,0
ENG-Premier League,2425,Aston Villa,Marco Asensio,ESP,MF,28,1996,8.3,3,24,11,45.8,2.91,1.33,0.13,0.27,0,2
ENG-Premier League,2425,Aston Villa,Marcus Rashford,ENG,"FW,MF",26,1997,4.9,2,19,7,36.8,3.85,1.42,0.05,0.14,1,1
ENG-Premier League,2425,Aston Villa,Matty Cash,POL,DF,26,1997,23.0,1,13,6,46.2,0.57,0.26,0.08,0.17,0,0
ENG-Premier League,2425,Aston Villa,Morgan Rogers,ENG,MF,22,2002,34.6,8,55,20,36.4,1.59,0.58,0.15,0.4,0,0
ENG-Premier League,2425,Aston Villa,Ollie Watkins,ENG,FW,28,1995,28.9,16,84,40,47.6,2.91,1.39,0.17,0.35,2,2
ENG-Premier League,2425,Aston Villa,Pau Torres,ESP,DF,27,1997,22.4,0,8,3,37.5,0.36,0.13,0.0,0.0,0,0
ENG-Premier League,2425,Aston Villa,Robin Olsen,SWE,GK,34,1990,2.5,0,0,0,,0.0,0.0,,,0,0
ENG-Premier League,2425,Aston Villa,Ross Barkley,ENG,MF,30,1993,6.5,3,16,6,37.5,2.48,0.93,0.19,0.5,0,0
ENG-Premier League,2425,Aston Villa,Tyrone Mings,ENG,DF,31,1993,12.4,0,9,1,11.1,0.72,0.08,0.0,0.0,0,0
ENG-Premier League,2425,Aston Villa,Youri Tielemans,BEL,MF,27,1997,33.6,3,41,13,31.7,1.22,0.39,0.07,0.23,0,1
ENG-Premier League,2425,Bournemouth,Adam Smith,ENG,DF,33,1991,17.7,0,3,0,0.0,0.17,0.0,0.0,,0,0
ENG-Premier League,2425,Bournemouth,Alex Scott,ENG,MF,20,2003,8.4,0,15,7,46.7,1.79,0.83,0.0,0.0,0,0
ENG-Premier League,2425,Bournemouth,Antoine Semenyo,GHA,MF,24,2000,35.6,11,126,41,32.5,3.54,1.15,0.09,0.27,0,0
ENG-Premier League,2425,Bournemouth,Ben Winterburn,ENG,MF,19,2004,0.3,0,0,0,,0.0,0.0,,,0,0
ENG-Premier League,2425,Bournemouth,Dango Ouattara,BFA,"MF,FW",22,2002,22.3,7,62,20,32.3,2.78,0.9,0.11,0.35,0,0
ENG-Premier League,2425,Bournemouth,Daniel Jebbison,CAN,FW,20,2003,1.3,1,5,2,40.0,3.78,1.51,0.2,0.5,0,0
ENG-Premier League,2425,Bournemouth,David Brooks,WAL,MF,27,1997,10.7,2,25,12,48.0,2.34,1.13,0.08,0.17,0,0
ENG-Premier League,2425,Bournemouth,Dean Huijsen,ESP,DF,19,2005,27.0,3,18,4,22.2,0.67,0.15,0.17,0.75,0,0
ENG-Premier League,2425,Bournemouth,Enes Ünal,TUR,FW,27,1997,3.8,2,19,7,36.8,4.96,1.83,0.11,0.29,0,0
ENG-Premier League,2425,Bournemouth,Evanilson,BRA,FW,24,1999,25.8,10,73,32,43.8,2.83,1.24,0.14,0.31,0,1
ENG-Premier League,2425,Bournemouth,Illia Zabarnyi,UKR,DF,21,2002,34.5,0,12,1,8.3,0.35,0.03,0.0,0.0,0,0
ENG-Premier League,2425,Bournemouth,James Hill,ENG,DF,22,2002,5.0,0,6,0,0.0,1.21,0.0,0.0,,0,0
ENG-Premier League,2425,Bournemouth,Julian Araujo,MEX,DF,22,2001,5.5,0,0,0,,0.0,0.0,,,0,0
ENG-Premier League,2425,Bournemouth,Julio Soler,ARG,DF,19,2005,0.1,0,0,0,,0.0,0.0,,,0,0
ENG-Premier League,2425,Bournemouth,Justin Kluivert,NED,MF,25,1999,26.0,12,63,29,46.0,2.42,1.12,0.1,0.21,6,6
ENG-Premier League,2425,Bournemouth,Kepa Arrizabalaga,ESP,GK,29,1994,31.0,0,1,0,0.0,0.03,0.0,0.0,,0,0
ENG-Premier League,2425,Bournemouth,Lewis Cook,ENG,"MF,DF",27,1997,33.1,1,14,4,28.6,0.42,0.12,0.07,0.25,0,0
ENG-Premier League,2425,Bournemouth,Luis Sinisterra,COL,MF,25,1999,2.6,1,13,6,46.2,4.96,2.29,0.08,0.17,0,0
ENG-Premier League,2425,Bournemouth,Marcos Senesi,ARG,DF,27,1997,12.3,0,2,0,0.0,0.16,0.0,0.0,,0,0
ENG-Premier League,2425,Bournemouth,Marcus Tavernier,ENG,MF,25,1999,21.5,3,57,17,29.8,2.65,0.79,0.05,0.18,0,0
ENG-Premier League,2425,Bournemouth,Mark Travers,IRL,GK,25,1999,5.0,0,0,0,,0.0,0.0,,,0,0
ENG-Premier League,2425,Bournemouth,Max Aarons,ENG,DF,24,2000,1.0,0,0,0,,0.0,0.0,,,0,0
ENG-Premier League,2425,Bournemouth,Milos Kerkez,HUN,DF,20,2003,37.1,2,19,5,26.3,0.51,0.13,0.11,0.4,0,0
ENG-Premier League,2425,Bournemouth,Neto,BRA,GK,35,1989,2.0,0,0,0,,0.0,0.0,,,0,0
ENG-Premier League,2425,Bournemouth,Philip Billing,DEN,MF,28,1996,2.0,0,5,1,20.0,2.45,0.49,0.0,0.0,0,0
ENG-Premier League,2425,Bournemouth,Remy Rees-Dottin,ENG,FW,18,2006,0.0,0,0,0,,0.0,0.0,,,0,0
ENG-Premier League,2425,Bournemouth,Ryan Christie,SCO,MF,29,1995,23.5,2,33,12,36.4,1.4,0.51,0.06,0.17,0,0
ENG-Premier League,2425,Bournemouth,Tyler Adams,USA,MF,25,1999,21.8,0,9,2,22.2,0.41,0.09,0.0,0.0,0,0
ENG-Premier League,2425,Bournemouth,Zain Silcott-Duberry,MSR,MF,19,2005,0.0,0,0,0,,0.0,0.0,,,0,0
ENG-Premier League,2425,Brentford,Ben Mee,ENG,DF,34,1989,2.0,0,0,0,,0.0,0.0,,,0,0
ENG-Premier League,2425,Brentford,Bryan Mbeumo,CMR,"MF,FW",24,1999,37.9,20,85,41,48.2,2.24,1.08,0.18,0.37,5,6
ENG-Premier League,2425,Brentford,Christian Nørgaard,DEN,MF,30,1994,31.3,5,39,16,41.0,1.25,0.51,0.13,0.31,0,0
ENG-Premier League,2425,Brentford,Edmond-Paris Maghoma,ENG,MF,23,2001,1.3,0,1,0,0.0,0.76,0.0,0.0,,0,0
ENG-Premier League,2425,Brentford,Ethan Pinnock,JAM,DF,31,1993,21.3,2,10,6,60.0,0.47,0.28,0.2,0.33,0,0
ENG-Premier League,2425,Brentford,Fabio Carvalho,POR,"FW,MF",21,2002,5.1,2,12,6,50.0,2.37,1.19,0.17,0.33,0,0
ENG-Premier League,2425,Brentford,Frank Onyeka,NGA,MF,26,1998,0.3,0,0,0,,0.0,0.0,,,0,0
ENG-Premier League,2425,Brentford,Gustavo Nunes,BRA,MF,18,2005,0.1,0,0,0,,0.0,0.0,,,0,0
ENG-Premier League,2425,Brentford,Hákon Valdimarsson,ISL,GK,22,2001,1.6,0,0,0,,0.0,0.0,,,0,0
ENG-Premier League,2425,Brentford,Igor Thiago,BRA,FW,23,2001,1.9,0,2,0,0.0,1.03,0.0,0.0,,0,0
ENG-Premier League,2425,Brentford,Jayden Meghoma,ENG,DF,18,2006,0.1,0,0,0,,0.0,0.0,,,0,0
ENG-Premier League,2425,Brentford,Keane Lewis-Potter,ENG,"DF,MF",23,2001,34.4,1,28,14,50.0,0.81,0.41,0.04,0.07,0,0
ENG-Premier League,2425,Brentford,Kevin Schade,GER,"MF,FW",22,2001,25.5,11,55,27,49.1,2.16,1.06,0.2,0.41,0,0
ENG-Premier League,2425,Brentford,Kim Jisoo,KOR,DF,19,2004,0.3,0,0,0,,0.0,0.0,,,0,0
ENG-Premier League,2425,Brentford,Kristoffer Ajer,NOR,DF,26,1998,16.0,0,9,3,33.3,0.56,0.19,0.0,0.0,0,0
ENG-Premier League,2425,Brentford,Mads Roerslev,DEN,DF,25,1999,12.2,0,5,2,40.0,0.41,0.16,0.0,0.0,0,0
ENG-Premier League,2425,Brentford,Mark Flekken,NED,GK,31,1993,36.4,0,0,0,,0.0,0.0,,,0,0
ENG-Premier League,2425,Brentford,Mathias Jensen,DEN,MF,28,1996,9.6,0,6,1,16.7,0.63,0.1,0.0,0.0,0,0
ENG-Premier League,2425,Brentford,Michael Kayode,ITA,DF,20,2004,5.9,0,2,0,0.0,0.34,0.0,0.0,,0,0
ENG-Premier League,2425,Brentford,Mikkel Damsgaard,DEN,MF,24,2000,32.3,2,35,7,20.0,1.08,0.22,0.06,0.29,0,0
ENG-Premier League,2425,Brentford,Nathan Collins,IRL,DF,23,2001,38.0,2,17,6,35.3,0.45,0.16,0.12,0.33,0,0
ENG-Premier League,2425,Brentford,Rico Henry,JAM,"DF,MF",27,1997,1.1,0,0,0,,0.0,0.0,,,0,0
ENG-Premier League,2425,Brentford,Ryan Trevitt,ENG,MF,21,2003,0.0,0,0,0,,0.0,0.0,,,0,0
ENG-Premier League,2425,Brentford,Sepp van den Berg,NED,DF,22,2001,28.7,0,20,6,30.0,0.7,0.21,0.0,0.0,0,0
ENG-Premier League,2425,Brentford,Vitaly Janelt,GER,MF,26,1998,25.0,1,14,4,28.6,0.56,0.16,0.07,0.25,0,0
ENG-Premier League,2425,Brentford,Yehor Yarmoliuk,UKR,MF,20,2004,16.1,0,9,2,22.2,0.56,0.12,0.0,0.0,0,0
ENG-Premier League,2425,Brentford,Yoane Wissa,COD,FW,27,1996,32.4,19,90,43,47.8,2.77,1.33,0.21,0.44,0,0
ENG-Premier League,2425,Brentford,Yunus Emre Konak,TUR,MF,18,2006,0.5,0,1,0,0.0,2.14,0.0,0.0,,0,0
ENG-Premier League,2425,Brighton,Adam Webster,ENG,DF,29,1995,9.9,0,5,1,20.0,0.51,0.1,0.0,0.0,0,0
ENG-Premier League,2425,Brighton,Bart Verbruggen,NED,GK,21,2002,36.0,0,0,0,,0.0,0.0,,,0,0
ENG-Premier League,2425,Brighton,Billy Gilmour,SCO,MF,23,2001,1.1,0,1,0,0.0,0.92,0.0,0.0,,0,0
ENG-Premier League,2425,Brighton,Brajan Gruda,GER,"MF,FW",20,2004,7.6,1,11,5,45.5,1.44,0.66,0.09,0.2,0,0
ENG-Premier League,2425,Brighton,Carlos Baleba,CMR,MF,20,2004,29.6,3,44,11,25.0,1.49,0.37,0.07,0.27,0,0
ENG-Premier League,2425,Brighton,Danny Welbeck,ENG,FW,33,1990,23.5,10,60,24,40.0,2.55,1.02,0.15,0.38,1,1
ENG-Premier League,2425,Brighton,Diego Gómez,PAR,MF,21,2003,5.7,1,9,3,33.3,1.57,0.52,0.11,0.33,0,0
ENG-Premier League,2425,Brighton,Eiran Cashin,IRL,DF,22,2001,0.2,0,0,0,,0.0,0.0,,,0,0
ENG-Premier League,2425,Brighton,Evan Ferguson,IRL,FW,19,2004,2.7,1,7,2,28.6,2.56,0.73,0.14,0.5,0,0
ENG-Premier League,2425,Brighton,Ferdi Kadioglu,TUR,"DF,MF",24,1999,4.3,1,4,1,25.0,0.94,0.23,0.25,1.0,0,0
ENG-Premier League,2425,Brighton,Georginio Rutter,FRA,"MF,FW",22,2002,18.4,5,50,12,24.0,2.72,0.65,0.1,0.42,0,0
ENG-Premier League,2425,Brighton,Harry Howell,ENG,MF,16,2008,0.1,0,0,0,,0.0,0.0,,,0,0
ENG-Premier League,2425,Brighton,Igor,BRA,DF,26,1998,10.7,0,1,0,0.0,0.09,0.0,0.0,,0,0
ENG-Premier League,2425,Brighton,Jack Hinshelwood,ENG,"MF,DF",19,2005,20.5,5,18,10,55.6,0.88,0.49,0.28,0.5,0,0
ENG-Premier League,2425,Brighton,Jakub Moder,POL,MF,25,1999,0.1,0,0,0,,0.0,0.0,,,0,0
ENG-Premier League,2425,Brighton,James Milner,ENG,MF,38,1986,1.9,0,2,1,50.0,1.06,0.53,0.0,0.0,0,0
ENG-Premier League,2425,Brighton,Jan Paul van Hecke,NED,DF,24,2000,32.9,1,17,5,29.4,0.52,0.15,0.06,0.2,0,0
ENG-Premier League,2425,Brighton,Jason Steele,ENG,GK,33,1990,2.0,0,0,0,,0.0,0.0,,,0,0
ENG-Premier League,2425,Brighton,Jeremy Sarmiento,ECU,MF,22,2002,0.1,0,0,0,,0.0,0.0,,,0,0
ENG-Premier League,2425,Brighton,João Pedro,BRA,"FW,MF",22,2001,21.6,10,47,20,42.6,2.17,0.92,0.11,0.25,5,5
ENG-Premier League,2425,Brighton,Joël Veltman,NED,DF,32,1992,18.9,0,6,1,16.7,0.32,0.05,0.0,0.0,0,0
ENG-Premier League,2425,Brighton,Julio Enciso,PAR,MF,20,2004,3.3,0,20,11,55.0,6.12,3.37,0.0,0.0,0,0
ENG-Premier League,2425,Brighton,Kaoru Mitoma,JPN,MF,27,1997,28.9,10,57,27,47.4,1.97,0.93,0.18,0.37,0,0
ENG-Premier League,2425,Brighton,Lewis Dunk,ENG,DF,32,1991,23.1,0,12,3,25.0,0.52,0.13,0.0,0.0,0,0
ENG-Premier League,2425,Brighton,Mats Wieffer,NED,"DF,MF",24,1999,11.3,1,9,4,44.4,0.8,0.35,0.11,0.25,0,0
ENG-Premier League,2425,Brighton,Matt O'Riley,DEN,MF,23,2000,10.4,2,22,7,31.8,2.11,0.67,0.05,0.14,1,1
ENG-Premier League,2425,Brighton,Pervis Estupiñán,ECU,DF,26,1998,26.7,1,28,9,32.1,1.05,0.34,0.04,0.11,0,0
ENG-Premier League,2425,Brighton,Simon Adingra,CIV,MF,22,2002,12.2,2,33,8,24.2,2.71,0.66,0.06,0.25,0,0
ENG-Premier League,2425,Brighton,Solly March,ENG,MF,30,1994,1.9,0,2,0,0.0,1.07,0.0,0.0,,0,0
ENG-Premier League,2425,Brighton,Tariq Lamptey,GHA,"DF,MF",23,2000,9.6,2,6,2,33.3,0.63,0.21,0.33,1.0,0,0
ENG-Premier League,2425,Brighton,Yankuba Minteh,GAM,MF,20,2004,20.4,6,34,16,47.1,1.66,0.78,0.18,0.38,0,0
ENG-Premier League,2425,Brighton,Yasin Ayari,SWE,MF,20,2003,21.8,2,28,8,28.6,1.28,0.37,0.07,0.25,0,0
ENG-Premier League,2425,Chelsea,Axel Disasi,FRA,DF,26,1998,4.0,1,2,1,50.0,0.49,0.25,0.5,1.0,0,0
ENG-Premier League,2425,Chelsea,Benoît Badiashile,FRA,DF,23,2001,3.7,0,0,0,,0.0,0.0,,,0,0
ENG-Premier League,2425,Chelsea,Christopher Nkunku,FRA,"MF,FW",26,1997,10.2,3,25,12,48.0,2.44,1.17,0.12,0.25,0,0
ENG-Premier League,2425,Chelsea,Cole Palmer,ENG,MF,22,2002,35.5,15,126,51,40.5,3.55,1.44,0.09,0.22,4,5
ENG-Premier League,2425,Chelsea,Enzo Fernández,ARG,MF,23,2001,32.7,6,53,20,37.7,1.62,0.61,0.11,0.3,0,0
ENG-Premier League,2425,Chelsea,Filip Jørgensen,DEN,GK,22,2002,6.0,0,0,0,,0.0,0.0,,,0,0
ENG-Premier League,2425,Chelsea,Jadon Sancho,ENG,MF,24,2000,19.6,3,24,8,33.3,1.22,0.41,0.13,0.38,0,0
ENG-Premier League,2425,Chelsea,Joshua Acheampong,ENG,DF,18,2006,1.9,0,2,0,0.0,1.06,0.0,0.0,,0,0
ENG-Premier League,2425,Chelsea,João Félix,POR,MF,24,1999,4.1,1,20,6,30.0,4.88,1.46,0.05,0.17,0,0
ENG-Premier League,2425,Chelsea,Kiernan Dewsbury-Hall,ENG,MF,25,1998,2.9,0,1,0,0.0,0.34,0.0,0.0,,0,0
ENG-Premier League,2425,Chelsea,Levi Colwill,ENG,DF,21,2003,35.0,2,17,4,23.5,0.49,0.11,0.12,0.5,0,0
ENG-Premier League,2425,Chelsea,Malo Gusto,FRA,DF,21,2003,20.7,0,22,5,22.7,1.06,0.24,0.0,0.0,0,0
ENG-Premier League,2425,Chelsea,Marc Cucurella,ESP,DF,26,1998,33.2,5,24,12,50.0,0.72,0.36,0.21,0.42,0,0
ENG-Premier League,2425,Chelsea,Marc Guiu,ESP,FW,18,2006,0.8,0,0,0,,0.0,0.0,,,0,0
ENG-Premier League,2425,Chelsea,Mathis Amougou,FRA,MF,18,2006,0.1,0,0,0,,0.0,0.0,,,0,0
ENG-Premier League,2425,Chelsea,Moisés Caicedo,ECU,"MF,DF",22,2001,37.2,1,20,3,15.0,0.54,0.08,0.05,0.33,0,0
ENG-Premier League,2425,Chelsea,Mykhailo Mudryk,UKR,MF,23,2001,1.7,0,1,1,100.0,0.6,0.6,0.0,0.0,0,0
ENG-Premier League,2425,Chelsea,Nicolas Jackson,SEN,FW,23,2001,24.7,10,76,35,46.1,3.08,1.42,0.13,0.29,0,0
ENG-Premier League,2425,Chelsea,Noni Madueke,ENG,MF,22,2002,22.6,7,80,32,40.0,3.54,1.42,0.09,0.22,0,0
ENG-Premier League,2425,Chelsea,Pedro Neto,POR,"MF,FW",24,2000,25.2,4,59,17,28.8,2.34,0.67,0.07,0.24,0,0
ENG-Premier League,2425,Chelsea,Reece James,ENG,"DF,MF",24,1999,11.8,1,11,3,27.3,0.93,0.25,0.09,0.33,0,0
ENG-Premier League,2425,Chelsea,Renato Veiga,POR,MF,21,2003,2.0,0,3,1,33.3,1.49,0.5,0.0,0.0,0,0
ENG-Premier League,2425,Chelsea,Robert Sánchez,ESP,GK,26,1997,32.0,0,0,0,,0.0,0.0,,,0,0
ENG-Premier League,2425,Chelsea,Roméo Lavia,BEL,MF,20,2004,8.9,0,2,0,0.0,0.23,0.0,0.0,,0,0
ENG-Premier League,2425,Chelsea,Shumaira Mheuka,ENG,FW,16,2007,0.0,0,1,1,100.0,90.0,90.0,0.0,0.0,0,0
ENG-Premier League,2425,Chelsea,Tosin Adarabioyo,ENG,DF,26,1997,15.7,1,13,2,15.4,0.83,0.13,0.08,0.5,0,0
ENG-Premier League,2425,Chelsea,Trevoh Chalobah,ENG,DF,25,1999,10.1,0,7,3,42.9,0.69,0.3,0.0,0.0,0,0
ENG-Premier League,2425,Chelsea,Tyrique George,ENG,FW,18,2006,2.0,1,3,1,33.3,1.48,0.49,0.33,1.0,0,0
ENG-Premier League,2425,Chelsea,Wesley Fofana,FRA,DF,23,2000,13.0,0,3,0,0.0,0.23,0.0,0.0,,0,0
ENG-Premier League,2425,Crystal Palace,Adam Wharton,ENG,MF,20,2004,14.6,0,13,5,38.5,0.89,0.34,0.0,0.0,0,0
ENG-Premier League,2425,Crystal Palace,Asher Agbinone,ENG,MF,18,2005,0.1,0,1,0,0.0,15.0,0.0,0.0,,0,0
ENG-Premier League,2425,Crystal Palace,Ben Chilwell,ENG,MF,27,1996,2.9,1,5,3,60.0,1.74,1.04,0.2,0.33,0,0
ENG-Premier League,2425,Crystal Palace,Caleb Kporha,ENG,DF,18,2006,0.1,0,0,0,,0.0,0.0,,,0,0
ENG-Premier League,2425,Crystal Palace,Chadi Riad,MAR,DF,21,2003,1.0,0,0,0,,0.0,0.0,,,0,0
ENG-Premier League,2425,Crystal Palace,Cheick Doucouré,MLI,MF,24,2000,5.0,0,7,0,0.0,1.39,0.0,0.0,,0,0
ENG-Premier League,2425,Crystal Palace,Chris Richards,USA,DF,24,2000,21.4,1,12,6,50.0,0.56,0.28,0.08,0.17,0,0
ENG-Premier League,2425,Crystal Palace,Daichi Kamada,JPN,MF,27,1996,17.4,0,20,4,20.0,1.15,0.23,0.0,0.0,0,0
ENG-Premier League,2425,Crystal Palace,Daniel Muñoz,COL,MF,28,1996,35.9,4,37,18,48.6,1.03,0.5,0.11,0.22,0,0
ENG-Premier League,2425,Crystal Palace,Dean Henderson,ENG,GK,27,1997,38.0,0,1,0,0.0,0.03,0.0,0.0,,0,0
ENG-Premier League,2425,Crystal Palace,Eberechi Eze,ENG,MF,26,1998,28.8,8,102,29,28.4,3.55,1.01,0.07,0.24,1,2
ENG-Premier League,2425,Crystal Palace,Eddie Nketiah,ENG,"FW,MF",25,1999,11.5,3,43,16,37.2,3.74,1.39,0.07,0.19,0,0
ENG-Premier League,2425,Crystal Palace,Ismaila Sarr,SEN,MF,26,1998,30.1,8,59,29,49.2,1.96,0.96,0.14,0.28,0,0
ENG-Premier League,2425,Crystal Palace,Jean-Philippe Mateta,FRA,FW,27,1997,29.4,14,69,33,47.8,2.35,1.12,0.17,0.36,2,2
ENG-Premier League,2425,Crystal Palace,Jefferson Lerma,COL,"MF,DF",29,1994,25.3,0,26,8,30.8,1.03,0.32,0.0,0.0,0,0
ENG-Premier League,2425,Crystal Palace,Jeffrey Schlupp,GHA,"DF,FW",31,1992,1.1,0,4,2,50.0,3.5,1.75,0.0,0.0,0,0
ENG-Premier League,2425,Crystal Palace,Joachim Andersen,DEN,DF,28,1996,1.0,0,1,1,100.0,1.0,1.0,0.0,0.0,0,0
ENG-Premier League,2425,Crystal Palace,Joel Ward,ENG,DF,34,1989,0.8,0,0,0,,0.0,0.0,,,0,0
ENG-Premier League,2425,Crystal Palace,Jordan Ayew,GHA,"FW,MF",32,1991,0.2,0,1,0,0.0,4.29,0.0,0.0,,0,0
ENG-Premier League,2425,Crystal Palace,Justin Devenny,NIR,MF,20,2003,5.6,1,10,6,60.0,1.78,1.07,0.1,0.17,0,0
ENG-Premier League,2425,Crystal Palace,Marc Guéhi,ENG,DF,24,2000,34.0,3,15,7,46.7,0.44,0.21,0.2,0.43,0,0
ENG-Premier League,2425,Crystal Palace,Matheus França,BRA,FW,20,2004,0.6,1,6,3,50.0,9.82,4.91,0.17,0.33,0,0
ENG-Premier League,2425,Crystal Palace,Maxence Lacroix,FRA,DF,24,2000,34.6,1,30,6,20.0,0.87,0.17,0.03,0.17,0,0
ENG-Premier League,2425,Crystal Palace,Nathaniel Clyne,ENG,"DF,MF",33,1991,5.4,0,2,0,0.0,0.37,0.0,0.0,,0,0
ENG-Premier League,2425,Crystal Palace,Odsonne Édouard,FRA,MF,26,1998,1.3,0,5,1,20.0,3.91,0.78,0.0,0.0,0,0
ENG-Premier League,2425,Crystal Palace,Romain Esse,ENG,MF,19,2005,1.5,1,1,1,100.0,0.65,0.65,1.0,1.0,0,0
ENG-Premier League,2425,Crystal Palace,Trevoh Chalobah,ENG,DF,25,1999,11.8,3,11,4,36.4,0.93,0.34,0.27,0.75,0,0
ENG-Premier League,2425,Crystal Palace,Tyrick Mitchell,ENG,MF,24,1999,34.4,0,12,3,25.0,0.35,0.09,0.0,0.0,0,0
ENG-Premier League,2425,Crystal Palace,Will Hughes,ENG,MF,29,1995,23.4,0,22,1,4.5,0.94,0.04,0.0,0.0,0,0
ENG-Premier League,2425,Everton,Abdoulaye Doucouré,MLI,MF,31,1993,28.5,3,31,10,32.3,1.09,0.35,0.1,0.3,0,0
ENG-Premier League,2425,Everton,Armando Broja,ALB,FW,22,2001,3.7,0,4,0,0.0,1.08,0.0,0.0,,0,0
ENG-Premier League,2425,Everton,Ashley Young,ENG,DF,39,1985,20.8,1,6,3,50.0,0.29,0.14,0.17,0.33,0,0
ENG-Premier League,2425,Everton,Beto,GNB,FW,26,1998,17.0,8,49,23,46.9,2.87,1.35,0.16,0.35,0,0
ENG-Premier League,2425,Everton,Carlos Alcaraz,ARG,MF,21,2002,8.5,2,26,11,42.3,3.06,1.3,0.08,0.18,0,0
ENG-Premier League,2425,Everton,Dominic Calvert-Lewin,ENG,FW,27,1997,17.9,3,50,20,40.0,2.8,1.12,0.06,0.15,0,0
ENG-Premier League,2425,Everton,Dwight McNeil,ENG,MF,24,1999,15.2,4,24,10,41.7,1.58,0.66,0.17,0.4,0,0
ENG-Premier League,2425,Everton,Harrison Armstrong,ENG,MF,17,2007,0.5,0,1,0,0.0,1.87,0.0,0.0,,0,0
ENG-Premier League,2425,Everton,Idrissa Gueye,SEN,MF,34,1989,34.0,0,27,5,18.5,0.79,0.15,0.0,0.0,0,0
ENG-Premier League,2425,Everton,Iliman Ndiaye,SEN,"MF,FW",24,2000,27.0,9,37,17,45.9,1.37,0.63,0.19,0.41,2,2
ENG-Premier League,2425,Everton,Jack Harrison,ENG,"MF,FW",27,1996,23.1,1,29,7,24.1,1.26,0.3,0.03,0.14,0,0
ENG-Premier League,2425,Everton,Jake O'Brien,IRL,DF,23,2001,17.5,2,6,3,50.0,0.34,0.17,0.33,0.67,0,0
ENG-Premier League,2425,Everton,James Garner,ENG,"MF,DF",23,2001,17.7,0,12,4,33.3,0.68,0.23,0.0,0.0,0,0
ENG-Premier League,2425,Everton,James Tarkowski,ENG,DF,31,1992,32.5,1,15,4,26.7,0.46,0.12,0.07,0.25,0,0
ENG-Premier League,2425,Everton,Jarrad Branthwaite,ENG,DF,22,2002,27.9,0,10,3,30.0,0.36,0.11,0.0,0.0,0,0
ENG-Premier League,2425,Everton,Jesper Lindstrøm,DEN,MF,24,2000,13.8,0,28,10,35.7,2.03,0.73,0.0,0.0,0,0
ENG-Premier League,2425,Everton,Jordan Pickford,ENG,GK,30,1994,38.0,0,0,0,,0.0,0.0,,,0,0
ENG-Premier League,2425,Everton,Mason Holgate,JAM,DF,27,1996,0.1,0,0,0,,0.0,0.0,,,0,0
ENG-Premier League,2425,Everton,Michael Keane,ENG,DF,31,1993,11.7,3,10,4,40.0,0.86,0.34,0.3,0.75,0,0
ENG-Premier League,2425,Everton,Nathan Patterson,SCO,DF,22,2001,3.9,0,1,0,0.0,0.26,0.0,0.0,,0,0
ENG-Premier League,2425,Everton,Orel Mangala,BEL,MF,26,1998,14.0,1,16,6,37.5,1.14,0.43,0.06,0.17,0,0
ENG-Premier League,2425,Everton,Roman Dixon,ENG,DF,19,2004,1.0,0,0,0,,0.0,0.0,,,0,0
ENG-Premier League,2425,Everton,Séamus Coleman,IRL,DF,35,1988,2.4,0,1,1,100.0,0.42,0.42,0.0,0.0,0,0
ENG-Premier League,2425,Everton,Tim Iroegbunam,ENG,MF,21,2003,6.4,0,5,0,0.0,0.78,0.0,0.0,,0,0
ENG-Premier League,2425,Everton,Vitaliy Mykolenko,UKR,DF,25,1999,34.2,1,14,1,7.1,0.41,0.03,0.07,1.0,0,0
ENG-Premier League,2425,Everton,Youssef Chermiti,POR,FW,20,2004,0.5,0,3,1,33.3,6.0,2.0,0.0,0.0,0,0
ENG-Premier League,2425,Fulham,Adama Traoré,ESP,MF,28,1996,19.7,2,39,12,30.8,1.98,0.61,0.05,0.17,0,0
ENG-Premier League,2425,Fulham,Alex Iwobi,NGA,MF,28,1996,33.1,9,68,29,42.6,2.05,0.88,0.13,0.31,0,0
ENG-Premier League,2425,Fulham,Andreas Pereira,BRA,MF,28,1996,22.4,2,39,9,23.1,1.74,0.4,0.05,0.22,0,1
ENG-Premier League,2425,Fulham,Antonee Robinson,USA,"DF,MF",26,1997,35.2,0,16,2,12.5,0.45,0.06,0.0,0.0,0,0
ENG-Premier League,2425,Fulham,Bernd Leno,GER,GK,32,1992,38.0,0,0,0,,0.0,0.0,,,0,0
ENG-Premier League,2425,Fulham,Calvin Bassey,NGA,DF,24,1999,34.2,1,14,4,28.6,0.41,0.12,0.07,0.25,0,0
ENG-Premier League,2425,Fulham,Carlos Vinícius,BRA,FW,29,1995,0.2,0,1,1,100.0,5.63,5.63,0.0,0.0,0,0
ENG-Premier League,2425,Fulham,Emile Smith Rowe,ENG,MF,24,2000,22.7,6,37,11,29.7,1.63,0.48,0.16,0.55,0,0
ENG-Premier League,2425,Fulham,Harrison Reed,ENG,MF,29,1995,1.2,0,3,2,66.7,2.5,1.67,0.0,0.0,0,0
ENG-Premier League,2425,Fulham,Harry Wilson,WAL,"MF,FW",27,1997,12.9,6,43,17,39.5,3.33,1.32,0.14,0.35,0,0
ENG-Premier League,2425,Fulham,Issa Diop,MAR,DF,27,1997,14.9,0,5,2,40.0,0.34,0.13,0.0,0.0,0,0
ENG-Premier League,2425,Fulham,Jay Stansfield,ENG,"FW,MF",21,2002,0.0,0,0,0,,0.0,0.0,,,0,0
ENG-Premier League,2425,Fulham,Joachim Andersen,DEN,DF,28,1996,28.7,0,19,5,26.3,0.66,0.17,0.0,0.0,0,0
ENG-Premier League,2425,Fulham,Jorge Cuenca,ESP,DF,24,1999,3.9,0,1,0,0.0,0.26,0.0,0.0,,0,0
ENG-Premier League,2425,Fulham,Joshua King,ENG,MF,17,2007,1.4,0,3,0,0.0,2.08,0.0,0.0,,0,0
ENG-Premier League,2425,Fulham,Kenny Tete,NED,DF,28,1995,19.7,0,24,2,8.3,1.22,0.1,0.0,0.0,0,0
ENG-Premier League,2425,Fulham,Martial Godo,CIV,"FW,MF",21,2003,0.3,0,0,0,,0.0,0.0,,,0,0
ENG-Premier League,2425,Fulham,Raúl Jiménez,MEX,FW,33,1991,27.7,12,96,33,34.4,3.46,1.19,0.09,0.27,3,3
ENG-Premier League,2425,Fulham,Reiss Nelson,ENG,MF,24,1999,5.4,1,12,6,50.0,2.22,1.11,0.08,0.17,0,0
ENG-Premier League,2425,Fulham,Rodrigo Muniz,BRA,FW,23,2001,10.7,8,40,19,47.5,3.73,1.77,0.2,0.42,0,0
ENG-Premier League,2425,Fulham,Ryan Sessegnon,ENG,"MF,DF",24,2000,6.4,4,14,8,57.1,2.17,1.24,0.29,0.5,0,0
ENG-Premier League,2425,Fulham,Sander Berge,NOR,MF,26,1998,24.7,0,3,1,33.3,0.12,0.04,0.0,0.0,0,0
ENG-Premier League,2425,Fulham,Saša Lukić,SRB,MF,27,1996,26.0,0,18,3,16.7,0.69,0.12,0.0,0.0,0,0
ENG-Premier League,2425,Fulham,Timothy Castagne,BEL,"DF,MF",28,1995,18.3,0,8,3,37.5,0.44,0.16,0.0,0.0,0,0
ENG-Premier League,2425,Fulham,Tom Cairney,SCO,MF,33,1991,7.0,2,11,4,36.4,1.58,0.57,0.18,0.5,0,0
ENG-Premier League,2425,Fulham,Willian,BRA,"MF,FW",35,1988,2.9,0,7,0,0.0,2.45,0.0,0.0,,0,0
ENG-Premier League,2425,Ipswich Town,Alex Palmer,ENG,GK,27,1996,13.0,0,0,0,,0.0,0.0,,,0,0
ENG-Premier League,2425,Ipswich Town,Ali Al Hamadi,IRQ,FW,22,2002,1.5,0,4,0,0.0,2.69,0.0,0.0,,0,0
ENG-Premier League,2425,Ipswich Town,Arijanet Muric,KVX,GK,25,1998,18.0,0,0,0,,0.0,0.0,,,0,0
ENG-Premier League,2425,Ipswich Town,Axel Tuanzebe,COD,DF,26,1997,19.0,0,4,0,0.0,0.21,0.0,0.0,,0,0
ENG-Premier League,2425,Ipswich Town,Ben Godfrey,ENG,DF,26,1998,1.8,0,0,0,,0.0,0.0,,,0,0
ENG-Premier League,2425,Ipswich Town,Ben Johnson,ENG,"MF,DF",24,2000,15.0,1,7,3,42.9,0.47,0.2,0.14,0.33,0,0
ENG-Premier League,2425,Ipswich Town,Cameron Burgess,AUS,DF,28,1995,17.1,0,10,3,30.0,0.58,0.18,0.0,0.0,0,0
ENG-Premier League,2425,Ipswich Town,Chiedozie Ogbene,IRL,MF,27,1997,2.6,0,0,0,,0.0,0.0,,,0,0
ENG-Premier League,2425,Ipswich Town,Christian Walton,ENG,GK,28,1995,7.0,0,0,0,,0.0,0.0,,,0,0
ENG-Premier League,2425,Ipswich Town,Conor Chaplin,ENG,"MF,FW",27,1997,9.5,1,16,4,25.0,1.68,0.42,0.06,0.25,0,0
ENG-Premier League,2425,Ipswich Town,Conor Townsend,ENG,DF,31,1993,3.7,0,1,0,0.0,0.27,0.0,0.0,,0,0
ENG-Premier League,2425,Ipswich Town,Dara O'Shea,IRL,DF,25,1999,34.7,0,22,2,9.1,0.63,0.06,0.0,0.0,0,0
ENG-Premier League,2425,Ipswich Town,George Edmundson,ENG,DF,26,1997,0.0,0,0,0,,0.0,0.0,,,0,0
ENG-Premier League,2425,Ipswich Town,George Hirst,SCO,FW,25,1999,7.3,3,14,7,50.0,1.91,0.95,0.21,0.43,0,0
ENG-Premier League,2425,Ipswich Town,Harry Clarke,ENG,DF,23,2001,4.2,0,1,1,100.0,0.24,0.24,0.0,0.0,0,0
ENG-Premier League,2425,Ipswich Town,Jack Clarke,ENG,MF,23,2000,13.1,0,17,2,11.8,1.3,0.15,0.0,0.0,0,0
ENG-Premier League,2425,Ipswich Town,Jack Taylor,IRL,MF,26,1998,9.6,1,19,4,21.1,1.99,0.42,0.05,0.25,0,0
ENG-Premier League,2425,Ipswich Town,Jacob Greaves,ENG,DF,23,2000,24.5,1,10,4,40.0,0.41,0.16,0.1,0.25,0,0
ENG-Premier League,2425,Ipswich Town,Jaden Philogene Bidace,ENG,MF,22,2002,5.3,2,12,6,50.0,2.28,1.14,0.17,0.33,0,0
ENG-Premier League,2425,Ipswich Town,Jens Cajuste,SWE,MF,24,1999,21.8,1,12,1,8.3,0.55,0.05,0.08,1.0,0,0
ENG-Premier League,2425,Ipswich Town,Julio Enciso,PAR,MF,20,2004,9.7,2,32,11,34.4,3.31,1.14,0.06,0.18,0,0
ENG-Premier League,2425,Ipswich Town,Kalvin Phillips,ENG,MF,28,1995,13.7,0,11,2,18.2,0.8,0.15,0.0,0.0,0,0
ENG-Premier League,2425,Ipswich Town,Leif Davis,ENG,DF,24,1999,30.5,1,16,2,12.5,0.52,0.07,0.06,0.5,0,0
ENG-Premier League,2425,Ipswich Town,Liam Delap,ENG,FW,21,2003,28.8,12,68,32,47.1,2.36,1.11,0.15,0.31,2,2
ENG-Premier League,2425,Ipswich Town,Luke Woolfenden,ENG,DF,25,1998,13.2,0,1,0,0.0,0.08,0.0,0.0,,0,0
ENG-Premier League,2425,Ipswich Town,Marcus Harness,ENG,"FW,MF",28,1996,0.5,0,0,0,,0.0,0.0,,,0,0
ENG-Premier League,2425,Ipswich Town,Massimo Luongo,AUS,MF,31,1992,2.2,0,0,0,,0.0,0.0,,,0,0
ENG-Premier League,2425,Ipswich Town,Nathan Broadhead,WAL,MF,26,1998,7.8,2,13,8,61.5,1.67,1.03,0.15,0.25,0,0
ENG-Premier League,2425,Ipswich Town,Omari Hutchinson,ENG,MF,20,2003,28.7,3,45,19,42.2,1.57,0.66,0.07,0.16,0,0
ENG-Premier League,2425,Ipswich Town,Sam Morsy,EGY,MF,32,1991,30.6,1,13,3,23.1,0.43,0.1,0.08,0.33,0,0
ENG-Premier League,2425,Ipswich Town,Sammie Szmodics,IRL,MF,28,1995,11.0,4,21,12,57.1,1.91,1.09,0.19,0.33,0,0
ENG-Premier League,2425,Ipswich Town,Wes Burns,WAL,MF,29,1994,10.3,0,7,1,14.3,0.68,0.1,0.0,0.0,0,0
ENG-Premier League,2425,Leicester City,Abdul Fatawu Issahaku,GHA,"MF,FW",20,2004,6.4,0,13,5,38.5,2.02,0.78,0.0,0.0,0,0
ENG-Premier League,2425,Leicester City,Bilal El Khannouss,MAR,MF,20,2004,24.2,2,30,7,23.3,1.24,0.29,0.07,0.29,0,0
ENG-Premier League,2425,Leicester City,Bobby De Cordova-Reid,JAM,"MF,FW",31,1993,8.3,1,7,3,42.9,0.85,0.36,0.14,0.33,0,0
ENG-Premier League,2425,Leicester City,Boubakary Soumaré,FRA,MF,25,1999,24.1,0,7,0,0.0,0.29,0.0,0.0,,0,0
ENG-Premier League,2425,Leicester City,Caleb Okoli,ITA,DF,23,2001,12.5,1,4,2,50.0,0.32,0.16,0.25,0.5,0,0
ENG-Premier League,2425,Leicester City,Conor Coady,ENG,DF,31,1993,19.0,1,2,2,100.0,0.11,0.11,0.5,0.5,0,0
ENG-Premier League,2425,Leicester City,Danny Ward,WAL,GK,31,1993,1.5,0,0,0,,0.0,0.0,,,0,0
ENG-Premier League,2425,Leicester City,Facundo Buonanotte,ARG,"MF,FW",19,2004,16.9,5,36,12,33.3,2.13,0.71,0.14,0.42,0,0
ENG-Premier League,2425,Leicester City,Hamza Choudhury,BAN,MF,26,1997,1.5,0,0,0,,0.0,0.0,,,0,0
ENG-Premier League,2425,Leicester City,Harry Winks,ENG,MF,28,1996,17.1,0,10,4,40.0,0.59,0.23,0.0,0.0,0,0
ENG-Premier League,2425,Leicester City,Jake Evans,ENG,MF,15,2008,0.3,0,0,0,,0.0,0.0,,,0,0
ENG-Premier League,2425,Leicester City,Jakub Stolarczyk,POL,GK,23,2000,10.0,0,0,0,,0.0,0.0,,,0,0
ENG-Premier League,2425,Leicester City,James Justin,ENG,"DF,MF",26,1998,32.4,2,25,7,28.0,0.77,0.22,0.08,0.29,0,0
ENG-Premier League,2425,Leicester City,Jamie Vardy,ENG,FW,37,1987,31.4,9,58,26,44.8,1.85,0.83,0.14,0.31,1,2
ENG-Premier League,2425,Leicester City,Jannik Vestergaard,DEN,DF,31,1992,15.5,0,3,2,66.7,0.19,0.13,0.0,0.0,0,0
ENG-Premier League,2425,Leicester City,Jeremy Monga,ENG,FW,15,2009,1.2,0,3,1,33.3,2.41,0.8,0.0,0.0,0,0
ENG-Premier League,2425,Leicester City,Jordan Ayew,GHA,MF,32,1991,18.2,5,32,10,31.3,1.76,0.55,0.13,0.4,1,1
ENG-Premier League,2425,Leicester City,Kasey McAteer,IRL,MF,22,2001,9.5,1,13,7,53.8,1.37,0.74,0.08,0.14,0,0
ENG-Premier League,2425,Leicester City,Luke Thomas,ENG,DF,23,2001,12.3,0,5,0,0.0,0.41,0.0,0.0,,0,0
ENG-Premier League,2425,Leicester City,Mads Hermansen,DEN,GK,24,2000,26.5,0,0,0,,0.0,0.0,,,0,0
ENG-Premier League,2425,Leicester City,Michael Golding,ENG,MF,18,2006,0.0,0,0,0,,0.0,0.0,,,0,0
ENG-Premier League,2425,Leicester City,Odsonne Édouard,FRA,FW,26,1998,0.3,0,0,0,,0.0,0.0,,,0,0
ENG-Premier League,2425,Leicester City,Olabade Aluko,,DF,,,0.0,0,0,0,,0.0,0.0,,,0,0
ENG-Premier League,2425,Leicester City,Oliver Skipp,ENG,MF,23,2000,12.5,0,5,1,20.0,0.4,0.08,0.0,0.0,0,0
ENG-Premier League,2425,Leicester City,Patson Daka,ZAM,"MF,FW",25,1998,8.2,1,15,4,26.7,1.83,0.49,0.07,0.25,0,0
ENG-Premier League,2425,Leicester City,Ricardo Pereira,POR,DF,30,1993,4.3,0,2,1,50.0,0.46,0.23,0.0,0.0,0,0
ENG-Premier League,2425,Leicester City,Stephy Mavididi,ENG,MF,26,1998,17.9,4,26,7,26.9,1.45,0.39,0.15,0.57,0,0
ENG-Premier League,2425,Leicester City,Victor Bernth Kristiansen,DEN,"DF,MF",21,2002,27.6,0,3,0,0.0,0.11,0.0,0.0,,0,0
ENG-Premier League,2425,Leicester City,Wilfred Ndidi,NGA,MF,27,1996,25.8,0,22,8,36.4,0.85,0.31,0.0,0.0,0,0
ENG-Premier League,2425,Leicester City,Will Alves,ENG,MF,19,2005,0.0,0,0,0,,0.0,0.0,,,0,0
ENG-Premier League,2425,Leicester City,Wout Faes,BEL,DF,26,1998,31.3,1,12,1,8.3,0.38,0.03,0.08,1.0,0,0
ENG-Premier League,2425,Leicester City,Woyo Coulibaly,MLI,DF,25,1999,1.2,0,2,1,50.0,1.65,0.83,0.0,0.0,0,0
ENG-Premier League,2425,Liverpool,Alexis Mac Allister,ARG,MF,25,1998,28.9,5,38,14,36.8,1.32,0.48,0.13,0.36,0,0
ENG-Premier League,2425,Liverpool,Alisson,BRA,GK,31,1992,27.9,0,0,0,,0.0,0.0,,,0,0
ENG-Premier League,2425,Liverpool,Andy Robertson,SCO,DF,30,1994,27.6,0,15,3,20.0,0.54,0.11,0.0,0.0,0,0
ENG-Premier League,2425,Liverpool,Caoimhín Kelleher,IRL,GK,25,1998,10.0,0,0,0,,0.0,0.0,,,0,0
ENG-Premier League,2425,Liverpool,Cody Gakpo,NED,MF,25,1999,21.5,10,57,23,40.4,2.65,1.07,0.18,0.43,0,0
ENG-Premier League,2425,Liverpool,Conor Bradley,NIR,DF,21,2003,8.4,0,10,3,30.0,1.19,0.36,0.0,0.0,0,0
ENG-Premier League,2425,Liverpool,Curtis Jones,ENG,"MF,DF",23,2001,19.0,3,34,13,38.2,1.79,0.68,0.09,0.23,0,0
ENG-Premier League,2425,Liverpool,Darwin Núñez,URU,FW,25,1999,12.6,5,34,13,38.2,2.7,1.03,0.15,0.38,0,0
ENG-Premier League,2425,Liverpool,Diogo Jota,POR,FW,27,1996,13.3,6,51,13,25.5,3.84,0.98,0.12,0.46,0,0
ENG-Premier League,2425,Liverpool,Dominik Szoboszlai,HUN,MF,23,2000,27.7,6,67,23,34.3,2.42,0.83,0.09,0.26,0,0
ENG-Premier League,2425,Liverpool,Federico Chiesa,ITA,FW,26,1997,1.2,0,5,2,40.0,4.17,1.67,0.0,0.0,0,0
ENG-Premier League,2425,Liverpool,Harvey Elliott,ENG,MF,21,2003,4.1,1,17,4,23.5,4.12,0.97,0.06,0.25,0,0
ENG-Premier League,2425,Liverpool,Ibrahima Konaté,FRA,DF,25,1999,28.4,1,19,4,21.1,0.67,0.14,0.05,0.25,0,0
ENG-Premier League,2425,Liverpool,Jarell Quansah,ENG,DF,21,2003,5.5,0,1,0,0.0,0.18,0.0,0.0,,0,0
ENG-Premier League,2425,Liverpool,Jayden Danns,ENG,FW,18,2006,0.1,0,0,0,,0.0,0.0,,,0,0
ENG-Premier League,2425,Liverpool,Joe Gomez,ENG,DF,27,1997,5.8,0,3,2,66.7,0.52,0.35,0.0,0.0,0,0
ENG-Premier League,2425,Liverpool,Kostas Tsimikas,GRE,DF,28,1996,9.3,0,4,2,50.0,0.43,0.22,0.0,0.0,0,0
ENG-Premier League,2425,Liverpool,Luis Díaz,COL,"FW,MF",27,1997,26.7,13,71,30,42.3,2.66,1.13,0.18,0.43,0,0
ENG-Premier League,2425,Liverpool,Mohamed Salah,EGY,MF,32,1992,37.5,29,130,61,46.9,3.47,1.63,0.15,0.33,9,9
ENG-Premier League,2425,Liverpool,Ryan Gravenberch,NED,MF,22,2002,35.1,0,20,5,25.0,0.57,0.14,0.0,0.0,0,0
ENG-Premier League,2425,Liverpool,Trent Alexander-Arnold,ENG,DF,25,1998,26.3,3,45,8,17.8,1.71,0.3,0.07,0.38,0,0
ENG-Premier League,2425,Liverpool,Virgil van Dijk,NED,DF,33,1991,37.0,3,26,8,30.8,0.7,0.22,0.12,0.38,0,0
ENG-Premier League,2425,Liverpool,Vitezslav Jaros,CZE,GK,23,2001,0.1,0,0,0,,0.0,0.0,,,0,0
ENG-Premier League,2425,Liverpool,Wataru Endo,JPN,MF,31,1993,3.0,0,0,0,,0.0,0.0,,,0,0
ENG-Premier League,2425,Manchester City,Abdukodir Khusanov,UZB,DF,20,2004,5.6,0,1,0,0.0,0.18,0.0,0.0,,0,0
ENG-Premier League,2425,Manchester City,Bernardo Silva,POR,MF,29,1994,29.7,4,32,12,37.5,1.08,0.4,0.13,0.33,0,0
ENG-Premier League,2425,Manchester City,Claudio Echeverri,ARG,MF,18,2006,0.1,0,0,0,,0.0,0.0,,,0,0
ENG-Premier League,2425,Manchester City,Divin Mubama,ENG,FW,19,2004,0.3,0,1,0,0.0,3.21,0.0,0.0,,0,0
ENG-Premier League,2425,Manchester City,Ederson Moraes,BRA,GK,30,1993,25.8,0,0,0,,0.0,0.0,,,0,0
ENG-Premier League,2425,Manchester City,Erling Haaland,NOR,FW,24,2000,30.4,22,109,60,55.0,3.59,1.97,0.17,0.32,3,4
ENG-Premier League,2425,Manchester City,Jack Grealish,ENG,"MF,FW",28,1995,8.0,1,15,5,33.3,1.87,0.62,0.07,0.2,0,0
ENG-Premier League,2425,Manchester City,Jahmai Simpson-Pusey,ENG,DF,18,2005,1.1,0,0,0,,0.0,0.0,,,0,0
ENG-Premier League,2425,Manchester City,James Mcatee,ENG,MF,21,2002,3.9,3,12,4,33.3,3.09,1.03,0.25,0.75,0,0
ENG-Premier League,2425,Manchester City,Jeremy Doku,BEL,"MF,FW",22,2002,16.8,3,29,9,31.0,1.72,0.53,0.1,0.33,0,0
ENG-Premier League,2425,Manchester City,John Stones,ENG,DF,30,1994,6.1,2,2,2,100.0,0.33,0.33,1.0,1.0,0,0
ENG-Premier League,2425,Manchester City,Joško Gvardiol,CRO,DF,22,2002,36.4,5,40,12,30.0,1.1,0.33,0.13,0.42,0,0
ENG-Premier League,2425,Manchester City,Kevin De Bruyne,BEL,"MF,FW",33,1991,18.9,4,57,18,31.6,3.01,0.95,0.07,0.22,0,0
ENG-Premier League,2425,Manchester City,Kyle Walker,ENG,DF,34,1990,10.8,0,5,2,40.0,0.46,0.19,0.0,0.0,0,0
ENG-Premier League,2425,Manchester City,Manuel Akanji,SUI,"DF,MF",29,1995,22.4,0,15,2,13.3,0.67,0.09,0.0,0.0,0,0
ENG-Premier League,2425,Manchester City,Mateo Kovačić,CRO,"MF,DF",30,1994,24.4,6,45,12,26.7,1.84,0.49,0.13,0.5,0,0
ENG-Premier League,2425,Manchester City,Matheus Nunes,POR,"DF,MF",25,1998,18.6,1,9,4,44.4,0.48,0.22,0.11,0.25,0,0
ENG-Premier League,2425,Manchester City,Nathan Aké,NED,DF,29,1995,7.5,0,3,0,0.0,0.4,0.0,0.0,,0,0
ENG-Premier League,2425,Manchester City,Nico O'Reilly,ENG,DF,19,2005,5.9,2,8,3,37.5,1.36,0.51,0.25,0.67,0,0
ENG-Premier League,2425,Manchester City,Nicolás González,ESP,MF,22,2002,8.4,1,9,2,22.2,1.07,0.24,0.11,0.5,0,0
ENG-Premier League,2425,Manchester City,Omar Marmoush,EGY,"MF,FW",25,1999,13.1,7,49,17,34.7,3.75,1.3,0.14,0.41,0,0
ENG-Premier League,2425,Manchester City,Oscar Bobb,NOR,"FW,MF",21,2003,0.2,0,0,0,,0.0,0.0,,,0,0
ENG-Premier League,2425,Manchester City,Phil Foden,ENG,"MF,FW",24,2000,19.7,7,54,16,29.6,2.73,0.81,0.13,0.44,0,0
ENG-Premier League,2425,Manchester City,Rico Lewis,ENG,"DF,MF",19,2004,21.0,1,10,2,20.0,0.48,0.1,0.1,0.5,0,0
ENG-Premier League,2425,Manchester City,Rodri,ESP,MF,28,1996,0.8,0,0,0,,0.0,0.0,,,0,0
ENG-Premier League,2425,Manchester City,Rúben Dias,POR,"DF,MF",27,1997,25.2,0,21,7,33.3,0.83,0.28,0.0,0.0,0,0
ENG-Premier League,2425,Manchester City,Stefan Ortega,GER,GK,31,1992,12.2,0,0,0,,0.0,0.0,,,0,0
ENG-Premier League,2425,Manchester City,Sávio,BRA,"MF,FW",20,2004,19.6,1,55,21,38.2,2.8,1.07,0.02,0.05,0,0
ENG-Premier League,2425,Manchester City,Vitor Reis,BRA,DF,18,2006,0.0,0,0,0,,0.0,0.0,,,0,0
ENG-Premier League,2425,Manchester City,İlkay Gündoğan,GER,MF,33,1990,24.7,1,27,7,25.9,1.09,0.28,0.04,0.14,0,0
ENG-Premier League,2425,Manchester Utd,Alejandro Garnacho,ARG,MF,20,2004,24.4,6,84,30,35.7,3.44,1.23,0.07,0.2,0,0
ENG-Premier League,2425,Manchester Utd,Altay Bayındır,TUR,GK,26,1998,4.0,0,0,0,,0.0,0.0,,,0,0
ENG-Premier League,2425,Manchester Utd,Amad Diallo,CIV,"MF,FW",22,2002,21.1,8,47,17,36.2,2.23,0.8,0.17,0.47,0,0
ENG-Premier League,2425,Manchester Utd,André Onana,CMR,GK,28,1996,34.0,0,0,0,,0.0,0.0,,,0,0
ENG-Premier League,2425,Manchester Utd,Antony,BRA,"FW,MF",24,2000,1.6,0,6,3,50.0,3.83,1.91,0.0,0.0,0,0
ENG-Premier League,2425,Manchester Utd,Ayden Heaven,ENG,DF,17,2006,1.9,0,2,0,0.0,1.06,0.0,0.0,,0,0
ENG-Premier League,2425,Manchester Utd,Bruno Fernandes,POR,MF,29,1994,33.5,8,96,29,30.2,2.86,0.86,0.05,0.17,3,3
ENG-Premier League,2425,Manchester Utd,Casemiro,BRA,MF,32,1992,16.6,1,32,10,31.3,1.93,0.6,0.03,0.1,0,0
ENG-Premier League,2425,Manchester Utd,Chidozie Obi-Martin,DEN,FW,16,2007,1.8,0,5,1,20.0,2.73,0.55,0.0,0.0,0,0
ENG-Premier League,2425,Manchester Utd,Christian Eriksen,DEN,MF,32,1992,11.8,1,15,2,13.3,1.27,0.17,0.0,0.0,1,1
ENG-Premier League,2425,Manchester Utd,Diogo Dalot,POR,"MF,DF",25,1999,31.3,0,24,5,20.8,0.77,0.16,0.0,0.0,0,0
ENG-Premier League,2425,Manchester Utd,Harry Amass,ENG,MF,17,2007,3.8,0,3,0,0.0,0.78,0.0,0.0,,0,0
ENG-Premier League,2425,Manchester Utd,Harry Maguire,ENG,DF,31,1993,19.5,1,15,7,46.7,0.77,0.36,0.07,0.14,0,0
ENG-Premier League,2425,Manchester Utd,Jonny Evans,NIR,DF,36,1988,3.5,0,2,1,50.0,0.57,0.29,0.0,0.0,0,0
ENG-Premier League,2425,Manchester Utd,Joshua Zirkzee,NED,"FW,MF",23,2001,15.6,3,28,11,39.3,1.8,0.71,0.11,0.27,0,0
ENG-Premier League,2425,Manchester Utd,Kobbie Mainoo,ENG,MF,19,2005,18.3,0,15,2,13.3,0.82,0.11,0.0,0.0,0,0
ENG-Premier League,2425,Manchester Utd,Leny Yoro,FRA,DF,18,2005,12.9,0,5,1,20.0,0.39,0.08,0.0,0.0,0,0
ENG-Premier League,2425,Manchester Utd,Lisandro Martínez,ARG,DF,26,1998,19.5,2,17,6,35.3,0.87,0.31,0.12,0.33,0,0
ENG-Premier League,2425,Manchester Utd,Luke Shaw,ENG,DF,29,1995,3.9,0,1,0,0.0,0.26,0.0,0.0,,0,0
ENG-Premier League,2425,Manchester Utd,Manuel Ugarte,URU,MF,23,2001,19.8,1,19,4,21.1,0.96,0.2,0.05,0.25,0,0
ENG-Premier League,2425,Manchester Utd,Marcus Rashford,ENG,MF,26,1997,10.9,4,16,9,56.3,1.47,0.83,0.25,0.44,0,0
ENG-Premier League,2425,Manchester Utd,Mason Mount,ENG,"MF,FW",25,1999,6.9,1,20,9,45.0,2.89,1.3,0.05,0.11,0,0
ENG-Premier League,2425,Manchester Utd,Matthijs de Ligt,NED,DF,24,1999,23.6,2,18,10,55.6,0.76,0.42,0.11,0.2,0,0
ENG-Premier League,2425,Manchester Utd,Noussair Mazraoui,MAR,"DF,MF",26,1997,31.5,0,13,3,23.1,0.41,0.1,0.0,0.0,0,0
ENG-Premier League,2425,Manchester Utd,Patrick Dorgu,DEN,MF,19,2004,9.4,0,10,2,20.0,1.07,0.21,0.0,0.0,0,0
ENG-Premier League,2425,Manchester Utd,Rasmus Højlund,DEN,FW,21,2003,22.3,4,32,13,40.6,1.44,0.58,0.13,0.31,0,0
ENG-Premier League,2425,Manchester Utd,Scott McTominay,SCO,MF,27,1996,0.2,0,1,0,0.0,4.74,0.0,0.0,,0,0
ENG-Premier League,2425,Manchester Utd,Toby Collyer,ENG,MF,20,2004,2.0,0,1,0,0.0,0.5,0.0,0.0,,0,0
ENG-Premier League,2425,Manchester Utd,Tyler Fredricson,ENG,DF,19,2005,1.8,0,0,0,,0.0,0.0,,,0,0
ENG-Premier League,2425,Manchester Utd,Tyrell Malacia,NED,MF,24,1999,1.1,0,0,0,,0.0,0.0,,,0,0
ENG-Premier League,2425,Manchester Utd,Victor Lindelöf,SWE,DF,30,1994,7.8,0,0,0,,0.0,0.0,,,0,0
ENG-Premier League,2425,Newcastle,Alexander Isak,SWE,FW,24,1999,30.6,23,99,46,46.5,3.23,1.5,0.19,0.41,4,4
ENG-Premier League,2425,Newcastle,Anthony Gordon,ENG,"FW,MF",23,2001,27.0,6,59,19,32.2,2.18,0.7,0.08,0.26,1,2
ENG-Premier League,2425,Newcastle,Bruno Guimarães,BRA,MF,26,1997,36.3,5,45,15,33.3,1.24,0.41,0.11,0.33,0,0
ENG-Premier League,2425,Newcastle,Callum Wilson,ENG,FW,32,1992,4.1,0,6,1,16.7,1.46,0.24,0.0,0.0,0,0
ENG-Premier League,2425,Newcastle,Dan Burn,ENG,DF,32,1992,37.0,1,22,6,27.3,0.59,0.16,0.05,0.17,0,0
ENG-Premier League,2425,Newcastle,Emil Krafth,SWE,DF,29,1994,3.8,0,1,0,0.0,0.26,0.0,0.0,,0,0
ENG-Premier League,2425,Newcastle,Fabian Schär,SUI,DF,32,1991,32.6,4,40,11,27.5,1.23,0.34,0.1,0.36,0,0
ENG-Premier League,2425,Newcastle,Harvey Barnes,ENG,"FW,MF",26,1997,19.5,9,63,21,33.3,3.23,1.08,0.14,0.43,0,0
ENG-Premier League,2425,Newcastle,Jacob Murphy,ENG,"FW,MF",29,1995,26.2,8,43,15,34.9,1.64,0.57,0.19,0.53,0,0
ENG-Premier League,2425,Newcastle,Joe Willock,ENG,MF,24,1999,12.1,0,18,3,16.7,1.49,0.25,0.0,0.0,0,0
ENG-Premier League,2425,Newcastle,Joelinton,BRA,"MF,FW",27,1996,26.6,4,45,14,31.1,1.69,0.53,0.09,0.29,0,0
ENG-Premier League,2425,Newcastle,Kieran Trippier,ENG,DF,33,1990,14.5,0,4,0,0.0,0.28,0.0,0.0,,0,0
ENG-Premier League,2425,Newcastle,Lewis Hall,ENG,DF,19,2004,24.3,0,11,1,9.1,0.45,0.04,0.0,0.0,0,0
ENG-Premier League,2425,Newcastle,Lewis Miley,ENG,MF,18,2006,3.5,1,3,2,66.7,0.86,0.58,0.33,0.5,0,0
ENG-Premier League,2425,Newcastle,Lloyd Kelly,ENG,DF,25,1998,3.4,0,3,0,0.0,0.89,0.0,0.0,,0,0
ENG-Premier League,2425,Newcastle,Martin Dúbravka,SVK,GK,35,1989,10.0,0,0,0,,0.0,0.0,,,0,0
ENG-Premier League,2425,Newcastle,Matt Targett,ENG,"DF,MF",28,1995,0.2,0,0,0,,0.0,0.0,,,0,0
ENG-Premier League,2425,Newcastle,Miguel Almirón,PAR,FW,30,1994,1.7,0,6,2,33.3,3.44,1.15,0.0,0.0,0,0
ENG-Premier League,2425,Newcastle,Nick Pope,ENG,GK,32,1992,28.0,0,0,0,,0.0,0.0,,,0,0
ENG-Premier League,2425,Newcastle,Sandro Tonali,ITA,MF,24,2000,29.2,4,35,12,34.3,1.2,0.41,0.11,0.33,0,0
ENG-Premier League,2425,Newcastle,Sean Longstaff,ENG,MF,26,1997,8.9,0,6,1,16.7,0.68,0.11,0.0,0.0,0,0
ENG-Premier League,2425,Newcastle,Sven Botman,NED,DF,24,2000,4.6,0,5,2,40.0,1.09,0.44,0.0,0.0,0,0
ENG-Premier League,2425,Newcastle,Tino Livramento,ENG,DF,21,2002,31.6,0,6,2,33.3,0.19,0.06,0.0,0.0,0,0
ENG-Premier League,2425,Newcastle,William Osula,DEN,FW,20,2003,1.5,1,4,1,25.0,2.69,0.67,0.25,1.0,0,0
ENG-Premier League,2425,Nottingham,Anthony Elanga,SWE,"MF,FW",22,2002,27.8,6,44,24,54.5,1.58,0.86,0.14,0.25,0,0
ENG-Premier League,2425,Nottingham,Callum Hudson-Odoi,ENG,MF,23,2000,24.4,5,37,17,45.9,1.52,0.7,0.14,0.29,0,0
ENG-Premier League,2425,Nottingham,Chris Wood,NZL,FW,32,1991,32.9,20,68,35,51.5,2.07,1.06,0.25,0.49,3,3
ENG-Premier League,2425,Nottingham,Danilo Santos,BRA,MF,23,2001,3.1,0,0,0,,0.0,0.0,,,0,0
ENG-Premier League,2425,Nottingham,Elliot Anderson,ENG,MF,21,2002,30.3,2,40,7,17.5,1.32,0.23,0.05,0.29,0,0
ENG-Premier League,2425,Nottingham,Eric da Silva Moreira,GER,DF,18,2006,0.3,0,0,0,,0.0,0.0,,,0,0
ENG-Premier League,2425,Nottingham,Harry Toffolo,ENG,DF,28,1995,1.5,0,1,0,0.0,0.66,0.0,0.0,,0,0
ENG-Premier League,2425,Nottingham,Ibrahim Sangaré,CIV,MF,26,1997,6.6,0,1,1,100.0,0.15,0.15,0.0,0.0,0,0
ENG-Premier League,2425,Nottingham,James Ward-Prowse,ENG,MF,29,1994,4.4,0,2,1,50.0,0.45,0.23,0.0,0.0,0,0
ENG-Premier League,2425,Nottingham,Jota Silva,POR,MF,24,1999,9.5,3,23,7,30.4,2.42,0.74,0.13,0.43,0,0
ENG-Premier League,2425,Nottingham,Matz Sels,BEL,GK,32,1992,38.0,0,0,0,,0.0,0.0,,,0,0
ENG-Premier League,2425,Nottingham,Morato,BRA,DF,23,2001,10.1,0,2,1,50.0,0.2,0.1,0.0,0.0,0,0
ENG-Premier League,2425,Nottingham,Morgan Gibbs-White,ENG,MF,24,2000,31.1,7,61,22,36.1,1.96,0.71,0.11,0.32,0,0
ENG-Premier League,2425,Nottingham,Murillo,BRA,DF,22,2002,35.4,2,25,6,24.0,0.71,0.17,0.08,0.33,0,0
ENG-Premier League,2425,Nottingham,Neco Williams,WAL,"DF,MF",23,2001,28.8,1,37,7,18.9,1.28,0.24,0.03,0.14,0,0
ENG-Premier League,2425,Nottingham,Nicolás Domínguez,ARG,MF,26,1998,21.8,0,21,9,42.9,0.96,0.41,0.0,0.0,0,0
ENG-Premier League,2425,Nottingham,Nikola Milenković,SRB,DF,26,1997,37.0,5,29,8,27.6,0.78,0.22,0.17,0.63,0,0
ENG-Premier League,2425,Nottingham,Ola Aina,NGA,DF,27,1996,33.3,2,11,2,18.2,0.33,0.06,0.18,1.0,0,0
ENG-Premier League,2425,Nottingham,Ramón Sosa,PAR,MF,24,1999,3.3,1,11,5,45.5,3.36,1.53,0.09,0.2,0,0
ENG-Premier League,2425,Nottingham,Ryan Yates,ENG,MF,26,1997,21.3,2,33,9,27.3,1.55,0.42,0.06,0.22,0,0
ENG-Premier League,2425,Nottingham,Taiwo Awoniyi,NGA,FW,26,1997,4.6,1,10,4,40.0,2.16,0.87,0.1,0.25,0,0
ENG-Premier League,2425,Nottingham,Willy Boly,CIV,DF,33,1991,1.7,0,1,1,100.0,0.6,0.6,0.0,0.0,0,0
ENG-Premier League,2425,Nottingham,Álex Moreno,ESP,DF,31,1993,10.6,0,6,0,0.0,0.57,0.0,0.0,,0,0
ENG-Premier League,2425,Southampton,Aaron Ramsdale,ENG,GK,26,1998,30.0,0,0,0,,0.0,0.0,,,0,0
ENG-Premier League,2425,Southampton,Adam Armstrong,ENG,"FW,MF",27,1997,13.9,2,26,9,34.6,1.87,0.65,0.08,0.22,0,1
ENG-Premier League,2425,Southampton,Adam Lallana,ENG,MF,36,1988,4.0,0,3,0,0.0,0.75,0.0,0.0,,0,0
ENG-Premier League,2425,Southampton,Albert Grønbaek,DEN,"MF,FW",23,2001,1.6,0,2,0,0.0,1.26,0.0,0.0,,0,0
ENG-Premier League,2425,Southampton,Alex McCarthy,ENG,GK,34,1989,5.0,0,0,0,,0.0,0.0,,,0,0
ENG-Premier League,2425,Southampton,Armel Bella Kotchap,GER,DF,22,2001,3.7,0,1,0,0.0,0.27,0.0,0.0,,0,0
ENG-Premier League,2425,Southampton,Ben Brereton,CHI,"FW,MF",25,1999,5.0,0,11,1,9.1,2.2,0.2,0.0,0.0,0,0
ENG-Premier League,2425,Southampton,Cameron Archer,ENG,FW,23,2001,16.0,2,29,11,37.9,1.81,0.69,0.07,0.18,0,1
ENG-Premier League,2425,Southampton,Carlos Alcaraz,ARG,MF,21,2002,0.1,0,1,1,100.0,9.0,9.0,0.0,0.0,0,0
ENG-Premier League,2425,Southampton,Charlie Taylor,ENG,DF,30,1993,4.0,0,0,0,,0.0,0.0,,,0,0
ENG-Premier League,2425,Southampton,Flynn Downes,ENG,MF,25,1999,23.9,1,10,3,30.0,0.42,0.13,0.1,0.33,0,0
ENG-Premier League,2425,Southampton,Jack Stephens,ENG,DF,30,1994,15.4,1,4,2,50.0,0.26,0.13,0.25,0.5,0,0
ENG-Premier League,2425,Southampton,James Bree,ENG,"DF,MF",26,1997,11.9,0,4,1,25.0,0.33,0.08,0.0,0.0,0,0
ENG-Premier League,2425,Southampton,Jan Bednarek,POL,DF,28,1996,28.1,2,5,3,60.0,0.18,0.11,0.4,0.67,0,0
ENG-Premier League,2425,Southampton,Jay Robinson,ENG,MF,17,2007,1.5,0,1,1,100.0,0.66,0.66,0.0,0.0,0,0
ENG-Premier League,2425,Southampton,Joachim Kayi Sanda,FRA,DF,17,2006,0.2,0,0,0,,0.0,0.0,,,0,0
ENG-Premier League,2425,Southampton,Joe Aribo,NGA,MF,28,1996,22.4,3,17,7,41.2,0.76,0.31,0.18,0.43,0,0
ENG-Premier League,2425,Southampton,Joe Lumley,ENG,GK,29,1995,3.0,0,0,0,,0.0,0.0,,,0,0
ENG-Premier League,2425,Southampton,Kamaldeen Sulemana,GHA,"FW,MF",22,2002,15.6,1,29,8,27.6,1.86,0.51,0.03,0.13,0,0
ENG-Premier League,2425,Southampton,Kyle Walker-Peters,ENG,"MF,DF",27,1997,32.4,0,20,6,30.0,0.62,0.19,0.0,0.0,0,0
ENG-Premier League,2425,Southampton,Lesley Ugochukwu,FRA,MF,20,2004,18.4,1,10,1,10.0,0.54,0.05,0.1,1.0,0,0
ENG-Premier League,2425,Southampton,Mateus Fernandes,POR,MF,20,2004,32.3,2,42,14,33.3,1.3,0.43,0.05,0.14,0,0
ENG-Premier League,2425,Southampton,Maxwel Cornet,CIV,MF,27,1996,0.8,0,1,0,0.0,1.25,0.0,0.0,,0,0
ENG-Premier League,2425,Southampton,Nathan Wood-Gordon,ENG,DF,22,2002,8.6,0,2,0,0.0,0.23,0.0,0.0,,0,0
ENG-Premier League,2425,Southampton,Paul Onuachu,NGA,FW,30,1994,11.7,4,34,15,44.1,2.91,1.29,0.12,0.27,0,0
ENG-Premier League,2425,Southampton,Ronnie Edwards,ENG,DF,21,2003,0.1,0,0,0,,0.0,0.0,,,0,0
ENG-Premier League,2425,Southampton,Ross Stewart,SCO,FW,28,1996,4.3,1,9,2,22.2,2.08,0.46,0.11,0.5,0,0
ENG-Premier League,2425,Southampton,Ryan Fraser,SCO,"MF,DF",30,1994,3.4,0,1,1,100.0,0.29,0.29,0.0,0.0,0,0
ENG-Premier League,2425,Southampton,Ryan Manning,IRL,"DF,MF",28,1996,16.2,0,8,1,12.5,0.49,0.06,0.0,0.0,0,0
ENG-Premier League,2425,Southampton,Samuel Amo-Ameyaw,ENG,"FW,MF",18,2006,0.3,0,1,0,0.0,3.21,0.0,0.0,,0,0
ENG-Premier League,2425,Southampton,Samuel Edozie,ENG,"FW,MF",21,2003,0.7,0,0,0,,0.0,0.0,,,0,0
ENG-Premier League,2425,Southampton,Taylor Harwood-Bellis,ENG,DF,22,2002,31.4,1,20,8,40.0,0.64,0.25,0.05,0.13,0,0
ENG-Premier League,2425,Southampton,Tyler Dibling,ENG,"MF,FW",18,2006,20.8,2,28,9,32.1,1.34,0.43,0.07,0.22,0,0
ENG-Premier League,2425,Southampton,Welington,BRA,"MF,DF",23,2001,5.4,0,3,0,0.0,0.56,0.0,0.0,,0,0
ENG-Premier League,2425,Southampton,William Smallbone,IRL,MF,24,2000,7.7,1,7,2,28.6,0.91,0.26,0.14,0.5,0,0
ENG-Premier League,2425,Southampton,Yukinari Sugawara,JPN,"MF,DF",24,2000,17.3,1,14,6,42.9,0.81,0.35,0.07,0.17,0,0
ENG-Premier League,2425,Tottenham,Alfie Dorrington,ENG,DF,19,2005,0.2,0,0,0,,0.0,0.0,,,0,0
ENG-Premier League,2425,Tottenham,Antonín Kinský,CZE,GK,21,2003,6.0,0,0,0,,0.0,0.0,,,0,0
ENG-Premier League,2425,Tottenham,Archie Gray,ENG,"DF,MF",18,2006,19.5,0,1,1,100.0,0.05,0.05,0.0,0.0,0,0
ENG-Premier League,2425,Tottenham,Ben Davies,WAL,DF,31,1993,14.8,0,5,1,20.0,0.34,0.07,0.0,0.0,0,0
ENG-Premier League,2425,Tottenham,Brandon Austin,ENG,GK,25,1999,1.0,0,0,0,,0.0,0.0,,,0,0
ENG-Premier League,2425,Tottenham,Brennan Johnson,WAL,"FW,MF",23,2001,24.2,11,54,20,37.0,2.23,0.83,0.2,0.55,0,0
ENG-Premier League,2425,Tottenham,Cristian Romero,ARG,DF,26,1998,15.7,1,16,8,50.0,1.02,0.51,0.06,0.13,0,0
ENG-Premier League,2425,Tottenham,Dane Scarlett,ENG,FW,20,2004,0.4,0,1,1,100.0,2.65,2.65,0.0,0.0,0,0
ENG-Premier League,2425,Tottenham,Dejan Kulusevski,SWE,"MF,FW",24,2000,26.5,7,47,18,38.3,1.77,0.68,0.15,0.39,0,0
ENG-Premier League,2425,Tottenham,Destiny Udogie,ITA,DF,21,2002,21.4,0,5,1,20.0,0.23,0.05,0.0,0.0,0,0
ENG-Premier League,2425,Tottenham,Djed Spence,ENG,DF,23,2000,19.9,1,10,3,30.0,0.5,0.15,0.1,0.33,0,0
ENG-Premier League,2425,Tottenham,Dominic Solanke,ENG,FW,26,1997,24.5,9,60,26,43.3,2.45,1.06,0.13,0.31,1,1
ENG-Premier League,2425,Tottenham,Fraser Forster,ENG,GK,36,1988,7.0,0,0,0,,0.0,0.0,,,0,0
ENG-Premier League,2425,Tottenham,Guglielmo Vicario,ITA,GK,27,1996,24.0,0,0,0,,0.0,0.0,,,0,0
ENG-Premier League,2425,Tottenham,James Maddison,ENG,MF,27,1996,20.1,9,39,17,43.6,1.94,0.85,0.23,0.53,0,0
ENG-Premier League,2425,Tottenham,Kevin Danso,AUT,DF,25,1998,9.4,0,7,3,42.9,0.75,0.32,0.0,0.0,0,0
ENG-Premier League,2425,Tottenham,Lucas Bergvall,SWE,MF,18,2006,13.5,0,12,2,16.7,0.89,0.15,0.0,0.0,0,0
ENG-Premier League,2425,Tottenham,Mathys Tel,FRA,FW,19,2005,10.1,2,23,9,39.1,2.27,0.89,0.04,0.11,1,1
ENG-Premier League,2425,Tottenham,Micky van de Ven,NED,DF,23,2001,11.3,0,6,2,33.3,0.53,0.18,0.0,0.0,0,0
ENG-Premier League,2425,Tottenham,Mikey Moore,ENG,"MF,FW",16,2007,4.1,0,3,1,33.3,0.74,0.25,0.0,0.0,0,0
ENG-Premier League,2425,Tottenham,Pape Matar Sarr,SEN,MF,21,2002,21.3,3,34,13,38.2,1.6,0.61,0.09,0.23,0,0
ENG-Premier League,2425,Tottenham,Pedro Porro,ESP,DF,24,1999,29.0,2,39,8,20.5,1.34,0.28,0.05,0.25,0,0
ENG-Premier League,2425,Tottenham,Radu Drăgușin,ROU,DF,22,2002,13.9,0,5,1,20.0,0.36,0.07,0.0,0.0,0,0
ENG-Premier League,2425,Tottenham,Richarlison,BRA,FW,27,1997,5.6,4,17,7,41.2,3.04,1.25,0.24,0.57,0,0
ENG-Premier League,2425,Tottenham,Rodrigo Bentancur,URU,MF,27,1997,18.3,2,22,6,27.3,1.2,0.33,0.09,0.33,0,0
ENG-Premier League,2425,Tottenham,Sergio Reguilón,ESP,DF,27,1996,2.2,0,2,0,0.0,0.92,0.0,0.0,,0,0
ENG-Premier League,2425,Tottenham,Son Heung-min,KOR,"FW,MF",32,1992,23.4,7,57,26,45.6,2.43,1.11,0.11,0.23,1,2
ENG-Premier League,2425,Tottenham,Timo Werner,GER,"FW,MF",28,1996,5.7,0,8,3,37.5,1.4,0.52,0.0,0.0,0,0
ENG-Premier League,2425,Tottenham,Will Lankshear,ENG,FW,19,2005,0.1,0,0,0,,0.0,0.0,,,0,0
ENG-Premier League,2425,Tottenham,Wilson Odobert,FRA,"FW,MF",19,2004,9.4,1,13,4,30.8,1.38,0.42,0.08,0.25,0,0
ENG-Premier League,2425,Tottenham,Yves Bissouma,MLI,MF,27,1996,15.6,2,11,4,36.4,0.7,0.26,0.18,0.5,0,0
ENG-Premier League,2425,West Ham,Aaron Cresswell,ENG,DF,34,1989,9.2,0,5,0,0.0,0.55,0.0,0.0,,0,0
ENG-Premier League,2425,West Ham,Aaron Wan-Bissaka,COD,"DF,MF",26,1997,35.0,2,16,5,31.3,0.46,0.14,0.13,0.4,0,0
ENG-Premier League,2425,West Ham,Alphonse Areola,FRA,GK,31,1993,25.1,0,0,0,,0.0,0.0,,,0,0
ENG-Premier League,2425,West Ham,Andy Irving,SCO,MF,24,2000,1.8,0,4,2,50.0,2.17,1.08,0.0,0.0,0,0
ENG-Premier League,2425,West Ham,Carlos Soler,ESP,MF,27,1997,15.7,1,25,9,36.0,1.6,0.57,0.04,0.11,0,0
ENG-Premier League,2425,West Ham,Crysencio Summerville,NED,"MF,FW",22,2001,8.7,1,14,5,35.7,1.6,0.57,0.07,0.2,0,0
ENG-Premier League,2425,West Ham,Danny Ings,ENG,FW,32,1992,3.2,1,14,5,35.7,4.44,1.58,0.07,0.2,0,0
ENG-Premier League,2425,West Ham,Edson Álvarez,MEX,MF,26,1997,19.7,0,12,1,8.3,0.61,0.05,0.0,0.0,0,0
ENG-Premier League,2425,West Ham,Emerson Palmieri,ITA,"DF,MF",29,1994,23.5,2,16,7,43.8,0.68,0.3,0.13,0.29,0,0
ENG-Premier League,2425,West Ham,Evan Ferguson,IRL,FW,19,2004,1.7,0,5,1,20.0,2.88,0.58,0.0,0.0,0,0
ENG-Premier League,2425,West Ham,Guido Rodríguez,ARG,MF,30,1994,12.8,0,8,1,12.5,0.63,0.08,0.0,0.0,0,0
ENG-Premier League,2425,West Ham,James Ward-Prowse,ENG,MF,29,1994,11.5,1,12,4,33.3,1.04,0.35,0.08,0.25,0,0
ENG-Premier League,2425,West Ham,Jarrod Bowen,ENG,"MF,FW",27,1996,33.0,13,87,37,42.5,2.63,1.12,0.14,0.32,1,1
ENG-Premier League,2425,West Ham,Jean-Clair Todibo,FRA,DF,24,1999,20.3,0,5,0,0.0,0.25,0.0,0.0,,0,0
ENG-Premier League,2425,West Ham,Kaelan Casey,ENG,DF,19,2004,0.0,0,0,0,,0.0,0.0,,,0,0
ENG-Premier League,2425,West Ham,Konstantinos Mavropanos,GRE,DF,26,1997,22.7,0,18,5,27.8,0.79,0.22,0.0,0.0,0,0
ENG-Premier League,2425,West Ham,Lewis Orford,ENG,MF,18,2006,0.5,0,1,0,0.0,1.84,0.0,0.0,,0,0
ENG-Premier League,2425,West Ham,Lucas Paquetá,BRA,"MF,FW",26,1997,26.4,4,41,6,14.6,1.55,0.23,0.05,0.33,2,2
ENG-Premier League,2425,West Ham,Luis Guilherme,BRA,MF,18,2006,1.7,0,4,1,25.0,2.4,0.6,0.0,0.0,0,0
ENG-Premier League,2425,West Ham,Max Kilman,ENG,DF,27,1997,37.2,0,13,3,23.1,0.35,0.08,0.0,0.0,0,0
ENG-Premier League,2425,West Ham,Michail Antonio,JAM,FW,34,1990,9.3,1,19,4,21.1,2.05,0.43,0.05,0.25,0,0
ENG-Premier League,2425,West Ham,Mohammed Kudus,GHA,"MF,FW",23,2000,28.8,5,75,22,29.3,2.61,0.76,0.07,0.23,0,0
ENG-Premier League,2425,West Ham,Niclas Füllkrug,GER,FW,31,1993,8.8,3,16,7,43.8,1.82,0.8,0.19,0.43,0,0
ENG-Premier League,2425,West Ham,Oliver Scarles,ENG,"MF,DF",18,2005,7.4,0,3,0,0.0,0.41,0.0,0.0,,0,0
ENG-Premier League,2425,West Ham,Tomáš Souček,CZE,MF,29,1995,28.5,9,55,18,32.7,1.93,0.63,0.16,0.5,0,0
ENG-Premier League,2425,West Ham,Vladimír Coufal,CZE,"DF,MF",31,1992,11.9,0,7,2,28.6,0.59,0.17,0.0,0.0,0,0
ENG-Premier League,2425,West Ham,Łukasz Fabiański,POL,GK,39,1985,12.9,0,0,0,,0.0,0.0,,,0,0
ENG-Premier League,2425,Wolves,Alfie Pond,ENG,DF,20,2004,0.0,0,0,0,,0.0,0.0,,,0,0
ENG-Premier League,2425,Wolves,André,BRA,MF,23,2001,27.5,0,10,1,10.0,0.36,0.04,0.0,0.0,0,0
ENG-Premier League,2425,Wolves,Boubacar Traoré,MLI,MF,22,2001,0.0,0,0,0,,0.0,0.0,,,0,0
ENG-Premier League,2425,Wolves,Carlos Forbs,POR,MF,20,2004,2.7,0,2,0,0.0,0.75,0.0,0.0,,0,0
ENG-Premier League,2425,Wolves,Chiquinho,POR,"FW,MF",24,2000,0.1,0,0,0,,0.0,0.0,,,0,0
ENG-Premier League,2425,Wolves,Craig Dawson,ENG,DF,34,1990,10.8,0,5,1,20.0,0.46,0.09,0.0,0.0,0,0
ENG-Premier League,2425,Wolves,Daniel Bentley,ENG,GK,31,1993,2.0,0,0,0,,0.0,0.0,,,0,0
ENG-Premier League,2425,Wolves,Daniel Podence,POR,"FW,MF",28,1995,0.5,0,1,0,0.0,1.87,0.0,0.0,,0,0
ENG-Premier League,2425,Wolves,Emmanuel Agbadou,CIV,DF,27,1997,15.7,1,7,2,28.6,0.45,0.13,0.14,0.5,0,0
ENG-Premier League,2425,Wolves,Gonçalo Guedes,POR,"MF,FW",27,1996,11.1,2,27,8,29.6,2.44,0.72,0.07,0.25,0,0
ENG-Premier League,2425,Wolves,Hwang Hee-chan,KOR,"MF,FW",28,1996,7.3,2,5,3,60.0,0.68,0.41,0.4,0.67,0,0
ENG-Premier League,2425,Wolves,Jean-Ricner Bellegarde,HAI,MF,26,1998,18.6,2,22,5,22.7,1.18,0.27,0.09,0.4,0,0
ENG-Premier League,2425,Wolves,José Sá,POR,GK,31,1993,29.0,0,0,0,,0.0,0.0,,,0,0
ENG-Premier League,2425,Wolves,João Gomes,BRA,MF,23,2001,33.0,3,35,7,20.0,1.06,0.21,0.09,0.43,0,0
ENG-Premier League,2425,Wolves,Jørgen Strand Larsen,NOR,FW,24,2000,28.7,14,54,34,63.0,1.88,1.18,0.26,0.41,0,0
ENG-Premier League,2425,Wolves,Mario Lemina,GAB,"MF,DF",30,1993,15.2,1,18,5,27.8,1.19,0.33,0.06,0.2,0,0
ENG-Premier League,2425,Wolves,Marshall Munetsi,ZIM,"MF,FW",28,1996,12.0,2,22,7,31.8,1.84,0.58,0.09,0.29,0,0
ENG-Premier League,2425,Wolves,Mateus Mane,POR,MF,16,2007,0.0,0,0,0,,0.0,0.0,,,0,0
ENG-Premier League,2425,Wolves,Matheus Cunha,BRA,MF,25,1999,28.9,15,110,44,40.0,3.81,1.52,0.14,0.34,0,0
ENG-Premier League,2425,Wolves,Matt Doherty,IRL,"DF,MF",32,1992,23.4,2,10,3,30.0,0.43,0.13,0.2,0.67,0,0
ENG-Premier League,2425,Wolves,Nasser Djiga,BFA,DF,21,2002,0.7,0,0,0,,0.0,0.0,,,0,0
ENG-Premier League,2425,Wolves,Nélson Semedo,POR,"MF,DF",30,1993,32.1,0,18,7,38.9,0.56,0.22,0.0,0.0,0,0
ENG-Premier League,2425,Wolves,Pablo Sarabia,ESP,MF,32,1992,9.0,3,17,8,47.1,1.88,0.88,0.18,0.38,0,0
ENG-Premier League,2425,Wolves,Pedro Lima,BRA,MF,18,2006,0.8,0,1,1,100.0,1.29,1.29,0.0,0.0,0,0
ENG-Premier League,2425,Wolves,Rayan Aït-Nouri,ALG,"MF,DF",23,2001,34.5,4,36,13,36.1,1.04,0.38,0.11,0.31,0,0
ENG-Premier League,2425,Wolves,Rodrigo Gomes,POR,MF,21,2003,9.0,2,7,3,42.9,0.78,0.33,0.29,0.67,0,0
ENG-Premier League,2425,Wolves,Sam Johnstone,ENG,GK,31,1993,7.0,0,0,0,,0.0,0.0,,,0,0
ENG-Premier League,2425,Wolves,Santiago Bueno,URU,DF,25,1998,18.7,0,6,3,50.0,0.32,0.16,0.0,0.0,0,0
ENG-Premier League,2425,Wolves,Tom King,WAL,GK,29,1995,0.0,0,0,0,,0.0,0.0,,,0,0
ENG-Premier League,2425,Wolves,Tommy Doyle,ENG,MF,22,2001,5.4,0,9,2,22.2,1.66,0.37,0.0,0.0,0,0
ENG-Premier League,2425,Wolves,Toti Gomes,POR,DF,25,1999,29.0,0,7,3,42.9,0.24,0.1,0.0,0.0,0,0
ENG-Premier League,2425,Wolves,Yerson Mosquera,COL,DF,23,2001,4.9,0,2,0,0.0,0.41,0.0,0.0,,0,0
ESP-La Liga,2425,Alavés,Abde Rebbach,ALG,"MF,FW",25,1998,4.3,0,6,1,16.7,1.4,0.23,0.0,0.0,0,0
ESP-La Liga,2425,Alavés,Abdel Abqar,MAR,DF,25,1999,27.4,0,12,1,8.3,0.44,0.04,0.0,0.0,0,0
ESP-La Liga,2425,Alavés,Adrian Rodriguez,ESP,GK,23,2000,1.4,0,0,0,,0.0,0.0,,,0,0
ESP-La Liga,2425,Alavés,Aleksandar Sedlar,SRB,DF,32,1991,6.6,0,1,0,0.0,0.15,0.0,0.0,,0,0
ESP-La Liga,2425,Alavés,Ander Guevara,ESP,MF,27,1997,21.6,0,12,3,25.0,0.55,0.14,0.0,0.0,0,0
ESP-La Liga,2425,Alavés,Antonio Blanco,ESP,MF,24,2000,30.3,0,25,3,12.0,0.83,0.1,0.0,0.0,0,0
ESP-La Liga,2425,Alavés,Antonio Sivera,ESP,GK,27,1996,31.2,0,0,0,,0.0,0.0,,,0,0
ESP-La Liga,2425,Alavés,Asier Villalibre,ESP,FW,26,1997,3.7,1,9,2,22.2,2.43,0.54,0.0,0.0,1,1
ESP-La Liga,2425,Alavés,Carles Aleñá,ESP,MF,26,1998,12.1,0,15,4,26.7,1.24,0.33,0.0,0.0,0,0
ESP-La Liga,2425,Alavés,Carlos Benavídez,URU,MF,26,1998,5.4,1,5,2,40.0,0.92,0.37,0.2,0.5,0,0
ESP-La Liga,2425,Alavés,Carlos Martín,ESP,"MF,FW",22,2002,14.8,2,26,12,46.2,1.76,0.81,0.08,0.17,0,0
ESP-La Liga,2425,Alavés,Carlos Vicente,ESP,MF,25,1999,34.4,5,36,14,38.9,1.05,0.41,0.11,0.29,1,1
ESP-La Liga,2425,Alavés,Facundo Garcés,MAS,DF,24,1999,7.5,0,5,1,20.0,0.66,0.13,0.0,0.0,0,0
ESP-La Liga,2425,Alavés,Hugo Novoa,ESP,"MF,DF",21,2003,2.6,0,1,0,0.0,0.38,0.0,0.0,,0,0
ESP-La Liga,2425,Alavés,Jesús Owono,EQG,GK,23,2001,5.4,0,0,0,,0.0,0.0,,,0,0
ESP-La Liga,2425,Alavés,Joan Jordán,ESP,MF,30,1994,15.7,5,17,8,47.1,1.08,0.51,0.12,0.25,3,4
ESP-La Liga,2425,Alavés,Jon Guridi,ESP,MF,29,1995,23.1,3,24,12,50.0,1.04,0.52,0.08,0.17,1,1
ESP-La Liga,2425,Alavés,Kiké,ESP,FW,34,1989,28.2,13,63,27,42.9,2.23,0.96,0.16,0.37,3,3
ESP-La Liga,2425,Alavés,Luis Rioja,ESP,"FW,MF",30,1993,0.3,0,0,0,,0.0,0.0,,,0,0
ESP-La Liga,2425,Alavés,Luka Romero,ARG,"MF,FW",19,2004,2.2,0,2,0,0.0,0.9,0.0,0.0,,0,1
ESP-La Liga,2425,Alavés,Manu Sánchez,ESP,DF,23,2000,29.3,1,12,2,16.7,0.41,0.07,0.08,0.5,0,0
ESP-La Liga,2425,Alavés,Moussa Diarra,MLI,DF,23,2000,20.7,0,1,0,0.0,0.05,0.0,0.0,,0,0
ESP-La Liga,2425,Alavés,Nahuel Tenaglia,ARG,DF,28,1996,32.5,2,27,9,33.3,0.83,0.28,0.07,0.22,0,0
ESP-La Liga,2425,Alavés,Pau Cabanes,ESP,MF,19,2005,2.1,0,2,1,50.0,0.96,0.48,0.0,0.0,0,0
ESP-La Liga,2425,Alavés,Pica,ESP,DF,22,2002,5.5,0,4,1,25.0,0.72,0.18,0.0,0.0,0,0
ESP-La Liga,2425,Alavés,Santiago Mouriño,URU,DF,22,2002,20.5,0,13,4,30.8,0.63,0.19,0.0,0.0,0,0
ESP-La Liga,2425,Alavés,Stoichkov,ESP,"MF,FW",30,1993,7.8,0,18,3,16.7,2.32,0.39,0.0,0.0,0,0
ESP-La Liga,2425,Alavés,Tomás Conechny,ARG,"MF,FW",26,1998,9.4,1,22,10,45.5,2.34,1.06,0.05,0.1,0,0
ESP-La Liga,2425,Alavés,Toni Martínez,ESP,FW,27,1997,11.2,4,46,15,32.6,4.09,1.33,0.09,0.27,0,0
ESP-La Liga,2425,Athletic Club,Adama Boiro,ESP,DF,22,2002,12.2,0,5,0,0.0,0.41,0.0,0.0,,0,0
ESP-La Liga,2425,Athletic Club,Adu Ares,ESP,MF,22,2001,0.2,0,0,0,,0.0,0.0,,,0,0
ESP-La Liga,2425,Athletic Club,Aingeru Olabarrieta,ESP,MF,18,2005,0.6,0,0,0,,0.0,0.0,,,0,0
ESP-La Liga,2425,Athletic Club,Aitor Paredes,ESP,DF,24,2000,20.1,3,6,3,50.0,0.3,0.15,0.5,1.0,0,0
ESP-La Liga,2425,Athletic Club,Alex Padilla,ESP,GK,20,2003,3.6,0,0,0,,0.0,0.0,,,0,0
ESP-La Liga,2425,Athletic Club,Ander Herrera,ESP,MF,34,1989,3.0,0,8,4,50.0,2.64,1.32,0.0,0.0,0,1
ESP-La Liga,2425,Athletic Club,Andoni Gorosabel,ESP,DF,27,1996,16.5,0,2,1,50.0,0.12,0.06,0.0,0.0,0,0
ESP-La Liga,2425,Athletic Club,Beñat Prados,ESP,MF,23,2001,19.1,1,16,5,31.3,0.84,0.26,0.06,0.2,0,0
ESP-La Liga,2425,Athletic Club,Daniel Vivian,ESP,DF,25,1999,29.0,4,19,5,26.3,0.66,0.17,0.21,0.8,0,0
ESP-La Liga,2425,Athletic Club,Endika Buján,ESP,FW,21,2003,0.1,0,0,0,,0.0,0.0,,,0,0
ESP-La Liga,2425,Athletic Club,Gorka Guruzeta,ESP,FW,27,1996,20.4,7,59,19,32.2,2.89,0.93,0.12,0.37,0,0
ESP-La Liga,2425,Athletic Club,Iñaki Williams,GHA,"MF,FW",30,1994,29.5,6,63,24,38.1,2.14,0.81,0.1,0.25,0,0
ESP-La Liga,2425,Athletic Club,Iñigo Lekue,ESP,DF,31,1993,8.6,0,2,0,0.0,0.23,0.0,0.0,,0,0
ESP-La Liga,2425,Athletic Club,Iñigo Ruiz de Galarreta,ESP,MF,30,1993,16.4,0,11,1,9.1,0.67,0.06,0.0,0.0,0,0
ESP-La Liga,2425,Athletic Club,Javi Martón,ESP,FW,25,1999,0.6,0,0,0,,0.0,0.0,,,0,0
ESP-La Liga,2425,Athletic Club,Julen Agirrezabala,ESP,GK,23,2000,13.4,0,0,0,,0.0,0.0,,,0,0
ESP-La Liga,2425,Athletic Club,Maroan Sannadi,MAR,FW,23,2001,8.4,1,19,7,36.8,2.27,0.84,0.05,0.14,0,0
ESP-La Liga,2425,Athletic Club,Mikel Jauregizar,ESP,MF,20,2003,24.9,2,21,8,38.1,0.84,0.32,0.1,0.25,0,0
ESP-La Liga,2425,Athletic Club,Mikel Vesga,ESP,MF,31,1993,11.0,0,6,3,50.0,0.55,0.27,0.0,0.0,0,1
ESP-La Liga,2425,Athletic Club,Nico Williams,ESP,MF,22,2002,22.2,5,54,19,35.2,2.43,0.86,0.09,0.26,0,0
ESP-La Liga,2425,Athletic Club,Nicolás Serrano,ESP,MF,21,2003,1.2,0,5,1,20.0,4.02,0.8,0.0,0.0,0,0
ESP-La Liga,2425,Athletic Club,Oihan Sancet,ESP,MF,24,2000,18.0,15,50,20,40.0,2.78,1.11,0.24,0.6,3,3
ESP-La Liga,2425,Athletic Club,Peio Canales,ESP,MF,19,2005,2.9,0,3,0,0.0,1.04,0.0,0.0,,0,0
ESP-La Liga,2425,Athletic Club,Unai Gómez,ESP,"MF,FW",21,2003,14.3,1,19,4,21.1,1.33,0.28,0.05,0.25,0,0
ESP-La Liga,2425,Athletic Club,Unai Núñez,ESP,DF,27,1997,7.2,0,1,0,0.0,0.14,0.0,0.0,,0,0
ESP-La Liga,2425,Athletic Club,Unai Simón,ESP,GK,27,1997,21.0,0,0,0,,0.0,0.0,,,0,0
ESP-La Liga,2425,Athletic Club,Yeray Álvarez,ESP,DF,29,1995,19.8,1,9,2,22.2,0.45,0.1,0.11,0.5,0,0
ESP-La Liga,2425,Athletic Club,Yuri Berchiche,ESP,DF,34,1990,22.7,0,16,4,25.0,0.7,0.18,0.0,0.0,0,0
ESP-La Liga,2425,Athletic Club,Álex Berenguer,ESP,"MF,FW",29,1995,26.0,6,52,19,36.5,2.0,0.73,0.12,0.32,0,1
ESP-La Liga,2425,Athletic Club,Álvaro djaló,GNB,"MF,FW",24,1999,7.3,1,15,3,20.0,2.05,0.41,0.07,0.33,0,0
ESP-La Liga,2425,Athletic Club,Óscar de Marcos,ESP,DF,35,1989,17.4,0,8,2,25.0,0.46,0.12,0.0,0.0,0,0
ESP-La Liga,2425,Atlético Madrid,Adrian Niño,ESP,FW,20,2004,0.1,0,2,0,0.0,15.0,0.0,0.0,,0,0
ESP-La Liga,2425,Atlético Madrid,Alexander Sørloth,NOR,FW,28,1995,17.4,20,79,42,53.2,4.54,2.41,0.24,0.45,1,1
ESP-La Liga,2425,Atlético Madrid,Antoine Griezmann,FRA,"FW,MF",33,1991,27.4,8,50,18,36.0,1.82,0.66,0.14,0.39,1,2
ESP-La Liga,2425,Atlético Madrid,Axel Witsel,BEL,DF,35,1989,9.5,0,1,0,0.0,0.11,0.0,0.0,,0,0
ESP-La Liga,2425,Atlético Madrid,Clément Lenglet,FRA,DF,29,1995,21.9,2,10,4,40.0,0.46,0.18,0.2,0.5,0,0
ESP-La Liga,2425,Atlético Madrid,Conor Gallagher,ENG,MF,24,2000,18.1,3,22,4,18.2,1.21,0.22,0.14,0.75,0,0
ESP-La Liga,2425,Atlético Madrid,César Azpilicueta,ESP,DF,34,1989,9.7,1,5,2,40.0,0.51,0.21,0.2,0.5,0,0
ESP-La Liga,2425,Atlético Madrid,Giuliano Simeone,ARG,MF,21,2002,21.4,2,22,7,31.8,1.03,0.33,0.09,0.29,0,0
ESP-La Liga,2425,Atlético Madrid,Jan Oblak,SVN,GK,31,1993,36.0,0,0,0,,0.0,0.0,,,0,0
ESP-La Liga,2425,Atlético Madrid,Javi Galán,ESP,DF,29,1994,19.8,0,9,0,0.0,0.45,0.0,0.0,,0,0
ESP-La Liga,2425,Atlético Madrid,José María Giménez,URU,DF,29,1995,22.2,0,5,1,20.0,0.23,0.05,0.0,0.0,0,0
ESP-La Liga,2425,Atlético Madrid,Juan Musso,ARG,GK,30,1994,2.0,0,0,0,,0.0,0.0,,,0,0
ESP-La Liga,2425,Atlético Madrid,Julián Álvarez,ARG,FW,24,2000,27.9,17,73,40,54.8,2.62,1.43,0.18,0.33,4,4
ESP-La Liga,2425,Atlético Madrid,Koke,ESP,MF,32,1992,21.4,1,11,4,36.4,0.51,0.19,0.09,0.25,0,0
ESP-La Liga,2425,Atlético Madrid,Marcos Llorente,ESP,"DF,MF",29,1995,27.9,2,16,5,31.3,0.57,0.18,0.13,0.4,0,0
ESP-La Liga,2425,Atlético Madrid,Nahuel Molina,ARG,DF,26,1998,17.7,0,9,1,11.1,0.51,0.06,0.0,0.0,0,0
ESP-La Liga,2425,Atlético Madrid,Pablo Barrios,ESP,MF,21,2003,25.9,1,29,8,27.6,1.12,0.31,0.03,0.13,0,0
ESP-La Liga,2425,Atlético Madrid,Reinildo Mandava,MOZ,"DF,MF",30,1994,10.5,0,1,1,100.0,0.1,0.1,0.0,0.0,0,0
ESP-La Liga,2425,Atlético Madrid,Robin Le Normand,ESP,DF,27,1996,23.9,1,11,3,27.3,0.46,0.13,0.09,0.33,0,0
ESP-La Liga,2425,Atlético Madrid,Rodrigo De Paul,ARG,MF,30,1994,23.4,3,19,4,21.1,0.81,0.17,0.16,0.75,0,0
ESP-La Liga,2425,Atlético Madrid,Rodrigo Riquelme,ESP,"MF,DF",24,2000,5.7,0,14,4,28.6,2.44,0.7,0.0,0.0,0,0
ESP-La Liga,2425,Atlético Madrid,Samuel Lino,BRA,MF,24,1999,17.2,3,45,18,40.0,2.61,1.04,0.07,0.17,0,0
ESP-La Liga,2425,Atlético Madrid,Thomas Lemar,FRA,MF,28,1995,0.9,0,2,1,50.0,2.12,1.06,0.0,0.0,0,0
ESP-La Liga,2425,Atlético Madrid,Ángel Correa,ARG,FW,29,1995,8.9,4,34,14,41.2,3.8,1.57,0.12,0.29,0,0
ESP-La Liga,2425,Barcelona,Alejandro Balde,ESP,DF,20,2003,25.4,0,12,3,25.0,0.47,0.12,0.0,0.0,0,0
ESP-La Liga,2425,Barcelona,Andreas Christensen,DEN,DF,28,1996,2.8,0,1,0,0.0,0.35,0.0,0.0,,0,0
ESP-La Liga,2425,Barcelona,Ansu Fati,ESP,MF,21,2002,2.6,0,12,5,41.7,4.64,1.93,0.0,0.0,0,0
ESP-La Liga,2425,Barcelona,Dani Olmo,ESP,MF,26,1998,13.5,10,42,17,40.5,3.12,1.26,0.19,0.47,2,2
ESP-La Liga,2425,Barcelona,Daniel Rodriguez,ESP,MF,18,2005,0.4,0,2,0,0.0,4.86,0.0,0.0,,0,0
ESP-La Liga,2425,Barcelona,Eric García,ESP,"DF,MF",23,2001,17.4,2,14,8,57.1,0.8,0.46,0.14,0.25,0,0
ESP-La Liga,2425,Barcelona,Fermin López,ESP,MF,21,2003,13.9,6,41,16,39.0,2.95,1.15,0.15,0.38,0,0
ESP-La Liga,2425,Barcelona,Ferran Torres,ESP,"FW,MF",24,2000,12.3,10,48,22,45.8,3.91,1.79,0.21,0.45,0,0
ESP-La Liga,2425,Barcelona,Frenkie de Jong,NED,MF,27,1997,12.7,2,5,3,60.0,0.39,0.24,0.4,0.67,0,0
ESP-La Liga,2425,Barcelona,Gavi,ESP,MF,19,2004,12.1,1,11,1,9.1,0.91,0.08,0.09,1.0,0,0
ESP-La Liga,2425,Barcelona,Gerard Martín,ESP,DF,22,2002,11.5,1,7,2,28.6,0.61,0.17,0.14,0.5,0,0
ESP-La Liga,2425,Barcelona,Héctor Fort,ESP,DF,17,2006,6.5,0,6,1,16.7,0.92,0.15,0.0,0.0,0,0
ESP-La Liga,2425,Barcelona,Iñaki Peña,ESP,GK,25,1999,15.5,0,0,0,,0.0,0.0,,,0,0
ESP-La Liga,2425,Barcelona,Iñigo Martínez,ESP,DF,33,1991,27.7,0,13,2,15.4,0.47,0.07,0.0,0.0,0,0
ESP-La Liga,2425,Barcelona,Jules Koundé,FRA,DF,25,1998,28.9,2,18,6,33.3,0.62,0.21,0.11,0.33,0,0
ESP-La Liga,2425,Barcelona,Lamine Yamal,ESP,"MF,FW",17,2007,31.7,9,144,47,32.6,4.54,1.48,0.06,0.19,0,0
ESP-La Liga,2425,Barcelona,Marc Bernal,ESP,MF,17,2007,2.7,0,2,1,50.0,0.74,0.37,0.0,0.0,0,0
ESP-La Liga,2425,Barcelona,Marc Casado,ESP,MF,20,2003,17.9,1,14,1,7.1,0.78,0.06,0.07,1.0,0,0
ESP-La Liga,2425,Barcelona,Marc-André ter Stegen,GER,GK,32,1992,7.5,0,0,0,,0.0,0.0,,,0,0
ESP-La Liga,2425,Barcelona,Pablo Torre,ESP,MF,21,2003,3.4,3,6,4,66.7,1.74,1.16,0.5,0.75,0,0
ESP-La Liga,2425,Barcelona,Pau Cubarsí,ESP,DF,17,2007,29.1,0,8,0,0.0,0.28,0.0,0.0,,0,0
ESP-La Liga,2425,Barcelona,Pau Victor,ESP,FW,22,2001,3.5,2,14,8,57.1,3.95,2.26,0.14,0.25,0,0
ESP-La Liga,2425,Barcelona,Pedri,ESP,MF,21,2002,32.0,4,24,11,45.8,0.75,0.34,0.17,0.36,0,0
ESP-La Liga,2425,Barcelona,Raphinha,BRA,"MF,FW",27,1996,31.5,18,114,43,37.7,3.61,1.36,0.14,0.37,2,2
ESP-La Liga,2425,Barcelona,Robert Lewandowski,POL,FW,35,1988,29.6,27,115,48,41.7,3.88,1.62,0.21,0.5,3,4
ESP-La Liga,2425,Barcelona,Ronald Araújo,URU,DF,25,1999,8.4,1,4,2,50.0,0.48,0.24,0.25,0.5,0,0
ESP-La Liga,2425,Barcelona,Sergi Dominguez,ESP,DF,19,2005,1.9,0,0,0,,0.0,0.0,,,0,0
ESP-La Liga,2425,Barcelona,Wojciech Szczęsny,POL,GK,34,1990,15.0,0,0,0,,0.0,0.0,,,0,0
ESP-La Liga,2425,Celta Vigo,Alfon,ESP,"FW,MF",25,1999,15.2,5,45,21,46.7,2.95,1.38,0.11,0.24,0,0
ESP-La Liga,2425,Celta Vigo,Anastasios Douvikas,GRE,FW,24,1999,7.8,3,17,9,52.9,2.19,1.16,0.18,0.33,0,0
ESP-La Liga,2425,Celta Vigo,Borja Iglesias,ESP,FW,31,1993,21.7,11,46,28,60.9,2.12,1.29,0.24,0.39,0,0
ESP-La Liga,2425,Celta Vigo,Carl Starfelt,SWE,DF,29,1995,25.2,1,5,1,20.0,0.2,0.04,0.2,1.0,0,0
ESP-La Liga,2425,Celta Vigo,Carlos Dominguez,ESP,DF,23,2001,13.1,0,3,1,33.3,0.23,0.08,0.0,0.0,0,0
ESP-La Liga,2425,Celta Vigo,Damián Rodríguez,ESP,MF,21,2003,10.3,0,4,0,0.0,0.39,0.0,0.0,,0,0
ESP-La Liga,2425,Celta Vigo,Fer López,ESP,"FW,MF",20,2004,7.5,2,20,6,30.0,2.68,0.8,0.1,0.33,0,0
ESP-La Liga,2425,Celta Vigo,Fran Beltrán,ESP,MF,25,1999,26.9,2,23,4,17.4,0.86,0.15,0.09,0.5,0,0
ESP-La Liga,2425,Celta Vigo,Franco Cervi,ARG,"MF,FW",30,1994,3.0,0,0,0,,0.0,0.0,,,0,0
ESP-La Liga,2425,Celta Vigo,Hugo Sotelo,ESP,MF,20,2003,13.9,0,4,0,0.0,0.29,0.0,0.0,,0,0
ESP-La Liga,2425,Celta Vigo,Hugo Álvarez,ESP,MF,21,2003,17.5,4,25,9,36.0,1.43,0.52,0.16,0.44,0,0
ESP-La Liga,2425,Celta Vigo,Iago Aspas,ESP,"FW,MF",36,1987,19.4,10,52,24,46.2,2.68,1.24,0.1,0.21,5,6
ESP-La Liga,2425,Celta Vigo,Iker Losada,ESP,"MF,FW",22,2001,4.0,1,3,2,66.7,0.75,0.5,0.33,0.5,0,0
ESP-La Liga,2425,Celta Vigo,Ilaix Moriba,GUI,MF,21,2003,23.7,1,34,12,35.3,1.44,0.51,0.03,0.08,0,0
ESP-La Liga,2425,Celta Vigo,Iván Villar,ESP,GK,27,1997,4.0,0,0,0,,0.0,0.0,,,0,0
ESP-La Liga,2425,Celta Vigo,Jailson Siqueira,BRA,DF,28,1995,6.8,0,4,2,50.0,0.59,0.29,0.0,0.0,0,0
ESP-La Liga,2425,Celta Vigo,Javi Rodríguez,ESP,DF,21,2003,27.9,3,12,5,41.7,0.43,0.18,0.25,0.6,0,0
ESP-La Liga,2425,Celta Vigo,Javier Manquillo,ESP,DF,30,1994,5.7,0,0,0,,0.0,0.0,,,0,0
ESP-La Liga,2425,Celta Vigo,Jonathan Bamba,CIV,"MF,FW",28,1996,9.0,0,13,6,46.2,1.44,0.67,0.0,0.0,0,0
ESP-La Liga,2425,Celta Vigo,Joseph Aidoo,GHA,DF,28,1995,0.0,0,0,0,,0.0,0.0,,,0,0
ESP-La Liga,2425,Celta Vigo,Luca de la Torre,USA,MF,26,1998,0.0,0,0,0,,0.0,0.0,,,0,0
ESP-La Liga,2425,Celta Vigo,Marcos Alonso,ESP,DF,33,1990,29.4,3,34,13,38.2,1.16,0.44,0.0,0.0,3,3
ESP-La Liga,2425,Celta Vigo,Mihailo Ristić,SRB,"MF,DF",28,1995,4.8,0,2,0,0.0,0.42,0.0,0.0,,0,0
ESP-La Liga,2425,Celta Vigo,Pablo Durán,ESP,"FW,MF",23,2001,15.5,4,26,10,38.5,1.68,0.65,0.15,0.4,0,0
ESP-La Liga,2425,Celta Vigo,Sergio Carreira,ESP,MF,23,2000,18.4,0,13,3,23.1,0.71,0.16,0.0,0.0,0,0
ESP-La Liga,2425,Celta Vigo,Tadeo Allende,ARG,"FW,MF",25,1999,0.0,0,0,0,,0.0,0.0,,,0,0
ESP-La Liga,2425,Celta Vigo,Vicente Guaita,ESP,GK,37,1987,34.0,0,0,0,,0.0,0.0,,,0,0
ESP-La Liga,2425,Celta Vigo,Williot Swedberg,SWE,"FW,MF",20,2004,15.0,4,32,15,46.9,2.14,1.0,0.13,0.27,0,0
ESP-La Liga,2425,Celta Vigo,Yoel Lago,ESP,DF,20,2004,6.5,0,0,0,,0.0,0.0,,,0,0
ESP-La Liga,2425,Celta Vigo,Óscar Mingueza,ESP,"MF,DF",25,1999,30.3,4,33,10,30.3,1.09,0.33,0.12,0.4,0,0
ESP-La Liga,2425,Espanyol,Alejo Véliz,ARG,FW,20,2003,12.5,1,19,6,31.6,1.52,0.48,0.05,0.17,0,0
ESP-La Liga,2425,Espanyol,Alex Král,CZE,MF,26,1998,30.2,0,21,2,9.5,0.7,0.07,0.0,0.0,0,0
ESP-La Liga,2425,Espanyol,Antoniu,ESP,MF,21,2002,11.4,0,10,4,40.0,0.88,0.35,0.0,0.0,0,0
ESP-La Liga,2425,Espanyol,Brian Oliván,ESP,DF,30,1994,11.3,0,6,1,16.7,0.53,0.09,0.0,0.0,0,0
ESP-La Liga,2425,Espanyol,Carlos Romero,ESP,"DF,MF",22,2001,28.4,2,29,6,20.7,1.02,0.21,0.07,0.33,0,0
ESP-La Liga,2425,Espanyol,Edu Expósito,ESP,MF,27,1996,11.6,0,18,6,33.3,1.55,0.52,0.0,0.0,0,0
ESP-La Liga,2425,Espanyol,Fernando Calero,ESP,DF,28,1995,7.9,1,2,1,50.0,0.25,0.13,0.5,1.0,0,0
ESP-La Liga,2425,Espanyol,Irvin Cardona,MLT,"FW,MF",26,1997,6.7,1,10,3,30.0,1.49,0.45,0.1,0.33,0,0
ESP-La Liga,2425,Espanyol,Javi Puado,ESP,"MF,FW",26,1998,33.0,12,71,24,33.8,2.15,0.73,0.1,0.29,5,5
ESP-La Liga,2425,Espanyol,Joan García,ESP,GK,23,2001,38.0,0,1,1,100.0,0.03,0.03,0.0,0.0,0,0
ESP-La Liga,2425,Espanyol,Jofre,ESP,MF,23,2001,24.1,3,40,11,27.5,1.66,0.46,0.08,0.27,0,0
ESP-La Liga,2425,Espanyol,José Gragera,ESP,MF,23,2000,6.3,0,2,0,0.0,0.32,0.0,0.0,,0,0
ESP-La Liga,2425,Espanyol,Justin Smith,CAN,MF,21,2003,2.3,0,0,0,,0.0,0.0,,,0,0
ESP-La Liga,2425,Espanyol,Leandro Cabrera,URU,DF,33,1991,31.9,4,19,6,31.6,0.6,0.19,0.21,0.67,0,0
ESP-La Liga,2425,Espanyol,Marash Kumbulla,ALB,DF,24,2000,33.0,3,16,5,31.3,0.48,0.15,0.19,0.6,0,0
ESP-La Liga,2425,Espanyol,Naci Ünüvar,NED,"FW,MF",21,2003,0.3,0,1,0,0.0,2.9,0.0,0.0,,0,0
ESP-La Liga,2425,Espanyol,Omar El Hilali,MAR,DF,20,2003,35.0,0,2,0,0.0,0.06,0.0,0.0,,0,0
ESP-La Liga,2425,Espanyol,Pere Milla,ESP,MF,31,1992,5.1,3,11,5,45.5,2.17,0.99,0.27,0.6,0,0
ESP-La Liga,2425,Espanyol,Pol Lozano,ESP,MF,24,1999,21.6,0,8,2,25.0,0.37,0.09,0.0,0.0,0,0
ESP-La Liga,2425,Espanyol,Rafael Bauza,ESP,MF,19,2005,2.0,0,3,0,0.0,1.48,0.0,0.0,,0,0
ESP-La Liga,2425,Espanyol,Roberto Férnandez,ESP,FW,22,2002,16.6,6,21,9,42.9,1.26,0.54,0.29,0.67,0,0
ESP-La Liga,2425,Espanyol,Roger Hinojo,ESP,DF,19,2005,0.1,0,0,0,,0.0,0.0,,,0,0
ESP-La Liga,2425,Espanyol,Sergi Gómez,ESP,DF,32,1992,7.4,0,2,1,50.0,0.27,0.14,0.0,0.0,0,0
ESP-La Liga,2425,Espanyol,Urko González,ESP,MF,23,2001,15.3,0,4,2,50.0,0.26,0.13,0.0,0.0,0,0
ESP-La Liga,2425,Espanyol,Walid Cheddira,MAR,FW,26,1998,7.1,1,13,4,30.8,1.83,0.56,0.08,0.25,0,0
ESP-La Liga,2425,Espanyol,Álvaro Aguado,ESP,MF,28,1996,4.9,0,10,1,10.0,2.03,0.2,0.0,0.0,0,0
ESP-La Liga,2425,Espanyol,Álvaro Tejero,ESP,"MF,DF",28,1996,13.8,1,17,4,23.5,1.24,0.29,0.06,0.25,0,0
ESP-La Liga,2425,Getafe,Abdoulaye Keita,ESP,MF,21,2002,1.1,0,2,0,0.0,1.89,0.0,0.0,,0,0
ESP-La Liga,2425,Getafe,Alberto Risco,ESP,MF,18,2005,0.8,0,4,1,25.0,5.22,1.3,0.0,0.0,0,0
ESP-La Liga,2425,Getafe,Alex Sola,ESP,MF,25,1999,11.4,0,14,1,7.1,1.22,0.09,0.0,0.0,0,0
ESP-La Liga,2425,Getafe,Allan Nyom,CMR,"MF,DF",36,1988,9.9,1,9,4,44.4,0.91,0.41,0.11,0.25,0,0
ESP-La Liga,2425,Getafe,Bertuğ Yıldırım,TUR,FW,22,2002,12.0,1,19,7,36.8,1.58,0.58,0.05,0.14,0,0
ESP-La Liga,2425,Getafe,Borja Mayoral,ESP,FW,27,1997,12.4,5,20,9,45.0,1.62,0.73,0.2,0.44,1,1
ESP-La Liga,2425,Getafe,Carles Aleñá,ESP,MF,26,1998,5.0,0,5,1,20.0,1.0,0.2,0.0,0.0,0,0
ESP-La Liga,2425,Getafe,Carles Pérez,ESP,MF,26,1998,15.9,3,34,9,26.5,2.14,0.57,0.09,0.33,0,0
ESP-La Liga,2425,Getafe,Christantus Uche,NGA,"FW,MF",21,2003,27.6,4,50,14,28.0,1.81,0.51,0.08,0.29,0,0
ESP-La Liga,2425,Getafe,Coba da Costa,ESP,MF,22,2002,11.2,1,23,8,34.8,2.06,0.72,0.04,0.13,0,0
ESP-La Liga,2425,Getafe,David Argüelles,ESP,DF,22,2002,0.1,0,0,0,,0.0,0.0,,,0,0
ESP-La Liga,2425,Getafe,David Soria,ESP,GK,31,1993,38.0,0,0,0,,0.0,0.0,,,0,0
ESP-La Liga,2425,Getafe,Diego Rico,ESP,DF,31,1993,31.3,0,16,3,18.8,0.51,0.1,0.0,0.0,0,0
ESP-La Liga,2425,Getafe,Djené,TOG,"DF,MF",32,1991,28.3,0,6,0,0.0,0.21,0.0,0.0,,0,0
ESP-La Liga,2425,Getafe,Domingos Duarte,POR,DF,29,1995,20.7,1,3,1,33.3,0.15,0.05,0.33,1.0,0,0
ESP-La Liga,2425,Getafe,Gorka Rivera Alonso,ESP,DF,19,2004,0.2,0,0,0,,0.0,0.0,,,0,0
ESP-La Liga,2425,Getafe,Iglesias,ESP,"DF,MF",26,1998,32.1,0,21,3,14.3,0.65,0.09,0.0,0.0,0,0
ESP-La Liga,2425,Getafe,Ismael Bekhoucha,MAR,DF,19,2004,0.8,0,0,0,,0.0,0.0,,,0,0
ESP-La Liga,2425,Getafe,John Joe,IRL,MF,20,2003,0.5,0,2,0,0.0,3.75,0.0,0.0,,0,0
ESP-La Liga,2425,Getafe,Juan Bernat,ESP,MF,31,1993,7.8,0,4,0,0.0,0.52,0.0,0.0,,0,0
ESP-La Liga,2425,Getafe,Juan Berrocal,ESP,DF,25,1999,11.8,0,4,0,0.0,0.34,0.0,0.0,,0,0
ESP-La Liga,2425,Getafe,Juanmi,ESP,FW,31,1993,7.7,0,13,7,53.8,1.68,0.91,0.0,0.0,0,0
ESP-La Liga,2425,Getafe,Luis Milla,ESP,MF,29,1994,31.9,1,32,8,25.0,1.0,0.25,0.0,0.0,1,1
ESP-La Liga,2425,Getafe,Mauro Arambarri,URU,MF,28,1995,29.6,10,56,19,33.9,1.89,0.64,0.13,0.37,3,3
ESP-La Liga,2425,Getafe,Nabil Aberdin,FRA,MF,21,2002,2.9,0,2,0,0.0,0.68,0.0,0.0,,0,0
ESP-La Liga,2425,Getafe,Omar Alderete,PAR,DF,27,1996,33.0,1,38,10,26.3,1.15,0.3,0.03,0.1,0,0
ESP-La Liga,2425,Getafe,Peter González,DOM,MF,22,2002,5.3,0,12,4,33.3,2.26,0.75,0.0,0.0,0,0
ESP-La Liga,2425,Getafe,Ramón Terrats,ESP,"MF,FW",23,2000,13.5,4,19,9,47.4,1.4,0.66,0.21,0.44,0,0
ESP-La Liga,2425,Getafe,Yellu Santiago,ESP,MF,20,2004,4.1,0,1,0,0.0,0.24,0.0,0.0,,0,0
ESP-La Liga,2425,Getafe,Álvaro Rodríguez,URU,FW,20,2004,9.5,2,25,10,40.0,2.64,1.06,0.08,0.2,0,0
ESP-La Liga,2425,Girona,Abel Ruiz,ESP,FW,24,2000,15.0,4,23,9,39.1,1.54,0.6,0.13,0.33,1,2
ESP-La Liga,2425,Girona,Alejandro Francés,ESP,DF,21,2002,13.0,0,6,0,0.0,0.46,0.0,0.0,,0,0
ESP-La Liga,2425,Girona,Arnau Martinez,ESP,"DF,MF",21,2003,29.2,2,19,6,31.6,0.65,0.21,0.11,0.33,0,0
ESP-La Liga,2425,Girona,Arnaut Danjuma,NED,"MF,FW",27,1997,14.8,2,30,14,46.7,2.02,0.94,0.07,0.14,0,0
ESP-La Liga,2425,Girona,Arthur Melo,BRA,MF,27,1996,10.5,0,6,1,16.7,0.57,0.1,0.0,0.0,0,0
ESP-La Liga,2425,Girona,Bojan Miovski,MKD,FW,25,1999,9.7,2,14,4,28.6,1.45,0.41,0.14,0.5,0,0
ESP-La Liga,2425,Girona,Bryan Gil,ESP,"MF,FW",23,2001,19.1,3,32,15,46.9,1.67,0.78,0.09,0.2,0,0
ESP-La Liga,2425,Girona,Cristhian Stuani,URU,FW,37,1986,12.0,11,34,19,55.9,2.84,1.59,0.24,0.42,3,3
ESP-La Liga,2425,Girona,Daley Blind,NED,DF,34,1990,30.9,0,10,4,40.0,0.32,0.13,0.0,0.0,0,0
ESP-La Liga,2425,Girona,David López,ESP,DF,34,1989,27.0,1,12,3,25.0,0.44,0.11,0.08,0.33,0,0
ESP-La Liga,2425,Girona,Donny van de Beek,NED,MF,27,1997,15.8,2,18,5,27.8,1.14,0.32,0.11,0.4,0,0
ESP-La Liga,2425,Girona,Ferrán Ruiz,ESP,DF,21,2003,0.2,0,0,0,,0.0,0.0,,,0,0
ESP-La Liga,2425,Girona,Gabriel Osei Misehouy,NED,FW,19,2005,2.9,1,6,2,33.3,2.1,0.7,0.17,0.5,0,0
ESP-La Liga,2425,Girona,Iker Almena,ESP,MF,20,2004,0.5,0,1,0,0.0,1.87,0.0,0.0,,0,0
ESP-La Liga,2425,Girona,Iván Martín,ESP,MF,25,1999,22.7,1,11,3,27.3,0.49,0.13,0.09,0.33,0,0
ESP-La Liga,2425,Girona,Jhon Solis,COL,MF,19,2004,5.9,1,4,1,25.0,0.67,0.17,0.25,1.0,0,0
ESP-La Liga,2425,Girona,Juanpe,ESP,DF,33,1991,8.1,0,2,0,0.0,0.25,0.0,0.0,,0,0
ESP-La Liga,2425,Girona,Kim Minsu,KOR,FW,18,2006,0.2,0,0,0,,0.0,0.0,,,0,0
ESP-La Liga,2425,Girona,Ladislav Krejčí,CZE,DF,25,1999,27.1,2,18,5,27.8,0.66,0.18,0.11,0.4,0,0
ESP-La Liga,2425,Girona,Miguel Gutiérrez,ESP,"DF,MF",23,2001,27.3,1,28,9,32.1,1.03,0.33,0.04,0.11,0,0
ESP-La Liga,2425,Girona,Oriol Romeu,ESP,MF,32,1991,15.1,0,5,1,20.0,0.33,0.07,0.0,0.0,0,0
ESP-La Liga,2425,Girona,Papa Ba,ESP,FW,19,2004,0.5,0,1,0,0.0,1.87,0.0,0.0,,0,0
ESP-La Liga,2425,Girona,Pau López,ESP,GK,29,1994,0.5,0,0,0,,0.0,0.0,,,0,0
ESP-La Liga,2425,Girona,Paulo Gazzaniga,ARG,GK,32,1992,35.5,0,0,0,,0.0,0.0,,,0,0
ESP-La Liga,2425,Girona,Portu,ESP,"FW,MF",32,1992,8.7,1,8,4,50.0,0.92,0.46,0.13,0.25,0,0
ESP-La Liga,2425,Girona,Silvi Clúa,ESP,MF,19,2005,1.8,0,2,1,50.0,1.1,0.55,0.0,0.0,0,0
ESP-La Liga,2425,Girona,Viktor Tsyhankov,UKR,"MF,FW",26,1997,21.3,2,35,10,28.6,1.65,0.47,0.06,0.2,0,0
ESP-La Liga,2425,Girona,Vladyslav Krapyvtsov,UKR,GK,19,2005,2.0,0,0,0,,0.0,0.0,,,0,0
ESP-La Liga,2425,Girona,Yangel Herrera,VEN,MF,26,1998,25.1,4,39,14,35.9,1.56,0.56,0.1,0.29,0,0
ESP-La Liga,2425,Girona,Yaser Asprilla,COL,"MF,FW",20,2003,15.6,3,38,11,28.9,2.43,0.7,0.08,0.27,0,0
ESP-La Liga,2425,Las Palmas,Aboubacar Bassinga,BFA,MF,19,2005,0.0,0,0,0,,0.0,0.0,,,0,0
ESP-La Liga,2425,Las Palmas,Adnan Januzaj,BEL,"MF,FW",29,1995,6.6,2,16,5,31.3,2.41,0.75,0.13,0.4,0,0
ESP-La Liga,2425,Las Palmas,Alberto Moleiro,ESP,MF,20,2003,30.2,6,68,24,35.3,2.25,0.8,0.09,0.25,0,0
ESP-La Liga,2425,Las Palmas,Andy Pelmard,MAD,DF,24,2000,2.3,0,1,0,0.0,0.44,0.0,0.0,,0,0
ESP-La Liga,2425,Las Palmas,Arturo Rodríguez,ESP,FW,17,2006,0.2,0,0,0,,0.0,0.0,,,0,0
ESP-La Liga,2425,Las Palmas,Benito Ramírez,ESP,"MF,DF",29,1995,5.3,0,10,1,10.0,1.88,0.19,0.0,0.0,0,0
ESP-La Liga,2425,Las Palmas,Daley Sinkgraven,NED,DF,29,1995,1.0,0,0,0,,0.0,0.0,,,0,0
ESP-La Liga,2425,Las Palmas,Dario Essugo,POR,MF,19,2005,21.5,1,23,4,17.4,1.07,0.19,0.04,0.25,0,0
ESP-La Liga,2425,Las Palmas,Diego Martín,ESP,FW,20,2003,0.4,0,1,0,0.0,2.25,0.0,0.0,,0,0
ESP-La Liga,2425,Las Palmas,Dinko Horkaš,CRO,GK,25,1999,12.1,0,0,0,,0.0,0.0,,,0,0
ESP-La Liga,2425,Las Palmas,Enzo Loiodice,FRA,MF,23,2000,7.6,0,7,4,57.1,0.92,0.53,0.0,0.0,0,0
ESP-La Liga,2425,Las Palmas,Fabio González,ESP,MF,27,1997,0.6,0,2,0,0.0,3.4,0.0,0.0,,0,0
ESP-La Liga,2425,Las Palmas,Fábio Silva,POR,FW,22,2002,20.7,10,49,24,49.0,2.36,1.16,0.16,0.33,2,3
ESP-La Liga,2425,Las Palmas,Jaime Mata,ESP,"MF,FW",35,1988,7.3,0,17,6,35.3,2.33,0.82,0.0,0.0,0,0
ESP-La Liga,2425,Las Palmas,Jasper Cillessen,NED,GK,35,1989,25.9,0,0,0,,0.0,0.0,,,0,0
ESP-La Liga,2425,Las Palmas,Javier Muñoz,ESP,"MF,DF",29,1995,28.8,1,25,6,24.0,0.87,0.21,0.04,0.17,0,0
ESP-La Liga,2425,Las Palmas,José Campaña,ESP,MF,31,1993,13.2,0,5,3,60.0,0.38,0.23,0.0,0.0,0,0
ESP-La Liga,2425,Las Palmas,José Carlos González,ESP,MF,18,2006,0.1,0,0,0,,0.0,0.0,,,0,0
ESP-La Liga,2425,Las Palmas,Juanma Herzog,ESP,DF,20,2004,14.6,0,11,2,18.2,0.75,0.14,0.0,0.0,0,0
ESP-La Liga,2425,Las Palmas,Kirian Rodríguez,ESP,MF,28,1996,19.5,0,21,9,42.9,1.08,0.46,0.0,0.0,0,0
ESP-La Liga,2425,Las Palmas,Manuel Fuster,ESP,"MF,FW",26,1997,11.1,2,18,7,38.9,1.62,0.63,0.11,0.29,0,0
ESP-La Liga,2425,Las Palmas,Marc Cardona,ESP,FW,29,1995,1.5,0,4,0,0.0,2.73,0.0,0.0,,0,0
ESP-La Liga,2425,Las Palmas,Marvin,ESP,"DF,MF",24,2000,11.5,0,5,0,0.0,0.43,0.0,0.0,,0,0
ESP-La Liga,2425,Las Palmas,Mika Mármol,ESP,DF,23,2001,26.7,0,10,0,0.0,0.38,0.0,0.0,,0,0
ESP-La Liga,2425,Las Palmas,Oliver McBurnie,SCO,FW,28,1996,20.4,3,32,13,40.6,1.57,0.64,0.09,0.23,0,0
ESP-La Liga,2425,Las Palmas,Pejiño,ESP,MF,28,1996,0.2,0,1,0,0.0,5.63,0.0,0.0,,0,0
ESP-La Liga,2425,Las Palmas,Sandro Ramírez,ESP,"MF,FW",29,1995,22.6,9,52,21,40.4,2.3,0.93,0.15,0.38,1,1
ESP-La Liga,2425,Las Palmas,Scott McKenna,SCO,DF,27,1996,27.4,0,10,0,0.0,0.36,0.0,0.0,,0,0
ESP-La Liga,2425,Las Palmas,Sergio Viera,ESP,MF,19,2005,1.1,0,1,0,0.0,0.94,0.0,0.0,,0,0
ESP-La Liga,2425,Las Palmas,Stefan Bajcetic,ESP,"MF,DF",19,2004,10.8,1,5,2,40.0,0.46,0.19,0.2,0.5,0,0
ESP-La Liga,2425,Las Palmas,Valentín Pezzolesi,ESP,DF,17,2007,0.1,0,0,0,,0.0,0.0,,,0,0
ESP-La Liga,2425,Las Palmas,Viti,ESP,DF,26,1997,22.0,0,3,2,66.7,0.14,0.09,0.0,0.0,0,0
ESP-La Liga,2425,Las Palmas,Álex Muñoz,ESP,DF,30,1994,15.7,3,9,5,55.6,0.57,0.32,0.33,0.6,0,0
ESP-La Liga,2425,Las Palmas,Álex Suárez,ESP,DF,31,1993,27.3,0,6,3,50.0,0.22,0.11,0.0,0.0,0,0
ESP-La Liga,2425,Leganés,Adrià Altimira,ESP,"DF,MF",23,2001,18.1,0,7,2,28.6,0.39,0.11,0.0,0.0,0,0
ESP-La Liga,2425,Leganés,Aritz Arambarri,ESP,DF,26,1998,2.0,0,1,0,0.0,0.51,0.0,0.0,,0,0
ESP-La Liga,2425,Leganés,Borna Barišić,CRO,DF,31,1992,0.1,0,0,0,,0.0,0.0,,,0,0
ESP-La Liga,2425,Leganés,Dani Raba,ESP,"MF,FW",28,1995,20.9,8,44,17,38.6,2.11,0.81,0.09,0.24,4,5
ESP-La Liga,2425,Leganés,Darko Brašanac,SRB,MF,32,1992,18.0,1,12,3,25.0,0.67,0.17,0.08,0.33,0,0
ESP-La Liga,2425,Leganés,Diego,ESP,"FW,MF",24,2000,13.3,3,29,9,31.0,2.18,0.68,0.1,0.33,0,0
ESP-La Liga,2425,Leganés,Duk,CPV,MF,24,2000,2.0,0,2,1,50.0,1.01,0.5,0.0,0.0,0,0
ESP-La Liga,2425,Leganés,Enric Franquesa,ESP,"MF,DF",27,1997,6.8,1,3,1,33.3,0.44,0.15,0.33,1.0,0,0
ESP-La Liga,2425,Leganés,Javi Hernández,ESP,DF,26,1998,26.5,2,17,6,35.3,0.64,0.23,0.12,0.33,0,0
ESP-La Liga,2425,Leganés,Jorge Sáenz,ESP,DF,27,1996,18.8,1,8,3,37.5,0.43,0.16,0.13,0.33,0,0
ESP-La Liga,2425,Leganés,Juan Cruz,ESP,"MF,DF",24,2000,25.1,5,33,14,42.4,1.32,0.56,0.15,0.36,0,0
ESP-La Liga,2425,Leganés,Juan Soriano,ESP,GK,26,1997,6.0,0,0,0,,0.0,0.0,,,0,0
ESP-La Liga,2425,Leganés,Julián Chicco,ARG,"MF,DF",26,1998,3.4,0,3,1,33.3,0.89,0.3,0.0,0.0,0,0
ESP-La Liga,2425,Leganés,Marko Dmitrović,SRB,GK,32,1992,32.0,0,0,0,,0.0,0.0,,,0,0
ESP-La Liga,2425,Leganés,Matija Nastasić,SRB,DF,31,1993,23.4,1,2,1,50.0,0.09,0.04,0.5,1.0,0,0
ESP-La Liga,2425,Leganés,Miguel,ESP,FW,24,1999,19.2,1,35,16,45.7,1.83,0.84,0.0,0.0,1,2
ESP-La Liga,2425,Leganés,Munir El Haddadi,MAR,"MF,FW",28,1995,9.6,4,21,9,42.9,2.19,0.94,0.19,0.44,0,0
ESP-La Liga,2425,Leganés,Renato Tapia,PER,"MF,DF",29,1995,26.9,1,14,6,42.9,0.52,0.22,0.07,0.17,0,0
ESP-La Liga,2425,Leganés,Roberto López,ESP,MF,24,2000,4.4,0,6,1,16.7,1.36,0.23,0.0,0.0,0,0
ESP-La Liga,2425,Leganés,Sergi,ESP,DF,32,1992,32.9,2,13,5,38.5,0.4,0.15,0.15,0.4,0,0
ESP-La Liga,2425,Leganés,Seydouba Cissé,GUI,MF,23,2001,27.1,3,24,5,20.8,0.89,0.18,0.13,0.6,0,0
ESP-La Liga,2425,Leganés,Sébastien Haller,CIV,FW,30,1994,4.5,0,4,1,25.0,0.89,0.22,0.0,0.0,0,0
ESP-La Liga,2425,Leganés,Valentin Rosier,FRA,DF,27,1996,28.8,1,14,4,28.6,0.49,0.14,0.07,0.25,0,0
ESP-La Liga,2425,Leganés,Yan Diomandé,CIV,MF,17,2006,6.1,2,11,3,27.3,1.82,0.5,0.18,0.67,0,0
ESP-La Liga,2425,Leganés,Yvan Neyou,CMR,MF,27,1997,25.7,1,16,3,18.8,0.62,0.12,0.06,0.33,0,0
ESP-La Liga,2425,Leganés,Óscar Rodríguez Arnaiz,ESP,MF,26,1998,14.8,1,33,6,18.2,2.23,0.41,0.03,0.17,0,0
ESP-La Liga,2425,Mallorca,Abdón Prats,ESP,"FW,MF",31,1992,5.1,2,14,6,42.9,2.76,1.18,0.07,0.17,1,1
ESP-La Liga,2425,Mallorca,Antonio Raillo,ESP,DF,32,1991,35.6,2,35,8,22.9,0.98,0.22,0.06,0.25,0,0
ESP-La Liga,2425,Mallorca,Antonio Sánchez,ESP,"MF,DF",27,1997,15.5,0,17,2,11.8,1.1,0.13,0.0,0.0,0,0
ESP-La Liga,2425,Mallorca,Chiquinho,POR,MF,24,2000,1.6,0,4,2,50.0,2.47,1.23,0.0,0.0,0,0
ESP-La Liga,2425,Mallorca,Copete,ESP,DF,24,1999,17.0,0,6,2,33.3,0.35,0.12,0.0,0.0,0,0
ESP-La Liga,2425,Mallorca,Cyle Larin,CAN,FW,29,1995,19.6,7,39,15,38.5,1.99,0.77,0.15,0.4,1,1
ESP-La Liga,2425,Mallorca,Dani Rodríguez,ESP,"MF,FW",36,1988,24.0,4,31,10,32.3,1.29,0.42,0.13,0.4,0,0
ESP-La Liga,2425,Mallorca,Daniel Luna,COL,MF,21,2003,0.2,0,0,0,,0.0,0.0,,,0,0
ESP-La Liga,2425,Mallorca,David López,ESP,DF,21,2003,1.9,0,0,0,,0.0,0.0,,,0,0
ESP-La Liga,2425,Mallorca,Dominik Greif,SVK,GK,27,1997,31.0,0,0,0,,0.0,0.0,,,0,0
ESP-La Liga,2425,Mallorca,Jan Salas,ESP,MF,18,2005,0.5,0,2,0,0.0,4.19,0.0,0.0,,0,0
ESP-La Liga,2425,Mallorca,Javier Llabrés,ESP,MF,21,2002,0.6,0,1,0,0.0,1.58,0.0,0.0,,0,0
ESP-La Liga,2425,Mallorca,Johan Mojica,COL,DF,31,1992,30.6,1,17,3,17.6,0.56,0.1,0.06,0.33,0,0
ESP-La Liga,2425,Mallorca,Leo Román,ESP,GK,24,2000,7.0,0,0,0,,0.0,0.0,,,0,0
ESP-La Liga,2425,Mallorca,Manu Morlanes,ESP,MF,25,1999,14.9,0,11,1,9.1,0.74,0.07,0.0,0.0,0,0
ESP-La Liga,2425,Mallorca,Marc Domenech,ESP,"FW,MF",18,2006,3.4,0,8,2,25.0,2.38,0.59,0.0,0.0,0,0
ESP-La Liga,2425,Mallorca,Martin Valjent,SVK,DF,28,1995,30.7,3,12,5,41.7,0.39,0.16,0.25,0.6,0,0
ESP-La Liga,2425,Mallorca,Mateu Morey,ESP,DF,24,2000,8.2,0,3,1,33.3,0.36,0.12,0.0,0.0,0,0
ESP-La Liga,2425,Mallorca,Omar Mascarell,EQG,MF,31,1993,22.1,1,9,2,22.2,0.41,0.09,0.11,0.5,0,0
ESP-La Liga,2425,Mallorca,Pablo Maffeo,ESP,DF,27,1997,26.3,0,7,1,14.3,0.27,0.04,0.0,0.0,0,0
ESP-La Liga,2425,Mallorca,Roberto Navarro,ESP,MF,22,2002,14.2,1,18,6,33.3,1.27,0.42,0.06,0.17,0,0
ESP-La Liga,2425,Mallorca,Samu Costa,POR,MF,23,2000,29.4,0,30,8,26.7,1.02,0.27,0.0,0.0,0,0
ESP-La Liga,2425,Mallorca,Sergi Darder,ESP,MF,30,1993,30.5,2,36,9,25.0,1.18,0.3,0.06,0.22,0,0
ESP-La Liga,2425,Mallorca,Siebe Van Der Heyden,BEL,DF,26,1998,1.1,0,1,0,0.0,0.93,0.0,0.0,,0,0
ESP-La Liga,2425,Mallorca,Takuma Asano,JPN,"MF,FW",29,1994,11.7,2,28,8,28.6,2.39,0.68,0.07,0.25,0,0
ESP-La Liga,2425,Mallorca,Toni Lato,ESP,DF,26,1997,6.9,0,0,0,,0.0,0.0,,,0,0
ESP-La Liga,2425,Mallorca,Valery Fernández,ESP,MF,24,1999,3.4,2,3,3,100.0,0.87,0.87,0.67,0.67,0,0
ESP-La Liga,2425,Mallorca,Vedat Muriqi,KVX,FW,30,1994,22.9,7,54,19,35.2,2.36,0.83,0.09,0.26,2,3
ESP-La Liga,2425,Osasuna,Abel Bretones,ESP,"DF,MF",23,2000,23.0,2,12,4,33.3,0.52,0.17,0.17,0.5,0,0
ESP-La Liga,2425,Osasuna,Aimar Oroz,ESP,MF,22,2001,33.0,5,48,16,33.3,1.46,0.49,0.08,0.25,1,1
ESP-La Liga,2425,Osasuna,Aitor Fernández,ESP,GK,33,1991,1.0,0,0,0,,0.0,0.0,,,0,0
ESP-La Liga,2425,Osasuna,Ante Budimir,CRO,FW,33,1991,32.8,21,99,37,37.4,3.02,1.13,0.13,0.35,8,8
ESP-La Liga,2425,Osasuna,Bryan Zaragoza,ESP,"MF,FW",22,2001,20.4,1,42,13,31.0,2.06,0.64,0.02,0.08,0,0
ESP-La Liga,2425,Osasuna,Catena,ESP,DF,29,1994,34.2,1,20,5,25.0,0.59,0.15,0.05,0.2,0,0
ESP-La Liga,2425,Osasuna,Enzo Boyomo,CMR,DF,22,2001,33.2,2,12,3,25.0,0.36,0.09,0.17,0.67,0,0
ESP-La Liga,2425,Osasuna,Iker Benito,ESP,"FW,MF",21,2002,0.4,0,0,0,,0.0,0.0,,,0,0
ESP-La Liga,2425,Osasuna,Iker Muñoz,ESP,MF,21,2002,6.8,0,11,0,0.0,1.62,0.0,0.0,,0,0
ESP-La Liga,2425,Osasuna,Javi Martínez,ESP,MF,24,1999,0.1,0,0,0,,0.0,0.0,,,0,0
ESP-La Liga,2425,Osasuna,Jesús Areso,ESP,DF,25,1999,34.2,0,8,0,0.0,0.23,0.0,0.0,,0,0
ESP-La Liga,2425,Osasuna,Jon Moncayola,ESP,MF,26,1998,23.3,0,21,9,42.9,0.9,0.39,0.0,0.0,0,0
ESP-La Liga,2425,Osasuna,Jorge Herrando,ESP,DF,23,2001,15.2,1,12,3,25.0,0.79,0.2,0.08,0.33,0,0
ESP-La Liga,2425,Osasuna,José Arnaiz,ESP,MF,29,1995,1.5,0,6,3,50.0,4.06,2.03,0.0,0.0,0,0
ESP-La Liga,2425,Osasuna,Juan Cruz Armada,ESP,DF,32,1992,16.6,0,4,0,0.0,0.24,0.0,0.0,,0,0
ESP-La Liga,2425,Osasuna,Kike Barja,ESP,"FW,MF",27,1997,3.5,0,4,1,25.0,1.14,0.29,0.0,0.0,0,0
ESP-La Liga,2425,Osasuna,Lucas Torró,ESP,MF,30,1994,32.9,3,31,7,22.6,0.94,0.21,0.1,0.43,0,0
ESP-La Liga,2425,Osasuna,Moi Gómez,ESP,"MF,FW",30,1994,8.8,0,6,1,16.7,0.68,0.11,0.0,0.0,0,0
ESP-La Liga,2425,Osasuna,Nacho Vidal,ESP,DF,29,1995,1.4,0,0,0,,0.0,0.0,,,0,0
ESP-La Liga,2425,Osasuna,Pablo Ibáñez,ESP,MF,25,1998,14.4,1,20,5,25.0,1.39,0.35,0.05,0.2,0,0
ESP-La Liga,2425,Osasuna,Raúl,ESP,FW,23,2000,8.3,4,25,12,48.0,3.0,1.44,0.16,0.33,0,0
ESP-La Liga,2425,Osasuna,Rubén García,ESP,"FW,MF",31,1993,26.8,5,27,10,37.0,1.01,0.37,0.19,0.5,0,0
ESP-La Liga,2425,Osasuna,Rubén Peña,ESP,"FW,DF",33,1991,8.6,0,10,3,30.0,1.16,0.35,0.0,0.0,0,0
ESP-La Liga,2425,Osasuna,Sergio Herrera,ESP,GK,31,1993,37.0,0,0,0,,0.0,0.0,,,0,0
ESP-La Liga,2425,Osasuna,Unai García,ESP,DF,32,1992,0.7,0,0,0,,0.0,0.0,,,0,0
ESP-La Liga,2425,Rayo Vallecano,Abdul Mumin,GHA,DF,26,1998,22.4,2,10,4,40.0,0.45,0.18,0.2,0.5,0,0
ESP-La Liga,2425,Rayo Vallecano,Adri Embarba,ESP,"MF,FW",32,1992,17.9,1,37,12,32.4,2.07,0.67,0.03,0.08,0,0
ESP-La Liga,2425,Rayo Vallecano,Alfonso Espino,URU,DF,32,1992,9.3,0,10,2,20.0,1.08,0.22,0.0,0.0,0,0
ESP-La Liga,2425,Rayo Vallecano,Andrei Ratiu,ROU,"DF,MF",26,1998,34.1,2,31,8,25.8,0.91,0.23,0.06,0.25,0,0
ESP-La Liga,2425,Rayo Vallecano,Aridane Hernández,ESP,DF,35,1989,11.4,0,8,2,25.0,0.7,0.18,0.0,0.0,0,0
ESP-La Liga,2425,Rayo Vallecano,Augusto Batalla,ARG,GK,28,1996,32.0,0,0,0,,0.0,0.0,,,0,0
ESP-La Liga,2425,Rayo Vallecano,Dani Cárdenas,ESP,GK,27,1997,6.0,0,0,0,,0.0,0.0,,,0,0
ESP-La Liga,2425,Rayo Vallecano,Etienne Eto'o,CMR,FW,21,2002,0.4,0,0,0,,0.0,0.0,,,0,0
ESP-La Liga,2425,Rayo Vallecano,Florian Lejeune,FRA,DF,33,1991,36.9,2,58,17,29.3,1.57,0.46,0.03,0.12,0,0
ESP-La Liga,2425,Rayo Vallecano,Gerard Gumbau,ESP,MF,29,1994,9.4,0,14,5,35.7,1.48,0.53,0.0,0.0,0,0
ESP-La Liga,2425,Rayo Vallecano,Isaac Palazón Camacho,ESP,"MF,FW",29,1994,24.0,4,61,18,29.5,2.54,0.75,0.07,0.22,0,0
ESP-La Liga,2425,Rayo Vallecano,Iván Balliu,ALB,DF,32,1992,13.3,0,1,0,0.0,0.07,0.0,0.0,,0,0
ESP-La Liga,2425,Rayo Vallecano,James Rodríguez,COL,MF,33,1991,1.6,0,4,2,50.0,2.57,1.29,0.0,0.0,0,0
ESP-La Liga,2425,Rayo Vallecano,Jorge de Frutos,ESP,"MF,FW",27,1997,27.7,6,52,19,36.5,1.88,0.69,0.12,0.32,0,0
ESP-La Liga,2425,Rayo Vallecano,Pathé Ciss,SEN,"MF,DF",30,1994,23.8,4,21,6,28.6,0.88,0.25,0.19,0.67,0,0
ESP-La Liga,2425,Rayo Vallecano,Pedro Díaz,ESP,MF,26,1998,13.5,3,32,8,25.0,2.38,0.59,0.09,0.38,0,1
ESP-La Liga,2425,Rayo Vallecano,Pelayo Fernandez,ESP,DF,21,2003,1.1,0,0,0,,0.0,0.0,,,0,0
ESP-La Liga,2425,Rayo Vallecano,Pep Chavarría,ESP,DF,26,1998,28.7,0,11,3,27.3,0.38,0.1,0.0,0.0,0,0
ESP-La Liga,2425,Rayo Vallecano,Randy Nteka,ANG,FW,26,1997,12.5,3,16,8,50.0,1.28,0.64,0.19,0.38,0,0
ESP-La Liga,2425,Rayo Vallecano,Raúl de Tomás,ESP,FW,29,1994,0.2,0,0,0,,0.0,0.0,,,0,0
ESP-La Liga,2425,Rayo Vallecano,Sergi Guardiola,ESP,FW,33,1991,4.0,0,11,3,27.3,2.73,0.75,0.0,0.0,0,0
ESP-La Liga,2425,Rayo Vallecano,Sergio Camello,ESP,FW,23,2001,12.6,3,32,9,28.1,2.54,0.71,0.09,0.33,0,0
ESP-La Liga,2425,Rayo Vallecano,Unai López,ESP,MF,28,1995,19.0,3,26,11,42.3,1.37,0.58,0.12,0.27,0,0
ESP-La Liga,2425,Rayo Vallecano,Álvaro García,ESP,"MF,FW",31,1992,28.4,4,71,26,36.6,2.5,0.91,0.06,0.15,0,0
ESP-La Liga,2425,Rayo Vallecano,Óscar Trejo,ARG,MF,36,1988,5.5,1,5,2,40.0,0.91,0.36,0.2,0.5,0,0
ESP-La Liga,2425,Rayo Vallecano,Óscar Valentín,ESP,MF,29,1994,20.4,0,5,1,20.0,0.25,0.05,0.0,0.0,0,0
ESP-La Liga,2425,Real Betis,Abde Ezzalzouli,MAR,MF,22,2001,22.0,2,62,26,41.9,2.81,1.18,0.03,0.08,0,1
ESP-La Liga,2425,Real Betis,Adrián,ESP,GK,37,1987,19.0,0,0,0,,0.0,0.0,,,0,0
ESP-La Liga,2425,Real Betis,Aitor Ruibal,ESP,"DF,FW",28,1996,14.6,1,16,4,25.0,1.1,0.27,0.06,0.25,0,0
ESP-La Liga,2425,Real Betis,Antony,BRA,MF,24,2000,15.1,5,43,17,39.5,2.84,1.12,0.12,0.29,0,0
ESP-La Liga,2425,Real Betis,Assane Diao,SEN,FW,18,2005,3.1,1,7,1,14.3,2.27,0.32,0.14,1.0,0,0
ESP-La Liga,2425,Real Betis,Carlos Guirao,ESP,MF,21,2003,1.2,0,0,0,,0.0,0.0,,,0,0
ESP-La Liga,2425,Real Betis,Cucho,COL,FW,25,1999,12.7,5,43,11,25.6,3.4,0.87,0.12,0.45,0,0
ESP-La Liga,2425,Real Betis,Cédric Bakambu,COD,FW,33,1991,7.9,2,24,11,45.8,3.04,1.39,0.08,0.18,0,0
ESP-La Liga,2425,Real Betis,Diego Llorente,ESP,DF,30,1993,28.0,2,11,5,45.5,0.39,0.18,0.18,0.4,0,0
ESP-La Liga,2425,Real Betis,Ezequiel Ávila,ARG,"MF,FW",30,1994,7.5,2,20,10,50.0,2.66,1.33,0.1,0.2,0,0
ESP-La Liga,2425,Real Betis,Fran Vieites,ESP,GK,25,1999,4.0,0,1,1,100.0,0.25,0.25,0.0,0.0,0,0
ESP-La Liga,2425,Real Betis,Giovani Lo Celso,ARG,MF,28,1996,16.2,8,34,19,55.9,2.1,1.17,0.18,0.32,2,3
ESP-La Liga,2425,Real Betis,Héctor Bellerín,ESP,DF,29,1995,6.4,0,1,1,100.0,0.16,0.16,0.0,0.0,0,0
ESP-La Liga,2425,Real Betis,Iker Losada,ESP,MF,22,2001,3.7,0,5,1,20.0,1.34,0.27,0.0,0.0,0,0
ESP-La Liga,2425,Real Betis,Isco,ESP,MF,32,1992,17.2,9,44,15,34.1,2.56,0.87,0.09,0.27,5,6
ESP-La Liga,2425,Real Betis,Jesus Rodríguez,ESP,MF,18,2005,12.3,2,23,8,34.8,1.86,0.65,0.09,0.25,0,0
ESP-La Liga,2425,Real Betis,Johnny Cardoso,USA,MF,22,2001,23.8,3,19,7,36.8,0.8,0.29,0.16,0.43,0,0
ESP-La Liga,2425,Real Betis,Juanmi,ESP,MF,31,1993,2.7,0,6,1,16.7,2.21,0.37,0.0,0.0,0,0
ESP-La Liga,2425,Real Betis,Marc Bartra,ESP,DF,33,1991,23.3,2,18,5,27.8,0.77,0.21,0.11,0.4,0,0
ESP-La Liga,2425,Real Betis,Marc Roca,ESP,MF,27,1996,10.1,2,12,4,33.3,1.19,0.4,0.17,0.5,0,0
ESP-La Liga,2425,Real Betis,Mateo Flores,ESP,MF,20,2004,1.7,0,0,0,,0.0,0.0,,,0,0
ESP-La Liga,2425,Real Betis,Nabil Fekir,FRA,MF,31,1993,2.0,0,7,1,14.3,3.5,0.5,0.0,0.0,0,0
ESP-La Liga,2425,Real Betis,Natan,BRA,DF,23,2001,24.2,1,9,4,44.4,0.37,0.17,0.11,0.25,0,0
ESP-La Liga,2425,Real Betis,Nobel Mendy,SEN,DF,19,2004,1.2,0,0,0,,0.0,0.0,,,0,0
ESP-La Liga,2425,Real Betis,Pablo Fornals,ESP,MF,28,1996,20.3,2,23,4,17.4,1.13,0.2,0.09,0.5,0,0
ESP-La Liga,2425,Real Betis,Pablo Garcia,ESP,FW,18,2006,0.4,0,0,0,,0.0,0.0,,,0,0
ESP-La Liga,2425,Real Betis,Ricardo Rodríguez,SUI,DF,31,1992,14.2,0,5,1,20.0,0.35,0.07,0.0,0.0,0,0
ESP-La Liga,2425,Real Betis,Rodri,ESP,MF,24,2000,1.3,0,2,2,100.0,1.53,1.53,0.0,0.0,0,0
ESP-La Liga,2425,Real Betis,Romain Perraud,FRA,DF,26,1997,22.2,2,20,5,25.0,0.9,0.22,0.1,0.4,0,0
ESP-La Liga,2425,Real Betis,Rui Silva,POR,GK,30,1994,15.0,0,0,0,,0.0,0.0,,,0,0
ESP-La Liga,2425,Real Betis,Sergi Altimira,ESP,MF,22,2001,21.9,0,21,4,19.0,0.96,0.18,0.0,0.0,0,0
ESP-La Liga,2425,Real Betis,Sergio Arribas,ESP,DF,21,2003,1.0,0,0,0,,0.0,0.0,,,0,0
ESP-La Liga,2425,Real Betis,Vitor Roque,BRA,FW,19,2005,13.7,4,41,19,46.3,2.99,1.38,0.1,0.21,0,0
ESP-La Liga,2425,Real Betis,William Carvalho,POR,MF,32,1992,5.4,0,4,1,25.0,0.74,0.19,0.0,0.0,0,0
ESP-La Liga,2425,Real Betis,Youssouf Sabaly,SEN,DF,31,1993,17.6,0,5,0,0.0,0.28,0.0,0.0,,0,0
ESP-La Liga,2425,Real Betis,Ángel Ortíz,ESP,DF,20,2004,3.9,0,2,0,0.0,0.51,0.0,0.0,,0,0
ESP-La Liga,2425,Real Madrid,Andriy Lunin,UKR,GK,25,1999,7.0,0,0,0,,0.0,0.0,,,0,0
ESP-La Liga,2425,Real Madrid,Antonio Rüdiger,GER,DF,31,1993,25.5,0,24,4,16.7,0.94,0.16,0.0,0.0,0,0
ESP-La Liga,2425,Real Madrid,Arda Güler,TUR,"MF,FW",19,2005,13.9,3,39,17,43.6,2.81,1.22,0.08,0.18,0,0
ESP-La Liga,2425,Real Madrid,Aurélien Tchouaméni,FRA,"DF,MF",24,2000,29.9,0,19,3,15.8,0.64,0.1,0.0,0.0,0,0
ESP-La Liga,2425,Real Madrid,Brahim Díaz,MAR,"MF,FW",24,1999,15.4,4,28,17,60.7,1.82,1.1,0.14,0.24,0,0
ESP-La Liga,2425,Real Madrid,Chema,ESP,MF,19,2005,0.1,0,0,0,,0.0,0.0,,,0,0
ESP-La Liga,2425,Real Madrid,Dani Carvajal,ESP,DF,32,1992,6.8,1,3,1,33.3,0.44,0.15,0.33,1.0,0,0
ESP-La Liga,2425,Real Madrid,Dani Ceballos,ESP,MF,27,1996,13.5,0,7,3,42.9,0.52,0.22,0.0,0.0,0,0
ESP-La Liga,2425,Real Madrid,Daniel Yáñez,ESP,MF,17,2007,0.0,0,0,0,,0.0,0.0,,,0,0
ESP-La Liga,2425,Real Madrid,David Alaba,AUT,DF,32,1992,3.5,0,0,0,,0.0,0.0,,,0,0
ESP-La Liga,2425,Real Madrid,Eduardo Camavinga,FRA,"MF,DF",21,2002,12.2,1,8,2,25.0,0.65,0.16,0.13,0.5,0,0
ESP-La Liga,2425,Real Madrid,Endrick,BRA,FW,18,2006,4.0,1,23,7,30.4,5.7,1.74,0.04,0.14,0,0
ESP-La Liga,2425,Real Madrid,Federico Valverde,URU,"MF,DF",26,1998,33.7,6,57,22,38.6,1.69,0.65,0.11,0.27,0,0
ESP-La Liga,2425,Real Madrid,Ferland Mendy,FRA,DF,29,1995,11.2,0,0,0,,0.0,0.0,,,0,0
ESP-La Liga,2425,Real Madrid,Fran,ESP,GK,19,2005,1.0,0,0,0,,0.0,0.0,,,0,0
ESP-La Liga,2425,Real Madrid,Fran Garcia,ESP,DF,24,1999,24.1,0,14,3,21.4,0.58,0.12,0.0,0.0,0,0
ESP-La Liga,2425,Real Madrid,Gonzalo García,ESP,FW,20,2004,0.6,0,1,0,0.0,1.61,0.0,0.0,,0,0
ESP-La Liga,2425,Real Madrid,Jacobo Ramón,ESP,DF,19,2005,2.3,1,2,1,50.0,0.88,0.44,0.5,1.0,0,0
ESP-La Liga,2425,Real Madrid,Jesús Vallejo,ESP,DF,27,1997,1.5,0,0,0,,0.0,0.0,,,0,0
ESP-La Liga,2425,Real Madrid,Jude Bellingham,ENG,MF,21,2003,27.6,9,62,23,37.1,2.24,0.83,0.13,0.35,1,2
ESP-La Liga,2425,Real Madrid,Kylian Mbappé,FRA,FW,25,1998,32.3,31,161,85,52.8,4.98,2.63,0.15,0.28,7,9
ESP-La Liga,2425,Real Madrid,Lorenzo Aguado,ESP,DF,21,2002,0.1,0,0,0,,0.0,0.0,,,0,0
ESP-La Liga,2425,Real Madrid,Lucas Vázquez,ESP,DF,33,1991,24.3,1,15,3,20.0,0.62,0.12,0.07,0.33,0,0
ESP-La Liga,2425,Real Madrid,Luka Modrić,CRO,MF,38,1985,20.3,2,22,6,27.3,1.08,0.3,0.09,0.33,0,0
ESP-La Liga,2425,Real Madrid,Raúl Asencio,ESP,DF,21,2003,18.6,0,3,1,33.3,0.16,0.05,0.0,0.0,0,0
ESP-La Liga,2425,Real Madrid,Rodrygo,BRA,"MF,FW",23,2001,21.4,6,54,20,37.0,2.52,0.93,0.11,0.3,0,0
ESP-La Liga,2425,Real Madrid,Thibaut Courtois,BEL,GK,32,1992,30.0,0,0,0,,0.0,0.0,,,0,0
ESP-La Liga,2425,Real Madrid,Vinicius Júnior,BRA,"FW,MF",24,2000,25.0,11,81,28,34.6,3.24,1.12,0.11,0.32,2,3
ESP-La Liga,2425,Real Madrid,Víctor Muñoz,ESP,MF,21,2003,0.4,0,1,0,0.0,2.5,0.0,0.0,,0,0
ESP-La Liga,2425,Real Madrid,Éder Militão,BRA,DF,26,1998,10.4,1,10,3,30.0,0.96,0.29,0.1,0.33,0,0
ESP-La Liga,2425,Real Sociedad,Aihen Muñoz,ESP,DF,26,1997,12.2,0,6,0,0.0,0.49,0.0,0.0,,0,0
ESP-La Liga,2425,Real Sociedad,Ander Barrenetxea,ESP,MF,22,2001,14.0,1,25,8,32.0,1.78,0.57,0.04,0.13,0,0
ESP-La Liga,2425,Real Sociedad,Aritz Elustondo,ESP,DF,30,1994,16.2,0,4,0,0.0,0.25,0.0,0.0,,0,0
ESP-La Liga,2425,Real Sociedad,Arkaitz Mariezkurrena,ESP,FW,19,2005,2.7,2,10,5,50.0,3.73,1.87,0.2,0.4,0,0
ESP-La Liga,2425,Real Sociedad,Arsen Zakharyan,RUS,MF,21,2003,0.8,1,4,2,50.0,4.93,2.47,0.25,0.5,0,0
ESP-La Liga,2425,Real Sociedad,Beñat Turrientes,ESP,MF,22,2002,10.5,0,7,2,28.6,0.67,0.19,0.0,0.0,0,0
ESP-La Liga,2425,Real Sociedad,Brais Méndez,ESP,"MF,FW",27,1997,17.0,3,28,9,32.1,1.65,0.53,0.11,0.33,0,0
ESP-La Liga,2425,Real Sociedad,Daniel Díaz,ESP,FW,18,2006,0.1,0,0,0,,0.0,0.0,,,0,0
ESP-La Liga,2425,Real Sociedad,Hamari Traoré,MLI,DF,32,1992,7.8,0,1,0,0.0,0.13,0.0,0.0,,0,0
ESP-La Liga,2425,Real Sociedad,Igor Zubeldia,ESP,DF,27,1997,25.2,0,12,4,33.3,0.48,0.16,0.0,0.0,0,0
ESP-La Liga,2425,Real Sociedad,Javi López,ESP,DF,22,2002,21.5,0,5,1,20.0,0.23,0.05,0.0,0.0,0,0
ESP-La Liga,2425,Real Sociedad,Jon Aramburu,VEN,DF,22,2002,27.3,1,11,3,27.3,0.4,0.11,0.09,0.33,0,0
ESP-La Liga,2425,Real Sociedad,Jon Magunazelaia,ESP,MF,23,2001,0.1,0,0,0,,0.0,0.0,,,0,0
ESP-La Liga,2425,Real Sociedad,Jon Martin,ESP,DF,18,2006,10.0,0,9,2,22.2,0.9,0.2,0.0,0.0,0,0
ESP-La Liga,2425,Real Sociedad,Jon Pacheco,ESP,DF,23,2001,9.5,0,1,0,0.0,0.11,0.0,0.0,,0,0
ESP-La Liga,2425,Real Sociedad,Luka Sučić,CRO,MF,21,2002,19.9,1,43,11,25.6,2.16,0.55,0.02,0.09,0,0
ESP-La Liga,2425,Real Sociedad,Luken Beitia,ESP,DF,20,2004,0.1,0,0,0,,0.0,0.0,,,0,0
ESP-La Liga,2425,Real Sociedad,Martín Zubimendi,ESP,MF,25,1999,32.9,2,24,8,33.3,0.73,0.24,0.08,0.25,0,0
ESP-La Liga,2425,Real Sociedad,Mikel Oyarzabal,ESP,FW,27,1997,25.0,9,43,18,41.9,1.72,0.72,0.12,0.28,4,4
ESP-La Liga,2425,Real Sociedad,Nayef Aguerd,MAR,DF,28,1996,19.6,0,15,5,33.3,0.77,0.26,0.0,0.0,0,0
ESP-La Liga,2425,Real Sociedad,Olasagasti,ESP,MF,23,2000,9.5,1,13,2,15.4,1.37,0.21,0.08,0.5,0,0
ESP-La Liga,2425,Real Sociedad,Orri Steinn Óskarsson,ISL,FW,19,2004,10.5,3,19,7,36.8,1.81,0.67,0.16,0.43,0,0
ESP-La Liga,2425,Real Sociedad,Pablo Marín,ESP,MF,21,2003,13.8,1,21,7,33.3,1.53,0.51,0.05,0.14,0,0
ESP-La Liga,2425,Real Sociedad,Sergio Gómez,ESP,MF,23,2000,30.4,2,18,10,55.6,0.59,0.33,0.11,0.2,0,0
ESP-La Liga,2425,Real Sociedad,Sheraldo Becker,SUR,"MF,FW",29,1995,11.1,2,22,13,59.1,1.99,1.18,0.09,0.15,0,0
ESP-La Liga,2425,Real Sociedad,Takefusa Kubo,JPN,"MF,FW",23,2001,26.4,5,43,14,32.6,1.63,0.53,0.12,0.36,0,0
ESP-La Liga,2425,Real Sociedad,Umar Sadiq,NGA,FW,27,1997,2.5,0,5,0,0.0,1.98,0.0,0.0,,0,0
ESP-La Liga,2425,Real Sociedad,Unai Marrero,ESP,GK,22,2001,2.0,0,0,0,,0.0,0.0,,,0,0
ESP-La Liga,2425,Real Sociedad,Urko González,ESP,MF,23,2001,0.5,0,0,0,,0.0,0.0,,,0,0
ESP-La Liga,2425,Real Sociedad,Álex Remiro,ESP,GK,29,1995,36.0,0,0,0,,0.0,0.0,,,0,0
ESP-La Liga,2425,Real Sociedad,Álvaro Odriozola,ESP,DF,28,1995,0.5,0,0,0,,0.0,0.0,,,0,0
ESP-La Liga,2425,Sevilla,Adrià Pedrosa,ESP,DF,26,1998,25.5,1,24,8,33.3,0.94,0.31,0.04,0.13,0,0
ESP-La Liga,2425,Sevilla,Akor Adams,NGA,FW,24,2000,1.5,0,2,2,100.0,1.34,1.34,0.0,0.0,0,0
ESP-La Liga,2425,Sevilla,Albert Sambi Lokonga,BEL,MF,24,1999,16.3,0,13,5,38.5,0.8,0.31,0.0,0.0,0,0
ESP-La Liga,2425,Sevilla,Carmona,ESP,DF,22,2002,32.7,0,19,4,21.1,0.58,0.12,0.0,0.0,0,0
ESP-La Liga,2425,Sevilla,Chidera Ejuke,NGA,"MF,FW",26,1998,10.7,2,20,8,40.0,1.86,0.75,0.1,0.25,0,0
ESP-La Liga,2425,Sevilla,Darío Fuentes,ESP,DF,21,2003,0.1,0,0,0,,0.0,0.0,,,0,0
ESP-La Liga,2425,Sevilla,Diego Iturralde,ESP,MF,21,2003,0.4,0,1,0,0.0,2.43,0.0,0.0,,0,0
ESP-La Liga,2425,Sevilla,Djibril Sow,SUI,MF,27,1997,22.9,2,22,6,27.3,0.96,0.26,0.09,0.33,0,0
ESP-La Liga,2425,Sevilla,Dodi Lukebakio,BEL,"MF,FW",26,1997,34.4,11,94,39,41.5,2.74,1.14,0.11,0.26,1,1
ESP-La Liga,2425,Sevilla,Gonzalo Montiel,ARG,DF,27,1997,1.3,0,1,0,0.0,0.8,0.0,0.0,,0,0
ESP-La Liga,2425,Sevilla,Isaac Romero,ESP,FW,24,2000,24.0,4,54,20,37.0,2.25,0.83,0.07,0.2,0,1
ESP-La Liga,2425,Sevilla,Israel Domínguez,ESP,MF,21,2003,0.2,0,0,0,,0.0,0.0,,,0,0
ESP-La Liga,2425,Sevilla,Jesús Navas,ESP,"MF,FW",38,1985,4.7,1,3,2,66.7,0.64,0.42,0.33,0.5,0,0
ESP-La Liga,2425,Sevilla,Juanlu Sánchez,ESP,"MF,DF",20,2003,19.1,4,13,6,46.2,0.68,0.31,0.31,0.67,0,0
ESP-La Liga,2425,Sevilla,Kelechi Iheanacho,NGA,FW,27,1996,4.4,0,9,2,22.2,2.03,0.45,0.0,0.0,0,0
ESP-La Liga,2425,Sevilla,Kike Salas,ESP,DF,22,2002,24.9,3,23,7,30.4,0.92,0.28,0.13,0.43,0,0
ESP-La Liga,2425,Sevilla,Leandro Antonetti,PUR,FW,21,2003,0.3,0,1,1,100.0,3.21,3.21,0.0,0.0,0,0
ESP-La Liga,2425,Sevilla,Loïc Bade,FRA,DF,24,2000,29.8,1,13,4,30.8,0.44,0.13,0.08,0.25,0,0
ESP-La Liga,2425,Sevilla,Lucas Ocampos,ARG,"MF,FW",30,1994,1.9,0,4,2,50.0,2.06,1.03,0.0,0.0,0,0
ESP-La Liga,2425,Sevilla,Lucien Agoume,FRA,MF,22,2002,23.5,1,10,2,20.0,0.43,0.09,0.1,0.5,0,0
ESP-La Liga,2425,Sevilla,Manu Bueno,ESP,MF,20,2004,1.6,1,4,1,25.0,2.57,0.64,0.25,1.0,0,0
ESP-La Liga,2425,Sevilla,Marcão,BRA,DF,28,1996,6.1,0,0,0,,0.0,0.0,,,0,0
ESP-La Liga,2425,Sevilla,Mateo Mejía,ESP,FW,21,2003,0.1,0,0,0,,0.0,0.0,,,0,0
ESP-La Liga,2425,Sevilla,Nemanja Gudelj,SRB,"MF,DF",32,1991,27.7,1,23,6,26.1,0.83,0.22,0.0,0.0,1,1
ESP-La Liga,2425,Sevilla,Peque,ESP,"MF,FW",21,2002,12.6,1,19,4,21.1,1.51,0.32,0.05,0.25,0,0
ESP-La Liga,2425,Sevilla,Ramón Martínez,ESP,DF,21,2002,2.9,1,4,3,75.0,1.38,1.03,0.25,0.33,0,0
ESP-La Liga,2425,Sevilla,Ruben Vargas,SUI,"MF,FW",25,1998,7.5,2,17,5,29.4,2.28,0.67,0.12,0.4,0,0
ESP-La Liga,2425,Sevilla,Saúl Ñíguez,ESP,MF,29,1994,17.3,1,42,9,21.4,2.43,0.52,0.02,0.11,0,0
ESP-La Liga,2425,Sevilla,Stanis Idumbo,BEL,MF,19,2005,3.2,1,4,2,50.0,1.27,0.63,0.25,0.5,0,0
ESP-La Liga,2425,Sevilla,Suso,ESP,"MF,FW",30,1993,6.7,0,16,4,25.0,2.38,0.59,0.0,0.0,0,0
ESP-La Liga,2425,Sevilla,Tanguy Nianzou,FRA,DF,22,2002,5.8,0,2,0,0.0,0.35,0.0,0.0,,0,0
ESP-La Liga,2425,Sevilla,Valentín Barco,ARG,DF,20,2004,3.2,0,7,0,0.0,2.19,0.0,0.0,,0,0
ESP-La Liga,2425,Sevilla,Álvaro Fernández,ESP,GK,26,1998,8.3,0,0,0,,0.0,0.0,,,0,0
ESP-La Liga,2425,Sevilla,Álvaro Pascual,ESP,FW,22,2002,4.5,1,11,4,36.4,2.43,0.88,0.09,0.25,0,0
ESP-La Liga,2425,Sevilla,Ørjan Nyland,NOR,GK,33,1990,29.7,0,0,0,,0.0,0.0,,,0,0
ESP-La Liga,2425,Valencia,Alberto Marí,ESP,FW,23,2001,0.1,0,0,0,,0.0,0.0,,,0,0
ESP-La Liga,2425,Valencia,André Almeida,POR,"MF,FW",24,2000,22.0,0,18,5,27.8,0.82,0.23,0.0,0.0,0,0
ESP-La Liga,2425,Valencia,Cristhian Mosquera,ESP,DF,20,2004,36.9,1,5,2,40.0,0.14,0.05,0.2,0.5,0,0
ESP-La Liga,2425,Valencia,César Tárrega,ESP,DF,22,2002,33.6,2,20,7,35.0,0.59,0.21,0.1,0.29,0,0
ESP-La Liga,2425,Valencia,Dani Gómez,ESP,FW,26,1998,5.9,2,13,6,46.2,2.2,1.02,0.15,0.33,0,0
ESP-La Liga,2425,Valencia,David Otorbi,ESP,FW,16,2007,0.2,0,0,0,,0.0,0.0,,,0,0
ESP-La Liga,2425,Valencia,Diego López,ESP,MF,22,2002,30.4,8,44,14,31.8,1.45,0.46,0.18,0.57,0,0
ESP-La Liga,2425,Valencia,Dimitri Foulquier,FRA,DF,31,1993,25.5,0,13,2,15.4,0.51,0.08,0.0,0.0,0,0
ESP-La Liga,2425,Valencia,Enzo Barrenechea,ARG,MF,23,2001,24.3,1,16,3,18.8,0.66,0.12,0.06,0.33,0,0
ESP-La Liga,2425,Valencia,Francisco Perez,ESP,MF,21,2002,6.3,0,6,1,16.7,0.95,0.16,0.0,0.0,0,0
ESP-La Liga,2425,Valencia,Germán Valera,ESP,MF,22,2002,1.6,0,3,2,66.7,1.82,1.22,0.0,0.0,0,0
ESP-La Liga,2425,Valencia,Giorgi Mamardashvili,GEO,GK,23,2000,34.0,0,0,0,,0.0,0.0,,,0,0
ESP-La Liga,2425,Valencia,Hugo Duro,ESP,FW,24,1999,24.1,11,48,18,37.5,1.99,0.75,0.21,0.56,1,1
ESP-La Liga,2425,Valencia,Hugo Guillamón,ESP,MF,24,2000,4.0,0,2,1,50.0,0.49,0.25,0.0,0.0,0,0
ESP-La Liga,2425,Valencia,Iker Córdoba,ESP,DF,18,2005,0.2,0,0,0,,0.0,0.0,,,0,0
ESP-La Liga,2425,Valencia,Ivan Jaime Pajuelo,ESP,MF,23,2000,3.3,0,8,3,37.5,2.42,0.91,0.0,0.0,0,0
ESP-La Liga,2425,Valencia,Javier Guerra,ESP,MF,21,2003,28.7,3,47,10,21.3,1.64,0.35,0.06,0.3,0,0
ESP-La Liga,2425,Valencia,Jesus Vazquez,ESP,DF,21,2003,10.2,0,5,1,20.0,0.49,0.1,0.0,0.0,0,0
ESP-La Liga,2425,Valencia,José Luis García Vayá,ESP,MF,25,1998,19.4,2,14,6,42.9,0.72,0.31,0.0,0.0,2,2
ESP-La Liga,2425,Valencia,José Luis Gayà,ESP,DF,29,1995,20.0,0,12,4,33.3,0.6,0.2,0.0,0.0,0,0
ESP-La Liga,2425,Valencia,Luis Rioja,ESP,MF,30,1993,31.5,5,30,14,46.7,0.95,0.45,0.1,0.21,2,2
ESP-La Liga,2425,Valencia,Martín Tejón,ESP,MF,20,2004,0.5,0,1,1,100.0,1.84,1.84,0.0,0.0,0,0
ESP-La Liga,2425,Valencia,Max Aarons,ENG,DF,24,2000,1.3,0,0,0,,0.0,0.0,,,0,0
ESP-La Liga,2425,Valencia,Maximiliano Caufriez,BEL,DF,27,1997,1.0,0,0,0,,0.0,0.0,,,0,0
ESP-La Liga,2425,Valencia,Mouctar Diakhaby,GUI,DF,27,1996,7.3,2,11,4,36.4,1.52,0.55,0.18,0.5,0,0
ESP-La Liga,2425,Valencia,Rafa Mir,ESP,"FW,MF",27,1997,8.4,1,27,8,29.6,3.23,0.96,0.04,0.13,0,0
ESP-La Liga,2425,Valencia,Rodrigo Abajas,ESP,DF,21,2003,0.7,0,1,0,0.0,1.38,0.0,0.0,,0,0
ESP-La Liga,2425,Valencia,Sergi Canós,ESP,MF,27,1997,4.1,0,11,3,27.3,2.68,0.73,0.0,0.0,0,0
ESP-La Liga,2425,Valencia,Stole Dimitrievski,MKD,GK,30,1993,4.0,0,0,0,,0.0,0.0,,,0,0
ESP-La Liga,2425,Valencia,Thierry Correia,POR,DF,25,1999,8.5,0,7,3,42.9,0.82,0.35,0.0,0.0,0,0
ESP-La Liga,2425,Valencia,Umar Sadiq,NGA,FW,27,1997,9.2,5,20,7,35.0,2.18,0.76,0.25,0.71,0,0
ESP-La Liga,2425,Valencia,Yarek Gasiorowski,ESP,DF,19,2005,10.5,0,3,0,0.0,0.29,0.0,0.0,,0,0
ESP-La Liga,2425,Valladolid,Abdulai Juma Bah,SLE,DF,18,2006,9.6,0,3,1,33.3,0.31,0.1,0.0,0.0,0,0
ESP-La Liga,2425,Valladolid,Adam Aznou,MAR,"DF,MF",18,2006,9.7,0,4,1,25.0,0.41,0.1,0.0,0.0,0,0
ESP-La Liga,2425,Valladolid,Adrian Baquerin,ESP,FW,17,2007,0.5,0,3,0,0.0,5.51,0.0,0.0,,0,0
ESP-La Liga,2425,Valladolid,Amath,SEN,"FW,MF",28,1996,4.2,0,5,1,20.0,1.2,0.24,0.0,0.0,0,0
ESP-La Liga,2425,Valladolid,André Ferreira,POR,GK,28,1996,6.0,0,0,0,,0.0,0.0,,,0,0
ESP-La Liga,2425,Valladolid,Antonio Candela,ITA,DF,24,2000,10.1,0,1,0,0.0,0.1,0.0,0.0,,0,0
ESP-La Liga,2425,Valladolid,Anuar,MAR,"MF,FW",29,1995,19.1,2,11,6,54.5,0.58,0.31,0.18,0.33,0,0
ESP-La Liga,2425,Valladolid,Arnau Rafús,ESP,GK,21,2003,1.0,0,0,0,,0.0,0.0,,,0,0
ESP-La Liga,2425,Valladolid,Cenk Özkacar,TUR,DF,23,2000,8.4,0,2,0,0.0,0.24,0.0,0.0,,0,0
ESP-La Liga,2425,Valladolid,Chuky san jose,ESP,"MF,FW",20,2004,8.1,2,16,7,43.8,1.98,0.87,0.13,0.29,0,0
ESP-La Liga,2425,Valladolid,Darwin Machís,VEN,"MF,FW",31,1993,7.1,0,14,2,14.3,1.97,0.28,0.0,0.0,0,0
ESP-La Liga,2425,Valladolid,David Torres,ESP,DF,21,2003,15.4,0,3,1,33.3,0.19,0.06,0.0,0.0,0,0
ESP-La Liga,2425,Valladolid,Enzo Boyomo,CMR,DF,22,2001,3.0,0,2,0,0.0,0.67,0.0,0.0,,0,0
ESP-La Liga,2425,Valladolid,Eray Cömert,SUI,"DF,MF",26,1998,19.8,0,9,1,11.1,0.46,0.05,0.0,0.0,0,0
ESP-La Liga,2425,Valladolid,Florian Grillitsch,AUT,MF,28,1995,6.9,0,4,2,50.0,0.58,0.29,0.0,0.0,0,0
ESP-La Liga,2425,Valladolid,Henrique,BRA,DF,30,1994,3.9,0,1,0,0.0,0.26,0.0,0.0,,0,0
ESP-La Liga,2425,Valladolid,Iago Parente,ESP,DF,18,2006,0.8,0,0,0,,0.0,0.0,,,0,0
ESP-La Liga,2425,Valladolid,Ibrahim Alani,NGA,MF,18,2006,1.8,0,1,0,0.0,0.56,0.0,0.0,,0,0
ESP-La Liga,2425,Valladolid,Iván Sánchez,ESP,MF,31,1992,15.6,2,15,6,40.0,0.96,0.38,0.13,0.33,0,0
ESP-La Liga,2425,Valladolid,Javi Sánchez,ESP,DF,27,1997,22.5,2,11,5,45.5,0.49,0.22,0.18,0.4,0,0
ESP-La Liga,2425,Valladolid,Joseph Aidoo,GHA,DF,28,1995,6.5,0,1,0,0.0,0.15,0.0,0.0,,0,0
ESP-La Liga,2425,Valladolid,Juanmi Latasa,ESP,FW,23,2001,15.5,3,40,13,32.5,2.58,0.84,0.08,0.23,0,0
ESP-La Liga,2425,Valladolid,Karl Jakob Hein,EST,GK,22,2002,31.0,0,0,0,,0.0,0.0,,,0,0
ESP-La Liga,2425,Valladolid,Kenedy,BRA,"FW,MF",28,1996,0.1,0,1,0,0.0,10.0,0.0,0.0,,0,0
ESP-La Liga,2425,Valladolid,Kike Pérez,ESP,MF,27,1997,13.2,2,20,5,25.0,1.51,0.38,0.1,0.4,0,0
ESP-La Liga,2425,Valladolid,Lucas Oliveira Rosa,BRA,DF,24,2000,21.0,0,8,3,37.5,0.38,0.14,0.0,0.0,0,0
ESP-La Liga,2425,Valladolid,Luis Pérez,ESP,DF,29,1995,28.4,0,5,2,40.0,0.18,0.07,0.0,0.0,0,0
ESP-La Liga,2425,Valladolid,Mamadou Sylla,SEN,"FW,MF",30,1994,17.6,5,22,7,31.8,1.25,0.4,0.05,0.14,4,4
ESP-La Liga,2425,Valladolid,Marcos André,BRA,FW,27,1996,13.2,1,22,2,9.1,1.67,0.15,0.05,0.5,0,0
ESP-La Liga,2425,Valladolid,Mario Maroto,ESP,MF,20,2003,0.7,0,1,0,0.0,1.41,0.0,0.0,,0,0
ESP-La Liga,2425,Valladolid,Mario Martín,ESP,MF,20,2004,19.4,0,27,13,48.1,1.39,0.67,0.0,0.0,0,0
ESP-La Liga,2425,Valladolid,Raúl Chasco,ESP,DF,20,2003,1.4,0,0,0,,0.0,0.0,,,0,0
ESP-La Liga,2425,Valladolid,Raúl Moro,ESP,"MF,FW",21,2002,26.0,4,45,16,35.6,1.73,0.62,0.09,0.25,0,0
ESP-La Liga,2425,Valladolid,Selim Amallah,MAR,MF,27,1996,15.3,3,23,8,34.8,1.5,0.52,0.09,0.25,1,1
ESP-La Liga,2425,Valladolid,Stanko Jurić,CRO,MF,27,1996,19.2,0,8,2,25.0,0.42,0.1,0.0,0.0,0,0
ESP-La Liga,2425,Valladolid,Tamás Nikitscher,HUN,"MF,DF",24,1999,9.5,0,2,1,50.0,0.21,0.1,0.0,0.0,0,0
ESP-La Liga,2425,Valladolid,Víctor Meseguer,ESP,MF,25,1999,4.6,0,6,0,0.0,1.29,0.0,0.0,,0,0
ESP-La Liga,2425,Valladolid,Xavier Moreno,ESP,FW,19,2004,0.5,0,0,0,,0.0,0.0,,,0,0
ESP-La Liga,2425,Villarreal,Alfonso Pedraza,ESP,"DF,MF",28,1996,5.1,0,5,2,40.0,0.98,0.39,0.0,0.0,0,0
ESP-La Liga,2425,Villarreal,Arnau Solà,ESP,DF,21,2003,0.1,0,0,0,,0.0,0.0,,,0,0
ESP-La Liga,2425,Villarreal,Arnaut Danjuma,NED,FW,27,1997,2.2,2,6,3,50.0,2.7,1.35,0.33,0.67,0,0
ESP-La Liga,2425,Villarreal,Ayoze Pérez,ESP,FW,31,1993,21.9,19,75,31,41.3,3.43,1.42,0.25,0.61,0,0
ESP-La Liga,2425,Villarreal,Daniel Parejo,ESP,MF,35,1989,25.3,3,14,4,28.6,0.55,0.16,0.14,0.5,1,2
ESP-La Liga,2425,Villarreal,Daniel Requena,ESP,MF,20,2004,0.1,0,0,0,,0.0,0.0,,,0,0
ESP-La Liga,2425,Villarreal,Denis Suárez,ESP,MF,30,1994,6.8,1,10,3,30.0,1.48,0.44,0.1,0.33,0,0
ESP-La Liga,2425,Villarreal,Diego Conde,ESP,GK,25,1998,21.8,0,0,0,,0.0,0.0,,,0,0
ESP-La Liga,2425,Villarreal,Eric Bailly,CIV,DF,30,1994,6.9,0,4,0,0.0,0.58,0.0,0.0,,0,0
ESP-La Liga,2425,Villarreal,Gerard Moreno,ESP,FW,32,1992,8.0,3,26,12,46.2,3.25,1.5,0.0,0.0,3,3
ESP-La Liga,2425,Villarreal,Ilias Akhomach,MAR,MF,20,2004,6.5,1,17,6,35.3,2.62,0.92,0.06,0.17,0,0
ESP-La Liga,2425,Villarreal,Juan Bernat,ESP,DF,31,1993,2.4,0,2,1,50.0,0.85,0.42,0.0,0.0,0,0
ESP-La Liga,2425,Villarreal,Juan Foyth,ARG,DF,26,1998,16.9,1,17,5,29.4,1.01,0.3,0.06,0.2,0,0
ESP-La Liga,2425,Villarreal,Karl Etta Eyong,CMR,FW,20,2003,0.4,1,2,2,100.0,4.86,4.86,0.5,0.5,0,0
ESP-La Liga,2425,Villarreal,Kiko Femenía,ESP,DF,33,1991,24.7,0,3,0,0.0,0.12,0.0,0.0,,0,0
ESP-La Liga,2425,Villarreal,Logan Costa,CPV,DF,23,2001,28.7,2,12,5,41.7,0.42,0.17,0.17,0.4,0,0
ESP-La Liga,2425,Villarreal,Luiz Lúcio Reis Júnior,BRA,GK,23,2001,16.2,0,0,0,,0.0,0.0,,,0,0
ESP-La Liga,2425,Villarreal,Nicolas Pépé,CIV,"FW,MF",29,1995,16.7,3,39,17,43.6,2.34,1.02,0.08,0.18,0,0
ESP-La Liga,2425,Villarreal,Pape Gueye,SEN,"MF,FW",25,1999,24.7,4,54,17,31.5,2.19,0.69,0.07,0.24,0,0
ESP-La Liga,2425,Villarreal,Pau Cabanes,ESP,FW,19,2005,1.8,1,4,2,50.0,2.21,1.1,0.25,0.5,0,0
ESP-La Liga,2425,Villarreal,Pau Navarro,ESP,DF,19,2005,10.2,0,1,0,0.0,0.1,0.0,0.0,,0,0
ESP-La Liga,2425,Villarreal,Ramón Terrats,ESP,FW,23,2000,1.5,0,2,0,0.0,1.37,0.0,0.0,,0,0
ESP-La Liga,2425,Villarreal,Raúl Albiol,ESP,DF,38,1985,13.2,0,2,0,0.0,0.15,0.0,0.0,,0,0
ESP-La Liga,2425,Villarreal,Santi Comesaña,ESP,MF,27,1996,28.4,4,39,8,20.5,1.37,0.28,0.1,0.5,0,0
ESP-La Liga,2425,Villarreal,Sergi Cardona,ESP,DF,25,1999,32.7,1,20,6,30.0,0.61,0.18,0.05,0.17,0,0
ESP-La Liga,2425,Villarreal,Tajon Buchanan,CAN,MF,25,1999,4.6,1,7,2,28.6,1.51,0.43,0.14,0.5,0,0
ESP-La Liga,2425,Villarreal,Thiago Ojeda,ARG,MF,21,2003,0.1,0,1,0,0.0,11.25,0.0,0.0,,0,0
ESP-La Liga,2425,Villarreal,Thierno Barry,FRA,FW,21,2002,25.8,11,73,25,34.2,2.83,0.97,0.14,0.4,1,1
ESP-La Liga,2425,Villarreal,Willy Kambwala,FRA,DF,19,2004,12.4,0,4,1,25.0,0.32,0.08,0.0,0.0,0,0
ESP-La Liga,2425,Villarreal,Yéremy Pino,ESP,MF,21,2002,21.5,4,29,9,31.0,1.35,0.42,0.14,0.44,0,0
ESP-La Liga,2425,Villarreal,Álex Baena,ESP,"MF,FW",23,2001,28.8,7,70,18,25.7,2.43,0.62,0.1,0.39,0,1
GER-Bundesliga,2425,Augsburg,Alexis Claude-Maurice,FRA,"MF,FW",26,1998,23.4,9,59,22,37.3,2.52,0.94,0.15,0.41,0,0
GER-Bundesliga,2425,Augsburg,Arne Engels,BEL,FW,20,2003,0.9,0,3,1,33.3,3.42,1.14,0.0,0.0,0,0
GER-Bundesliga,2425,Augsburg,Arne Maier,GER,MF,25,1999,10.4,0,18,6,33.3,1.73,0.58,0.0,0.0,0,0
GER-Bundesliga,2425,Augsburg,Cedric Zesiger,SUI,DF,26,1998,13.6,0,10,2,20.0,0.74,0.15,0.0,0.0,0,0
GER-Bundesliga,2425,Augsburg,Chrislain Matsima,FRA,DF,22,2002,28.3,1,14,2,14.3,0.49,0.07,0.07,0.5,0,0
GER-Bundesliga,2425,Augsburg,Dimitris Giannoulis,GRE,MF,28,1995,29.4,1,13,4,30.8,0.44,0.14,0.08,0.25,0,0
GER-Bundesliga,2425,Augsburg,Elvis Rexhbeçaj,KVX,MF,26,1997,19.8,1,29,5,17.2,1.46,0.25,0.03,0.2,0,0
GER-Bundesliga,2425,Augsburg,Finn Dahmen,GER,GK,26,1998,19.0,0,0,0,,0.0,0.0,,,0,0
GER-Bundesliga,2425,Augsburg,Frank Onyeka,NGA,MF,26,1998,28.7,0,24,6,25.0,0.84,0.21,0.0,0.0,0,0
GER-Bundesliga,2425,Augsburg,Fredrik Jensen,FIN,"MF,FW",26,1997,8.5,0,11,0,0.0,1.3,0.0,0.0,,0,0
GER-Bundesliga,2425,Augsburg,Henri Koudossou,GER,MF,24,1999,8.3,0,2,0,0.0,0.24,0.0,0.0,,0,0
GER-Bundesliga,2425,Augsburg,Jeffrey Gouweleeuw,NED,DF,33,1991,32.7,1,18,5,27.8,0.55,0.15,0.06,0.2,0,1
GER-Bundesliga,2425,Augsburg,Keven Schlotterbeck,GER,DF,27,1997,14.4,3,12,5,41.7,0.83,0.35,0.25,0.6,0,0
GER-Bundesliga,2425,Augsburg,Kristijan Jakić,CRO,MF,27,1997,25.6,0,18,6,33.3,0.7,0.23,0.0,0.0,0,0
GER-Bundesliga,2425,Augsburg,Mads Pedersen,DEN,DF,27,1996,2.6,0,2,0,0.0,0.77,0.0,0.0,,0,0
GER-Bundesliga,2425,Augsburg,Marius Wolf,GER,MF,29,1995,23.8,1,12,2,16.7,0.5,0.08,0.08,0.5,0,0
GER-Bundesliga,2425,Augsburg,Maximilian Bauer,GER,DF,24,2000,7.3,0,1,1,100.0,0.14,0.14,0.0,0.0,0,0
GER-Bundesliga,2425,Augsburg,Mergim Berisha,GER,FW,26,1998,0.4,0,3,1,33.3,6.75,2.25,0.0,0.0,0,0
GER-Bundesliga,2425,Augsburg,Mert Kömür,GER,MF,19,2005,7.3,2,13,7,53.8,1.79,0.96,0.15,0.29,0,0
GER-Bundesliga,2425,Augsburg,Nediljko Labrović,CRO,GK,24,1999,15.0,0,0,0,,0.0,0.0,,,0,0
GER-Bundesliga,2425,Augsburg,Niklas Dorsch,GER,MF,26,1998,0.4,0,0,0,,0.0,0.0,,,0,0
GER-Bundesliga,2425,Augsburg,Noahkai Banks,USA,DF,17,2006,3.1,0,1,0,0.0,0.32,0.0,0.0,,0,0
GER-Bundesliga,2425,Augsburg,Phillip Tietz,GER,FW,27,1997,18.7,7,51,20,39.2,2.72,1.07,0.12,0.3,1,1
GER-Bundesliga,2425,Augsburg,Robert Gumny,POL,MF,26,1998,3.0,0,4,2,50.0,1.33,0.66,0.0,0.0,0,0
GER-Bundesliga,2425,Augsburg,Ruben Vargas,SUI,MF,25,1998,3.4,0,9,1,11.1,2.66,0.3,0.0,0.0,0,0
GER-Bundesliga,2425,Augsburg,Samuel Essende,COD,FW,26,1998,18.2,7,44,13,29.5,2.42,0.72,0.16,0.54,0,0
GER-Bundesliga,2425,Augsburg,Steve Mounié,BEN,MF,29,1994,3.9,1,22,8,36.4,5.71,2.07,0.05,0.13,0,0
GER-Bundesliga,2425,Augsburg,Tim Breithaupt,GER,MF,22,2002,1.3,0,1,0,0.0,0.75,0.0,0.0,,0,0
GER-Bundesliga,2425,Augsburg,Yusuf Kabadayı,GER,FW,20,2004,0.8,1,4,1,25.0,5.07,1.27,0.25,1.0,0,0
GER-Bundesliga,2425,Bayern Munich,Adam Aznou,MAR,DF,18,2006,0.2,0,0,0,,0.0,0.0,,,0,0
GER-Bundesliga,2425,Bayern Munich,Aleksandar Pavlovic,GER,MF,20,2004,16.1,1,9,4,44.4,0.56,0.25,0.11,0.25,0,0
GER-Bundesliga,2425,Bayern Munich,Alphonso Davies,CAN,DF,23,2000,17.3,1,17,3,17.6,0.98,0.17,0.06,0.33,0,0
GER-Bundesliga,2425,Bayern Munich,Arijon Ibrahimović,GER,MF,18,2005,0.0,0,0,0,,0.0,0.0,,,0,0
GER-Bundesliga,2425,Bayern Munich,Daniel Peretz,ISR,GK,24,2000,3.0,0,0,0,,0.0,0.0,,,0,0
GER-Bundesliga,2425,Bayern Munich,Dayot Upamecano,FRA,DF,25,1998,19.5,2,13,6,46.2,0.67,0.31,0.15,0.33,0,0
GER-Bundesliga,2425,Bayern Munich,Eric Dier,ENG,DF,30,1994,16.3,2,9,6,66.7,0.55,0.37,0.22,0.33,0,0
GER-Bundesliga,2425,Bayern Munich,Gabriel Vidovic,CRO,MF,20,2003,0.3,0,1,0,0.0,3.75,0.0,0.0,,0,0
GER-Bundesliga,2425,Bayern Munich,Harry Kane,ENG,FW,31,1993,26.5,26,114,54,47.4,4.31,2.04,0.15,0.31,9,9
GER-Bundesliga,2425,Bayern Munich,Hiroki Ito,JPN,DF,25,1999,2.8,1,1,1,100.0,0.36,0.36,1.0,1.0,0,0
GER-Bundesliga,2425,Bayern Munich,Jamal Musiala,GER,MF,21,2003,20.0,12,68,32,47.1,3.4,1.6,0.18,0.38,0,0
GER-Bundesliga,2425,Bayern Munich,Jonah Kusi-Asare,SWE,FW,17,2007,0.0,0,1,0,0.0,30.0,0.0,0.0,,0,0
GER-Bundesliga,2425,Bayern Munich,Jonas Urbig,GER,GK,20,2003,8.0,0,0,0,,0.0,0.0,,,0,0
GER-Bundesliga,2425,Bayern Munich,Joshua Kimmich,GER,MF,29,1995,31.6,3,34,10,29.4,1.07,0.32,0.09,0.3,0,0
GER-Bundesliga,2425,Bayern Munich,Josip Stanišić,CRO,DF,24,2000,9.7,0,2,0,0.0,0.21,0.0,0.0,,0,0
GER-Bundesliga,2425,Bayern Munich,João Palhinha,POR,MF,29,1995,7.5,0,10,3,30.0,1.34,0.4,0.0,0.0,0,0
GER-Bundesliga,2425,Bayern Munich,Kim Min-jae,KOR,DF,27,1996,25.4,2,7,5,71.4,0.28,0.2,0.29,0.4,0,0
GER-Bundesliga,2425,Bayern Munich,Kingsley Coman,FRA,MF,28,1996,14.2,5,44,17,38.6,3.09,1.19,0.11,0.29,0,0
GER-Bundesliga,2425,Bayern Munich,Konrad Laimer,AUT,DF,27,1997,18.9,2,18,6,33.3,0.95,0.32,0.11,0.33,0,0
GER-Bundesliga,2425,Bayern Munich,Leon Goretzka,GER,MF,29,1995,14.7,4,32,11,34.4,2.17,0.75,0.13,0.36,0,0
GER-Bundesliga,2425,Bayern Munich,Leroy Sané,GER,MF,28,1996,18.2,11,67,30,44.8,3.68,1.65,0.16,0.37,0,0
GER-Bundesliga,2425,Bayern Munich,Manuel Neuer,GER,GK,38,1986,22.0,0,0,0,,0.0,0.0,,,0,0
GER-Bundesliga,2425,Bayern Munich,Mathys Tel,FRA,MF,19,2005,2.8,0,10,3,30.0,3.52,1.05,0.0,0.0,0,0
GER-Bundesliga,2425,Bayern Munich,Michael Olise,FRA,MF,22,2001,25.9,12,86,36,41.9,3.32,1.39,0.14,0.33,0,0
GER-Bundesliga,2425,Bayern Munich,Raphaël Guerreiro,POR,"DF,MF",30,1993,17.5,4,21,11,52.4,1.2,0.63,0.19,0.36,0,0
GER-Bundesliga,2425,Bayern Munich,Sacha Boey,FRA,DF,23,2000,6.6,0,3,1,33.3,0.46,0.15,0.0,0.0,0,0
GER-Bundesliga,2425,Bayern Munich,Serge Gnabry,GER,"MF,FW",29,1995,13.8,7,49,18,36.7,3.55,1.3,0.14,0.39,0,1
GER-Bundesliga,2425,Bayern Munich,Sven Ulreich,GER,GK,35,1988,1.0,0,0,0,,0.0,0.0,,,0,0
GER-Bundesliga,2425,Bayern Munich,Thomas Müller,GER,"MF,FW",34,1989,13.6,1,30,11,36.7,2.2,0.81,0.03,0.09,0,0
GER-Bundesliga,2425,Bochum,Aliou Badara Baldé,GUI,FW,21,2002,1.0,0,4,1,25.0,3.96,0.99,0.0,0.0,0,0
GER-Bundesliga,2425,Bochum,Anthony Losilla,FRA,MF,38,1986,12.6,0,5,0,0.0,0.4,0.0,0.0,,0,0
GER-Bundesliga,2425,Bochum,Bernardo,BRA,DF,29,1995,19.8,0,8,2,25.0,0.4,0.1,0.0,0.0,0,0
GER-Bundesliga,2425,Bochum,Cristian Gamboa,CRC,MF,34,1989,2.5,1,4,1,25.0,1.59,0.4,0.25,1.0,0,0
GER-Bundesliga,2425,Bochum,Dani de Wit,NED,"MF,FW",26,1998,12.8,2,20,7,35.0,1.56,0.55,0.1,0.29,0,0
GER-Bundesliga,2425,Bochum,Erhan Mašović,SRB,"DF,MF",25,1998,10.1,1,7,4,57.1,0.69,0.4,0.14,0.25,0,0
GER-Bundesliga,2425,Bochum,Felix Passlack,GER,"MF,DF",26,1998,25.9,1,26,6,23.1,1.0,0.23,0.04,0.17,0,0
GER-Bundesliga,2425,Bochum,Gerrit Holtmann,PHI,"MF,DF",29,1995,12.6,2,31,8,25.8,2.46,0.63,0.06,0.25,0,0
GER-Bundesliga,2425,Bochum,Giorgos Masouras,GRE,FW,30,1994,11.7,2,30,15,50.0,2.56,1.28,0.07,0.13,0,0
GER-Bundesliga,2425,Bochum,Ibrahima Sissoko,MLI,MF,26,1997,29.0,2,25,8,32.0,0.86,0.28,0.08,0.25,0,0
GER-Bundesliga,2425,Bochum,Ivan Ordets,UKR,DF,32,1992,20.7,0,11,0,0.0,0.53,0.0,0.0,,0,0
GER-Bundesliga,2425,Bochum,Jakov Medić,CRO,DF,25,1998,17.8,1,14,3,21.4,0.79,0.17,0.07,0.33,0,0
GER-Bundesliga,2425,Bochum,Kacper Koscierski,GER,DF,17,2007,0.1,0,0,0,,0.0,0.0,,,0,0
GER-Bundesliga,2425,Bochum,Koji Miyoshi,JPN,"MF,FW",27,1997,5.2,1,12,5,41.7,2.33,0.97,0.08,0.2,0,0
GER-Bundesliga,2425,Bochum,Lukas Daschner,GER,"FW,MF",25,1998,4.6,1,9,6,66.7,1.97,1.31,0.11,0.17,0,1
GER-Bundesliga,2425,Bochum,Mats Pannewig,GER,MF,19,2004,3.0,0,9,3,33.3,3.03,1.01,0.0,0.0,0,0
GER-Bundesliga,2425,Bochum,Matúš Bero,SVK,MF,28,1995,28.5,5,32,13,40.6,1.12,0.46,0.16,0.38,0,1
GER-Bundesliga,2425,Bochum,Maximilian Wittek,GER,"DF,MF",28,1995,30.1,0,41,7,17.1,1.36,0.23,0.0,0.0,0,0
GER-Bundesliga,2425,Bochum,Moritz Broschinski,GER,"FW,MF",23,2000,15.4,1,38,12,31.6,2.46,0.78,0.03,0.08,0,0
GER-Bundesliga,2425,Bochum,Moritz-Broni Kwarteng,GHA,MF,26,1998,1.9,0,6,1,16.7,3.14,0.52,0.0,0.0,0,0
GER-Bundesliga,2425,Bochum,Myron Boadu,NED,FW,23,2001,11.6,9,28,15,53.6,2.42,1.3,0.29,0.53,1,1
GER-Bundesliga,2425,Bochum,Patrick Drewes,GER,GK,31,1993,21.0,0,0,0,,0.0,0.0,,,0,0
GER-Bundesliga,2425,Bochum,Philipp Hofmann,GER,FW,31,1993,25.3,3,54,19,35.2,2.13,0.75,0.06,0.16,0,0
GER-Bundesliga,2425,Bochum,Samuel Bamba,GER,FW,20,2004,0.3,0,2,1,50.0,6.67,3.33,0.0,0.0,0,0
GER-Bundesliga,2425,Bochum,Tim Oermann,GER,DF,20,2003,24.6,0,9,0,0.0,0.37,0.0,0.0,,0,0
GER-Bundesliga,2425,Bochum,Timo Horn,GER,GK,31,1993,13.0,0,0,0,,0.0,0.0,,,0,0
GER-Bundesliga,2425,Bochum,Tom Krauß,GER,MF,23,2001,12.0,0,11,2,18.2,0.92,0.17,0.0,0.0,0,0
GER-Bundesliga,2425,Dortmund,Alexander Meyer,GER,GK,33,1991,2.0,0,0,0,,0.0,0.0,,,0,0
GER-Bundesliga,2425,Dortmund,Almugera Kabar,GER,DF,18,2006,1.5,0,0,0,,0.0,0.0,,,0,0
GER-Bundesliga,2425,Dortmund,Ayman Azhil,MAR,MF,23,2001,0.3,0,0,0,,0.0,0.0,,,0,0
GER-Bundesliga,2425,Dortmund,Carney Chukwuemeka,AUT,MF,20,2003,2.8,1,8,2,25.0,2.85,0.71,0.13,0.5,0,0
GER-Bundesliga,2425,Dortmund,Cole Campbell,USA,FW,18,2006,0.2,0,0,0,,0.0,0.0,,,0,0
GER-Bundesliga,2425,Dortmund,Daniel Svensson,SWE,"MF,DF",22,2002,8.7,1,6,2,33.3,0.69,0.23,0.17,0.5,0,0
GER-Bundesliga,2425,Dortmund,Donyell Malen,NED,MF,25,1999,6.8,3,19,6,31.6,2.79,0.88,0.16,0.5,0,0
GER-Bundesliga,2425,Dortmund,Emre Can,GER,"DF,MF",30,1994,23.4,3,9,3,33.3,0.38,0.13,0.11,0.33,2,2
GER-Bundesliga,2425,Dortmund,Felix Nmecha,GER,MF,23,2000,16.8,4,18,6,33.3,1.07,0.36,0.22,0.67,0,0
GER-Bundesliga,2425,Dortmund,Gio Reyna,USA,MF,21,2002,3.9,2,3,2,66.7,0.77,0.51,0.67,1.0,0,0
GER-Bundesliga,2425,Dortmund,Gregor Kobel,SUI,GK,26,1997,32.0,0,0,0,,0.0,0.0,,,0,0
GER-Bundesliga,2425,Dortmund,Jamie Gittens,ENG,MF,19,2004,19.7,8,52,24,46.2,2.64,1.22,0.15,0.33,0,0
GER-Bundesliga,2425,Dortmund,Julian Brandt,GER,MF,28,1996,25.6,5,45,15,33.3,1.76,0.59,0.11,0.33,0,0
GER-Bundesliga,2425,Dortmund,Julian Ryerson,NOR,"DF,MF",26,1997,25.1,2,18,5,27.8,0.72,0.2,0.11,0.4,0,0
GER-Bundesliga,2425,Dortmund,Julien Duranville,BEL,MF,18,2006,3.1,0,5,2,40.0,1.59,0.64,0.0,0.0,0,0
GER-Bundesliga,2425,Dortmund,Karim Adeyemi,GER,"MF,FW",22,2002,15.9,7,46,18,39.1,2.89,1.13,0.15,0.39,0,0
GER-Bundesliga,2425,Dortmund,Kjell-Arik Wätjen,GER,MF,18,2006,0.2,0,0,0,,0.0,0.0,,,0,0
GER-Bundesliga,2425,Dortmund,Marcel Sabitzer,AUT,MF,30,1994,18.0,1,21,8,38.1,1.17,0.45,0.05,0.13,0,0
GER-Bundesliga,2425,Dortmund,Maximilian Beier,GER,"MF,FW",21,2002,17.7,8,42,13,31.0,2.38,0.74,0.19,0.62,0,0
GER-Bundesliga,2425,Dortmund,Nico Schlotterbeck,GER,DF,24,1999,22.0,0,16,4,25.0,0.73,0.18,0.0,0.0,0,0
GER-Bundesliga,2425,Dortmund,Niklas Süle,GER,DF,28,1995,11.7,0,9,2,22.2,0.77,0.17,0.0,0.0,0,0
GER-Bundesliga,2425,Dortmund,Pascal Groß,GER,"MF,DF",33,1991,25.9,0,27,7,25.9,1.04,0.27,0.0,0.0,0,0
GER-Bundesliga,2425,Dortmund,Ramy Bensebaini,ALG,DF,29,1995,22.5,1,20,2,10.0,0.89,0.09,0.05,0.5,0,0
GER-Bundesliga,2425,Dortmund,Salih Özcan,TUR,MF,26,1998,4.3,0,4,0,0.0,0.92,0.0,0.0,,0,0
GER-Bundesliga,2425,Dortmund,Serhou Guirassy,GUI,FW,28,1996,28.9,21,89,37,41.6,3.08,1.28,0.2,0.49,3,4
GER-Bundesliga,2425,Dortmund,Waldemar Anton,GER,DF,28,1996,21.7,2,19,3,15.8,0.88,0.14,0.11,0.67,0,0
GER-Bundesliga,2425,Dortmund,Yan Couto,BRA,"DF,MF",22,2002,9.9,0,6,2,33.3,0.6,0.2,0.0,0.0,0,0
GER-Bundesliga,2425,Dortmund,Yannik Lührs,GER,DF,20,2003,1.4,0,0,0,,0.0,0.0,,,0,0
GER-Bundesliga,2425,Frankfurt,Ansgar Knauff,GER,MF,22,2002,17.7,4,30,12,40.0,1.69,0.68,0.13,0.33,0,0
GER-Bundesliga,2425,Frankfurt,Arthur Theate,BEL,DF,24,2000,30.0,0,36,9,25.0,1.2,0.3,0.0,0.0,0,0
GER-Bundesliga,2425,Frankfurt,Aurèle Amenda,SUI,DF,21,2003,1.1,0,1,0,0.0,0.94,0.0,0.0,,0,0
GER-Bundesliga,2425,Frankfurt,Can Uzun,TUR,MF,18,2005,7.5,4,27,11,40.7,3.6,1.47,0.15,0.36,0,0
GER-Bundesliga,2425,Frankfurt,Ellyes Skhiri,TUN,MF,29,1995,24.8,1,13,2,15.4,0.52,0.08,0.08,0.5,0,0
GER-Bundesliga,2425,Frankfurt,Elye Wahi,CIV,FW,21,2003,2.2,0,9,2,22.2,4.13,0.92,0.0,0.0,0,0
GER-Bundesliga,2425,Frankfurt,Fares Chaïbi,ALG,MF,21,2002,11.3,1,25,6,24.0,2.22,0.53,0.04,0.17,0,0
GER-Bundesliga,2425,Frankfurt,Hugo Ekitike,FRA,FW,22,2002,28.5,15,117,48,41.0,4.11,1.69,0.12,0.29,1,3
GER-Bundesliga,2425,Frankfurt,Hugo Larsson,SWE,MF,20,2004,26.6,3,21,10,47.6,0.79,0.38,0.14,0.3,0,0
GER-Bundesliga,2425,Frankfurt,Igor Matanović,CRO,FW,21,2003,3.5,1,11,5,45.5,3.17,1.44,0.09,0.2,0,0
GER-Bundesliga,2425,Frankfurt,Jean Mattéo Bahoya,FRA,MF,19,2005,10.2,2,10,3,30.0,0.98,0.29,0.2,0.67,0,0
GER-Bundesliga,2425,Frankfurt,Junior Dina Ebimbe,CMR,MF,23,2000,3.3,0,8,0,0.0,2.46,0.0,0.0,,0,0
GER-Bundesliga,2425,Frankfurt,Kauã Santos,BRA,GK,21,2003,8.5,0,0,0,,0.0,0.0,,,0,0
GER-Bundesliga,2425,Frankfurt,Kevin Trapp,GER,GK,34,1990,25.5,0,0,0,,0.0,0.0,,,0,0
GER-Bundesliga,2425,Frankfurt,Mahmoud Dahoud,GER,MF,28,1996,4.0,1,7,2,28.6,1.73,0.49,0.14,0.5,0,0
GER-Bundesliga,2425,Frankfurt,Mario Götze,GER,MF,32,1992,17.1,3,8,5,62.5,0.47,0.29,0.38,0.6,0,0
GER-Bundesliga,2425,Frankfurt,Michy Batshuayi,BEL,FW,30,1993,3.3,3,5,3,60.0,1.5,0.9,0.6,1.0,0,0
GER-Bundesliga,2425,Frankfurt,Nathaniel Brown,GER,"MF,DF",21,2003,21.6,3,13,5,38.5,0.6,0.23,0.23,0.6,0,0
GER-Bundesliga,2425,Frankfurt,Niels Nkounkou,FRA,"MF,DF",23,2000,4.2,0,4,0,0.0,0.94,0.0,0.0,,0,0
GER-Bundesliga,2425,Frankfurt,Nnamdi Collins,GER,"DF,MF",20,2004,16.5,1,5,2,40.0,0.3,0.12,0.2,0.5,0,0
GER-Bundesliga,2425,Frankfurt,Omar Marmoush,EGY,"FW,MF",25,1999,16.1,15,77,36,46.8,4.79,2.24,0.17,0.36,2,2
GER-Bundesliga,2425,Frankfurt,Oscar Højlund,DEN,MF,19,2005,8.0,1,6,2,33.3,0.75,0.25,0.17,0.5,0,0
GER-Bundesliga,2425,Frankfurt,Rasmus Kristensen,DEN,"DF,MF",27,1997,27.9,5,24,8,33.3,0.86,0.29,0.21,0.63,0,0
GER-Bundesliga,2425,Frankfurt,Robin Koch,GER,DF,28,1996,28.7,3,17,6,35.3,0.59,0.21,0.18,0.5,0,0
GER-Bundesliga,2425,Frankfurt,Timothy Chandler,USA,"DF,MF",34,1990,0.3,0,0,0,,0.0,0.0,,,0,0
GER-Bundesliga,2425,Frankfurt,Tuta,BRA,"DF,MF",25,1999,25.3,2,12,5,41.7,0.47,0.2,0.17,0.4,0,0
GER-Bundesliga,2425,Freiburg,Christian Günter,GER,DF,31,1993,25.7,2,20,6,30.0,0.78,0.23,0.1,0.33,0,0
GER-Bundesliga,2425,Freiburg,Eren Dinkçi,GER,MF,22,2001,13.3,0,14,3,21.4,1.05,0.23,0.0,0.0,0,0
GER-Bundesliga,2425,Freiburg,Florent Muslija,KVX,"FW,MF",26,1998,1.9,0,3,2,66.7,1.61,1.07,0.0,0.0,0,0
GER-Bundesliga,2425,Freiburg,Florian Müller,GER,GK,26,1997,8.4,0,0,0,,0.0,0.0,,,0,0
GER-Bundesliga,2425,Freiburg,Ifechukwu Ogbus,SUI,DF,18,2005,0.2,0,0,0,,0.0,0.0,,,0,0
GER-Bundesliga,2425,Freiburg,Jan-Niklas Beste,GER,"DF,MF",25,1999,2.4,0,6,2,33.3,2.55,0.85,0.0,0.0,0,0
GER-Bundesliga,2425,Freiburg,Johan Manzambi,SUI,MF,18,2005,3.7,2,11,3,27.3,2.96,0.81,0.18,0.67,0,0
GER-Bundesliga,2425,Freiburg,Jordy Makengo,FRA,DF,22,2001,8.3,0,0,0,,0.0,0.0,,,0,0
GER-Bundesliga,2425,Freiburg,Junior Adamu,AUT,FW,23,2001,17.2,2,37,12,32.4,2.16,0.7,0.05,0.17,0,0
GER-Bundesliga,2425,Freiburg,Kiliann Sildillia,FRA,DF,22,2002,8.9,2,7,2,28.6,0.79,0.22,0.29,1.0,0,0
GER-Bundesliga,2425,Freiburg,Lucas Höler,GER,"FW,MF",30,1994,20.7,6,35,19,54.3,1.69,0.92,0.17,0.32,0,1
GER-Bundesliga,2425,Freiburg,Lukas Kübler,GER,DF,31,1992,20.5,5,18,11,61.1,0.88,0.54,0.28,0.45,0,0
GER-Bundesliga,2425,Freiburg,Matthias Ginter,GER,DF,30,1994,28.5,2,24,4,16.7,0.84,0.14,0.08,0.5,0,0
GER-Bundesliga,2425,Freiburg,Max Rosenfelder,GER,DF,21,2003,13.9,1,5,1,20.0,0.36,0.07,0.2,1.0,0,0
GER-Bundesliga,2425,Freiburg,Maximilian Eggestein,GER,MF,27,1996,31.6,2,36,12,33.3,1.14,0.38,0.06,0.17,0,0
GER-Bundesliga,2425,Freiburg,Maximilian Philipp,GER,"FW,MF",30,1994,0.2,0,1,0,0.0,5.29,0.0,0.0,,0,0
GER-Bundesliga,2425,Freiburg,Merlin Röhl,GER,MF,22,2002,10.7,0,12,3,25.0,1.12,0.28,0.0,0.0,0,0
GER-Bundesliga,2425,Freiburg,Michael Gregoritsch,AUT,FW,30,1994,7.1,2,16,6,37.5,2.25,0.85,0.13,0.33,0,0
GER-Bundesliga,2425,Freiburg,Nicolas Höfler,GER,MF,34,1990,8.8,0,4,0,0.0,0.45,0.0,0.0,,0,0
GER-Bundesliga,2425,Freiburg,Noah Atubolu,GER,GK,22,2002,25.6,0,0,0,,0.0,0.0,,,0,0
GER-Bundesliga,2425,Freiburg,Noah Weißhaupt,GER,"FW,MF",22,2001,0.9,0,1,0,0.0,1.13,0.0,0.0,,0,0
GER-Bundesliga,2425,Freiburg,Patrick Osterhage,GER,MF,24,2000,25.2,1,21,3,14.3,0.83,0.12,0.05,0.33,0,0
GER-Bundesliga,2425,Freiburg,Philipp Lienhart,AUT,DF,28,1996,30.8,1,8,1,12.5,0.26,0.03,0.13,1.0,0,0
GER-Bundesliga,2425,Freiburg,Ritsu Doan,JPN,MF,26,1998,31.8,10,61,23,37.7,1.92,0.72,0.16,0.43,0,0
GER-Bundesliga,2425,Freiburg,Roland Sallai,HUN,"DF,FW",27,1997,0.5,0,3,1,33.3,5.87,1.96,0.0,0.0,0,0
GER-Bundesliga,2425,Freiburg,Vincenzo Grifo,ITA,MF,31,1993,27.0,8,66,29,43.9,2.44,1.07,0.12,0.28,0,3
GER-Bundesliga,2425,Gladbach,Alassane Pléa,FRA,MF,31,1993,21.1,11,42,14,33.3,1.99,0.66,0.24,0.71,1,1
GER-Bundesliga,2425,Gladbach,Fabio Chiarodia,ITA,DF,19,2005,4.2,1,4,1,25.0,0.95,0.24,0.25,1.0,0,0
GER-Bundesliga,2425,Gladbach,Florian Neuhaus,GER,MF,27,1997,4.2,0,9,3,33.3,2.12,0.71,0.0,0.0,0,0
GER-Bundesliga,2425,Gladbach,Franck Honorat,FRA,MF,27,1996,16.0,4,31,9,29.0,1.94,0.56,0.13,0.44,0,0
GER-Bundesliga,2425,Gladbach,Grant Ranos,ARM,FW,21,2003,0.2,0,0,0,,0.0,0.0,,,0,0
GER-Bundesliga,2425,Gladbach,Joe Scally,USA,DF,21,2002,28.6,0,6,1,16.7,0.21,0.03,0.0,0.0,0,0
GER-Bundesliga,2425,Gladbach,Jonas Omlin,SUI,GK,30,1994,10.9,0,0,0,,0.0,0.0,,,0,0
GER-Bundesliga,2425,Gladbach,Julian Weigl,GER,MF,28,1995,32.0,0,19,6,31.6,0.59,0.19,0.0,0.0,0,0
GER-Bundesliga,2425,Gladbach,Kevin Stöger,AUT,MF,30,1993,17.2,3,26,12,46.2,1.51,0.7,0.04,0.08,2,2
GER-Bundesliga,2425,Gladbach,Ko Itakura,JPN,DF,27,1997,31.0,3,21,7,33.3,0.68,0.23,0.14,0.43,0,0
GER-Bundesliga,2425,Gladbach,Luca Netz,GER,DF,21,2003,10.8,0,3,0,0.0,0.28,0.0,0.0,,0,0
GER-Bundesliga,2425,Gladbach,Lukas Ullrich,GER,DF,20,2004,21.1,1,8,2,25.0,0.38,0.09,0.13,0.5,0,0
GER-Bundesliga,2425,Gladbach,Marvin Friedrich,GER,DF,28,1995,11.0,0,7,2,28.6,0.64,0.18,0.0,0.0,0,0
GER-Bundesliga,2425,Gladbach,Moritz Nicolas,GER,GK,26,1997,18.2,0,0,0,,0.0,0.0,,,0,0
GER-Bundesliga,2425,Gladbach,Nathan N'Goumou,CMR,MF,24,2000,9.2,2,24,13,54.2,2.61,1.41,0.08,0.15,0,0
GER-Bundesliga,2425,Gladbach,Nico Elvedi,SUI,DF,27,1996,23.7,1,12,4,33.3,0.51,0.17,0.08,0.25,0,0
GER-Bundesliga,2425,Gladbach,Noah Pesch,CRO,FW,19,2005,0.1,0,0,0,,0.0,0.0,,,0,0
GER-Bundesliga,2425,Gladbach,Philipp Sander,GER,MF,26,1998,15.6,1,18,8,44.4,1.16,0.51,0.06,0.13,0,0
GER-Bundesliga,2425,Gladbach,Robin Hack,GER,MF,25,1998,24.1,4,58,24,41.4,2.4,0.99,0.07,0.17,0,0
GER-Bundesliga,2425,Gladbach,Rocco Reitz,GER,MF,22,2002,20.3,2,23,7,30.4,1.13,0.34,0.09,0.29,0,0
GER-Bundesliga,2425,Gladbach,Shiō Fukuda,JPN,FW,20,2004,0.7,1,3,1,33.3,4.5,1.5,0.33,1.0,0,0
GER-Bundesliga,2425,Gladbach,Stefan Lainer,AUT,DF,31,1992,8.4,1,4,1,25.0,0.48,0.12,0.25,1.0,0,0
GER-Bundesliga,2425,Gladbach,Tiago Cardoso,LUX,GK,18,2006,4.2,0,0,0,,0.0,0.0,,,0,0
GER-Bundesliga,2425,Gladbach,Tim Kleindienst,GER,FW,28,1995,30.4,16,75,39,52.0,2.47,1.28,0.2,0.38,1,2
GER-Bundesliga,2425,Gladbach,Tobias Sippel,GER,GK,36,1988,0.7,0,0,0,,0.0,0.0,,,0,0
GER-Bundesliga,2425,Gladbach,Tomáš Čvančara,CZE,"MF,FW",23,2000,9.2,2,24,9,37.5,2.6,0.97,0.08,0.22,0,0
GER-Bundesliga,2425,Heidenheim,Adrian Beck,GER,"MF,FW",27,1997,17.8,4,39,13,33.3,2.2,0.73,0.1,0.31,0,0
GER-Bundesliga,2425,Heidenheim,Benedikt Gimber,GER,DF,27,1997,29.7,0,13,1,7.7,0.44,0.03,0.0,0.0,0,0
GER-Bundesliga,2425,Heidenheim,Budu Zivzivadze,GEO,FW,30,1994,10.6,2,22,10,45.5,2.07,0.94,0.09,0.2,0,0
GER-Bundesliga,2425,Heidenheim,Denis Thomalla,GER,"FW,MF",31,1992,0.0,0,0,0,,0.0,0.0,,,0,0
GER-Bundesliga,2425,Heidenheim,Frank Feller,GER,GK,20,2004,1.3,0,0,0,,0.0,0.0,,,0,0
GER-Bundesliga,2425,Heidenheim,Frans Krätzig,GER,"MF,DF",21,2003,13.5,1,9,3,33.3,0.67,0.22,0.11,0.33,0,0
GER-Bundesliga,2425,Heidenheim,Jan Schöppner,GER,MF,25,1999,29.8,4,41,13,31.7,1.38,0.44,0.1,0.31,0,0
GER-Bundesliga,2425,Heidenheim,Jonas Föhrenbach,GER,"DF,MF",28,1996,20.4,0,8,1,12.5,0.39,0.05,0.0,0.0,0,0
GER-Bundesliga,2425,Heidenheim,Julian Niehues,GER,MF,23,2001,1.7,0,2,1,50.0,1.17,0.58,0.0,0.0,0,0
GER-Bundesliga,2425,Heidenheim,Kevin Müller,GER,GK,33,1991,32.7,0,0,0,,0.0,0.0,,,0,0
GER-Bundesliga,2425,Heidenheim,Lennard Maloney,USA,"MF,DF",24,1999,8.4,0,3,0,0.0,0.36,0.0,0.0,,0,0
GER-Bundesliga,2425,Heidenheim,Luca Kerber,GER,MF,22,2002,8.7,2,7,5,71.4,0.8,0.57,0.29,0.4,0,0
GER-Bundesliga,2425,Heidenheim,Léo Scienza,BRA,"MF,FW",25,1998,12.8,3,38,15,39.5,2.97,1.17,0.08,0.2,0,0
GER-Bundesliga,2425,Heidenheim,Marnon Busch,GER,"DF,MF",29,1994,15.5,0,13,3,23.1,0.84,0.19,0.0,0.0,0,0
GER-Bundesliga,2425,Heidenheim,Marvin Pieringer,GER,FW,24,1999,24.5,7,60,20,33.3,2.45,0.82,0.07,0.2,3,3
GER-Bundesliga,2425,Heidenheim,Mathias Honsak,AUT,"MF,FW",27,1996,13.1,5,29,10,34.5,2.21,0.76,0.17,0.5,0,0
GER-Bundesliga,2425,Heidenheim,Maximilian Breunig,GER,FW,23,2000,3.9,2,11,3,27.3,2.83,0.77,0.09,0.33,1,1
GER-Bundesliga,2425,Heidenheim,Mikkel Kaufmann,DEN,"FW,MF",23,2001,4.1,0,3,3,100.0,0.73,0.73,0.0,0.0,0,0
GER-Bundesliga,2425,Heidenheim,Niklas Dorsch,GER,MF,26,1998,14.8,2,9,3,33.3,0.61,0.2,0.22,0.67,0,0
GER-Bundesliga,2425,Heidenheim,Norman Theuerkauf,GER,"DF,MF",37,1987,0.2,0,1,0,0.0,4.09,0.0,0.0,,0,0
GER-Bundesliga,2425,Heidenheim,Omar Traoré,GER,"DF,MF",26,1998,29.1,0,16,3,18.8,0.55,0.1,0.0,0.0,0,0
GER-Bundesliga,2425,Heidenheim,Patrick Mainka,GER,DF,29,1994,34.0,1,25,9,36.0,0.74,0.26,0.04,0.11,0,0
GER-Bundesliga,2425,Heidenheim,Paul Wanner,AUT,"MF,FW",18,2005,19.7,3,25,6,24.0,1.27,0.3,0.08,0.33,1,1
GER-Bundesliga,2425,Heidenheim,Sirlord Conteh,GER,"MF,FW",28,1996,9.9,1,13,5,38.5,1.31,0.5,0.08,0.2,0,0
GER-Bundesliga,2425,Heidenheim,Stefan Schimmer,GER,FW,30,1994,2.7,0,10,2,20.0,3.64,0.73,0.0,0.0,0,0
GER-Bundesliga,2425,Heidenheim,Thomas Keller,GER,"MF,DF",24,1999,1.6,0,1,0,0.0,0.61,0.0,0.0,,0,0
GER-Bundesliga,2425,Heidenheim,Tim Siersleben,GER,DF,24,2000,13.1,0,4,2,50.0,0.3,0.15,0.0,0.0,0,0
GER-Bundesliga,2425,Hoffenheim,Adam Hložek,CZE,"FW,MF",22,2002,20.8,8,59,25,42.4,2.84,1.2,0.14,0.32,0,0
GER-Bundesliga,2425,Hoffenheim,Alexander Prass,AUT,"MF,DF",23,2001,17.4,0,12,1,8.3,0.69,0.06,0.0,0.0,0,0
GER-Bundesliga,2425,Hoffenheim,Andrej Kramarić,CRO,MF,33,1991,30.7,11,69,26,37.7,2.24,0.85,0.12,0.31,3,3
GER-Bundesliga,2425,Hoffenheim,Anton Stach,GER,"MF,DF",25,1998,28.7,1,35,10,28.6,1.22,0.35,0.03,0.1,0,0
GER-Bundesliga,2425,Hoffenheim,Arthur Chaves,BRA,DF,23,2001,24.3,1,11,2,18.2,0.45,0.08,0.09,0.5,0,0
GER-Bundesliga,2425,Hoffenheim,Bazoumana Touré,CIV,"MF,FW",18,2006,6.8,0,19,5,26.3,2.81,0.74,0.0,0.0,0,0
GER-Bundesliga,2425,Hoffenheim,David Jurásek,CZE,"DF,MF",23,2000,6.9,0,5,2,40.0,0.73,0.29,0.0,0.0,0,0
GER-Bundesliga,2425,Hoffenheim,David Mokwa,FRA,FW,20,2004,0.2,0,2,2,100.0,8.18,8.18,0.0,0.0,0,0
GER-Bundesliga,2425,Hoffenheim,Dennis Geiger,GER,MF,26,1998,8.2,0,5,1,20.0,0.61,0.12,0.0,0.0,0,0
GER-Bundesliga,2425,Hoffenheim,Diadie Samassékou,MLI,MF,28,1996,3.2,0,3,1,33.3,0.93,0.31,0.0,0.0,0,0
GER-Bundesliga,2425,Hoffenheim,Erencan Yardimci,TUR,FW,22,2002,3.5,0,5,1,20.0,1.44,0.29,0.0,0.0,0,0
GER-Bundesliga,2425,Hoffenheim,Finn Ole Becker,GER,MF,24,2000,7.4,0,4,2,50.0,0.54,0.27,0.0,0.0,0,0
GER-Bundesliga,2425,Hoffenheim,Florian Grillitsch,AUT,"MF,DF",28,1995,6.7,0,6,1,16.7,0.9,0.15,0.0,0.0,0,0
GER-Bundesliga,2425,Hoffenheim,Florian Micheler,AUT,MF,19,2005,0.4,0,0,0,,0.0,0.0,,,0,0
GER-Bundesliga,2425,Hoffenheim,Gift Orban,NGA,FW,22,2002,7.6,4,11,4,36.4,1.44,0.52,0.36,1.0,0,0
GER-Bundesliga,2425,Hoffenheim,Grischa Prömel,GER,MF,29,1995,1.9,0,0,0,,0.0,0.0,,,0,0
GER-Bundesliga,2425,Hoffenheim,Hannes Behrens,GER,DF,19,2005,0.3,0,0,0,,0.0,0.0,,,0,0
GER-Bundesliga,2425,Hoffenheim,Haris Tabaković,BIH,FW,30,1994,9.1,3,30,10,33.3,3.29,1.1,0.1,0.3,0,0
GER-Bundesliga,2425,Hoffenheim,Ihlas Bebou,TOG,"FW,MF",30,1994,0.1,0,0,0,,0.0,0.0,,,0,0
GER-Bundesliga,2425,Hoffenheim,Jacob Bruun Larsen,DEN,"MF,FW",25,1998,4.4,2,14,7,50.0,3.15,1.58,0.14,0.29,0,0
GER-Bundesliga,2425,Hoffenheim,Kevin Akpoguma,NGA,DF,29,1995,24.7,0,5,1,20.0,0.2,0.04,0.0,0.0,0,0
GER-Bundesliga,2425,Hoffenheim,Leo Østigård,NOR,DF,24,1999,10.3,0,5,0,0.0,0.49,0.0,0.0,,0,0
GER-Bundesliga,2425,Hoffenheim,Luca Philipp,GER,GK,23,2000,6.0,0,0,0,,0.0,0.0,,,0,0
GER-Bundesliga,2425,Hoffenheim,Marius Bülter,GER,"MF,FW",31,1993,19.2,7,38,16,42.1,1.98,0.83,0.18,0.44,0,0
GER-Bundesliga,2425,Hoffenheim,Max Moerstedt,GER,"FW,MF",18,2006,5.0,0,12,4,33.3,2.39,0.8,0.0,0.0,0,0
GER-Bundesliga,2425,Hoffenheim,Mergim Berisha,GER,FW,26,1998,3.7,1,11,3,27.3,2.97,0.81,0.09,0.33,0,0
GER-Bundesliga,2425,Hoffenheim,Oliver Baumann,GER,GK,34,1990,28.0,0,0,0,,0.0,0.0,,,0,0
GER-Bundesliga,2425,Hoffenheim,Paul Hennrich,GER,MF,19,2005,0.1,0,0,0,,0.0,0.0,,,0,0
GER-Bundesliga,2425,Hoffenheim,Pavel Kadeřábek,CZE,"MF,DF",32,1992,17.5,2,14,3,21.4,0.8,0.17,0.14,0.67,0,0
GER-Bundesliga,2425,Hoffenheim,Robin Hranáč,CZE,DF,24,2000,2.4,0,0,0,,0.0,0.0,,,0,0
GER-Bundesliga,2425,Hoffenheim,Stanley N'Soki,FRA,DF,25,1999,14.5,0,3,1,33.3,0.21,0.07,0.0,0.0,0,0
GER-Bundesliga,2425,Hoffenheim,Tim Drexler,GER,DF,19,2005,4.0,0,2,2,100.0,0.5,0.5,0.0,0.0,0,0
GER-Bundesliga,2425,Hoffenheim,Tom Bischof,GER,MF,19,2005,28.4,5,51,18,35.3,1.79,0.63,0.1,0.28,0,0
GER-Bundesliga,2425,Hoffenheim,Umut Tohumcu,GER,MF,19,2004,4.2,0,3,1,33.3,0.72,0.24,0.0,0.0,0,0
GER-Bundesliga,2425,Hoffenheim,Valentin Gendrey,FRA,"DF,MF",24,2000,15.7,1,10,5,50.0,0.64,0.32,0.1,0.2,0,0
GER-Bundesliga,2425,Holstein Kiel,Alexander Bernhardsson,SWE,"FW,MF",25,1998,14.0,7,27,14,51.9,1.92,1.0,0.26,0.5,0,0
GER-Bundesliga,2425,Holstein Kiel,Andu Kelati,GER,MF,21,2002,3.2,1,6,3,50.0,1.87,0.94,0.17,0.33,0,0
GER-Bundesliga,2425,Holstein Kiel,Armin Gigovic,BIH,MF,22,2002,21.1,5,26,11,42.3,1.23,0.52,0.19,0.45,0,0
GER-Bundesliga,2425,Holstein Kiel,Benedikt Pichler,AUT,FW,27,1997,8.7,1,20,9,45.0,2.29,1.03,0.05,0.11,0,0
GER-Bundesliga,2425,Holstein Kiel,Carl Johansson,SWE,DF,30,1994,6.3,0,1,1,100.0,0.16,0.16,0.0,0.0,0,0
GER-Bundesliga,2425,Holstein Kiel,David Zec,SVN,DF,24,2000,17.1,2,11,5,45.5,0.64,0.29,0.18,0.4,0,0
GER-Bundesliga,2425,Holstein Kiel,Dominik Javorček,SVK,"MF,DF",21,2002,4.3,0,1,0,0.0,0.23,0.0,0.0,,0,0
GER-Bundesliga,2425,Holstein Kiel,Finn Porath,GER,MF,27,1997,21.9,2,29,12,41.4,1.32,0.55,0.07,0.17,0,0
GER-Bundesliga,2425,Holstein Kiel,Ivan Nekić,CRO,DF,23,2000,0.8,0,0,0,,0.0,0.0,,,0,0
GER-Bundesliga,2425,Holstein Kiel,Jann-Fiete Arp,GER,FW,24,2000,7.9,2,22,11,50.0,2.78,1.39,0.05,0.09,1,2
GER-Bundesliga,2425,Holstein Kiel,John Tolkin,USA,"MF,DF",22,2002,8.2,0,2,0,0.0,0.24,0.0,0.0,,0,0
GER-Bundesliga,2425,Holstein Kiel,Lasse Rosenboom,GER,MF,22,2002,19.3,2,12,5,41.7,0.62,0.26,0.17,0.4,0,0
GER-Bundesliga,2425,Holstein Kiel,Lewis Holtby,GER,MF,33,1990,13.8,0,7,1,14.3,0.51,0.07,0.0,0.0,0,0
GER-Bundesliga,2425,Holstein Kiel,Magnus Knudsen,NOR,MF,23,2001,20.6,0,12,4,33.3,0.58,0.19,0.0,0.0,0,0
GER-Bundesliga,2425,Holstein Kiel,Marco Komenda,CRO,DF,27,1996,14.5,0,3,0,0.0,0.21,0.0,0.0,,0,0
GER-Bundesliga,2425,Holstein Kiel,Marko Ivezić,SRB,DF,22,2001,18.4,0,7,0,0.0,0.38,0.0,0.0,,0,0
GER-Bundesliga,2425,Holstein Kiel,Marvin Schulz,GER,"DF,MF",29,1995,3.4,0,3,1,33.3,0.88,0.29,0.0,0.0,0,0
GER-Bundesliga,2425,Holstein Kiel,Max Geschwill,GER,DF,23,2001,14.2,1,9,2,22.2,0.63,0.14,0.11,0.5,0,0
GER-Bundesliga,2425,Holstein Kiel,Nicolai Remberg,GER,MF,24,2000,26.9,0,24,3,12.5,0.89,0.11,0.0,0.0,0,0
GER-Bundesliga,2425,Holstein Kiel,Patrick Erras,GER,DF,29,1995,9.2,1,8,1,12.5,0.87,0.11,0.13,1.0,0,0
GER-Bundesliga,2425,Holstein Kiel,Phil Harres,GER,FW,22,2002,17.2,8,37,17,45.9,2.16,0.99,0.22,0.47,0,0
GER-Bundesliga,2425,Holstein Kiel,Shuto Machino,JPN,"FW,MF",24,1999,21.7,11,51,23,45.1,2.35,1.06,0.18,0.39,2,2
GER-Bundesliga,2425,Holstein Kiel,Steven Skrzybski,GER,"FW,MF",31,1992,14.7,6,33,13,39.4,2.24,0.88,0.15,0.38,1,1
GER-Bundesliga,2425,Holstein Kiel,Thomas Dähne,GER,GK,30,1994,9.0,0,0,0,,0.0,0.0,,,0,0
GER-Bundesliga,2425,Holstein Kiel,Timo Becker,GER,"DF,MF",27,1997,27.2,0,17,4,23.5,0.63,0.15,0.0,0.0,0,0
GER-Bundesliga,2425,Holstein Kiel,Timon Weiner,GER,GK,25,1999,25.0,0,0,0,,0.0,0.0,,,0,0
GER-Bundesliga,2425,Holstein Kiel,Tymoteusz Puchacz,POL,MF,25,1999,4.4,0,4,1,25.0,0.91,0.23,0.0,0.0,0,0
GER-Bundesliga,2425,Leverkusen,Aleix García,ESP,MF,27,1997,16.2,3,15,5,33.3,0.93,0.31,0.2,0.6,0,0
GER-Bundesliga,2425,Leverkusen,Amine Adli,MAR,"MF,FW",24,2000,8.5,2,20,7,35.0,2.35,0.82,0.1,0.29,0,0
GER-Bundesliga,2425,Leverkusen,Arthur,BRA,"MF,DF",21,2003,8.4,0,1,0,0.0,0.12,0.0,0.0,,0,0
GER-Bundesliga,2425,Leverkusen,Edmond Tapsoba,BFA,DF,25,1999,27.9,0,21,2,9.5,0.75,0.07,0.0,0.0,0,0
GER-Bundesliga,2425,Leverkusen,Emi Buendía,ARG,MF,27,1996,2.9,2,7,4,57.1,2.45,1.4,0.29,0.5,0,0
GER-Bundesliga,2425,Leverkusen,Exequiel Palacios,ARG,MF,25,1998,12.8,1,13,9,69.2,1.01,0.7,0.08,0.11,0,0
GER-Bundesliga,2425,Leverkusen,Florian Wirtz,GER,MF,21,2003,26.1,10,78,39,50.0,2.99,1.49,0.1,0.21,2,4
GER-Bundesliga,2425,Leverkusen,Granit Xhaka,SUI,MF,31,1992,32.1,2,21,3,14.3,0.65,0.09,0.1,0.67,0,0
GER-Bundesliga,2425,Leverkusen,Jeanuël Belocian,FRA,DF,19,2005,0.8,0,0,0,,0.0,0.0,,,0,0
GER-Bundesliga,2425,Leverkusen,Jeremie Frimpong,NED,MF,23,2000,25.7,5,34,16,47.1,1.32,0.62,0.15,0.31,0,0
GER-Bundesliga,2425,Leverkusen,Jonas Hofmann,GER,MF,32,1992,4.0,2,9,5,55.6,2.28,1.26,0.22,0.4,0,0
GER-Bundesliga,2425,Leverkusen,Jonathan Tah,GER,DF,28,1996,33.0,3,24,7,29.2,0.73,0.21,0.13,0.43,0,0
GER-Bundesliga,2425,Leverkusen,Lukáš Hrádecký,FIN,GK,34,1989,29.0,0,0,0,,0.0,0.0,,,0,0
GER-Bundesliga,2425,Leverkusen,Mario Hermoso,ESP,DF,29,1995,3.3,0,4,0,0.0,1.23,0.0,0.0,,0,0
GER-Bundesliga,2425,Leverkusen,Martin Terrier,FRA,"MF,FW",27,1997,6.5,2,16,6,37.5,2.47,0.92,0.13,0.33,0,0
GER-Bundesliga,2425,Leverkusen,Matej Kovar,CZE,GK,24,2000,5.0,0,0,0,,0.0,0.0,,,0,0
GER-Bundesliga,2425,Leverkusen,Nathan Tella,NGA,"MF,FW",25,1999,15.1,2,28,11,39.3,1.85,0.73,0.07,0.18,0,0
GER-Bundesliga,2425,Leverkusen,Nordi Mukiele,FRA,"DF,MF",26,1997,10.0,1,7,3,42.9,0.7,0.3,0.14,0.33,0,0
GER-Bundesliga,2425,Leverkusen,Patrik Schick,CZE,FW,28,1996,18.7,21,68,34,50.0,3.63,1.82,0.29,0.59,1,1
GER-Bundesliga,2425,Leverkusen,Piero Hincapié,ECU,DF,22,2002,29.7,2,22,3,13.6,0.74,0.1,0.09,0.67,0,0
GER-Bundesliga,2425,Leverkusen,Robert Andrich,GER,"MF,DF",29,1994,17.8,2,21,5,23.8,1.18,0.28,0.1,0.4,0,0
GER-Bundesliga,2425,Leverkusen,Victor Boniface,NGA,FW,23,2000,11.2,8,51,18,35.3,4.55,1.61,0.16,0.44,0,1
GER-Bundesliga,2425,Leverkusen,Álex Grimaldo,ESP,MF,28,1995,29.3,2,44,14,31.8,1.5,0.48,0.05,0.14,0,0
GER-Bundesliga,2425,Mainz 05,Andreas Hanche-Olsen,NOR,DF,27,1997,14.3,1,12,2,16.7,0.84,0.14,0.08,0.5,0,0
GER-Bundesliga,2425,Mainz 05,Anthony Caci,FRA,MF,27,1997,29.8,1,32,12,37.5,1.07,0.4,0.03,0.08,0,0
GER-Bundesliga,2425,Mainz 05,Armindo Sieb,GER,"MF,FW",21,2003,8.5,2,29,7,24.1,3.43,0.83,0.07,0.29,0,0
GER-Bundesliga,2425,Mainz 05,Arnaud Nordin,FRA,"FW,MF",26,1998,0.9,0,1,0,0.0,1.13,0.0,0.0,,0,0
GER-Bundesliga,2425,Mainz 05,Aymen Barkok,MAR,MF,26,1998,0.8,0,0,0,,0.0,0.0,,,0,0
GER-Bundesliga,2425,Mainz 05,Danny da Costa,GER,DF,31,1993,22.3,0,5,1,20.0,0.22,0.04,0.0,0.0,0,0
GER-Bundesliga,2425,Mainz 05,Dominik Kohr,GER,"DF,MF",30,1994,25.5,2,13,5,38.5,0.51,0.2,0.15,0.4,0,0
GER-Bundesliga,2425,Mainz 05,Gabriel Vidovic,CRO,MF,20,2003,0.0,0,1,0,0.0,22.5,0.0,0.0,,0,0
GER-Bundesliga,2425,Mainz 05,Hong Hyunseok,KOR,MF,25,1999,5.9,0,5,2,40.0,0.85,0.34,0.0,0.0,0,0
GER-Bundesliga,2425,Mainz 05,Jonathan Burkardt,GER,FW,24,2000,23.4,18,72,30,41.7,3.07,1.28,0.22,0.53,2,2
GER-Bundesliga,2425,Mainz 05,Kaishū Sano,JPN,MF,23,2000,33.8,0,20,2,10.0,0.59,0.06,0.0,0.0,0,0
GER-Bundesliga,2425,Mainz 05,Karim Onisiwo,AUT,MF,32,1992,1.2,0,3,0,0.0,2.45,0.0,0.0,,0,0
GER-Bundesliga,2425,Mainz 05,Lasse Rieß,GER,GK,23,2001,2.0,0,0,0,,0.0,0.0,,,0,0
GER-Bundesliga,2425,Mainz 05,Lee Jae-sung,KOR,MF,31,1992,29.4,7,39,16,41.0,1.32,0.54,0.18,0.44,0,0
GER-Bundesliga,2425,Mainz 05,Lennard Maloney,USA,"DF,MF",24,1999,0.3,0,0,0,,0.0,0.0,,,0,0
GER-Bundesliga,2425,Mainz 05,Maxim Leitsch,GER,DF,26,1998,7.5,1,6,1,16.7,0.8,0.13,0.17,1.0,0,0
GER-Bundesliga,2425,Mainz 05,Moritz Jenz,GER,DF,25,1999,17.8,0,10,4,40.0,0.56,0.23,0.0,0.0,0,0
GER-Bundesliga,2425,Mainz 05,Nadiem Amiri,GER,MF,27,1996,27.5,7,62,26,41.9,2.26,0.95,0.08,0.19,2,2
GER-Bundesliga,2425,Mainz 05,Nelson Weiper,GER,FW,19,2005,7.8,3,23,13,56.5,2.94,1.66,0.13,0.23,0,0
GER-Bundesliga,2425,Mainz 05,Nikolas Veratschnig,AUT,MF,21,2003,4.0,0,7,1,14.3,1.73,0.25,0.0,0.0,0,0
GER-Bundesliga,2425,Mainz 05,Paul Nebel,GER,MF,21,2002,26.1,10,44,18,40.9,1.69,0.69,0.23,0.56,0,0
GER-Bundesliga,2425,Mainz 05,Phillipp Mwene,AUT,MF,30,1994,29.0,1,21,5,23.8,0.72,0.17,0.05,0.2,0,0
GER-Bundesliga,2425,Mainz 05,Robin Zentner,GER,GK,29,1994,32.0,0,1,0,0.0,0.03,0.0,0.0,,0,0
GER-Bundesliga,2425,Mainz 05,Silvan Widmer,SUI,MF,31,1993,5.6,0,3,1,33.3,0.54,0.18,0.0,0.0,0,0
GER-Bundesliga,2425,Mainz 05,Stefan Bell,GER,DF,32,1991,16.0,0,12,4,33.3,0.75,0.25,0.0,0.0,0,0
GER-Bundesliga,2425,RB Leipzig,Amadou Haidara,MLI,MF,26,1998,14.7,0,18,2,11.1,1.23,0.14,0.0,0.0,0,0
GER-Bundesliga,2425,RB Leipzig,André Silva,POR,FW,28,1995,1.5,1,8,3,37.5,5.45,2.05,0.0,0.0,1,1
GER-Bundesliga,2425,RB Leipzig,Antonio Nusa,NOR,"MF,DF",19,2005,17.3,3,24,7,29.2,1.39,0.4,0.13,0.43,0,0
GER-Bundesliga,2425,RB Leipzig,Arthur Vermeeren,BEL,MF,19,2005,17.5,0,4,1,25.0,0.23,0.06,0.0,0.0,0,0
GER-Bundesliga,2425,RB Leipzig,Assan Ouédraogo,GER,MF,18,2006,0.6,0,1,0,0.0,1.8,0.0,0.0,,0,0
GER-Bundesliga,2425,RB Leipzig,Benjamin Henrichs,GER,"DF,MF",27,1997,10.4,0,10,1,10.0,0.96,0.1,0.0,0.0,0,0
GER-Bundesliga,2425,RB Leipzig,Benjamin Šeško,SVN,"FW,MF",21,2003,26.4,13,68,31,45.6,2.57,1.17,0.16,0.35,2,2
GER-Bundesliga,2425,RB Leipzig,Castello Lukeba,FRA,DF,21,2002,17.5,0,4,1,25.0,0.23,0.06,0.0,0.0,0,0
GER-Bundesliga,2425,RB Leipzig,Christoph Baumgartner,AUT,"MF,FW",24,1999,17.9,2,39,15,38.5,2.18,0.84,0.05,0.13,0,0
GER-Bundesliga,2425,RB Leipzig,David Raum,GER,"MF,DF",26,1998,19.8,1,9,4,44.4,0.45,0.2,0.11,0.25,0,0
GER-Bundesliga,2425,RB Leipzig,El Chadaille Bitshiabu,FRA,DF,19,2005,12.6,0,5,3,60.0,0.4,0.24,0.0,0.0,0,0
GER-Bundesliga,2425,RB Leipzig,Elif Elmas,MKD,"FW,MF",24,1999,0.5,0,2,1,50.0,4.09,2.05,0.0,0.0,0,0
GER-Bundesliga,2425,RB Leipzig,Faik Sakar,GER,MF,16,2008,0.0,0,0,0,,0.0,0.0,,,0,0
GER-Bundesliga,2425,RB Leipzig,Kevin Kampl,SVN,MF,33,1990,17.7,1,7,2,28.6,0.4,0.11,0.14,0.5,0,0
GER-Bundesliga,2425,RB Leipzig,Kosta Nedeljković,SRB,"DF,MF",18,2005,5.3,0,4,0,0.0,0.75,0.0,0.0,,0,0
GER-Bundesliga,2425,RB Leipzig,Loïs Openda,BEL,FW,24,2000,27.3,9,78,33,42.3,2.86,1.21,0.12,0.27,0,1
GER-Bundesliga,2425,RB Leipzig,Lukas Klostermann,GER,DF,28,1996,20.4,1,4,2,50.0,0.2,0.1,0.25,0.5,0,0
GER-Bundesliga,2425,RB Leipzig,Lutsharel Geertruida,NED,DF,24,2000,17.3,1,8,2,25.0,0.46,0.12,0.13,0.5,0,0
GER-Bundesliga,2425,RB Leipzig,Maarten Vandevoordt,BEL,GK,22,2002,4.8,0,0,0,,0.0,0.0,,,0,0
GER-Bundesliga,2425,RB Leipzig,Mohamed Simakan,FRA,DF,24,2000,0.6,0,0,0,,0.0,0.0,,,0,0
GER-Bundesliga,2425,RB Leipzig,Nicolas Seiwald,AUT,"MF,DF",23,2001,23.2,0,5,0,0.0,0.22,0.0,0.0,,0,0
GER-Bundesliga,2425,RB Leipzig,Péter Gulácsi,HUN,GK,34,1990,29.2,0,0,0,,0.0,0.0,,,0,0
GER-Bundesliga,2425,RB Leipzig,Ridle Baku,GER,MF,26,1998,14.2,2,17,5,29.4,1.2,0.35,0.12,0.4,0,0
GER-Bundesliga,2425,RB Leipzig,Tidiam Gomis,FRA,FW,17,2006,1.7,0,5,1,20.0,2.96,0.59,0.0,0.0,0,0
GER-Bundesliga,2425,RB Leipzig,Viggo Gebel,GER,MF,16,2007,0.2,0,0,0,,0.0,0.0,,,0,0
GER-Bundesliga,2425,RB Leipzig,Willi Orban,HUN,DF,31,1992,24.7,5,22,7,31.8,0.89,0.28,0.23,0.71,0,0
GER-Bundesliga,2425,RB Leipzig,Xaver Schlager,AUT,MF,26,1997,2.0,0,1,0,0.0,0.5,0.0,0.0,,0,0
GER-Bundesliga,2425,RB Leipzig,Xavi Simons,NED,MF,21,2003,23.9,10,50,23,46.0,2.09,0.96,0.2,0.43,0,0
GER-Bundesliga,2425,RB Leipzig,Yussuf Poulsen,DEN,"MF,FW",30,1994,4.2,2,14,7,50.0,3.33,1.67,0.14,0.29,0,0
GER-Bundesliga,2425,St Pauli,Abdoulie Ceesay,GAM,FW,20,2004,0.7,0,0,0,,0.0,0.0,,,0,0
GER-Bundesliga,2425,St Pauli,Adam Dźwigała,POL,DF,28,1995,4.1,0,6,0,0.0,1.45,0.0,0.0,,0,0
GER-Bundesliga,2425,St Pauli,Andreas Albers,DEN,"FW,MF",34,1990,0.7,1,3,1,33.3,4.35,1.45,0.33,1.0,0,0
GER-Bundesliga,2425,St Pauli,Ben Alexander Voll,GER,GK,23,2000,1.0,0,0,0,,0.0,0.0,,,0,0
GER-Bundesliga,2425,St Pauli,Carlo Boukhalfa,MAR,MF,25,1999,18.3,2,21,4,19.0,1.15,0.22,0.1,0.5,0,0
GER-Bundesliga,2425,St Pauli,Connor Metcalfe,AUS,"MF,FW",24,1999,4.0,0,6,3,50.0,1.51,0.75,0.0,0.0,0,0
GER-Bundesliga,2425,St Pauli,Danel Sinani,LUX,"FW,MF",27,1997,13.9,2,35,12,34.3,2.52,0.86,0.06,0.17,0,0
GER-Bundesliga,2425,St Pauli,Dapo Afolayan,ENG,"FW,MF",26,1997,18.2,3,38,13,34.2,2.09,0.71,0.08,0.23,0,0
GER-Bundesliga,2425,St Pauli,David Nemeth,AUT,DF,23,2001,23.7,0,5,1,20.0,0.21,0.04,0.0,0.0,0,0
GER-Bundesliga,2425,St Pauli,Elias Saad,TUN,"FW,MF",24,1999,10.0,3,26,8,30.8,2.6,0.8,0.12,0.38,0,0
GER-Bundesliga,2425,St Pauli,Eric Smith,SWE,"DF,MF",27,1997,31.4,1,24,9,37.5,0.76,0.29,0.04,0.11,0,0
GER-Bundesliga,2425,St Pauli,Erik Ahlstrand,SWE,MF,22,2001,0.5,0,0,0,,0.0,0.0,,,0,0
GER-Bundesliga,2425,St Pauli,Finley Stevens,WAL,DF,21,2003,0.0,0,0,0,,0.0,0.0,,,0,0
GER-Bundesliga,2425,St Pauli,Hauke Wahl,GER,DF,30,1994,33.0,0,11,4,36.4,0.33,0.12,0.0,0.0,0,0
GER-Bundesliga,2425,St Pauli,Jackson Irvine,AUS,MF,31,1993,29.0,0,41,13,31.7,1.41,0.45,0.0,0.0,0,0
GER-Bundesliga,2425,St Pauli,James Sands,USA,MF,24,2000,5.0,0,1,0,0.0,0.2,0.0,0.0,,0,0
GER-Bundesliga,2425,St Pauli,Johannes Eggestein,GER,FW,26,1998,20.6,3,36,13,36.1,1.75,0.63,0.06,0.15,1,2
GER-Bundesliga,2425,St Pauli,Karol Mets,EST,DF,31,1993,10.0,0,3,0,0.0,0.3,0.0,0.0,,0,0
GER-Bundesliga,2425,St Pauli,Lars Ritzka,GER,"MF,DF",26,1998,10.2,1,8,1,12.5,0.78,0.1,0.13,1.0,0,0
GER-Bundesliga,2425,St Pauli,Manolis Saliakas,GRE,MF,27,1996,25.7,2,29,6,20.7,1.13,0.23,0.07,0.33,0,0
GER-Bundesliga,2425,St Pauli,Maurides,BRA,FW,30,1994,0.0,0,0,0,,0.0,0.0,,,0,0
GER-Bundesliga,2425,St Pauli,Morgan Guilavogui,GUI,"FW,MF",26,1998,20.1,6,41,15,36.6,2.04,0.75,0.15,0.4,0,0
GER-Bundesliga,2425,St Pauli,Nikola Vasilj,BIH,GK,28,1995,33.0,0,0,0,,0.0,0.0,,,0,0
GER-Bundesliga,2425,St Pauli,Noah Weißhaupt,GER,"FW,MF",22,2001,12.9,1,18,4,22.2,1.4,0.31,0.06,0.25,0,0
GER-Bundesliga,2425,St Pauli,Philipp Treu,GER,MF,23,2000,32.0,0,18,4,22.2,0.56,0.12,0.0,0.0,0,0
GER-Bundesliga,2425,St Pauli,Robert Wagner,GER,MF,21,2003,4.5,0,2,0,0.0,0.44,0.0,0.0,,0,0
GER-Bundesliga,2425,St Pauli,Scott Banks,SCO,MF,22,2001,1.3,0,3,0,0.0,2.33,0.0,0.0,,0,0
GER-Bundesliga,2425,St Pauli,Siebe Van Der Heyden,BEL,"DF,MF",26,1998,9.7,1,3,2,66.7,0.31,0.21,0.33,0.5,0,0
GER-Bundesliga,2425,Stuttgart,Alexander Nübel,GER,GK,27,1996,34.0,0,0,0,,0.0,0.0,,,0,0
GER-Bundesliga,2425,Stuttgart,Ameen Al-Dakhil,BEL,DF,22,2002,4.8,0,1,0,0.0,0.21,0.0,0.0,,0,0
GER-Bundesliga,2425,Stuttgart,Angelo Stiller,GER,MF,23,2001,30.5,1,21,4,19.0,0.69,0.13,0.05,0.25,0,0
GER-Bundesliga,2425,Stuttgart,Anrie Chase,JPN,DF,20,2004,8.2,0,5,0,0.0,0.61,0.0,0.0,,0,0
GER-Bundesliga,2425,Stuttgart,Anthony Rouault,FRA,DF,23,2001,13.5,1,5,1,20.0,0.37,0.07,0.2,1.0,0,0
GER-Bundesliga,2425,Stuttgart,Atakan Karazor,TUR,MF,27,1996,29.1,2,14,7,50.0,0.48,0.24,0.14,0.29,0,0
GER-Bundesliga,2425,Stuttgart,Chris Führich,GER,MF,26,1998,22.0,2,36,12,33.3,1.64,0.55,0.06,0.17,0,0
GER-Bundesliga,2425,Stuttgart,Dan-Axel Zagadou,FRA,DF,25,1999,0.3,0,0,0,,0.0,0.0,,,0,0
GER-Bundesliga,2425,Stuttgart,Deniz Undav,GER,"FW,MF",28,1996,19.2,9,75,31,41.3,3.91,1.62,0.12,0.29,0,0
GER-Bundesliga,2425,Stuttgart,El Bilal Touré,MLI,FW,22,2001,4.0,2,14,4,28.6,3.54,1.01,0.14,0.5,0,0
GER-Bundesliga,2425,Stuttgart,Enzo Millot,FRA,MF,22,2002,20.5,6,44,19,43.2,2.15,0.93,0.14,0.32,0,1
GER-Bundesliga,2425,Stuttgart,Ermedin Demirović,BIH,FW,26,1998,20.6,15,65,30,46.2,3.15,1.46,0.23,0.5,0,2
GER-Bundesliga,2425,Stuttgart,Fabian Rieder,SUI,MF,22,2002,9.6,1,20,7,35.0,2.08,0.73,0.05,0.14,0,0
GER-Bundesliga,2425,Stuttgart,Finn Jeltsch,GER,DF,18,2006,8.7,0,2,0,0.0,0.23,0.0,0.0,,0,0
GER-Bundesliga,2425,Stuttgart,Frans Krätzig,GER,DF,21,2003,0.6,0,0,0,,0.0,0.0,,,0,0
GER-Bundesliga,2425,Stuttgart,Jacob Bruun Larsen,DEN,MF,25,1998,4.6,1,6,3,50.0,1.3,0.65,0.17,0.33,0,0
GER-Bundesliga,2425,Stuttgart,Jamie Leweling,GER,MF,23,2001,18.5,2,29,16,55.2,1.57,0.87,0.07,0.13,0,0
GER-Bundesliga,2425,Stuttgart,Jarzinho Malanga,GER,MF,18,2006,0.0,0,0,0,,0.0,0.0,,,0,0
GER-Bundesliga,2425,Stuttgart,Josha Vagnoman,GER,"DF,MF",23,2000,20.4,1,15,7,46.7,0.74,0.34,0.07,0.14,0,0
GER-Bundesliga,2425,Stuttgart,Julian Chabot,GER,DF,26,1998,25.2,3,19,4,21.1,0.75,0.16,0.16,0.75,0,0
GER-Bundesliga,2425,Stuttgart,Justin Diehl,GER,MF,19,2004,1.2,1,7,1,14.3,6.06,0.87,0.14,1.0,0,0
GER-Bundesliga,2425,Stuttgart,Leonidas Stergiou,SUI,DF,22,2002,9.5,1,3,1,33.3,0.32,0.11,0.33,1.0,0,0
GER-Bundesliga,2425,Stuttgart,Luca Jaquez,SUI,DF,21,2003,2.8,0,1,0,0.0,0.36,0.0,0.0,,0,0
GER-Bundesliga,2425,Stuttgart,Maximilian Mittelstädt,GER,"DF,MF",27,1997,27.4,1,21,4,19.0,0.77,0.15,0.05,0.25,0,0
GER-Bundesliga,2425,Stuttgart,Nick Woltemade,GER,"FW,MF",22,2002,18.0,12,49,26,53.1,2.72,1.44,0.2,0.38,2,3
GER-Bundesliga,2425,Stuttgart,Nikolas Nartey,DEN,MF,24,2000,0.2,0,0,0,,0.0,0.0,,,0,0
GER-Bundesliga,2425,Stuttgart,Pascal Stenzel,GER,DF,28,1996,3.2,0,8,2,25.0,2.48,0.62,0.0,0.0,0,0
GER-Bundesliga,2425,Stuttgart,Ramon Hendriks,NED,DF,23,2001,12.8,0,5,1,20.0,0.39,0.08,0.0,0.0,0,0
GER-Bundesliga,2425,Stuttgart,Yannik Keitel,GER,MF,24,2000,3.0,0,5,2,40.0,1.67,0.67,0.0,0.0,0,0
GER-Bundesliga,2425,Union Berlin,Alexander Schwolow,GER,GK,32,1992,6.0,0,0,0,,0.0,0.0,,,0,0
GER-Bundesliga,2425,Union Berlin,Aljoscha Kemlein,GER,MF,19,2004,10.2,1,11,3,27.3,1.07,0.29,0.09,0.33,0,0
GER-Bundesliga,2425,Union Berlin,Andrej Ilic,SRB,FW,24,2000,10.4,7,27,11,40.7,2.59,1.06,0.22,0.55,1,1
GER-Bundesliga,2425,Union Berlin,András Schäfer,HUN,MF,25,1999,17.0,1,12,1,8.3,0.7,0.06,0.08,1.0,0,0
GER-Bundesliga,2425,Union Berlin,Benedict Hollerbach,GER,"FW,MF",23,2001,28.2,9,77,24,31.2,2.73,0.85,0.12,0.38,0,0
GER-Bundesliga,2425,Union Berlin,Christopher Trimmel,AUT,"MF,DF",37,1987,19.3,0,9,3,33.3,0.47,0.16,0.0,0.0,0,0
GER-Bundesliga,2425,Union Berlin,Danilho Doekhi,NED,DF,26,1998,34.0,1,32,4,12.5,0.94,0.12,0.03,0.25,0,0
GER-Bundesliga,2425,Union Berlin,David Preu,GER,MF,19,2004,1.3,0,2,0,0.0,1.49,0.0,0.0,,0,0
GER-Bundesliga,2425,Union Berlin,Diogo Leite,POR,DF,25,1999,28.3,1,18,8,44.4,0.64,0.28,0.06,0.13,0,0
GER-Bundesliga,2425,Union Berlin,Frederik Rønnow,DEN,GK,31,1992,28.0,0,1,0,0.0,0.04,0.0,0.0,,0,0
GER-Bundesliga,2425,Union Berlin,Ivan Prtajin,CRO,FW,28,1996,1.8,0,8,2,25.0,4.47,1.12,0.0,0.0,0,0
GER-Bundesliga,2425,Union Berlin,Janik Haberer,GER,MF,30,1994,18.8,0,15,3,20.0,0.8,0.16,0.0,0.0,0,0
GER-Bundesliga,2425,Union Berlin,Jeong Woo-yeong,KOR,"MF,FW",24,1999,14.0,3,25,6,24.0,1.78,0.43,0.12,0.5,0,0
GER-Bundesliga,2425,Union Berlin,Jordan Pefok,USA,FW,28,1996,10.1,0,23,8,34.8,2.28,0.79,0.0,0.0,0,0
GER-Bundesliga,2425,Union Berlin,Josip Juranović,CRO,"MF,DF",28,1995,12.9,0,6,2,33.3,0.47,0.16,0.0,0.0,0,0
GER-Bundesliga,2425,Union Berlin,Jérôme Roussillon,GLP,DF,31,1993,1.5,0,2,0,0.0,1.32,0.0,0.0,,0,0
GER-Bundesliga,2425,Union Berlin,Kevin Vogt,GER,DF,32,1991,15.2,1,1,1,100.0,0.07,0.07,0.0,0.0,1,1
GER-Bundesliga,2425,Union Berlin,Kevin Volland,GER,"FW,MF",32,1992,0.7,0,0,0,,0.0,0.0,,,0,0
GER-Bundesliga,2425,Union Berlin,Leopold Querfeld,AUT,DF,20,2003,19.4,2,16,4,25.0,0.82,0.21,0.13,0.5,0,0
GER-Bundesliga,2425,Union Berlin,Lucas Tousart,FRA,MF,27,1997,6.2,0,9,5,55.6,1.44,0.8,0.0,0.0,0,0
GER-Bundesliga,2425,Union Berlin,László Bénes,SVK,"MF,FW",26,1997,6.5,2,19,7,36.8,2.9,1.07,0.11,0.29,0,0
GER-Bundesliga,2425,Union Berlin,Marin Ljubicic,CRO,FW,22,2002,3.1,1,2,1,50.0,0.64,0.32,0.5,1.0,0,0
GER-Bundesliga,2425,Union Berlin,Rani Khedira,TUN,MF,30,1994,30.3,1,14,1,7.1,0.46,0.03,0.07,1.0,0,0
GER-Bundesliga,2425,Union Berlin,Robert Skov,DEN,"MF,DF",28,1996,9.5,2,17,6,35.3,1.8,0.63,0.06,0.17,1,1
GER-Bundesliga,2425,Union Berlin,Robin Gosens,GER,MF,30,1994,1.0,0,1,0,0.0,1.0,0.0,0.0,,0,0
GER-Bundesliga,2425,Union Berlin,Tim Skarke,GER,"FW,MF",27,1996,12.9,0,20,9,45.0,1.55,0.7,0.0,0.0,0,0
GER-Bundesliga,2425,Union Berlin,Tom Rothe,GER,"MF,DF",19,2004,18.6,3,22,9,40.9,1.19,0.49,0.14,0.33,0,0
GER-Bundesliga,2425,Union Berlin,Yorbe Vertessen,BEL,"MF,FW",23,2001,8.0,1,27,5,18.5,3.38,0.63,0.04,0.2,0,0
GER-Bundesliga,2425,Werder Bremen,Amos Pieper,GER,DF,26,1998,16.6,0,7,1,14.3,0.42,0.06,0.0,0.0,0,0
GER-Bundesliga,2425,Werder Bremen,André Silva,POR,FW,28,1995,4.2,1,14,7,50.0,3.36,1.68,0.0,0.0,1,2
GER-Bundesliga,2425,Werder Bremen,Anthony Jung,GER,DF,32,1991,21.1,0,1,0,0.0,0.05,0.0,0.0,,0,0
GER-Bundesliga,2425,Werder Bremen,Derrick Köhn,GHA,"MF,DF",25,1999,14.9,2,13,4,30.8,0.87,0.27,0.15,0.5,0,0
GER-Bundesliga,2425,Werder Bremen,Felix Agu,NGA,MF,24,1999,19.5,3,10,5,50.0,0.51,0.26,0.3,0.6,0,0
GER-Bundesliga,2425,Werder Bremen,Issa Kaboré,BFA,MF,23,2001,3.4,0,7,0,0.0,2.05,0.0,0.0,,0,0
GER-Bundesliga,2425,Werder Bremen,Jens Stage,DEN,MF,27,1996,24.5,10,44,15,34.1,1.8,0.61,0.23,0.67,0,0
GER-Bundesliga,2425,Werder Bremen,Julián Malatini,ARG,DF,23,2001,5.0,1,3,1,33.3,0.59,0.2,0.33,1.0,0,0
GER-Bundesliga,2425,Werder Bremen,Justin Njinmah,GER,"FW,MF",23,2000,10.6,3,31,7,22.6,2.93,0.66,0.1,0.43,0,0
GER-Bundesliga,2425,Werder Bremen,Keke Topp,GER,FW,20,2004,2.8,2,7,4,57.1,2.5,1.43,0.29,0.5,0,0
GER-Bundesliga,2425,Werder Bremen,Leonardo Bittencourt,GER,MF,30,1993,10.9,2,27,9,33.3,2.47,0.82,0.07,0.22,0,0
GER-Bundesliga,2425,Werder Bremen,Marco Friedl,AUT,DF,26,1998,24.0,0,4,3,75.0,0.17,0.12,0.0,0.0,0,0
GER-Bundesliga,2425,Werder Bremen,Marco Grüll,AUT,"FW,MF",26,1998,13.1,6,25,10,40.0,1.91,0.76,0.24,0.6,0,0
GER-Bundesliga,2425,Werder Bremen,Marvin Ducksch,GER,FW,30,1994,26.9,8,71,29,40.8,2.64,1.08,0.1,0.24,1,2
GER-Bundesliga,2425,Werder Bremen,Michael Zetterer,GER,GK,29,1995,34.0,0,0,0,,0.0,0.0,,,0,0
GER-Bundesliga,2425,Werder Bremen,Miloš Veljković,SRB,DF,28,1995,11.4,0,2,1,50.0,0.17,0.09,0.0,0.0,0,0
GER-Bundesliga,2425,Werder Bremen,Mitchell Weiser,GER,MF,30,1994,31.9,5,43,15,34.9,1.35,0.47,0.12,0.33,0,0
GER-Bundesliga,2425,Werder Bremen,Niklas Stark,GER,DF,29,1995,23.4,0,12,3,25.0,0.51,0.13,0.0,0.0,0,0
GER-Bundesliga,2425,Werder Bremen,Oliver Burke,SCO,FW,27,1997,10.1,5,35,13,37.1,3.47,1.29,0.14,0.38,0,0
GER-Bundesliga,2425,Werder Bremen,Olivier Deman,BEL,"DF,FW",24,2000,0.7,0,0,0,,0.0,0.0,,,0,0
GER-Bundesliga,2425,Werder Bremen,Romano Schmid,AUT,MF,24,2000,31.5,5,48,15,31.3,1.52,0.48,0.08,0.27,1,1
GER-Bundesliga,2425,Werder Bremen,Senne Lynen,BEL,MF,25,1999,30.4,0,24,3,12.5,0.79,0.1,0.0,0.0,0,0
GER-Bundesliga,2425,Werder Bremen,Skelly Alvero,FRA,MF,22,2002,2.6,0,1,0,0.0,0.38,0.0,0.0,,0,0
GER-Bundesliga,2425,Wolfsburg,Andreas Skov Olsen,DEN,"MF,FW",24,1999,5.9,1,7,1,14.3,1.18,0.17,0.14,1.0,0,0
GER-Bundesliga,2425,Wolfsburg,Aster Vranckx,BEL,MF,21,2002,6.2,0,0,0,,0.0,0.0,,,0,0
GER-Bundesliga,2425,Wolfsburg,Bence Dárdai,HUN,MF,18,2006,14.5,1,11,1,9.1,0.76,0.07,0.09,1.0,0,0
GER-Bundesliga,2425,Wolfsburg,Cedric Zesiger,SUI,DF,26,1998,5.8,0,2,1,50.0,0.34,0.17,0.0,0.0,0,0
GER-Bundesliga,2425,Wolfsburg,David Odogu,GER,DF,18,2006,2.2,0,2,0,0.0,0.92,0.0,0.0,,0,0
GER-Bundesliga,2425,Wolfsburg,Denis Vavro,SVK,DF,28,1996,27.3,2,25,7,28.0,0.91,0.26,0.08,0.29,0,0
GER-Bundesliga,2425,Wolfsburg,Jakub Kamiński,POL,"MF,DF",22,2002,12.6,0,15,3,20.0,1.19,0.24,0.0,0.0,0,0
GER-Bundesliga,2425,Wolfsburg,Joakim Mæhle,DEN,"DF,MF",27,1997,24.3,3,18,7,38.9,0.74,0.29,0.17,0.43,0,0
GER-Bundesliga,2425,Wolfsburg,Jonas Wind,DEN,"FW,MF",25,1999,21.8,9,40,13,32.5,1.83,0.6,0.2,0.62,1,2
GER-Bundesliga,2425,Wolfsburg,Kamil Grabara,POL,GK,25,1999,28.7,0,0,0,,0.0,0.0,,,0,0
GER-Bundesliga,2425,Wolfsburg,Kevin Behrens,GER,FW,33,1991,1.9,1,9,3,33.3,4.76,1.59,0.11,0.33,0,0
GER-Bundesliga,2425,Wolfsburg,Kevin Paredes,USA,MF,21,2003,1.4,0,4,0,0.0,2.93,0.0,0.0,,0,0
GER-Bundesliga,2425,Wolfsburg,Kilian Fischer,GER,DF,23,2000,25.5,1,6,1,16.7,0.24,0.04,0.17,1.0,0,0
GER-Bundesliga,2425,Wolfsburg,Konstantinos Koulierakis,GRE,DF,20,2003,27.4,0,22,3,13.6,0.8,0.11,0.0,0.0,0,0
GER-Bundesliga,2425,Wolfsburg,Lovro Majer,CRO,MF,26,1998,3.4,2,7,5,71.4,2.07,1.48,0.14,0.2,1,1
GER-Bundesliga,2425,Wolfsburg,Lukas Nmecha,GER,FW,25,1998,5.2,3,20,9,45.0,3.85,1.73,0.15,0.33,0,0
GER-Bundesliga,2425,Wolfsburg,Mads Roerslev,DEN,DF,25,1999,3.3,0,0,0,,0.0,0.0,,,0,0
GER-Bundesliga,2425,Wolfsburg,Marius Müller,GER,GK,31,1993,5.3,0,0,0,,0.0,0.0,,,0,0
GER-Bundesliga,2425,Wolfsburg,Mattias Svanberg,SWE,MF,25,1999,13.5,3,21,8,38.1,1.55,0.59,0.14,0.38,0,0
GER-Bundesliga,2425,Wolfsburg,Maximilian Arnold,GER,MF,30,1994,26.2,3,27,12,44.4,1.03,0.46,0.11,0.25,0,0
GER-Bundesliga,2425,Wolfsburg,Mohamed Amoura,ALG,"FW,MF",24,2000,27.4,10,76,28,36.8,2.77,1.02,0.11,0.29,2,2
GER-Bundesliga,2425,Wolfsburg,Patrick Wimmer,AUT,"MF,FW",23,2001,19.7,3,42,10,23.8,2.14,0.51,0.07,0.3,0,0
GER-Bundesliga,2425,Wolfsburg,Ridle Baku,GER,MF,26,1998,13.0,2,18,6,33.3,1.38,0.46,0.11,0.33,0,0
GER-Bundesliga,2425,Wolfsburg,Salih Özcan,TUR,MF,26,1998,3.9,0,2,0,0.0,0.51,0.0,0.0,,0,0
GER-Bundesliga,2425,Wolfsburg,Sebastiaan Bornauw,BEL,DF,25,1999,8.8,2,8,3,37.5,0.91,0.34,0.25,0.67,0,0
GER-Bundesliga,2425,Wolfsburg,Tiago Tomás,POR,"MF,FW",22,2002,20.9,6,42,20,47.6,2.01,0.96,0.14,0.3,0,0
GER-Bundesliga,2425,Wolfsburg,Yannick Gerhardt,GER,"MF,DF",30,1994,16.9,1,15,4,26.7,0.89,0.24,0.07,0.25,0,0
ITA-Serie A,2425,Atalanta,Ademola Lookman,NGA,"MF,FW",26,1997,25.0,15,82,35,42.7,3.28,1.4,0.17,0.4,1,1
ITA-Serie A,2425,Atalanta,Alberto Manzoni,ITA,MF,19,2005,0.1,0,1,0,0.0,15.0,0.0,0.0,,0,0
ITA-Serie A,2425,Atalanta,Ben Godfrey,ENG,"DF,MF",26,1998,0.3,0,0,0,,0.0,0.0,,,0,0
ITA-Serie A,2425,Atalanta,Berat Djimsiti,ALB,DF,31,1993,29.3,1,20,4,20.0,0.68,0.14,0.05,0.25,0,0
ITA-Serie A,2425,Atalanta,Charles De Ketelaere,BEL,"MF,FW",23,2001,23.0,7,48,21,43.8,2.09,0.91,0.15,0.33,0,0
ITA-Serie A,2425,Atalanta,Daniel Maldini,ITA,MF,22,2001,2.9,3,10,5,50.0,3.49,1.74,0.3,0.6,0,0
ITA-Serie A,2425,Atalanta,Davide Zappacosta,ITA,MF,32,1992,23.0,4,39,12,30.8,1.7,0.52,0.1,0.33,0,0
ITA-Serie A,2425,Atalanta,Federico Cassa,ITA,MF,18,2006,0.2,0,0,0,,0.0,0.0,,,0,0
ITA-Serie A,2425,Atalanta,Gianluca Scamacca,ITA,FW,25,1999,0.1,0,1,1,100.0,15.0,15.0,0.0,0.0,0,0
ITA-Serie A,2425,Atalanta,Giorgio Scalvini,ITA,DF,20,2003,3.0,0,4,0,0.0,1.32,0.0,0.0,,0,0
ITA-Serie A,2425,Atalanta,Ibrahim Sulemana,GHA,MF,21,2003,3.1,2,5,2,40.0,1.59,0.64,0.4,1.0,0,0
ITA-Serie A,2425,Atalanta,Isak Hien,SWE,DF,25,1999,25.9,0,8,2,25.0,0.31,0.08,0.0,0.0,0,0
ITA-Serie A,2425,Atalanta,Juan Cuadrado,COL,"MF,FW",36,1988,9.2,0,16,4,25.0,1.73,0.43,0.0,0.0,0,0
ITA-Serie A,2425,Atalanta,Juan Musso,ARG,GK,30,1994,1.0,0,0,0,,0.0,0.0,,,0,0
ITA-Serie A,2425,Atalanta,Lazar Samardzic,SRB,MF,22,2002,13.0,2,33,13,39.4,2.54,1.0,0.06,0.15,0,0
ITA-Serie A,2425,Atalanta,Marco Brescianini,ITA,MF,24,2000,11.0,4,20,8,40.0,1.82,0.73,0.2,0.5,0,0
ITA-Serie A,2425,Atalanta,Marco Carnesecchi,ITA,GK,24,2000,34.0,0,0,0,,0.0,0.0,,,0,0
ITA-Serie A,2425,Atalanta,Marco Palestra,ITA,MF,19,2005,2.5,0,0,0,,0.0,0.0,,,0,0
ITA-Serie A,2425,Atalanta,Mario Pašalić,CRO,MF,29,1995,21.9,3,46,12,26.1,2.1,0.55,0.07,0.25,0,1
ITA-Serie A,2425,Atalanta,Marten de Roon,NED,"MF,DF",33,1991,34.0,4,14,4,28.6,0.41,0.12,0.29,1.0,0,0
ITA-Serie A,2425,Atalanta,Mateo Retegui,ITA,FW,25,1999,26.5,25,104,38,36.5,3.93,1.44,0.2,0.55,4,5
ITA-Serie A,2425,Atalanta,Matteo Ruggeri,ITA,"MF,DF",22,2002,19.5,0,3,2,66.7,0.15,0.1,0.0,0.0,0,0
ITA-Serie A,2425,Atalanta,Mitchel Bakker,NED,"DF,MF",24,2000,0.2,0,0,0,,0.0,0.0,,,0,0
ITA-Serie A,2425,Atalanta,Nicolò Zaniolo,ITA,"FW,MF",25,1999,4.0,2,11,4,36.4,2.78,1.01,0.18,0.5,0,0
ITA-Serie A,2425,Atalanta,Odilon Kossounou,CIV,DF,23,2001,12.5,0,6,4,66.7,0.48,0.32,0.0,0.0,0,0
ITA-Serie A,2425,Atalanta,Rafael Tolói,ITA,DF,33,1990,5.2,0,3,0,0.0,0.58,0.0,0.0,,0,0
ITA-Serie A,2425,Atalanta,Raoul Bellanova,ITA,MF,24,2000,26.7,0,18,5,27.8,0.67,0.19,0.0,0.0,0,0
ITA-Serie A,2425,Atalanta,Rui Patrício,POR,GK,36,1988,3.0,0,0,0,,0.0,0.0,,,0,0
ITA-Serie A,2425,Atalanta,Sead Kolašinac,BIH,DF,31,1993,21.1,0,10,3,30.0,0.47,0.14,0.0,0.0,0,0
ITA-Serie A,2425,Atalanta,Stefan Posch,AUT,DF,27,1997,4.3,0,3,2,66.7,0.7,0.47,0.0,0.0,0,0
ITA-Serie A,2425,Atalanta,Vanja Vlahović,SRB,MF,20,2004,0.7,0,1,1,100.0,1.5,1.5,0.0,0.0,0,0
ITA-Serie A,2425,Atalanta,Éderson Silva,BRA,MF,25,1999,32.0,4,39,12,30.8,1.22,0.37,0.1,0.33,0,0
ITA-Serie A,2425,Bologna,Babis Lykogiannis,GRE,DF,30,1993,11.6,0,6,2,33.3,0.52,0.17,0.0,0.0,0,0
ITA-Serie A,2425,Bologna,Benjamín Domínguez,ARG,MF,20,2003,14.2,3,30,17,56.7,2.11,1.19,0.1,0.18,0,0
ITA-Serie A,2425,Bologna,Dan Ndoye,SUI,"MF,FW",23,2000,23.8,8,52,20,38.5,2.18,0.84,0.12,0.3,2,2
ITA-Serie A,2425,Bologna,Davide Calabria,ITA,DF,27,1996,7.0,0,3,0,0.0,0.43,0.0,0.0,,0,0
ITA-Serie A,2425,Bologna,Emil Holm,SWE,DF,24,2000,12.6,1,10,3,30.0,0.79,0.24,0.1,0.33,0,0
ITA-Serie A,2425,Bologna,Estanis,ESP,FW,20,2003,0.1,0,2,0,0.0,20.0,0.0,0.0,,0,0
ITA-Serie A,2425,Bologna,Federico Ravaglia,ITA,GK,24,1999,11.7,0,0,0,,0.0,0.0,,,0,0
ITA-Serie A,2425,Bologna,Giovanni Fabbian,ITA,MF,21,2003,11.4,3,21,5,23.8,1.85,0.44,0.14,0.6,0,0
ITA-Serie A,2425,Bologna,Jens Odgaard,DEN,MF,25,1999,21.7,6,49,22,44.9,2.26,1.01,0.12,0.27,0,0
ITA-Serie A,2425,Bologna,Jesper Karlsson,SWE,"MF,FW",26,1998,3.3,1,6,2,33.3,1.81,0.6,0.17,0.5,0,0
ITA-Serie A,2425,Bologna,Jhon Lucumí,COL,DF,26,1998,29.0,0,13,2,15.4,0.45,0.07,0.0,0.0,0,0
ITA-Serie A,2425,Bologna,Juan Miranda,ESP,DF,24,2000,25.3,0,22,5,22.7,0.87,0.2,0.0,0.0,0,0
ITA-Serie A,2425,Bologna,Kacper Urbanski,POL,MF,19,2004,2.7,1,4,1,25.0,1.46,0.36,0.25,1.0,0,0
ITA-Serie A,2425,Bologna,Lewis Ferguson,SCO,MF,24,1999,10.9,1,6,2,33.3,0.55,0.18,0.0,0.0,1,1
ITA-Serie A,2425,Bologna,Lorenzo De Silvestri,ITA,DF,36,1988,11.8,1,9,4,44.4,0.76,0.34,0.11,0.25,0,0
ITA-Serie A,2425,Bologna,Martin Erlić,CRO,DF,26,1998,3.7,0,6,0,0.0,1.62,0.0,0.0,,0,0
ITA-Serie A,2425,Bologna,Michel Aebischer,SUI,MF,27,1997,8.0,0,10,5,50.0,1.24,0.62,0.0,0.0,0,0
ITA-Serie A,2425,Bologna,Nicolò Cambiaghi,ITA,"MF,FW",23,2000,6.9,1,14,4,28.6,2.03,0.58,0.07,0.25,0,0
ITA-Serie A,2425,Bologna,Nicolò Casale,ITA,DF,26,1998,10.0,0,4,1,25.0,0.4,0.1,0.0,0.0,0,0
ITA-Serie A,2425,Bologna,Nikola Moro,CRO,MF,26,1998,13.4,0,14,2,14.3,1.04,0.15,0.0,0.0,0,0
ITA-Serie A,2425,Bologna,Oussama El Azzouzi,MAR,MF,23,2001,0.2,0,0,0,,0.0,0.0,,,0,0
ITA-Serie A,2425,Bologna,Remo Freuler,SUI,MF,32,1992,35.6,1,17,4,23.5,0.48,0.11,0.06,0.25,0,0
ITA-Serie A,2425,Bologna,Riccardo Orsolini,ITA,"MF,FW",27,1997,20.9,15,75,28,37.3,3.59,1.34,0.16,0.43,3,3
ITA-Serie A,2425,Bologna,Sam Beukema,NED,DF,25,1998,33.5,0,15,4,26.7,0.45,0.12,0.0,0.0,0,0
ITA-Serie A,2425,Bologna,Samuel Iling-Junior,ENG,MF,20,2003,1.3,1,4,1,25.0,3.05,0.76,0.25,1.0,0,0
ITA-Serie A,2425,Bologna,Santiago Castro,ARG,FW,19,2004,25.5,8,63,21,33.3,2.47,0.82,0.13,0.38,0,1
ITA-Serie A,2425,Bologna,Stefan Posch,AUT,DF,27,1997,7.9,0,2,0,0.0,0.25,0.0,0.0,,0,0
ITA-Serie A,2425,Bologna,Thijs Dallinga,NED,FW,23,2000,12.8,3,31,11,35.5,2.42,0.86,0.1,0.27,0,0
ITA-Serie A,2425,Bologna,Tommaso Pobega,ITA,MF,25,1999,13.1,2,24,8,33.3,1.83,0.61,0.08,0.25,0,0
ITA-Serie A,2425,Bologna,Łukasz Skorupski,POL,GK,33,1991,26.3,0,0,0,,0.0,0.0,,,0,0
ITA-Serie A,2425,Cagliari,Adam Obert,SVK,"DF,MF",21,2002,12.0,1,9,2,22.2,0.75,0.17,0.11,0.5,0,0
ITA-Serie A,2425,Cagliari,Alen Sherri,ALB,GK,26,1997,6.9,0,0,0,,0.0,0.0,,,0,0
ITA-Serie A,2425,Cagliari,Alessandro Deiola,ITA,MF,28,1995,15.9,2,18,5,27.8,1.13,0.31,0.11,0.4,0,0
ITA-Serie A,2425,Cagliari,Antoine Makoumbou,CGO,MF,26,1998,23.9,0,7,1,14.3,0.29,0.04,0.0,0.0,0,0
ITA-Serie A,2425,Cagliari,Elia Caprile,ITA,GK,22,2001,18.0,0,0,0,,0.0,0.0,,,0,0
ITA-Serie A,2425,Cagliari,Florinel Coman,ROU,"MF,FW",26,1998,2.9,1,4,1,25.0,1.37,0.34,0.25,1.0,0,0
ITA-Serie A,2425,Cagliari,Gabriele Zappa,ITA,DF,24,1999,34.0,2,11,5,45.5,0.32,0.15,0.18,0.4,0,0
ITA-Serie A,2425,Cagliari,Gianluca Gaetano,ITA,"MF,FW",24,2000,11.2,2,30,6,20.0,2.68,0.54,0.07,0.33,0,0
ITA-Serie A,2425,Cagliari,Gianluca Lapadula,PER,FW,34,1990,3.4,0,15,3,20.0,4.35,0.87,0.0,0.0,0,0
ITA-Serie A,2425,Cagliari,Giuseppe Ciocci,ITA,GK,22,2002,0.1,0,0,0,,0.0,0.0,,,0,0
ITA-Serie A,2425,Cagliari,José Luis Palomino,ARG,DF,34,1990,12.0,1,2,1,50.0,0.17,0.08,0.5,1.0,0,0
ITA-Serie A,2425,Cagliari,Kingstone Mutandwa,ZAM,FW,21,2003,1.4,0,4,0,0.0,2.83,0.0,0.0,,0,0
ITA-Serie A,2425,Cagliari,Leonardo Pavoletti,ITA,FW,35,1988,4.9,2,18,7,38.9,3.64,1.42,0.11,0.29,0,0
ITA-Serie A,2425,Cagliari,Mateusz Wieteska,POL,DF,27,1997,2.0,0,1,0,0.0,0.49,0.0,0.0,,0,0
ITA-Serie A,2425,Cagliari,Matteo Prati,ITA,MF,20,2003,6.3,0,4,0,0.0,0.63,0.0,0.0,,0,0
ITA-Serie A,2425,Cagliari,Mattia Felici,ITA,MF,23,2001,10.3,0,10,7,70.0,0.97,0.68,0.0,0.0,0,0
ITA-Serie A,2425,Cagliari,Michel Ndary Adopo,FRA,MF,24,2000,26.8,1,20,4,20.0,0.75,0.15,0.05,0.25,0,0
ITA-Serie A,2425,Cagliari,Nadir Zortea,ITA,MF,25,1999,30.1,6,32,10,31.3,1.06,0.33,0.19,0.6,0,0
ITA-Serie A,2425,Cagliari,Nicola Pintus,ITA,DF,19,2005,0.0,0,0,0,,0.0,0.0,,,0,0
ITA-Serie A,2425,Cagliari,Nicolas Viola,ITA,"MF,FW",34,1989,14.1,3,31,9,29.0,2.2,0.64,0.1,0.33,0,0
ITA-Serie A,2425,Cagliari,Paulo Azzi,BRA,MF,30,1994,4.7,0,8,3,37.5,1.69,0.63,0.0,0.0,0,0
ITA-Serie A,2425,Cagliari,Roberto Piccoli,ITA,FW,23,2001,34.7,10,98,31,31.6,2.82,0.89,0.09,0.29,1,1
ITA-Serie A,2425,Cagliari,Răzvan Marin,ROU,MF,28,1996,15.6,3,24,10,41.7,1.54,0.64,0.04,0.1,2,2
ITA-Serie A,2425,Cagliari,Sebastiano Luperto,ITA,DF,27,1996,36.0,1,21,5,23.8,0.58,0.14,0.05,0.2,0,0
ITA-Serie A,2425,Cagliari,Simone Scuffet,ITA,GK,28,1996,13.0,0,0,0,,0.0,0.0,,,0,0
ITA-Serie A,2425,Cagliari,Tommaso Augello,ITA,"MF,DF",29,1994,30.1,0,8,0,0.0,0.27,0.0,0.0,,0,0
ITA-Serie A,2425,Cagliari,Yerry Mina,COL,DF,29,1994,28.5,1,26,8,30.8,0.91,0.28,0.04,0.13,0,0
ITA-Serie A,2425,Cagliari,Zito Luvumbo,ANG,"FW,MF",22,2002,17.8,2,23,4,17.4,1.29,0.22,0.09,0.5,0,0
ITA-Serie A,2425,Como,Alberto Cerri,ITA,FW,28,1996,1.0,0,4,1,25.0,4.14,1.03,0.0,0.0,0,0
ITA-Serie A,2425,Como,Alberto Dossena,ITA,DF,25,1998,20.3,0,12,4,33.3,0.59,0.2,0.0,0.0,0,0
ITA-Serie A,2425,Como,Alberto Moreno,ESP,DF,32,1992,19.2,0,14,6,42.9,0.73,0.31,0.0,0.0,0,0
ITA-Serie A,2425,Como,Alessandro Gabrielloni,ITA,FW,30,1994,1.6,1,5,2,40.0,3.17,1.27,0.2,0.5,0,0
ITA-Serie A,2425,Como,Alessio Iovine,ITA,DF,33,1991,4.3,0,1,0,0.0,0.23,0.0,0.0,,0,0
ITA-Serie A,2425,Como,Ali Jasim,IRQ,MF,20,2004,0.1,0,0,0,,0.0,0.0,,,0,0
ITA-Serie A,2425,Como,Alieu Fadera,GAM,MF,22,2001,18.3,1,28,9,32.1,1.53,0.49,0.04,0.11,0,0
ITA-Serie A,2425,Como,Anastasios Douvikas,GRE,FW,24,1999,6.4,2,14,5,35.7,2.17,0.78,0.14,0.4,0,0
ITA-Serie A,2425,Como,Andrea Belotti,ITA,FW,30,1993,6.6,2,19,3,15.8,2.88,0.46,0.11,0.67,0,0
ITA-Serie A,2425,Como,Assane Diao,SEN,"MF,FW",18,2005,13.9,8,28,13,46.4,2.01,0.93,0.29,0.62,0,0
ITA-Serie A,2425,Como,Ben Lhassine Kone,CIV,MF,24,2000,0.6,0,1,0,0.0,1.76,0.0,0.0,,0,0
ITA-Serie A,2425,Como,Daniele Baselli,ITA,MF,32,1992,0.2,0,0,0,,0.0,0.0,,,0,0
ITA-Serie A,2425,Como,Dele Alli,ENG,"FW,MF",28,1996,0.1,0,0,0,,0.0,0.0,,,0,0
ITA-Serie A,2425,Como,Edoardo Goldaniga,ITA,DF,30,1993,28.1,1,12,5,41.7,0.43,0.18,0.08,0.2,0,0
ITA-Serie A,2425,Como,Emil Audero,IDN,GK,27,1997,8.0,0,0,0,,0.0,0.0,,,0,0
ITA-Serie A,2425,Como,Federico Barba,ITA,DF,30,1993,4.8,0,2,1,50.0,0.42,0.21,0.0,0.0,0,0
ITA-Serie A,2425,Como,Fellipe Jack,BRA,DF,18,2006,1.9,0,0,0,,0.0,0.0,,,0,0
ITA-Serie A,2425,Como,Gabriel Strefezza,BRA,"MF,FW",27,1997,29.1,6,57,22,38.6,1.96,0.76,0.11,0.27,0,0
ITA-Serie A,2425,Como,Ignace Van Der Brempt,BEL,DF,22,2002,14.0,0,7,3,42.9,0.5,0.21,0.0,0.0,0,0
ITA-Serie A,2425,Como,Ivan Smolčić,CRO,DF,23,2000,7.0,0,7,3,42.9,1.0,0.43,0.0,0.0,0,0
ITA-Serie A,2425,Como,Jean Butez,FRA,GK,29,1995,18.5,0,0,0,,0.0,0.0,,,0,0
ITA-Serie A,2425,Como,Jonathan Ikone,FRA,"MF,FW",26,1998,6.0,2,16,5,31.3,2.67,0.83,0.13,0.4,0,0
ITA-Serie A,2425,Como,Luca Mazzitelli,ITA,MF,28,1995,3.7,1,7,3,42.9,1.88,0.81,0.14,0.33,0,0
ITA-Serie A,2425,Como,Lucas Da Cunha,FRA,MF,23,2001,29.0,3,37,14,37.8,1.27,0.48,0.08,0.21,0,0
ITA-Serie A,2425,Como,Marc-Oliver Kempf,GER,DF,29,1995,29.1,0,20,4,20.0,0.69,0.14,0.0,0.0,0,0
ITA-Serie A,2425,Como,Marco Sala,ITA,DF,25,1999,2.9,0,0,0,,0.0,0.0,,,0,0
ITA-Serie A,2425,Como,Matthias Braunöder,AUT,MF,22,2002,3.0,0,2,0,0.0,0.67,0.0,0.0,,0,0
ITA-Serie A,2425,Como,Maxence Caqueret,FRA,MF,24,2000,12.1,2,8,3,37.5,0.66,0.25,0.25,0.67,0,0
ITA-Serie A,2425,Como,Máximo Perrone,ARG,MF,21,2003,20.6,0,10,2,20.0,0.48,0.1,0.0,0.0,0,0
ITA-Serie A,2425,Como,Mërgim Vojvoda,KVX,DF,29,1995,8.0,1,4,1,25.0,0.5,0.13,0.25,1.0,0,0
ITA-Serie A,2425,Como,Nicolás Paz,ARG,"MF,FW",19,2004,29.9,6,110,38,34.5,3.68,1.27,0.05,0.16,0,1
ITA-Serie A,2425,Como,Oliver Abildgaard,DEN,"DF,MF",28,1996,0.1,0,0,0,,0.0,0.0,,,0,0
ITA-Serie A,2425,Como,Patrick Cutrone,ITA,FW,26,1998,22.7,7,70,26,37.1,3.08,1.14,0.1,0.27,0,1
ITA-Serie A,2425,Como,Pepe Reina,ESP,GK,41,1982,11.5,0,0,0,,0.0,0.0,,,0,0
ITA-Serie A,2425,Como,Sergi Roberto,ESP,MF,32,1992,7.7,0,6,1,16.7,0.78,0.13,0.0,0.0,0,0
ITA-Serie A,2425,Como,Simone Verdi,ITA,"FW,MF",32,1992,1.3,0,2,2,100.0,1.57,1.57,0.0,0.0,0,0
ITA-Serie A,2425,Como,Yannik Engelhardt,GER,"MF,DF",23,2001,12.9,1,8,2,25.0,0.62,0.15,0.13,0.5,0,0
ITA-Serie A,2425,Como,Álex Valle,ESP,DF,20,2004,11.4,0,9,1,11.1,0.79,0.09,0.0,0.0,0,0
ITA-Serie A,2425,Empoli,Alberto Grassi,ITA,MF,29,1995,24.5,1,11,4,36.4,0.45,0.16,0.09,0.25,0,0
ITA-Serie A,2425,Empoli,Ardian Ismajli,ALB,DF,27,1996,27.9,0,5,0,0.0,0.18,0.0,0.0,,0,0
ITA-Serie A,2425,Empoli,Christian Kouamé,CIV,"FW,MF",26,1997,5.6,1,16,5,31.3,2.84,0.89,0.06,0.2,0,0
ITA-Serie A,2425,Empoli,Devis Vásquez,COL,GK,26,1998,32.0,0,0,0,,0.0,0.0,,,0,0
ITA-Serie A,2425,Empoli,Emmanuel Ekong,SWE,FW,22,2002,2.1,0,4,1,25.0,1.94,0.48,0.0,0.0,0,0
ITA-Serie A,2425,Empoli,Emmanuel Gyasi,GHA,MF,30,1994,35.7,2,22,8,36.4,0.62,0.22,0.09,0.25,0,0
ITA-Serie A,2425,Empoli,Faustino Anjorin,ENG,MF,22,2001,12.4,2,23,7,30.4,1.86,0.57,0.09,0.29,0,0
ITA-Serie A,2425,Empoli,Francesco Caputo,ITA,FW,36,1987,0.1,0,0,0,,0.0,0.0,,,0,0
ITA-Serie A,2425,Empoli,Giuseppe Pezzella,ITA,MF,26,1997,32.0,0,15,3,20.0,0.47,0.09,0.0,0.0,0,0
ITA-Serie A,2425,Empoli,Ismael Konate,ITA,FW,18,2006,1.3,0,3,2,66.7,2.33,1.55,0.0,0.0,0,0
ITA-Serie A,2425,Empoli,Jacopo Bacci,ITA,MF,19,2005,0.3,0,0,0,,0.0,0.0,,,0,0
ITA-Serie A,2425,Empoli,Jacopo Fazzini,ITA,MF,21,2003,15.4,4,26,9,34.6,1.69,0.59,0.15,0.44,0,0
ITA-Serie A,2425,Empoli,Jacopo Seghetti,ITA,GK,19,2005,1.0,0,0,0,,0.0,0.0,,,0,0
ITA-Serie A,2425,Empoli,Junior Sambia,CTA,MF,27,1996,4.3,0,10,1,10.0,2.33,0.23,0.0,0.0,0,0
ITA-Serie A,2425,Empoli,Liam Henderson,SCO,MF,28,1996,26.0,0,22,3,13.6,0.85,0.12,0.0,0.0,0,0
ITA-Serie A,2425,Empoli,Liberato Cacace,NZL,"MF,DF",23,2000,24.8,2,29,9,31.0,1.17,0.36,0.07,0.22,0,0
ITA-Serie A,2425,Empoli,Lorenzo Colombo,ITA,"FW,MF",22,2002,24.8,6,56,20,35.7,2.26,0.81,0.09,0.25,1,1
ITA-Serie A,2425,Empoli,Lorenzo Tosto,ITA,DF,18,2006,0.0,0,0,0,,0.0,0.0,,,0,0
ITA-Serie A,2425,Empoli,Luca Marianucci,ITA,DF,20,2004,11.9,0,8,2,25.0,0.67,0.17,0.0,0.0,0,0
ITA-Serie A,2425,Empoli,Marco Silvestri,ITA,GK,33,1991,5.0,0,0,0,,0.0,0.0,,,0,0
ITA-Serie A,2425,Empoli,Mattia De Sciglio,ITA,DF,31,1992,8.5,1,5,3,60.0,0.59,0.35,0.2,0.33,0,0
ITA-Serie A,2425,Empoli,Mattia Viti,ITA,DF,22,2002,28.6,1,11,2,18.2,0.38,0.07,0.09,0.5,0,0
ITA-Serie A,2425,Empoli,Nicolas Haas,SUI,MF,28,1996,3.2,0,1,0,0.0,0.31,0.0,0.0,,0,0
ITA-Serie A,2425,Empoli,Ola Solbakken,NOR,"MF,FW",25,1998,8.4,0,4,3,75.0,0.47,0.36,0.0,0.0,0,0
ITA-Serie A,2425,Empoli,Petar Stojanović,SVN,"DF,MF",28,1995,0.0,0,0,0,,0.0,0.0,,,0,0
ITA-Serie A,2425,Empoli,Pietro Pellegri,ITA,FW,23,2001,4.6,3,8,4,50.0,1.74,0.87,0.38,0.75,0,0
ITA-Serie A,2425,Empoli,Saba Goglichidze,GEO,DF,20,2004,28.2,0,6,0,0.0,0.21,0.0,0.0,,0,0
ITA-Serie A,2425,Empoli,Sebastian Walukiewicz,POL,DF,24,2000,2.0,0,0,0,,0.0,0.0,,,0,0
ITA-Serie A,2425,Empoli,Sebastiano Esposito,ITA,"FW,MF",22,2002,25.9,8,61,21,34.4,2.36,0.81,0.11,0.33,1,2
ITA-Serie A,2425,Empoli,Szymon Żurkowski,POL,MF,26,1997,1.2,0,2,0,0.0,1.7,0.0,0.0,,0,0
ITA-Serie A,2425,Empoli,Thomas Campaniello,ITA,FW,16,2008,0.3,0,1,0,0.0,3.6,0.0,0.0,,0,0
ITA-Serie A,2425,Empoli,Tyronne Ebuehi,NGA,DF,28,1995,0.8,0,0,0,,0.0,0.0,,,0,0
ITA-Serie A,2425,Empoli,Viktor Kovalenko,UKR,MF,28,1996,0.9,0,3,1,33.3,3.51,1.17,0.0,0.0,0,0
ITA-Serie A,2425,Empoli,Youssef Maleh,MAR,MF,25,1998,16.8,0,17,3,17.6,1.01,0.18,0.0,0.0,0,0
ITA-Serie A,2425,Fiorentina,Albert Guðmundsson,ISL,"FW,MF",27,1997,14.1,6,27,15,55.6,1.91,1.06,0.15,0.27,2,2
ITA-Serie A,2425,Fiorentina,Alessandro Bianco,ITA,MF,21,2002,0.2,0,0,0,,0.0,0.0,,,0,0
ITA-Serie A,2425,Fiorentina,Amir Richardson,MAR,MF,22,2002,12.2,1,11,5,45.5,0.9,0.41,0.09,0.2,0,0
ITA-Serie A,2425,Fiorentina,Andrea Colpani,ITA,MF,25,1999,16.1,2,36,12,33.3,2.23,0.74,0.06,0.17,0,0
ITA-Serie A,2425,Fiorentina,Antonín Barák,CZE,MF,29,1994,0.6,0,2,2,100.0,3.33,3.33,0.0,0.0,0,0
ITA-Serie A,2425,Fiorentina,Cher Ndour,ITA,MF,20,2004,4.5,0,4,0,0.0,0.89,0.0,0.0,,0,0
ITA-Serie A,2425,Fiorentina,Christian Kouamé,CIV,"MF,FW",26,1997,6.9,0,11,1,9.1,1.59,0.14,0.0,0.0,0,0
ITA-Serie A,2425,Fiorentina,Cristiano Biraghi,ITA,"DF,MF",31,1992,4.8,1,5,2,40.0,1.04,0.42,0.2,0.5,0,0
ITA-Serie A,2425,Fiorentina,Danilo Cataldi,ITA,MF,29,1994,19.2,3,13,5,38.5,0.68,0.26,0.23,0.6,0,0
ITA-Serie A,2425,Fiorentina,David de Gea,ESP,GK,33,1990,35.0,0,0,0,,0.0,0.0,,,0,0
ITA-Serie A,2425,Fiorentina,Dodô,BRA,"DF,MF",25,1998,34.6,0,27,6,22.2,0.78,0.17,0.0,0.0,0,0
ITA-Serie A,2425,Fiorentina,Edoardo Bove,ITA,MF,22,2002,9.5,1,7,2,28.6,0.74,0.21,0.14,0.5,0,0
ITA-Serie A,2425,Fiorentina,Fabiano Parisi,ITA,"MF,DF",23,2000,12.5,2,9,5,55.6,0.72,0.4,0.22,0.4,0,0
ITA-Serie A,2425,Fiorentina,Jonathan Ikone,FRA,MF,26,1998,3.7,0,9,5,55.6,2.43,1.35,0.0,0.0,0,0
ITA-Serie A,2425,Fiorentina,Luca Ranieri,ITA,DF,25,1999,34.1,1,11,5,45.5,0.32,0.15,0.09,0.2,0,0
ITA-Serie A,2425,Fiorentina,Lucas Beltrán,ARG,"MF,FW",23,2001,21.7,5,29,9,31.0,1.34,0.41,0.1,0.33,2,3
ITA-Serie A,2425,Fiorentina,Lucas Martínez Quarta,ARG,DF,28,1996,3.9,1,3,1,33.3,0.77,0.26,0.33,1.0,0,0
ITA-Serie A,2425,Fiorentina,Maat Daniel Caprini,ITA,FW,18,2006,0.1,0,0,0,,0.0,0.0,,,0,0
ITA-Serie A,2425,Fiorentina,Marin Pongračić,CRO,DF,26,1997,15.2,0,2,1,50.0,0.13,0.07,0.0,0.0,0,0
ITA-Serie A,2425,Fiorentina,Matias Moreno,ARG,DF,20,2003,1.6,0,0,0,,0.0,0.0,,,0,0
ITA-Serie A,2425,Fiorentina,Michael Folorunsho,ITA,MF,26,1998,7.2,0,9,3,33.3,1.25,0.42,0.0,0.0,0,0
ITA-Serie A,2425,Fiorentina,Michael Kayode,ITA,DF,20,2004,1.4,0,1,0,0.0,0.71,0.0,0.0,,0,0
ITA-Serie A,2425,Fiorentina,Moise Kean,ITA,FW,24,2000,30.0,19,105,51,48.6,3.49,1.7,0.17,0.35,1,2
ITA-Serie A,2425,Fiorentina,Nicolò Fagioli,ITA,MF,23,2001,10.7,1,10,4,40.0,0.94,0.37,0.1,0.25,0,0
ITA-Serie A,2425,Fiorentina,Nicolò Zaniolo,ITA,"FW,MF",25,1999,3.8,0,9,4,44.4,2.36,1.05,0.0,0.0,0,0
ITA-Serie A,2425,Fiorentina,Pablo Marí,ESP,DF,30,1993,12.2,0,5,1,20.0,0.41,0.08,0.0,0.0,0,0
ITA-Serie A,2425,Fiorentina,Pietro Comuzzo,ITA,DF,19,2005,24.4,1,4,2,50.0,0.16,0.08,0.25,0.5,0,0
ITA-Serie A,2425,Fiorentina,Pietro Terracciano,ITA,GK,34,1990,3.0,0,0,0,,0.0,0.0,,,0,0
ITA-Serie A,2425,Fiorentina,Riccardo Sottil,ITA,MF,25,1999,9.3,1,22,6,27.3,2.38,0.65,0.05,0.17,0,0
ITA-Serie A,2425,Fiorentina,Robin Gosens,GER,"DF,MF",30,1994,28.0,5,23,8,34.8,0.82,0.29,0.22,0.63,0,0
ITA-Serie A,2425,Fiorentina,Rolando Mandragora,ITA,MF,27,1997,21.5,4,38,15,39.5,1.77,0.7,0.08,0.2,1,1
ITA-Serie A,2425,Fiorentina,Sofyan Amrabat,MAR,MF,27,1996,2.0,0,0,0,,0.0,0.0,,,0,0
ITA-Serie A,2425,Fiorentina,Tommaso Rubino,ITA,FW,17,2006,0.1,0,0,0,,0.0,0.0,,,0,0
ITA-Serie A,2425,Fiorentina,Yacine Adli,FRA,MF,24,2000,13.7,4,14,5,35.7,1.02,0.36,0.29,0.8,0,0
ITA-Serie A,2425,Genoa,Aarón Martín,ESP,"DF,MF",27,1997,34.3,0,16,4,25.0,0.47,0.12,0.0,0.0,0,0
ITA-Serie A,2425,Genoa,Alan Matturro,URU,DF,19,2004,10.0,0,4,3,75.0,0.4,0.3,0.0,0.0,0,0
ITA-Serie A,2425,Genoa,Alessandro Marcandalli,ITA,DF,21,2002,0.5,0,0,0,,0.0,0.0,,,0,0
ITA-Serie A,2425,Genoa,Alessandro Vogliacco,ITA,DF,25,1998,7.9,2,5,2,40.0,0.63,0.25,0.4,1.0,0,0
ITA-Serie A,2425,Genoa,Alessandro Zanoli,ITA,MF,23,2000,19.0,1,11,3,27.3,0.58,0.16,0.09,0.33,0,0
ITA-Serie A,2425,Genoa,Andrea Pinamonti,ITA,FW,25,1999,31.7,10,79,30,38.0,2.49,0.95,0.13,0.33,0,1
ITA-Serie A,2425,Genoa,Benjamin Siegrist,SUI,GK,32,1992,1.7,0,0,0,,0.0,0.0,,,0,0
ITA-Serie A,2425,Genoa,Brooke Norton-Cuffy,ENG,"MF,DF",20,2004,8.0,0,5,2,40.0,0.63,0.25,0.0,0.0,0,0
ITA-Serie A,2425,Genoa,Caleb Ekuban,GHA,FW,30,1994,6.2,1,18,6,33.3,2.92,0.97,0.06,0.17,0,0
ITA-Serie A,2425,Genoa,Daniele Sommariva,ITA,GK,27,1997,0.3,0,0,0,,0.0,0.0,,,0,0
ITA-Serie A,2425,Genoa,David Akpan Ankeye,NGA,FW,22,2002,0.5,0,0,0,,0.0,0.0,,,0,0
ITA-Serie A,2425,Genoa,Emil Bohinen,NOR,MF,25,1999,1.8,0,2,0,0.0,1.08,0.0,0.0,,0,0
ITA-Serie A,2425,Genoa,Fabio Miretti,ITA,MF,20,2003,18.6,3,24,6,25.0,1.29,0.32,0.13,0.5,0,0
ITA-Serie A,2425,Genoa,Federico Accornero,ITA,MF,20,2004,0.1,0,0,0,,0.0,0.0,,,0,0
ITA-Serie A,2425,Genoa,Filippo Melegoni,ITA,MF,25,1999,1.0,0,1,0,0.0,1.01,0.0,0.0,,0,0
ITA-Serie A,2425,Genoa,Gastón Pereiro,URU,"FW,MF",29,1995,0.3,0,0,0,,0.0,0.0,,,0,0
ITA-Serie A,2425,Genoa,Honest Ahanor,ITA,"MF,DF",16,2008,3.0,0,3,1,33.3,1.0,0.33,0.0,0.0,0,0
ITA-Serie A,2425,Genoa,Jean Onana,CMR,MF,24,2000,3.4,0,1,0,0.0,0.3,0.0,0.0,,0,0
ITA-Serie A,2425,Genoa,Jeff Ekhator,ITA,"FW,MF",17,2006,8.5,1,10,3,30.0,1.17,0.35,0.1,0.33,0,0
ITA-Serie A,2425,Genoa,Johan Vásquez,MEX,DF,25,1998,33.8,3,36,8,22.2,1.07,0.24,0.08,0.38,0,0
ITA-Serie A,2425,Genoa,Junior Messias,BRA,"MF,FW",33,1991,9.4,1,18,6,33.3,1.91,0.64,0.06,0.17,0,1
ITA-Serie A,2425,Genoa,Koni De Winter,BEL,DF,22,2002,23.7,3,13,7,53.8,0.55,0.3,0.23,0.43,0,0
ITA-Serie A,2425,Genoa,Lior Kasa,ISR,MF,18,2005,2.6,0,5,2,40.0,1.96,0.78,0.0,0.0,0,0
ITA-Serie A,2425,Genoa,Lorenzo Venturino,ITA,MF,18,2006,1.9,2,4,3,75.0,2.16,1.62,0.5,0.67,0,0
ITA-Serie A,2425,Genoa,Mario Balotelli,ITA,FW,33,1990,0.7,0,2,0,0.0,2.9,0.0,0.0,,0,0
ITA-Serie A,2425,Genoa,Mattia Bani,ITA,DF,30,1993,16.7,0,8,3,37.5,0.48,0.18,0.0,0.0,0,0
ITA-Serie A,2425,Genoa,Maxwel Cornet,CIV,MF,27,1996,2.7,2,5,3,60.0,1.83,1.1,0.4,0.67,0,0
ITA-Serie A,2425,Genoa,Milan Badelj,CRO,MF,35,1989,16.4,1,14,3,21.4,0.86,0.18,0.07,0.33,0,0
ITA-Serie A,2425,Genoa,Morten Frendrup,DEN,MF,23,2001,34.5,2,30,9,30.0,0.87,0.26,0.07,0.22,0,0
ITA-Serie A,2425,Genoa,Morten Thorsby,NOR,MF,28,1996,21.1,0,15,7,46.7,0.71,0.33,0.0,0.0,0,0
ITA-Serie A,2425,Genoa,Nicola Leali,ITA,GK,31,1993,29.0,0,0,0,,0.0,0.0,,,0,0
ITA-Serie A,2425,Genoa,Patrizio Masini,ITA,MF,23,2001,17.1,1,8,1,12.5,0.47,0.06,0.13,1.0,0,0
ITA-Serie A,2425,Genoa,Pierluigi Gollini,ITA,GK,29,1995,7.0,0,0,0,,0.0,0.0,,,0,0
ITA-Serie A,2425,Genoa,Ruslan Malinovskyi,UKR,MF,31,1993,4.3,0,9,3,33.3,2.11,0.7,0.0,0.0,0,0
ITA-Serie A,2425,Genoa,Sebastian Otoa,DEN,DF,20,2004,2.0,0,0,0,,0.0,0.0,,,0,0
ITA-Serie A,2425,Genoa,Stefano Sabelli,ITA,"DF,MF",31,1993,22.9,0,6,1,16.7,0.26,0.04,0.0,0.0,0,0
ITA-Serie A,2425,Genoa,Vitinha,POR,"FW,MF",24,2000,14.8,2,33,6,18.2,2.24,0.41,0.06,0.33,0,0
ITA-Serie A,2425,Hellas Verona,Abdou Harroui,NED,"MF,FW",26,1998,5.1,1,15,4,26.7,2.92,0.78,0.07,0.25,0,0
ITA-Serie A,2425,Hellas Verona,Alphadjo Cissè,ITA,MF,17,2006,0.1,0,2,2,100.0,20.0,20.0,0.0,0.0,0,0
ITA-Serie A,2425,Hellas Verona,Amin Sarr,SWE,FW,23,2001,21.2,4,23,7,30.4,1.09,0.33,0.17,0.57,0,0
ITA-Serie A,2425,Hellas Verona,Antoine Bernede,FRA,MF,25,1999,6.6,1,4,2,50.0,0.61,0.3,0.25,0.5,0,0
ITA-Serie A,2425,Hellas Verona,Casper Tengstedt,DEN,FW,24,2000,16.9,6,38,11,28.9,2.25,0.65,0.13,0.45,1,1
ITA-Serie A,2425,Hellas Verona,Cheikh Niasse,SEN,MF,24,2000,8.4,0,3,1,33.3,0.36,0.12,0.0,0.0,0,0
ITA-Serie A,2425,Hellas Verona,Dailon Livramento,CPV,"MF,FW",23,2001,10.4,1,13,4,30.8,1.24,0.38,0.08,0.25,0,0
ITA-Serie A,2425,Hellas Verona,Daniel Bandeira,POR,MF,24,2000,4.5,0,2,1,50.0,0.44,0.22,0.0,0.0,0,0
ITA-Serie A,2425,Hellas Verona,Daniel Mosquera,COL,FW,24,1999,15.3,5,57,16,28.1,3.73,1.05,0.09,0.31,0,0
ITA-Serie A,2425,Hellas Verona,Daniel Oyegoke,ENG,"DF,MF",21,2003,1.1,0,1,0,0.0,0.87,0.0,0.0,,0,0
ITA-Serie A,2425,Hellas Verona,Daniele Ghilardi,ITA,DF,21,2003,22.5,0,12,4,33.3,0.53,0.18,0.0,0.0,0,0
ITA-Serie A,2425,Hellas Verona,Darko Lazović,SRB,MF,33,1990,16.2,2,20,4,20.0,1.23,0.25,0.05,0.25,1,1
ITA-Serie A,2425,Hellas Verona,Davide Faraoni,ITA,"MF,DF",32,1991,2.9,0,1,0,0.0,0.35,0.0,0.0,,0,0
ITA-Serie A,2425,Hellas Verona,Diego Coppola,ITA,DF,20,2003,32.5,2,10,4,40.0,0.31,0.12,0.2,0.5,0,0
ITA-Serie A,2425,Hellas Verona,Domagoj Bradarić,CRO,"MF,DF",24,1999,21.5,1,9,4,44.4,0.42,0.19,0.11,0.25,0,0
ITA-Serie A,2425,Hellas Verona,Faride Alidou,GER,FW,23,2001,0.8,0,1,0,0.0,1.27,0.0,0.0,,0,0
ITA-Serie A,2425,Hellas Verona,Flavius Daniliuc,AUT,DF,23,2001,11.2,0,3,1,33.3,0.27,0.09,0.0,0.0,0,0
ITA-Serie A,2425,Hellas Verona,Giangiacomo Magnani,ITA,DF,28,1995,11.8,1,11,2,18.2,0.93,0.17,0.09,0.5,0,0
ITA-Serie A,2425,Hellas Verona,Grigoris Kastanos,CYP,"MF,FW",26,1998,9.7,1,22,5,22.7,2.27,0.52,0.05,0.2,0,0
ITA-Serie A,2425,Hellas Verona,Jackson Tchatchoua,CMR,"MF,DF",22,2001,35.2,2,18,3,16.7,0.51,0.09,0.11,0.67,0,0
ITA-Serie A,2425,Hellas Verona,Junior Ajayi,CIV,FW,19,2004,0.1,0,0,0,,0.0,0.0,,,0,0
ITA-Serie A,2425,Hellas Verona,Lorenzo Montipò,ITA,GK,28,1996,36.0,0,0,0,,0.0,0.0,,,0,0
ITA-Serie A,2425,Hellas Verona,Martin Frese,DEN,"DF,MF",26,1998,6.1,0,2,0,0.0,0.33,0.0,0.0,,0,0
ITA-Serie A,2425,Hellas Verona,Mathis Lambourde,FRA,FW,18,2006,1.0,1,2,1,50.0,2.02,1.01,0.5,1.0,0,0
ITA-Serie A,2425,Hellas Verona,Nicolás Valentini,ARG,DF,23,2001,12.5,0,8,0,0.0,0.64,0.0,0.0,,0,0
ITA-Serie A,2425,Hellas Verona,Ondrej Duda,SVK,MF,29,1994,26.6,1,25,5,20.0,0.94,0.19,0.04,0.2,0,0
ITA-Serie A,2425,Hellas Verona,Paweł Dawidowicz,POL,"DF,MF",29,1995,20.5,0,4,0,0.0,0.2,0.0,0.0,,0,0
ITA-Serie A,2425,Hellas Verona,Reda Belahyane,MAR,MF,20,2004,18.4,0,6,2,33.3,0.33,0.11,0.0,0.0,0,0
ITA-Serie A,2425,Hellas Verona,Simone Perilli,ITA,GK,29,1995,2.0,0,0,0,,0.0,0.0,,,0,0
ITA-Serie A,2425,Hellas Verona,Suat Serdar,GER,MF,27,1997,15.3,2,30,8,26.7,1.96,0.52,0.07,0.25,0,0
ITA-Serie A,2425,Hellas Verona,Tomáš Suslov,SVK,"MF,FW",22,2002,23.1,0,32,7,21.9,1.38,0.3,0.0,0.0,0,0
ITA-Serie A,2425,Hellas Verona,Yllan Okou,FRA,DF,21,2002,0.0,0,0,0,,0.0,0.0,,,0,0
ITA-Serie A,2425,Inter,Alessandro Bastoni,ITA,DF,25,1999,26.7,1,13,2,15.4,0.49,0.07,0.08,0.5,0,0
ITA-Serie A,2425,Inter,Benjamin Pavard,FRA,DF,28,1996,17.6,0,8,1,12.5,0.45,0.06,0.0,0.0,0,0
ITA-Serie A,2425,Inter,Carlos Augusto,BRA,"DF,MF",25,1999,18.8,3,24,7,29.2,1.28,0.37,0.13,0.43,0,0
ITA-Serie A,2425,Inter,Davide Frattesi,ITA,MF,24,1999,13.6,5,28,8,28.6,2.06,0.59,0.18,0.63,0,0
ITA-Serie A,2425,Inter,Denzel Dumfries,NED,MF,28,1996,21.7,7,37,19,51.4,1.7,0.87,0.19,0.37,0,0
ITA-Serie A,2425,Inter,Federico Dimarco,ITA,MF,26,1997,24.2,4,56,22,39.3,2.32,0.91,0.07,0.18,0,0
ITA-Serie A,2425,Inter,Francesco Acerbi,ITA,DF,36,1988,19.0,0,5,1,20.0,0.26,0.05,0.0,0.0,0,0
ITA-Serie A,2425,Inter,Hakan Çalhanoğlu,TUR,MF,30,1994,21.6,5,46,15,32.6,2.13,0.69,0.04,0.13,3,4
ITA-Serie A,2425,Inter,Henrikh Mkhitaryan,ARM,MF,35,1989,26.6,1,23,2,8.7,0.86,0.08,0.04,0.5,0,0
ITA-Serie A,2425,Inter,Joaquín Correa,ARG,"FW,MF",29,1994,8.1,2,14,6,42.9,1.72,0.74,0.14,0.33,0,0
ITA-Serie A,2425,Inter,Josep Martinez,ESP,GK,26,1998,5.0,0,0,0,,0.0,0.0,,,0,0
ITA-Serie A,2425,Inter,Kristjan Asllani,ALB,MF,22,2002,11.0,2,16,5,31.3,1.46,0.46,0.0,0.0,2,2
ITA-Serie A,2425,Inter,Lautaro Martínez,ARG,FW,26,1997,28.5,12,101,34,33.7,3.55,1.19,0.12,0.35,0,0
ITA-Serie A,2425,Inter,Luka Topalović,SVN,MF,18,2006,0.1,0,0,0,,0.0,0.0,,,0,0
ITA-Serie A,2425,Inter,Marcus Thuram,FRA,FW,26,1997,25.4,14,65,27,41.5,2.55,1.06,0.22,0.52,0,0
ITA-Serie A,2425,Inter,Marko Arnautović,AUT,FW,35,1989,6.1,4,14,6,42.9,2.3,0.98,0.29,0.67,0,0
ITA-Serie A,2425,Inter,Matteo Darmian,ITA,"MF,DF",34,1989,19.8,3,11,4,36.4,0.56,0.2,0.27,0.75,0,0
ITA-Serie A,2425,Inter,Mehdi Taremi,IRN,FW,32,1992,9.1,1,14,7,50.0,1.54,0.77,0.0,0.0,1,1
ITA-Serie A,2425,Inter,Nicola Zalewski,POL,MF,22,2002,4.8,1,5,3,60.0,1.03,0.62,0.2,0.33,0,0
ITA-Serie A,2425,Inter,Nicolò Barella,ITA,MF,27,1997,27.7,3,43,9,20.9,1.55,0.32,0.07,0.33,0,0
ITA-Serie A,2425,Inter,Piotr Zieliński,POL,MF,30,1994,10.9,2,17,6,35.3,1.56,0.55,0.0,0.0,2,2
ITA-Serie A,2425,Inter,Stefan de Vrij,NED,DF,32,1992,19.2,3,13,3,23.1,0.68,0.16,0.23,1.0,0,0
ITA-Serie A,2425,Inter,Tajon Buchanan,CAN,"DF,MF",25,1999,1.1,0,0,0,,0.0,0.0,,,0,0
ITA-Serie A,2425,Inter,Tomás Palacios,ARG,DF,21,2003,0.1,0,0,0,,0.0,0.0,,,0,0
ITA-Serie A,2425,Inter,Yann Aurel Bisseck,GER,DF,23,2000,18.3,3,21,5,23.8,1.15,0.27,0.14,0.6,0,0
ITA-Serie A,2425,Inter,Yann Sommer,SUI,GK,35,1988,33.0,0,0,0,,0.0,0.0,,,0,0
ITA-Serie A,2425,Juventus,Alberto costa,POR,"DF,MF",20,2003,4.0,0,7,2,28.6,1.76,0.5,0.0,0.0,0,0
ITA-Serie A,2425,Juventus,Andrea Cambiaso,ITA,"DF,MF",24,2000,24.7,2,17,6,35.3,0.69,0.24,0.12,0.33,0,0
ITA-Serie A,2425,Juventus,Danilo,BRA,DF,33,1991,6.5,0,1,0,0.0,0.15,0.0,0.0,,0,0
ITA-Serie A,2425,Juventus,Diego Pugno,ITA,DF,18,2006,0.1,0,0,0,,0.0,0.0,,,0,0
ITA-Serie A,2425,Juventus,Douglas Luiz,BRA,MF,26,1998,5.9,0,8,2,25.0,1.36,0.34,0.0,0.0,0,0
ITA-Serie A,2425,Juventus,Dušan Vlahović,SRB,FW,24,2000,19.8,10,77,30,39.0,3.88,1.51,0.08,0.2,4,4
ITA-Serie A,2425,Juventus,Federico Gatti,ITA,DF,26,1998,24.4,1,25,9,36.0,1.03,0.37,0.04,0.11,0,0
ITA-Serie A,2425,Juventus,Francisco Conceição,POR,MF,21,2002,14.9,3,40,13,32.5,2.69,0.87,0.08,0.23,0,0
ITA-Serie A,2425,Juventus,Gleison Bremer,BRA,DF,27,1997,6.0,0,3,0,0.0,0.5,0.0,0.0,,0,0
ITA-Serie A,2425,Juventus,Jonas Rouhi,SWE,DF,20,2004,2.3,0,0,0,,0.0,0.0,,,0,0
ITA-Serie A,2425,Juventus,Juan David Cabal,COL,DF,23,2001,5.1,0,5,0,0.0,0.98,0.0,0.0,,0,0
ITA-Serie A,2425,Juventus,Kenan Yıldız,TUR,MF,19,2005,26.7,7,61,23,37.7,2.29,0.86,0.11,0.3,0,0
ITA-Serie A,2425,Juventus,Khéphren Thuram,FRA,MF,23,2001,25.8,4,36,11,30.6,1.39,0.43,0.11,0.36,0,0
ITA-Serie A,2425,Juventus,Lloyd Kelly,ENG,DF,25,1998,11.3,0,7,1,14.3,0.62,0.09,0.0,0.0,0,0
ITA-Serie A,2425,Juventus,Lorenzo Anghelè,ITA,FW,19,2005,0.1,0,0,0,,0.0,0.0,,,0,0
ITA-Serie A,2425,Juventus,Manuel Locatelli,ITA,MF,26,1998,31.4,2,25,9,36.0,0.8,0.29,0.04,0.11,1,1
ITA-Serie A,2425,Juventus,Mattia Perin,ITA,GK,31,1992,5.0,0,0,0,,0.0,0.0,,,0,0
ITA-Serie A,2425,Juventus,Michele Di Gregorio,ITA,GK,27,1997,33.0,0,0,0,,0.0,0.0,,,0,0
ITA-Serie A,2425,Juventus,Nicolás González,ARG,"MF,FW",26,1998,19.4,3,45,21,46.7,2.31,1.08,0.07,0.14,0,0
ITA-Serie A,2425,Juventus,Nicolò Fagioli,ITA,MF,23,2001,6.3,0,12,1,8.3,1.89,0.16,0.0,0.0,0,0
ITA-Serie A,2425,Juventus,Nicolò Savona,ITA,DF,21,2003,19.2,2,6,4,66.7,0.31,0.21,0.33,0.5,0,0
ITA-Serie A,2425,Juventus,Pierre Kalulu,FRA,DF,24,2000,26.0,1,7,3,42.9,0.27,0.12,0.14,0.33,0,0
ITA-Serie A,2425,Juventus,Randal Kolo Muani,FRA,FW,25,1998,12.9,8,26,14,53.8,2.02,1.09,0.27,0.5,1,1
ITA-Serie A,2425,Juventus,Renato Veiga,POR,DF,21,2003,12.1,0,12,5,41.7,0.99,0.41,0.0,0.0,0,0
ITA-Serie A,2425,Juventus,Samuel Mbangula,BEL,MF,20,2004,7.9,3,9,5,55.6,1.14,0.63,0.33,0.6,0,0
ITA-Serie A,2425,Juventus,Teun Koopmeiners,NED,MF,26,1998,22.2,3,42,11,26.2,1.9,0.5,0.07,0.27,0,0
ITA-Serie A,2425,Juventus,Timothy Weah,USA,"MF,DF",24,2000,18.2,5,21,9,42.9,1.15,0.49,0.24,0.56,0,0
ITA-Serie A,2425,Juventus,Vasilije Adžić,MNE,MF,18,2006,0.5,0,1,1,100.0,2.14,2.14,0.0,0.0,0,0
ITA-Serie A,2425,Juventus,Weston McKennie,USA,"MF,DF",25,1998,25.7,2,22,8,36.4,0.86,0.31,0.09,0.25,0,0
ITA-Serie A,2425,Lazio,Adam Marušić,MNE,DF,31,1992,26.0,4,23,10,43.5,0.89,0.39,0.17,0.4,0,0
ITA-Serie A,2425,Lazio,Alessio Romagnoli,ITA,DF,29,1995,29.7,2,20,8,40.0,0.67,0.27,0.1,0.25,0,0
ITA-Serie A,2425,Lazio,Arijon Ibrahimović,GER,MF,18,2005,0.1,0,2,0,0.0,22.5,0.0,0.0,,0,0
ITA-Serie A,2425,Lazio,Boulaye Dia,SEN,"MF,FW",27,1996,24.2,9,39,20,51.3,1.61,0.83,0.23,0.45,0,0
ITA-Serie A,2425,Lazio,Christos Mandas,GRE,GK,22,2001,9.0,0,0,0,,0.0,0.0,,,0,0
ITA-Serie A,2425,Lazio,Elseid Hysaj,ALB,DF,30,1994,4.7,0,2,0,0.0,0.42,0.0,0.0,,0,0
ITA-Serie A,2425,Lazio,Fisayo Dele-Bashiru,NGA,MF,23,2001,10.5,3,16,5,31.3,1.52,0.48,0.19,0.6,0,0
ITA-Serie A,2425,Lazio,Gaetano Castrovilli,ITA,MF,27,1997,1.6,0,2,0,0.0,1.22,0.0,0.0,,0,0
ITA-Serie A,2425,Lazio,Gustav Isaksen,DEN,MF,23,2001,24.6,4,55,25,45.5,2.24,1.02,0.07,0.16,0,0
ITA-Serie A,2425,Lazio,Ivan Provedel,ITA,GK,30,1994,29.0,0,0,0,,0.0,0.0,,,0,0
ITA-Serie A,2425,Lazio,Loum Tchaouna,FRA,"MF,FW",20,2003,7.3,1,23,8,34.8,3.14,1.09,0.04,0.13,0,0
ITA-Serie A,2425,Lazio,Luca Pellegrini,ITA,DF,25,1999,11.9,0,13,4,30.8,1.1,0.34,0.0,0.0,0,0
ITA-Serie A,2425,Lazio,Manuel Lazzari,ITA,DF,30,1993,15.6,0,6,2,33.3,0.38,0.13,0.0,0.0,0,0
ITA-Serie A,2425,Lazio,Mario Gila,ESP,DF,23,2000,30.5,1,15,4,26.7,0.49,0.13,0.07,0.25,0,0
ITA-Serie A,2425,Lazio,Mattia Zaccagni,ITA,"MF,FW",29,1995,29.8,8,48,17,35.4,1.61,0.57,0.13,0.35,2,2
ITA-Serie A,2425,Lazio,Mattéo Guendouzi,FRA,MF,25,1999,36.3,1,27,9,33.3,0.74,0.25,0.04,0.11,0,0
ITA-Serie A,2425,Lazio,Matías Vecino,URU,MF,32,1991,9.7,2,16,5,31.3,1.64,0.51,0.13,0.4,0,0
ITA-Serie A,2425,Lazio,Nicolò Casale,ITA,DF,26,1998,1.5,0,1,1,100.0,0.67,0.67,0.0,0.0,0,0
ITA-Serie A,2425,Lazio,Nicolò Rovella,ITA,MF,22,2001,30.2,0,28,8,28.6,0.93,0.26,0.0,0.0,0,0
ITA-Serie A,2425,Lazio,Nuno Tavares,POR,DF,24,2000,18.7,0,28,5,17.9,1.49,0.27,0.0,0.0,0,0
ITA-Serie A,2425,Lazio,Oliver Nielsen,DEN,DF,21,2003,0.4,0,0,0,,0.0,0.0,,,0,0
ITA-Serie A,2425,Lazio,Patric,ESP,DF,31,1993,6.7,1,2,1,50.0,0.3,0.15,0.5,1.0,0,0
ITA-Serie A,2425,Lazio,Pedro,ESP,"MF,FW",37,1987,12.2,10,39,18,46.2,3.19,1.47,0.21,0.44,2,2
ITA-Serie A,2425,Lazio,Reda Belahyane,MAR,MF,20,2004,2.2,0,0,0,,0.0,0.0,,,0,0
ITA-Serie A,2425,Lazio,Samuel Gigot,FRA,DF,30,1993,7.6,2,4,3,75.0,0.53,0.4,0.5,0.67,0,0
ITA-Serie A,2425,Lazio,Tijjani Noslin,NED,"MF,FW",25,1999,9.6,2,19,6,31.6,1.99,0.63,0.11,0.33,0,0
ITA-Serie A,2425,Lazio,Valentín Castellanos,ARG,FW,25,1998,26.5,10,108,41,38.0,4.08,1.55,0.07,0.2,2,3
ITA-Serie A,2425,Lecce,Andy Pelmard,MAD,DF,24,2000,1.4,0,0,0,,0.0,0.0,,,0,0
ITA-Serie A,2425,Lecce,Ante Rebić,CRO,"FW,MF",30,1993,8.8,1,13,5,38.5,1.48,0.57,0.08,0.2,0,0
ITA-Serie A,2425,Lecce,Antonino Gallo,ITA,DF,24,2000,29.0,0,9,3,33.3,0.31,0.1,0.0,0.0,0,0
ITA-Serie A,2425,Lecce,Balthazar Pierret,FRA,MF,24,2000,19.1,0,6,0,0.0,0.31,0.0,0.0,,0,0
ITA-Serie A,2425,Lecce,Danilo Veiga,POR,"MF,DF",21,2002,4.2,0,5,0,0.0,1.2,0.0,0.0,,0,0
ITA-Serie A,2425,Lecce,Federico Baschirotto,ITA,DF,27,1996,38.0,2,22,8,36.4,0.58,0.21,0.09,0.25,0,0
ITA-Serie A,2425,Lecce,Filip Marchwiński,POL,MF,22,2002,0.2,0,0,0,,0.0,0.0,,,0,0
ITA-Serie A,2425,Lecce,Frederic Guilbert,FRA,DF,29,1994,27.1,0,11,0,0.0,0.41,0.0,0.0,,0,0
ITA-Serie A,2425,Lecce,Gaby Jean,FRA,DF,24,2000,15.4,0,1,1,100.0,0.06,0.06,0.0,0.0,0,0
ITA-Serie A,2425,Lecce,Hamza Rafia,TUN,MF,25,1999,11.8,0,10,2,20.0,0.85,0.17,0.0,0.0,0,0
ITA-Serie A,2425,Lecce,Jesper Karlsson,SWE,"MF,FW",26,1998,5.5,1,10,5,50.0,1.82,0.91,0.0,0.0,1,1
ITA-Serie A,2425,Lecce,Kevin Bonifazi,ITA,DF,28,1996,0.7,0,0,0,,0.0,0.0,,,0,0
ITA-Serie A,2425,Lecce,Kialonda,ANG,DF,26,1997,23.8,0,16,1,6.3,0.67,0.04,0.0,0.0,0,0
ITA-Serie A,2425,Lecce,Konan N'dri,NIG,MF,23,2000,3.4,0,9,2,22.2,2.65,0.59,0.0,0.0,0,0
ITA-Serie A,2425,Lecce,Lameck Banda,ZAM,"MF,FW",23,2001,6.8,0,17,4,23.5,2.51,0.59,0.0,0.0,0,0
ITA-Serie A,2425,Lecce,Lassana Coulibaly,MLI,MF,28,1996,29.6,1,9,3,33.3,0.3,0.1,0.11,0.33,0,0
ITA-Serie A,2425,Lecce,Marco Sala,ITA,"DF,MF",25,1999,0.8,0,0,0,,0.0,0.0,,,0,0
ITA-Serie A,2425,Lecce,Medon Berisha,ALB,MF,20,2003,8.0,0,24,6,25.0,3.02,0.75,0.0,0.0,0,0
ITA-Serie A,2425,Lecce,Mohamed Kaba,GUI,MF,22,2001,5.0,0,4,0,0.0,0.8,0.0,0.0,,0,0
ITA-Serie A,2425,Lecce,Nicola Sansone,ITA,"FW,MF",32,1991,0.7,0,3,1,33.3,4.15,1.38,0.0,0.0,0,0
ITA-Serie A,2425,Lecce,Nikola Krstović,MNE,FW,24,2000,34.0,11,137,42,30.7,4.03,1.24,0.07,0.21,2,3
ITA-Serie A,2425,Lecce,Patrick Dorgu,DEN,"MF,DF",19,2004,20.4,3,36,10,27.8,1.76,0.49,0.08,0.3,0,0
ITA-Serie A,2425,Lecce,Rareș-Cătălin Burnete,ROU,FW,20,2004,0.3,0,1,0,0.0,3.21,0.0,0.0,,0,0
ITA-Serie A,2425,Lecce,Remi Oudin,FRA,MF,27,1996,3.3,0,3,1,33.3,0.9,0.3,0.0,0.0,0,0
ITA-Serie A,2425,Lecce,Santiago Pierotti,ARG,"MF,FW",23,2001,21.5,4,32,7,21.9,1.49,0.33,0.13,0.57,0,0
ITA-Serie A,2425,Lecce,Tete Morente,ESP,"MF,FW",27,1996,22.5,3,41,13,31.7,1.83,0.58,0.07,0.23,0,0
ITA-Serie A,2425,Lecce,Tiago Gabriel,POR,DF,19,2004,1.1,0,0,0,,0.0,0.0,,,0,0
ITA-Serie A,2425,Lecce,Valentin Gendrey,FRA,DF,24,2000,2.0,0,2,0,0.0,1.0,0.0,0.0,,0,0
ITA-Serie A,2425,Lecce,Wladimiro Falcone,ITA,GK,29,1995,38.0,0,0,0,,0.0,0.0,,,0,0
ITA-Serie A,2425,Lecce,Ylber Ramadani,ALB,MF,28,1996,20.1,1,17,6,35.3,0.85,0.3,0.06,0.17,0,0
ITA-Serie A,2425,Lecce,Þórir Jóhann Helgason,ISL,MF,23,2000,12.8,0,16,5,31.3,1.25,0.39,0.0,0.0,0,0
ITA-Serie A,2425,Milan,Alessandro Florenzi,ITA,"DF,FW",33,1991,0.1,0,0,0,,0.0,0.0,,,0,0
ITA-Serie A,2425,Milan,Alexis Saelemaekers,BEL,DF,25,1999,1.0,0,0,0,,0.0,0.0,,,0,0
ITA-Serie A,2425,Milan,Bob Murphy Omoregbe,ITA,FW,20,2003,0.0,0,0,0,,0.0,0.0,,,0,0
ITA-Serie A,2425,Milan,Christian Pulisic,USA,"MF,FW",25,1998,27.5,11,57,24,42.1,2.07,0.87,0.14,0.33,3,4
ITA-Serie A,2425,Milan,Davide Bartesaghi,ITA,DF,18,2005,1.3,0,1,1,100.0,0.76,0.76,0.0,0.0,0,0
ITA-Serie A,2425,Milan,Davide Calabria,ITA,DF,27,1996,3.5,0,3,1,33.3,0.85,0.28,0.0,0.0,0,0
ITA-Serie A,2425,Milan,Emerson,BRA,DF,25,1999,15.3,0,10,2,20.0,0.65,0.13,0.0,0.0,0,0
ITA-Serie A,2425,Milan,Fikayo Tomori,ENG,DF,26,1997,17.7,0,2,0,0.0,0.11,0.0,0.0,,0,0
ITA-Serie A,2425,Milan,Filippo Terracciano,ITA,"DF,MF",21,2003,6.0,0,3,1,33.3,0.5,0.17,0.0,0.0,0,0
ITA-Serie A,2425,Milan,Francesco Camarda,ITA,FW,16,2008,2.3,0,8,1,12.5,3.5,0.44,0.0,0.0,0,0
ITA-Serie A,2425,Milan,Ismaël Bennacer,ALG,MF,26,1997,3.3,0,3,2,66.7,0.9,0.6,0.0,0.0,0,0
ITA-Serie A,2425,Milan,João Félix,POR,MF,24,1999,8.4,2,29,8,27.6,3.43,0.95,0.07,0.25,0,0
ITA-Serie A,2425,Milan,Kevin Zeroli,ITA,MF,19,2005,0.1,0,0,0,,0.0,0.0,,,0,0
ITA-Serie A,2425,Milan,Kyle Walker,ENG,DF,34,1990,7.3,0,2,0,0.0,0.27,0.0,0.0,,0,0
ITA-Serie A,2425,Milan,Luka Jović,SRB,FW,26,1997,6.2,2,11,4,36.4,1.78,0.65,0.18,0.5,0,0
ITA-Serie A,2425,Milan,Malick Thiaw,GER,DF,22,2001,20.1,0,7,1,14.3,0.35,0.05,0.0,0.0,0,0
ITA-Serie A,2425,Milan,Marco Sportiello,ITA,GK,32,1992,1.4,0,0,0,,0.0,0.0,,,0,0
ITA-Serie A,2425,Milan,Matteo Gabbia,ITA,DF,24,1999,23.9,2,14,4,28.6,0.59,0.17,0.14,0.5,0,0
ITA-Serie A,2425,Milan,Mattia Liberali,ITA,MF,17,2007,0.7,0,2,0,0.0,2.95,0.0,0.0,,0,0
ITA-Serie A,2425,Milan,Mike Maignan,FRA,GK,29,1995,36.6,0,0,0,,0.0,0.0,,,0,0
ITA-Serie A,2425,Milan,Noah Okafor,SUI,"FW,MF",24,2000,4.6,1,12,6,50.0,2.61,1.3,0.08,0.17,0,0
ITA-Serie A,2425,Milan,Rafael Leão,POR,"MF,FW",25,1999,25.8,8,67,29,43.3,2.6,1.12,0.12,0.28,0,0
ITA-Serie A,2425,Milan,Riccardo Sottil,ITA,MF,25,1999,1.4,0,2,0,0.0,1.46,0.0,0.0,,0,0
ITA-Serie A,2425,Milan,Ruben Loftus-Cheek,ENG,MF,28,1996,11.5,0,9,2,22.2,0.78,0.17,0.0,0.0,0,0
ITA-Serie A,2425,Milan,Samuel Chukwueze,NGA,"MF,FW",25,1999,10.3,3,32,8,25.0,3.11,0.78,0.09,0.38,0,0
ITA-Serie A,2425,Milan,Santiago Giménez,MEX,FW,23,2001,7.4,5,23,10,43.5,3.09,1.35,0.22,0.5,0,1
ITA-Serie A,2425,Milan,Strahinja Pavlović,SRB,DF,23,2001,20.7,2,17,8,47.1,0.82,0.39,0.12,0.25,0,0
ITA-Serie A,2425,Milan,Tammy Abraham,ENG,FW,26,1997,13.1,3,28,13,46.4,2.13,0.99,0.07,0.15,1,2
ITA-Serie A,2425,Milan,Theo Hernández,FRA,"DF,MF",26,1997,30.0,4,44,17,38.6,1.47,0.57,0.09,0.24,0,1
ITA-Serie A,2425,Milan,Tijjani Reijnders,NED,MF,26,1998,34.8,10,77,28,36.4,2.22,0.81,0.13,0.36,0,0
ITA-Serie A,2425,Milan,Warren Bondo,FRA,MF,20,2003,1.8,0,1,1,100.0,0.56,0.56,0.0,0.0,0,0
ITA-Serie A,2425,Milan,Youssouf Fofana,FRA,MF,25,1999,27.8,1,36,5,13.9,1.29,0.18,0.03,0.2,0,0
ITA-Serie A,2425,Milan,Yunus Musah,USA,"MF,FW",21,2002,17.5,0,22,5,22.7,1.26,0.29,0.0,0.0,0,0
ITA-Serie A,2425,Milan,Álex Jiménez,ESP,"MF,DF",19,2005,14.1,0,15,5,33.3,1.07,0.36,0.0,0.0,0,0
ITA-Serie A,2425,Milan,Álvaro Morata,ESP,"FW,MF",31,1992,12.2,5,27,10,37.0,2.21,0.82,0.19,0.5,0,0
ITA-Serie A,2425,Monza,Alessandro Bianco,ITA,MF,21,2002,28.9,1,26,6,23.1,0.9,0.21,0.04,0.17,0,0
ITA-Serie A,2425,Monza,Andrea Carboni,ITA,DF,23,2001,24.3,0,8,1,12.5,0.33,0.04,0.0,0.0,0,0
ITA-Serie A,2425,Monza,Andrea Mazza,ITA,GK,20,2004,0.1,0,0,0,,0.0,0.0,,,0,0
ITA-Serie A,2425,Monza,Andrea Petagna,ITA,FW,29,1995,3.7,0,4,0,0.0,1.07,0.0,0.0,,0,0
ITA-Serie A,2425,Monza,Armando Izzo,ITA,DF,32,1992,27.1,1,6,2,33.3,0.22,0.07,0.17,0.5,0,0
ITA-Serie A,2425,Monza,Arvid Brorsson,SWE,DF,25,1999,4.0,0,0,0,,0.0,0.0,,,0,0
ITA-Serie A,2425,Monza,Daniel Maldini,ITA,"MF,FW",22,2001,14.5,3,39,14,35.9,2.69,0.96,0.08,0.21,0,0
ITA-Serie A,2425,Monza,Danilo D'Ambrosio,ITA,DF,35,1988,12.2,0,9,4,44.4,0.74,0.33,0.0,0.0,0,0
ITA-Serie A,2425,Monza,Dany Mota,POR,"MF,FW",26,1998,23.4,5,42,11,26.2,1.8,0.47,0.12,0.45,0,0
ITA-Serie A,2425,Monza,Gaetano Castrovilli,ITA,MF,27,1997,6.6,0,6,0,0.0,0.91,0.0,0.0,,0,0
ITA-Serie A,2425,Monza,Gianluca Caprari,ITA,"MF,FW",31,1993,18.3,3,29,11,37.9,1.58,0.6,0.03,0.09,2,2
ITA-Serie A,2425,Monza,Giorgos Kyriakopoulos,GRE,MF,28,1996,31.6,2,27,9,33.3,0.85,0.28,0.07,0.22,0,0
ITA-Serie A,2425,Monza,Jean-Daniel Akpa-Akpro,CIV,MF,31,1992,10.7,0,4,2,50.0,0.37,0.19,0.0,0.0,0,0
ITA-Serie A,2425,Monza,Kacper Urbanski,POL,MF,19,2004,5.6,0,5,1,20.0,0.9,0.18,0.0,0.0,0,0
ITA-Serie A,2425,Monza,Keita Baldé,SEN,FW,29,1995,7.1,2,14,5,35.7,1.97,0.71,0.14,0.4,0,0
ITA-Serie A,2425,Monza,Kevin Martins,ITA,MF,19,2005,2.0,0,0,0,,0.0,0.0,,,0,0
ITA-Serie A,2425,Monza,Kevin Zeroli,ITA,MF,19,2005,4.4,0,6,1,16.7,1.37,0.23,0.0,0.0,0,0
ITA-Serie A,2425,Monza,Luca Caldirola,ITA,DF,33,1991,9.7,0,4,2,50.0,0.41,0.21,0.0,0.0,0,0
ITA-Serie A,2425,Monza,Matteo Pessina,ITA,MF,27,1997,9.5,0,3,0,0.0,0.32,0.0,0.0,,0,0
ITA-Serie A,2425,Monza,Mattia Valoti,ITA,"FW,MF",30,1993,0.4,0,0,0,,0.0,0.0,,,0,0
ITA-Serie A,2425,Monza,Milan Đurić,BIH,FW,34,1990,14.1,4,23,10,43.5,1.63,0.71,0.17,0.4,0,0
ITA-Serie A,2425,Monza,Mirko Marić,CRO,FW,29,1995,1.2,0,1,0,0.0,0.85,0.0,0.0,,0,0
ITA-Serie A,2425,Monza,Omari Forson,ENG,FW,20,2004,2.5,0,5,1,20.0,2.02,0.4,0.0,0.0,0,0
ITA-Serie A,2425,Monza,Pablo Marí,ESP,DF,30,1993,18.1,0,2,0,0.0,0.11,0.0,0.0,,0,0
ITA-Serie A,2425,Monza,Patrick Ciurria,ITA,MF,29,1995,12.3,1,11,2,18.2,0.89,0.16,0.09,0.5,0,0
ITA-Serie A,2425,Monza,Pedro Pereira,POR,"MF,DF",26,1998,29.6,1,13,6,46.2,0.44,0.2,0.08,0.17,0,0
ITA-Serie A,2425,Monza,Roberto Gagliardini,ITA,MF,30,1994,2.0,0,0,0,,0.0,0.0,,,0,0
ITA-Serie A,2425,Monza,Samuele Birindelli,ITA,MF,25,1999,16.3,3,15,10,66.7,0.92,0.61,0.2,0.3,0,0
ITA-Serie A,2425,Monza,Samuele Vignato,ITA,MF,20,2004,5.2,0,4,1,25.0,0.77,0.19,0.0,0.0,0,0
ITA-Serie A,2425,Monza,Semuel Pizzignacco,ITA,GK,22,2001,8.2,0,0,0,,0.0,0.0,,,0,0
ITA-Serie A,2425,Monza,Silvère Ganvoula,CGO,FW,28,1996,3.6,0,4,1,25.0,1.1,0.28,0.0,0.0,0,0
ITA-Serie A,2425,Monza,Stefan Lekovic,SRB,DF,20,2004,4.1,0,3,0,0.0,0.74,0.0,0.0,,0,0
ITA-Serie A,2425,Monza,Stefano Sensi,ITA,MF,28,1995,3.0,1,7,2,28.6,2.3,0.66,0.0,0.0,1,1
ITA-Serie A,2425,Monza,Stefano Turati,ITA,GK,22,2001,29.7,0,0,0,,0.0,0.0,,,0,0
ITA-Serie A,2425,Monza,Tomás Palacios,ARG,DF,21,2003,5.0,0,1,0,0.0,0.2,0.0,0.0,,0,0
ITA-Serie A,2425,Monza,Warren Bondo,FRA,MF,20,2003,18.0,0,13,1,7.7,0.72,0.06,0.0,0.0,0,0
ITA-Serie A,2425,Napoli,Alessandro Buongiorno,ITA,DF,25,1999,21.4,1,8,4,50.0,0.37,0.19,0.13,0.25,0,0
ITA-Serie A,2425,Napoli,Alessio Zerbin,ITA,"FW,MF",25,1999,0.0,0,0,0,,0.0,0.0,,,0,0
ITA-Serie A,2425,Napoli,Alex Meret,ITA,GK,27,1997,33.4,0,0,0,,0.0,0.0,,,0,0
ITA-Serie A,2425,Napoli,Amir Rrahmani,KVX,DF,30,1994,37.8,1,28,4,14.3,0.74,0.11,0.04,0.25,0,0
ITA-Serie A,2425,Napoli,Billy Gilmour,SCO,MF,23,2001,13.1,0,9,1,11.1,0.69,0.08,0.0,0.0,0,0
ITA-Serie A,2425,Napoli,Cyril Ngonge,BEL,FW,24,2000,2.4,0,13,6,46.2,5.42,2.5,0.0,0.0,0,0
ITA-Serie A,2425,Napoli,David Neres,BRA,FW,27,1997,14.3,2,29,7,24.1,2.03,0.49,0.07,0.29,0,0
ITA-Serie A,2425,Napoli,Elia Caprile,ITA,GK,22,2001,3.6,0,0,0,,0.0,0.0,,,0,0
ITA-Serie A,2425,Napoli,Frank Anguissa,CMR,MF,28,1995,31.7,6,44,13,29.5,1.39,0.41,0.14,0.46,0,0
ITA-Serie A,2425,Napoli,Giacomo Raspadori,ITA,"FW,MF",24,2000,12.3,6,42,14,33.3,3.43,1.14,0.14,0.43,0,0
ITA-Serie A,2425,Napoli,Giovanni Di Lorenzo,ITA,DF,30,1993,37.0,3,21,6,28.6,0.57,0.16,0.14,0.5,0,0
ITA-Serie A,2425,Napoli,Giovanni Simeone,ARG,FW,29,1995,4.7,1,13,3,23.1,2.79,0.64,0.08,0.33,0,0
ITA-Serie A,2425,Napoli,Juan Jesus,BRA,DF,33,1991,11.9,0,3,0,0.0,0.25,0.0,0.0,,0,0
ITA-Serie A,2425,Napoli,Khvicha Kvaratskhelia,GEO,"FW,MF",23,2001,13.1,5,49,17,34.7,3.74,1.3,0.08,0.24,1,1
ITA-Serie A,2425,Napoli,Leonardo Spinazzola,ITA,"DF,MF",31,1993,16.9,1,13,4,30.8,0.77,0.24,0.08,0.25,0,0
ITA-Serie A,2425,Napoli,Mathías Olivera,URU,DF,26,1997,26.3,0,16,2,12.5,0.61,0.08,0.0,0.0,0,0
ITA-Serie A,2425,Napoli,Matteo Politano,ITA,"FW,MF",30,1993,31.2,3,56,14,25.0,1.8,0.45,0.05,0.21,0,0
ITA-Serie A,2425,Napoli,Michael Folorunsho,ITA,"FW,MF",26,1998,0.4,0,1,0,0.0,2.57,0.0,0.0,,0,0
ITA-Serie A,2425,Napoli,Noah Okafor,SUI,"FW,MF",24,2000,0.4,0,1,0,0.0,2.25,0.0,0.0,,0,0
ITA-Serie A,2425,Napoli,Pasquale Mazzocchi,ITA,"MF,DF",29,1995,7.8,0,3,1,33.3,0.38,0.13,0.0,0.0,0,0
ITA-Serie A,2425,Napoli,Philip Billing,DEN,MF,28,1996,2.2,1,6,3,50.0,2.74,1.37,0.17,0.33,0,0
ITA-Serie A,2425,Napoli,Rafa Marín,ESP,DF,22,2002,1.6,0,2,1,50.0,1.27,0.63,0.0,0.0,0,0
ITA-Serie A,2425,Napoli,Romelu Lukaku,BEL,FW,31,1993,31.6,14,64,24,37.5,2.03,0.76,0.17,0.46,3,4
ITA-Serie A,2425,Napoli,Scott McTominay,SCO,MF,27,1996,32.6,12,76,33,43.4,2.33,1.01,0.16,0.36,0,0
ITA-Serie A,2425,Napoli,Simone Scuffet,ITA,GK,28,1996,1.0,0,0,0,,0.0,0.0,,,0,0
ITA-Serie A,2425,Napoli,Stanislav Lobotka,SVK,MF,29,1994,29.3,0,7,0,0.0,0.24,0.0,0.0,,0,0
ITA-Serie A,2425,Napoli,Walid Cheddira,MAR,FW,26,1998,0.1,0,0,0,,0.0,0.0,,,0,0
ITA-Serie A,2425,Parma,Adrian Benedyczak,POL,MF,23,2000,2.4,0,3,0,0.0,1.26,0.0,0.0,,0,0
ITA-Serie A,2425,Parma,Adrian Bernabe,ESP,MF,23,2001,16.1,1,27,5,18.5,1.67,0.31,0.04,0.2,0,0
ITA-Serie A,2425,Parma,Alessandro Circati,AUS,DF,20,2003,6.0,0,2,0,0.0,0.33,0.0,0.0,,0,0
ITA-Serie A,2425,Parma,Alessandro Vogliacco,ITA,DF,25,1998,8.6,0,1,1,100.0,0.12,0.12,0.0,0.0,0,0
ITA-Serie A,2425,Parma,Ange-Yoan Bonny,CIV,FW,20,2003,28.1,6,64,22,34.4,2.28,0.78,0.06,0.18,2,2
ITA-Serie A,2425,Parma,Antoine Hainaut,FRA,"DF,MF",22,2002,13.4,2,6,3,50.0,0.45,0.22,0.33,0.67,0,0
ITA-Serie A,2425,Parma,Botond Balogh,HUN,DF,22,2002,22.8,0,3,0,0.0,0.13,0.0,0.0,,0,0
ITA-Serie A,2425,Parma,Dennis Man,ROU,"MF,FW",25,1998,22.2,4,49,20,40.8,2.21,0.9,0.08,0.2,0,0
ITA-Serie A,2425,Parma,Drissa Camara,CIV,FW,22,2002,5.0,0,15,5,33.3,3.02,1.01,0.0,0.0,0,0
ITA-Serie A,2425,Parma,Emanuele Valeri,ITA,"DF,MF",25,1998,31.9,2,27,5,18.5,0.85,0.16,0.04,0.2,1,1
ITA-Serie A,2425,Parma,Enrico Delprato,ITA,"DF,MF",24,1999,32.7,4,12,5,41.7,0.37,0.15,0.33,0.8,0,0
ITA-Serie A,2425,Parma,Gabriel Charpentier,CGO,FW,25,1999,3.0,1,9,4,44.4,2.99,1.33,0.11,0.25,0,0
ITA-Serie A,2425,Parma,Giovanni Leoni,ITA,DF,17,2006,13.3,1,2,1,50.0,0.15,0.08,0.5,1.0,0,0
ITA-Serie A,2425,Parma,Hernani,BRA,MF,30,1994,14.7,3,20,6,30.0,1.36,0.41,0.0,0.0,3,3
ITA-Serie A,2425,Parma,Jacob Ondrejka,SWE,MF,21,2002,4.7,5,14,10,71.4,2.99,2.13,0.36,0.5,0,0
ITA-Serie A,2425,Parma,Lautaro Valenti,ARG,DF,25,1999,17.3,1,7,2,28.6,0.4,0.12,0.14,0.5,0,0
ITA-Serie A,2425,Parma,Leandro Chichizola,ARG,GK,34,1990,1.0,0,0,0,,0.0,0.0,,,0,0
ITA-Serie A,2425,Parma,Mandela Keita,BEL,MF,22,2002,20.3,0,5,4,80.0,0.25,0.2,0.0,0.0,0,0
ITA-Serie A,2425,Parma,Mateo Pellegrino,ARG,FW,23,2001,8.2,3,22,9,40.9,2.69,1.1,0.14,0.33,0,0
ITA-Serie A,2425,Parma,Mateusz Kowalski,POL,MF,19,2005,0.6,0,1,0,0.0,1.61,0.0,0.0,,0,0
ITA-Serie A,2425,Parma,Mathias Løvik,NOR,"DF,MF",20,2003,1.0,0,1,0,0.0,0.98,0.0,0.0,,0,0
ITA-Serie A,2425,Parma,Matteo Cancellieri,ITA,"MF,FW",22,2002,15.8,3,22,7,31.8,1.39,0.44,0.14,0.43,0,0
ITA-Serie A,2425,Parma,Milan Đurić,BIH,FW,34,1990,3.0,1,5,1,20.0,1.68,0.34,0.2,1.0,0,0
ITA-Serie A,2425,Parma,Mohamed Haj,TUN,MF,19,2005,5.0,1,7,3,42.9,1.39,0.6,0.14,0.33,0,0
ITA-Serie A,2425,Parma,Nahuel Estévez,ARG,MF,28,1995,7.3,0,5,1,20.0,0.68,0.14,0.0,0.0,0,0
ITA-Serie A,2425,Parma,Pontus Almqvist,SWE,"FW,MF",25,1999,12.4,1,26,10,38.5,2.1,0.81,0.04,0.1,0,0
ITA-Serie A,2425,Parma,Simon Sohm,SUI,MF,23,2001,33.2,4,34,13,38.2,1.02,0.39,0.12,0.31,0,0
ITA-Serie A,2425,Parma,Valentin Mihaila,ROU,"MF,FW",24,2000,14.3,0,31,11,35.5,2.17,0.77,0.0,0.0,0,0
ITA-Serie A,2425,Parma,Woyo Coulibaly,MLI,DF,25,1999,12.0,0,3,0,0.0,0.25,0.0,0.0,,0,0
ITA-Serie A,2425,Parma,Wylan Cyprien,FRA,MF,29,1995,0.3,0,1,0,0.0,3.21,0.0,0.0,,0,0
ITA-Serie A,2425,Parma,Yordan Osorio,VEN,DF,30,1994,1.9,0,1,0,0.0,0.52,0.0,0.0,,0,0
ITA-Serie A,2425,Parma,Zion Suzuki,JPN,GK,21,2002,36.8,0,0,0,,0.0,0.0,,,0,0
ITA-Serie A,2425,Roma,Alexis Saelemaekers,BEL,"MF,FW",25,1999,15.4,7,25,12,48.0,1.62,0.78,0.28,0.58,0,0
ITA-Serie A,2425,Roma,Anass Salah-Eddine,MAR,MF,22,2002,1.7,0,2,1,50.0,1.18,0.59,0.0,0.0,0,0
ITA-Serie A,2425,Roma,Angeliño,ESP,"MF,DF",27,1997,35.3,2,24,6,25.0,0.68,0.17,0.08,0.33,0,0
ITA-Serie A,2425,Roma,Artem Dovbyk,UKR,FW,27,1997,26.9,12,63,27,42.9,2.34,1.0,0.16,0.37,2,2
ITA-Serie A,2425,Roma,Bryan Cristante,ITA,MF,29,1995,22.7,4,30,7,23.3,1.32,0.31,0.13,0.57,0,0
ITA-Serie A,2425,Roma,Devyne Rensch,NED,"MF,DF",21,2003,5.2,0,3,2,66.7,0.58,0.38,0.0,0.0,0,0
ITA-Serie A,2425,Roma,Eldor Shomurodov,UZB,FW,29,1995,12.2,4,29,14,48.3,2.38,1.15,0.14,0.29,0,0
ITA-Serie A,2425,Roma,Enzo Le Fée,FRA,MF,24,2000,3.5,0,4,2,50.0,1.13,0.57,0.0,0.0,0,0
ITA-Serie A,2425,Roma,Gianluca Mancini,ITA,DF,28,1996,34.9,2,22,7,31.8,0.63,0.2,0.09,0.29,0,0
ITA-Serie A,2425,Roma,Leandro Paredes,ARG,MF,30,1994,15.3,3,26,9,34.6,1.7,0.59,0.04,0.11,2,2
ITA-Serie A,2425,Roma,Lorenzo Pellegrini,ITA,MF,28,1996,18.1,2,42,14,33.3,2.32,0.77,0.02,0.07,1,1
ITA-Serie A,2425,Roma,Lucas Gourna-Douath,FRA,MF,20,2003,2.5,0,3,0,0.0,1.18,0.0,0.0,,0,0
ITA-Serie A,2425,Roma,Manu Koné,FRA,MF,23,2001,28.6,2,34,9,26.5,1.19,0.31,0.06,0.22,0,0
ITA-Serie A,2425,Roma,Mario Hermoso,ESP,DF,29,1995,2.8,0,1,0,0.0,0.36,0.0,0.0,,0,0
ITA-Serie A,2425,Roma,Mats Hummels,GER,DF,35,1988,10.2,0,8,1,12.5,0.79,0.1,0.0,0.0,0,0
ITA-Serie A,2425,Roma,Matìas Soulé,ARG,MF,21,2003,19.8,5,42,14,33.3,2.12,0.71,0.12,0.36,0,0
ITA-Serie A,2425,Roma,Mile Svilar,SRB,GK,24,1999,38.0,0,1,0,0.0,0.03,0.0,0.0,,0,0
ITA-Serie A,2425,Roma,Niccolò Pisilli,ITA,MF,19,2004,13.6,2,27,8,29.6,1.98,0.59,0.07,0.25,0,0
ITA-Serie A,2425,Roma,Nicola Zalewski,POL,MF,22,2002,5.9,0,5,0,0.0,0.84,0.0,0.0,,0,0
ITA-Serie A,2425,Roma,Obite N'Dicka,CIV,DF,24,1999,38.0,0,18,5,27.8,0.47,0.13,0.0,0.0,0,0
ITA-Serie A,2425,Roma,Paulo Dybala,ARG,"FW,MF",30,1993,15.7,6,50,19,38.0,3.18,1.21,0.06,0.16,3,3
ITA-Serie A,2425,Roma,Samuel Dahl,SWE,DF,21,2003,0.5,0,0,0,,0.0,0.0,,,0,0
ITA-Serie A,2425,Roma,Saud Abdulhamid,KSA,MF,25,1999,2.3,0,1,0,0.0,0.44,0.0,0.0,,0,0
ITA-Serie A,2425,Roma,Stephan El Shaarawy,ITA,"MF,FW",31,1992,12.2,3,28,12,42.9,2.3,0.98,0.11,0.25,0,0
ITA-Serie A,2425,Roma,Tammy Abraham,ENG,FW,26,1997,0.0,0,0,0,,0.0,0.0,,,0,0
ITA-Serie A,2425,Roma,Tommaso Baldanzi,ITA,"MF,FW",21,2003,9.2,1,20,4,20.0,2.16,0.43,0.05,0.25,0,0
ITA-Serie A,2425,Roma,Victor Nelsson,DEN,DF,25,1998,2.1,0,1,0,0.0,0.48,0.0,0.0,,0,0
ITA-Serie A,2425,Roma,Zeki Çelik,TUR,"DF,MF",27,1997,25.1,0,13,4,30.8,0.52,0.16,0.0,0.0,0,0
ITA-Serie A,2425,Torino,Aaron Ciammaglichella,ITA,MF,19,2005,0.0,0,0,0,,0.0,0.0,,,0,0
ITA-Serie A,2425,Torino,Adam Masina,MAR,DF,30,1994,21.3,1,7,2,28.6,0.33,0.09,0.14,0.5,0,0
ITA-Serie A,2425,Torino,Adrien Tameze,CMR,"MF,DF",30,1994,7.2,0,7,3,42.9,0.97,0.42,0.0,0.0,0,0
ITA-Serie A,2425,Torino,Alberto Paleari,ITA,GK,31,1992,1.0,0,0,0,,0.0,0.0,,,0,0
ITA-Serie A,2425,Torino,Alessio Cacciamani,ITA,MF,17,2007,0.3,0,0,0,,0.0,0.0,,,0,0
ITA-Serie A,2425,Torino,Ali Dembélé,FRA,DF,20,2004,4.3,1,5,2,40.0,1.16,0.46,0.2,0.5,0,0
ITA-Serie A,2425,Torino,Alieu Njie,SWE,FW,19,2005,4.4,1,9,5,55.6,2.06,1.14,0.11,0.2,0,0
ITA-Serie A,2425,Torino,Antonio Sanabria,PAR,FW,28,1996,14.6,2,19,4,21.1,1.3,0.27,0.11,0.5,0,1
ITA-Serie A,2425,Torino,Borna Sosa,CRO,"MF,DF",26,1998,13.1,0,4,1,25.0,0.3,0.08,0.0,0.0,0,0
ITA-Serie A,2425,Torino,Cesare Casadei,ITA,MF,21,2003,11.3,1,14,7,50.0,1.24,0.62,0.07,0.14,0,0
ITA-Serie A,2425,Torino,Ché Adams,SCO,FW,28,1996,29.5,9,64,26,40.6,2.17,0.88,0.14,0.35,0,1
ITA-Serie A,2425,Torino,Cristiano Biraghi,ITA,DF,31,1992,12.9,0,10,1,10.0,0.78,0.08,0.0,0.0,0,0
ITA-Serie A,2425,Torino,Duván Zapata,COL,FW,33,1991,6.5,3,21,10,47.6,3.22,1.53,0.14,0.3,0,0
ITA-Serie A,2425,Torino,Elif Elmas,MKD,"MF,FW",24,1999,11.3,4,19,10,52.6,1.67,0.88,0.21,0.4,0,0
ITA-Serie A,2425,Torino,Guillermo Maripán,CHI,DF,30,1994,26.0,1,12,5,41.7,0.46,0.19,0.08,0.2,0,0
ITA-Serie A,2425,Torino,Gvidas Gineitis,LTU,MF,20,2004,15.9,3,29,8,27.6,1.83,0.5,0.1,0.38,0,0
ITA-Serie A,2425,Torino,Ivan Ilić,SRB,MF,23,2001,10.2,1,11,4,36.4,1.08,0.39,0.09,0.25,0,0
ITA-Serie A,2425,Torino,Karol Linetty,POL,MF,29,1995,17.1,1,17,4,23.5,0.99,0.23,0.06,0.25,0,0
ITA-Serie A,2425,Torino,Marcus Pedersen,NOR,"MF,DF",24,2000,15.1,0,8,3,37.5,0.53,0.2,0.0,0.0,0,0
ITA-Serie A,2425,Torino,Mërgim Vojvoda,KVX,"DF,MF",29,1995,12.3,0,5,0,0.0,0.41,0.0,0.0,,0,0
ITA-Serie A,2425,Torino,Nikola Vlašić,CRO,"MF,FW",26,1997,23.5,5,32,12,37.5,1.36,0.51,0.09,0.25,2,2
ITA-Serie A,2425,Torino,Raoul Bellanova,ITA,MF,24,2000,1.0,0,1,0,0.0,1.03,0.0,0.0,,0,0
ITA-Serie A,2425,Torino,Saba Sazonov,GEO,DF,22,2002,0.0,0,0,0,,0.0,0.0,,,0,0
ITA-Serie A,2425,Torino,Samuele Ricci,ITA,MF,22,2001,31.4,1,22,7,31.8,0.7,0.22,0.05,0.14,0,0
ITA-Serie A,2425,Torino,Saúl Coco,EQG,DF,25,1999,31.6,2,20,6,30.0,0.63,0.19,0.1,0.33,0,0
ITA-Serie A,2425,Torino,Sebastian Walukiewicz,POL,DF,24,2000,18.5,0,6,1,16.7,0.33,0.05,0.0,0.0,0,0
ITA-Serie A,2425,Torino,Sergiu Perciun,MDA,MF,18,2006,1.7,0,2,1,50.0,1.18,0.59,0.0,0.0,0,0
ITA-Serie A,2425,Torino,Tommaso Gabellini,ITA,FW,17,2006,0.1,0,1,0,0.0,9.0,0.0,0.0,,0,0
ITA-Serie A,2425,Torino,Valentino Lazaro,AUT,MF,28,1996,25.6,0,16,2,12.5,0.62,0.08,0.0,0.0,0,0
ITA-Serie A,2425,Torino,Vanja Milinković-Savić,SRB,GK,27,1997,37.0,0,0,0,,0.0,0.0,,,0,0
ITA-Serie A,2425,Torino,Yann Karamoh,FRA,"MF,FW",26,1998,11.6,0,25,6,24.0,2.15,0.52,0.0,0.0,0,0
ITA-Serie A,2425,Udinese,Alexis Sánchez,CHI,FW,35,1988,4.9,0,7,0,0.0,1.44,0.0,0.0,,0,0
ITA-Serie A,2425,Udinese,Arthur Atta,FRA,"MF,FW",21,2003,13.9,0,26,7,26.9,1.87,0.5,0.0,0.0,0,0
ITA-Serie A,2425,Udinese,Brenner,BRA,"MF,FW",24,2000,4.3,1,7,4,57.1,1.63,0.93,0.14,0.25,0,0
ITA-Serie A,2425,Udinese,Christian Kabasele,BEL,DF,33,1991,12.9,2,15,4,26.7,1.16,0.31,0.13,0.5,0,0
ITA-Serie A,2425,Udinese,Damián Pizarro,CHI,FW,19,2005,0.2,0,0,0,,0.0,0.0,,,0,0
ITA-Serie A,2425,Udinese,Daniele Padelli,ITA,GK,38,1985,1.0,0,0,0,,0.0,0.0,,,0,0
ITA-Serie A,2425,Udinese,Enzo Ebosse,CMR,DF,25,1999,1.0,0,0,0,,0.0,0.0,,,0,0
ITA-Serie A,2425,Udinese,Florian Thauvin,FRA,"FW,MF",31,1993,21.7,8,54,27,50.0,2.48,1.24,0.13,0.26,1,3
ITA-Serie A,2425,Udinese,Hassane Kamara,CIV,"MF,DF",30,1994,22.2,1,17,3,17.6,0.76,0.13,0.06,0.33,0,0
ITA-Serie A,2425,Udinese,Iker Bravo,ESP,FW,19,2005,7.6,2,13,4,30.8,1.72,0.53,0.15,0.5,0,0
ITA-Serie A,2425,Udinese,Jaka Bijol,SVN,DF,25,1999,32.9,1,19,6,31.6,0.58,0.18,0.05,0.17,0,0
ITA-Serie A,2425,Udinese,James Abankwah,IRL,DF,20,2004,1.0,0,1,0,0.0,1.02,0.0,0.0,,0,0
ITA-Serie A,2425,Udinese,Jesper Karlström,SWE,MF,29,1995,35.4,0,13,2,15.4,0.37,0.06,0.0,0.0,0,0
ITA-Serie A,2425,Udinese,Jordan Zemura,ZIM,"MF,DF",24,1999,15.7,1,14,3,21.4,0.89,0.19,0.07,0.33,0,0
ITA-Serie A,2425,Udinese,Jurgen Ekkelenkamp,NED,MF,24,2000,21.0,3,26,9,34.6,1.24,0.43,0.12,0.33,0,0
ITA-Serie A,2425,Udinese,Keinan Davis,ENG,FW,26,1998,11.8,2,29,11,37.9,2.45,0.93,0.07,0.18,0,0
ITA-Serie A,2425,Udinese,Kingsley Ehizibue,NED,"MF,DF",29,1995,27.8,0,14,4,28.6,0.5,0.14,0.0,0.0,0,0
ITA-Serie A,2425,Udinese,Lautaro Gianetti,ARG,DF,30,1993,9.8,1,2,2,100.0,0.21,0.21,0.5,0.5,0,0
ITA-Serie A,2425,Udinese,Lorenzo Lucca,ITA,FW,23,2000,26.1,12,66,26,39.4,2.52,0.99,0.17,0.42,1,1
ITA-Serie A,2425,Udinese,Maduka Okoye,NGA,GK,24,1999,25.0,0,0,0,,0.0,0.0,,,0,0
ITA-Serie A,2425,Udinese,Martín Payero,ARG,MF,25,1998,15.3,1,31,5,16.1,2.02,0.33,0.03,0.2,0,0
ITA-Serie A,2425,Udinese,Matteo Palma,GER,DF,16,2008,0.1,0,0,0,,0.0,0.0,,,0,0
ITA-Serie A,2425,Udinese,Nehuén Pérez,ARG,DF,24,2000,2.0,0,0,0,,0.0,0.0,,,0,0
ITA-Serie A,2425,Udinese,Oier Zarraga,ESP,MF,25,1999,10.0,1,6,1,16.7,0.6,0.1,0.17,1.0,0,0
ITA-Serie A,2425,Udinese,Oumar Solet,FRA,DF,24,2000,18.6,1,12,7,58.3,0.65,0.38,0.08,0.14,0,0
ITA-Serie A,2425,Udinese,Razvan Sava,ROU,GK,22,2002,12.0,0,0,0,,0.0,0.0,,,0,0
ITA-Serie A,2425,Udinese,Rui Modesto,ANG,MF,24,1999,6.8,0,3,2,66.7,0.44,0.3,0.0,0.0,0,0
ITA-Serie A,2425,Udinese,Sandi Lovrić,SVN,MF,26,1998,25.6,2,49,12,24.5,1.91,0.47,0.04,0.17,0,0
ITA-Serie A,2425,Udinese,Simone Pafundi,ITA,FW,18,2006,1.3,0,2,1,50.0,1.55,0.78,0.0,0.0,0,0
ITA-Serie A,2425,Udinese,Souleymane Touré,FRA,DF,21,2003,8.1,1,4,2,50.0,0.49,0.25,0.25,0.5,0,0
ITA-Serie A,2425,Udinese,Thomas Kristensen,DEN,DF,22,2002,19.5,1,4,1,25.0,0.21,0.05,0.25,1.0,0,0
ITA-Serie A,2425,Venezia,Alessandro Marcandalli,ITA,DF,21,2002,3.9,0,2,1,50.0,0.51,0.25,0.0,0.0,0,0
ITA-Serie A,2425,Venezia,Alessio Zerbin,ITA,MF,25,1999,16.9,1,16,6,37.5,0.95,0.36,0.06,0.17,0,0
ITA-Serie A,2425,Venezia,Alfred Duncan,GHA,MF,31,1993,10.6,0,15,4,26.7,1.41,0.38,0.0,0.0,0,0
ITA-Serie A,2425,Venezia,Antonio Candela,ITA,"MF,DF",24,2000,11.2,0,5,0,0.0,0.45,0.0,0.0,,0,0
ITA-Serie A,2425,Venezia,Antonio Raimondo,ITA,FW,20,2004,1.0,0,1,1,100.0,0.96,0.96,0.0,0.0,0,0
ITA-Serie A,2425,Venezia,Bjarki Bjarkason,ISL,MF,24,2000,1.8,0,0,0,,0.0,0.0,,,0,0
ITA-Serie A,2425,Venezia,Cheick Oumar Conde,GUI,MF,24,2000,1.7,0,1,0,0.0,0.6,0.0,0.0,,0,0
ITA-Serie A,2425,Venezia,Christian Gytkjær,DEN,FW,34,1990,8.4,2,18,6,33.3,2.15,0.72,0.06,0.17,1,1
ITA-Serie A,2425,Venezia,Daniel Fila,CZE,FW,21,2002,5.5,2,8,6,75.0,1.46,1.1,0.25,0.33,0,0
ITA-Serie A,2425,Venezia,Domen Črnigoj,SVN,MF,28,1995,1.5,0,1,0,0.0,0.66,0.0,0.0,,0,0
ITA-Serie A,2425,Venezia,Fali Candé,GNB,DF,26,1998,17.0,1,5,2,40.0,0.29,0.12,0.2,0.5,0,0
ITA-Serie A,2425,Venezia,Filip Stankovic,SRB,GK,22,2002,15.2,0,0,0,,0.0,0.0,,,0,0
ITA-Serie A,2425,Venezia,Francesco Zampano,ITA,MF,30,1993,18.2,1,7,4,57.1,0.38,0.22,0.14,0.25,0,0
ITA-Serie A,2425,Venezia,Franco Carboni,ITA,MF,21,2003,2.5,0,1,0,0.0,0.4,0.0,0.0,,0,0
ITA-Serie A,2425,Venezia,Gaetano Oristanio,ITA,"FW,MF",21,2002,25.7,3,44,12,27.3,1.71,0.47,0.07,0.25,0,0
ITA-Serie A,2425,Venezia,Gianluca Busio,USA,MF,22,2002,28.0,2,36,7,19.4,1.29,0.25,0.06,0.29,0,0
ITA-Serie A,2425,Venezia,Giorgio Altare,ITA,DF,25,1998,8.4,0,3,1,33.3,0.36,0.12,0.0,0.0,0,0
ITA-Serie A,2425,Venezia,Hans Nicolussi Caviglia,ITA,MF,24,2000,31.8,4,53,20,37.7,1.67,0.63,0.08,0.2,0,0
ITA-Serie A,2425,Venezia,Ionuț Radu,ROU,GK,27,1997,15.0,0,0,0,,0.0,0.0,,,0,0
ITA-Serie A,2425,Venezia,Issa Doumbia,ITA,MF,20,2003,10.4,0,16,5,31.3,1.53,0.48,0.0,0.0,0,0
ITA-Serie A,2425,Venezia,Jay Idzes,IDN,DF,24,2000,34.7,1,15,3,20.0,0.43,0.09,0.07,0.33,0,0
ITA-Serie A,2425,Venezia,Jesse Joronen,FIN,GK,31,1993,7.8,0,0,0,,0.0,0.0,,,0,0
ITA-Serie A,2425,Venezia,Joel Pohjanpalo,FIN,FW,29,1994,17.8,6,38,17,44.7,2.13,0.95,0.08,0.18,3,4
ITA-Serie A,2425,Venezia,John Yeboah,ECU,"FW,MF",24,2000,13.6,1,30,10,33.3,2.2,0.73,0.03,0.1,0,0
ITA-Serie A,2425,Venezia,Joël Schingtienne,BEL,DF,21,2002,12.5,0,0,0,,0.0,0.0,,,0,0
ITA-Serie A,2425,Venezia,Kike Pérez,ESP,MF,27,1997,12.4,1,13,7,53.8,1.05,0.57,0.08,0.14,0,0
ITA-Serie A,2425,Venezia,Magnus Kofod Andersen,DEN,MF,25,1999,7.7,1,8,2,25.0,1.04,0.26,0.13,0.5,0,0
ITA-Serie A,2425,Venezia,Marin Šverko,CRO,DF,26,1998,12.4,1,3,1,33.3,0.24,0.08,0.33,1.0,0,0
ITA-Serie A,2425,Venezia,Michael Svoboda,AUT,DF,25,1998,14.6,1,4,4,100.0,0.27,0.27,0.25,0.25,0,0
ITA-Serie A,2425,Venezia,Mikael Ellertsson,ISL,MF,22,2002,27.4,2,21,5,23.8,0.77,0.18,0.1,0.4,0,0
ITA-Serie A,2425,Venezia,Mirko Marić,CRO,FW,29,1995,4.0,0,6,1,16.7,1.52,0.25,0.0,0.0,0,0
ITA-Serie A,2425,Venezia,Nicholas Pierini,ITA,"FW,MF",25,1998,0.9,0,1,0,0.0,1.08,0.0,0.0,,0,0
ITA-Serie A,2425,Venezia,Nunzio Lella,ITA,MF,24,2000,0.1,0,0,0,,0.0,0.0,,,0,0
ITA-Serie A,2425,Venezia,Richie Sagrado,BEL,"MF,DF",20,2004,1.6,0,1,0,0.0,0.64,0.0,0.0,,0,0
ITA-Serie A,2425,Venezia,Ridgeciano Haps,SUR,"MF,DF",31,1993,15.2,1,15,3,20.0,0.99,0.2,0.07,0.33,0,0
ITA-Serie A,2425,Venezia,Saad El Haddad,MAR,MF,19,2005,0.3,0,0,0,,0.0,0.0,,,0,0
FRA-Ligue 1,2425,Angers,Abdoulaye Bamba,CIV,DF,34,1990,16.8,0,1,0,0.0,0.06,0.0,0.0,,0,0
FRA-Ligue 1,2425,Angers,Bamba Dieng,SEN,FW,24,2000,5.9,3,15,7,46.7,2.54,1.18,0.13,0.29,1,1
FRA-Ligue 1,2425,Angers,Carlens Arcus,HAI,DF,28,1996,22.7,0,3,0,0.0,0.13,0.0,0.0,,0,0
FRA-Ligue 1,2425,Angers,Cédric Hountondji,BEN,DF,30,1994,3.0,0,0,0,,0.0,0.0,,,0,0
FRA-Ligue 1,2425,Angers,Emmanuel Biumla,FRA,DF,19,2005,14.8,1,4,2,50.0,0.27,0.13,0.25,0.5,0,0
FRA-Ligue 1,2425,Angers,Enzo Caumont,FRA,MF,20,2004,0.4,0,0,0,,0.0,0.0,,,0,0
FRA-Ligue 1,2425,Angers,Esteban Lepaul,FRA,FW,24,2000,18.1,9,41,16,39.0,2.27,0.88,0.22,0.56,0,0
FRA-Ligue 1,2425,Angers,Farid El Melali,ALG,"MF,FW",27,1997,21.0,2,46,14,30.4,2.19,0.67,0.04,0.14,0,0
FRA-Ligue 1,2425,Angers,Florent Hanin,ALG,DF,34,1990,29.7,1,11,1,9.1,0.37,0.03,0.09,1.0,0,0
FRA-Ligue 1,2425,Angers,Haris Belkebla,ALG,MF,30,1994,19.9,0,3,0,0.0,0.15,0.0,0.0,,0,0
FRA-Ligue 1,2425,Angers,Himad Abdelli,ALG,MF,24,1999,31.6,6,38,12,31.6,1.2,0.38,0.08,0.25,3,4
FRA-Ligue 1,2425,Angers,Ibrahima Niane,SEN,FW,25,1999,10.5,3,30,11,36.7,2.86,1.05,0.07,0.18,1,1
FRA-Ligue 1,2425,Angers,Jacques Ekomie,GAB,"DF,MF",20,2003,7.7,0,1,0,0.0,0.13,0.0,0.0,,0,0
FRA-Ligue 1,2425,Angers,Jean-Eudes Aholou,CIV,MF,30,1994,21.8,2,27,7,25.9,1.24,0.32,0.07,0.29,0,0
FRA-Ligue 1,2425,Angers,Jim Allevinah,GAB,MF,29,1995,19.4,1,35,10,28.6,1.8,0.51,0.03,0.1,0,0
FRA-Ligue 1,2425,Angers,Jordan Lefort,MTN,DF,30,1993,34.0,0,8,0,0.0,0.24,0.0,0.0,,0,0
FRA-Ligue 1,2425,Angers,Justin-Noël Kalumba,FRA,FW,19,2004,0.3,0,1,0,0.0,2.9,0.0,0.0,,0,0
FRA-Ligue 1,2425,Angers,Lanroy Machine,FRA,MF,18,2005,0.1,0,1,0,0.0,11.25,0.0,0.0,,0,0
FRA-Ligue 1,2425,Angers,Lilian Raolisoa,FRA,"DF,MF",24,2000,14.6,0,14,1,7.1,0.96,0.07,0.0,0.0,0,0
FRA-Ligue 1,2425,Angers,Lois Diony,FRA,FW,31,1992,0.2,0,0,0,,0.0,0.0,,,0,0
FRA-Ligue 1,2425,Angers,Marius Courcoul,FRA,MF,17,2007,3.4,0,3,1,33.3,0.87,0.29,0.0,0.0,0,0
FRA-Ligue 1,2425,Angers,Melvin Zinga,FRA,GK,22,2002,1.0,0,0,0,,0.0,0.0,,,0,0
FRA-Ligue 1,2425,Angers,Ousmane Camara,MLI,DF,21,2003,2.8,0,1,0,0.0,0.36,0.0,0.0,,0,0
FRA-Ligue 1,2425,Angers,Pierrick Capelle,FRA,MF,37,1987,5.4,0,6,1,16.7,1.12,0.19,0.0,0.0,0,0
FRA-Ligue 1,2425,Angers,Prosper Peter,NGA,FW,16,2007,0.3,0,0,0,,0.0,0.0,,,0,0
FRA-Ligue 1,2425,Angers,Sidiki Cherif,FRA,FW,17,2006,3.6,0,5,3,60.0,1.39,0.83,0.0,0.0,0,0
FRA-Ligue 1,2425,Angers,Yahia Fofana,CIV,GK,23,2000,33.0,0,0,0,,0.0,0.0,,,0,0
FRA-Ligue 1,2425,Angers,Yassin Belkhdim,FRA,MF,22,2002,16.9,1,9,5,55.6,0.53,0.3,0.11,0.2,0,0
FRA-Ligue 1,2425,Angers,Zinedine Ferhat,ALG,MF,31,1993,9.4,2,12,5,41.7,1.27,0.53,0.17,0.4,0,0
FRA-Ligue 1,2425,Angers,Zinédine Ould Khaled,FRA,MF,24,2000,3.8,0,1,1,100.0,0.26,0.26,0.0,0.0,0,0
FRA-Ligue 1,2425,Auxerre,Ado Onaiwu,JPN,"MF,FW",28,1995,10.6,4,23,14,60.9,2.16,1.32,0.17,0.29,0,0
FRA-Ligue 1,2425,Auxerre,Aristide Zossou,CIV,MF,19,2005,0.2,0,0,0,,0.0,0.0,,,0,0
FRA-Ligue 1,2425,Auxerre,Assane Dioussé,SEN,MF,26,1997,7.4,0,3,2,66.7,0.41,0.27,0.0,0.0,0,0
FRA-Ligue 1,2425,Auxerre,Ben Viadere,FRA,FW,18,2005,0.1,0,0,0,,0.0,0.0,,,0,0
FRA-Ligue 1,2425,Auxerre,Clément Akpa,CIV,DF,22,2001,27.6,0,6,1,16.7,0.22,0.04,0.0,0.0,0,0
FRA-Ligue 1,2425,Auxerre,Donovan Léon,GUF,GK,31,1992,32.0,0,0,0,,0.0,0.0,,,0,0
FRA-Ligue 1,2425,Auxerre,Elisha Owusu,GHA,MF,26,1997,26.0,1,7,3,42.9,0.27,0.12,0.14,0.33,0,0
FRA-Ligue 1,2425,Auxerre,Eros Maddy,NED,"FW,MF",23,2001,0.2,0,0,0,,0.0,0.0,,,0,0
FRA-Ligue 1,2425,Auxerre,Florian Ayé,FRA,FW,27,1997,6.4,2,12,4,33.3,1.88,0.63,0.17,0.5,0,0
FRA-Ligue 1,2425,Auxerre,Fredrik Oppegard,NOR,"MF,DF",21,2002,3.0,0,3,1,33.3,0.99,0.33,0.0,0.0,0,0
FRA-Ligue 1,2425,Auxerre,Gabriel Osho,NGA,DF,25,1998,18.4,1,7,3,42.9,0.38,0.16,0.14,0.33,0,0
FRA-Ligue 1,2425,Auxerre,Gaëtan Perrin,FRA,MF,28,1996,29.9,10,59,26,44.1,1.97,0.87,0.17,0.38,0,0
FRA-Ligue 1,2425,Auxerre,Gideon Mensah,GHA,"DF,MF",26,1998,25.3,0,4,1,25.0,0.16,0.04,0.0,0.0,0,0
FRA-Ligue 1,2425,Auxerre,Hamed Junior Traorè,CIV,MF,24,2000,23.3,10,68,29,42.6,2.92,1.25,0.15,0.34,0,0
FRA-Ligue 1,2425,Auxerre,Han-Noah Massengo,FRA,MF,23,2001,11.6,0,6,3,50.0,0.52,0.26,0.0,0.0,0,0
FRA-Ligue 1,2425,Auxerre,Jubal,BRA,DF,30,1993,29.3,6,30,11,36.7,1.02,0.37,0.1,0.27,3,4
FRA-Ligue 1,2425,Auxerre,Ki-Jana Hoever,NED,"DF,MF",22,2002,23.6,1,10,5,50.0,0.42,0.21,0.1,0.2,0,0
FRA-Ligue 1,2425,Auxerre,Kévin Danois,FRA,MF,20,2004,16.2,0,17,3,17.6,1.05,0.18,0.0,0.0,0,0
FRA-Ligue 1,2425,Auxerre,Lassine Sinayoko,MLI,"FW,MF",24,1999,25.5,5,61,18,29.5,2.39,0.7,0.07,0.22,1,1
FRA-Ligue 1,2425,Auxerre,Lasso Coulibaly,CIV,MF,21,2002,0.5,1,3,2,66.7,6.0,4.0,0.33,0.5,0,0
FRA-Ligue 1,2425,Auxerre,Loïc N'Gatta,FRA,DF,20,2003,0.1,0,0,0,,0.0,0.0,,,0,0
FRA-Ligue 1,2425,Auxerre,Paul Joly,FRA,"DF,MF",24,2000,11.2,0,10,5,50.0,0.89,0.45,0.0,0.0,0,0
FRA-Ligue 1,2425,Auxerre,Rayan Raveloson,MAD,"MF,DF",27,1997,8.0,1,16,5,31.3,1.99,0.62,0.06,0.2,0,0
FRA-Ligue 1,2425,Auxerre,Rudy Matondo,FRA,MF,16,2008,0.7,0,0,0,,0.0,0.0,,,0,0
FRA-Ligue 1,2425,Auxerre,Sinaly Diomande,CIV,DF,23,2001,21.6,3,9,4,44.4,0.42,0.19,0.33,0.75,0,0
FRA-Ligue 1,2425,Auxerre,Theo Bair,CAN,FW,24,1999,10.4,2,26,14,53.8,2.49,1.34,0.08,0.14,0,0
FRA-Ligue 1,2425,Auxerre,Théo De Percin,MTQ,GK,23,2001,2.0,0,0,0,,0.0,0.0,,,0,0
FRA-Ligue 1,2425,Auxerre,Théo Pellenard,FRA,DF,30,1994,0.5,0,0,0,,0.0,0.0,,,0,0
FRA-Ligue 1,2425,Auxerre,Yoann Cissé,FRA,MF,19,2004,0.1,0,0,0,,0.0,0.0,,,0,0
FRA-Ligue 1,2425,Brest,Abdallah Sima,SEN,"FW,MF",23,2001,13.8,7,38,17,44.7,2.76,1.24,0.18,0.41,0,0
FRA-Ligue 1,2425,Brest,Abdoulaye Ndiaye,SEN,DF,22,2002,19.0,1,11,2,18.2,0.58,0.11,0.09,0.5,0,0
FRA-Ligue 1,2425,Brest,Axel Camblan,FRA,FW,20,2003,0.3,0,1,0,0.0,3.46,0.0,0.0,,0,0
FRA-Ligue 1,2425,Brest,Bradley Locko,FRA,DF,22,2002,1.1,0,1,0,0.0,0.93,0.0,0.0,,0,0
FRA-Ligue 1,2425,Brest,Brendan Chardonnet,FRA,DF,29,1994,26.8,1,14,1,7.1,0.52,0.04,0.07,1.0,0,0
FRA-Ligue 1,2425,Brest,Edimilson Fernandes,SUI,"MF,DF",28,1996,12.3,0,10,2,20.0,0.81,0.16,0.0,0.0,0,0
FRA-Ligue 1,2425,Brest,Grégoire Coudert,FRA,GK,25,1999,2.0,0,0,0,,0.0,0.0,,,0,0
FRA-Ligue 1,2425,Brest,Hamidou Makalou,MLI,MF,18,2006,0.4,0,0,0,,0.0,0.0,,,0,0
FRA-Ligue 1,2425,Brest,Hianga'a Mbock,FRA,MF,24,1999,0.2,0,1,1,100.0,4.29,4.29,0.0,0.0,0,0
FRA-Ligue 1,2425,Brest,Hugo Magnetti,FRA,MF,26,1998,25.8,1,19,6,31.6,0.74,0.23,0.05,0.17,0,0
FRA-Ligue 1,2425,Brest,Ibrahim Salah,MAR,"MF,FW",22,2001,4.0,1,13,4,30.8,3.27,1.01,0.08,0.25,0,0
FRA-Ligue 1,2425,Brest,Jonas Martin,FRA,MF,34,1990,5.5,1,3,1,33.3,0.54,0.18,0.33,1.0,0,0
FRA-Ligue 1,2425,Brest,Jordan Amavi,FRA,DF,30,1994,8.8,0,8,3,37.5,0.91,0.34,0.0,0.0,0,0
FRA-Ligue 1,2425,Brest,Julien Le Cardinal,FRA,DF,26,1997,15.3,0,10,4,40.0,0.65,0.26,0.0,0.0,0,0
FRA-Ligue 1,2425,Brest,Justin Bourgault,FRA,DF,18,2005,1.4,1,2,1,50.0,1.48,0.74,0.5,1.0,0,0
FRA-Ligue 1,2425,Brest,Jérémy Le Douaron,FRA,FW,26,1998,1.1,0,2,1,50.0,1.76,0.88,0.0,0.0,0,0
FRA-Ligue 1,2425,Brest,Kamory Doumbia,MLI,"MF,FW",21,2003,14.7,3,22,10,45.5,1.5,0.68,0.14,0.3,0,0
FRA-Ligue 1,2425,Brest,Kenny Lala,MAD,DF,32,1991,29.8,3,12,7,58.3,0.4,0.23,0.0,0.0,3,3
FRA-Ligue 1,2425,Brest,Luck Zogbé,CIV,DF,19,2005,7.1,0,8,1,12.5,1.13,0.14,0.0,0.0,0,0
FRA-Ligue 1,2425,Brest,Ludovic Ajorque,FRA,FW,30,1994,27.7,13,54,27,50.0,1.95,0.97,0.24,0.48,0,1
FRA-Ligue 1,2425,Brest,Mahdi Camara,FRA,MF,26,1998,29.5,5,49,20,40.8,1.66,0.68,0.1,0.25,0,0
FRA-Ligue 1,2425,Brest,Mama Samba Baldé,GNB,"FW,MF",28,1995,12.8,2,29,9,31.0,2.27,0.7,0.07,0.22,0,0
FRA-Ligue 1,2425,Brest,Marco Bizot,NED,GK,33,1991,32.0,0,0,0,,0.0,0.0,,,0,0
FRA-Ligue 1,2425,Brest,Massadio Haïdara,MLI,DF,31,1992,18.6,0,10,1,10.0,0.54,0.05,0.0,0.0,0,0
FRA-Ligue 1,2425,Brest,Mathias Pereira Lage,POR,"MF,FW",27,1996,17.5,2,36,15,41.7,2.06,0.86,0.06,0.13,0,0
FRA-Ligue 1,2425,Brest,Pierre Lees-Melou,FRA,MF,31,1993,17.0,2,22,8,36.4,1.3,0.47,0.09,0.25,0,0
FRA-Ligue 1,2425,Brest,Romain Del Castillo,FRA,"FW,MF",28,1996,14.0,6,21,12,57.1,1.5,0.86,0.14,0.25,3,4
FRA-Ligue 1,2425,Brest,Romain Faivre,FRA,"MF,FW",26,1998,10.0,3,19,10,52.6,1.9,1.0,0.11,0.2,1,1
FRA-Ligue 1,2425,Brest,Soumaïla Coulibaly,FRA,DF,20,2003,4.9,0,4,0,0.0,0.82,0.0,0.0,,0,0
FRA-Ligue 1,2425,Brest,Sérigné Diop,SEN,FW,19,2005,0.0,0,0,0,,0.0,0.0,,,0,0
FRA-Ligue 1,2425,Le Havre,Abdoulaye Touré,GUI,MF,30,1994,25.8,10,47,15,31.9,1.82,0.58,0.04,0.13,8,9
FRA-Ligue 1,2425,Le Havre,Alois Confais,FRA,"DF,MF",27,1996,0.0,0,0,0,,0.0,0.0,,,0,0
FRA-Ligue 1,2425,Le Havre,André Ayew,GHA,FW,34,1989,16.1,4,22,9,40.9,1.36,0.56,0.18,0.44,0,0
FRA-Ligue 1,2425,Le Havre,Antoine Joujou,FRA,"MF,FW",21,2003,10.5,0,11,2,18.2,1.05,0.19,0.0,0.0,0,0
FRA-Ligue 1,2425,Le Havre,Arouna Sangante,SEN,DF,22,2002,13.8,3,7,4,57.1,0.51,0.29,0.43,0.75,0,0
FRA-Ligue 1,2425,Le Havre,Arthur Desmas,FRA,GK,30,1994,18.0,0,0,0,,0.0,0.0,,,0,0
FRA-Ligue 1,2425,Le Havre,Christopher Opéri,CIV,"MF,DF",27,1997,13.0,0,7,1,14.3,0.54,0.08,0.0,0.0,0,0
FRA-Ligue 1,2425,Le Havre,Daler Kuzyaev,RUS,MF,31,1993,6.3,1,4,3,75.0,0.63,0.48,0.25,0.33,0,0
FRA-Ligue 1,2425,Le Havre,Elysée Logbo,FRA,FW,20,2004,0.3,0,1,0,0.0,3.33,0.0,0.0,,0,0
FRA-Ligue 1,2425,Le Havre,Emmanuel Sabbi,USA,"MF,FW",26,1997,7.3,0,15,5,33.3,2.07,0.69,0.0,0.0,0,0
FRA-Ligue 1,2425,Le Havre,Etienne Youte Kinkoue,FRA,DF,22,2002,25.8,0,14,2,14.3,0.54,0.08,0.0,0.0,0,0
FRA-Ligue 1,2425,Le Havre,Fodé Ballo-Touré,SEN,"DF,MF",27,1997,6.5,0,0,0,,0.0,0.0,,,0,0
FRA-Ligue 1,2425,Le Havre,Gautier Lloris,FRA,DF,29,1995,30.8,2,11,2,18.2,0.36,0.07,0.18,1.0,0,0
FRA-Ligue 1,2425,Le Havre,Ilyes Housni,FRA,FW,19,2005,2.6,0,5,0,0.0,1.96,0.0,0.0,,0,0
FRA-Ligue 1,2425,Le Havre,Issa Soumaré,SEN,"MF,FW",23,2000,21.1,5,43,19,44.2,2.03,0.9,0.12,0.26,0,0
FRA-Ligue 1,2425,Le Havre,Josué Casimir,HAI,"MF,FW",22,2001,22.2,4,27,10,37.0,1.22,0.45,0.15,0.4,0,0
FRA-Ligue 1,2425,Le Havre,Junior Mwanga,FRA,MF,21,2003,10.6,1,16,4,25.0,1.51,0.38,0.06,0.25,0,0
FRA-Ligue 1,2425,Le Havre,Kandet Diawara,GUI,MF,24,2000,0.0,0,0,0,,0.0,0.0,,,0,0
FRA-Ligue 1,2425,Le Havre,Koka,EGY,FW,31,1993,9.5,3,21,9,42.9,2.22,0.95,0.1,0.22,1,1
FRA-Ligue 1,2425,Le Havre,Loïc Nego,HUN,"DF,MF",33,1991,27.3,0,11,2,18.2,0.4,0.07,0.0,0.0,0,0
FRA-Ligue 1,2425,Le Havre,Mahamadou Diawara,FRA,MF,19,2005,6.5,0,7,1,14.3,1.08,0.15,0.0,0.0,0,0
FRA-Ligue 1,2425,Le Havre,Mathieu Gorgelin,FRA,GK,33,1990,16.0,0,0,0,,0.0,0.0,,,0,0
FRA-Ligue 1,2425,Le Havre,Mathéo Bodmer,FRA,DF,20,2004,0.1,0,0,0,,0.0,0.0,,,0,0
FRA-Ligue 1,2425,Le Havre,Oussama Targhalline,MAR,MF,22,2002,11.0,0,5,0,0.0,0.45,0.0,0.0,,0,0
FRA-Ligue 1,2425,Le Havre,Rassoul Ndiaye,SEN,MF,22,2001,11.8,1,18,5,27.8,1.53,0.42,0.06,0.2,0,0
FRA-Ligue 1,2425,Le Havre,Samuel Grandsir,FRA,"FW,MF",27,1996,0.9,0,0,0,,0.0,0.0,,,0,0
FRA-Ligue 1,2425,Le Havre,Steve Ngoura,FRA,FW,19,2005,3.2,1,10,3,30.0,3.11,0.93,0.1,0.33,0,0
FRA-Ligue 1,2425,Le Havre,Timothee Pembele,FRA,"DF,MF",21,2002,12.4,1,8,3,37.5,0.65,0.24,0.13,0.33,0,0
FRA-Ligue 1,2425,Le Havre,Yanis Zouaoui,ALG,"DF,MF",26,1998,10.8,0,5,2,40.0,0.46,0.18,0.0,0.0,0,0
FRA-Ligue 1,2425,Le Havre,Yassine Kechta,MAR,"MF,FW",22,2002,23.3,2,29,9,31.0,1.25,0.39,0.07,0.22,0,0
FRA-Ligue 1,2425,Le Havre,Yoann Salmier,GUF,DF,31,1992,8.9,0,5,3,60.0,0.56,0.34,0.0,0.0,0,0
FRA-Ligue 1,2425,Lens,Abdukodir Khusanov,UZB,DF,20,2004,10.8,0,6,5,83.3,0.55,0.46,0.0,0.0,0,0
FRA-Ligue 1,2425,Lens,Abdulai Juma Bah,SLE,DF,18,2006,7.6,0,2,1,50.0,0.26,0.13,0.0,0.0,0,0
FRA-Ligue 1,2425,Lens,Adrien Thomasson,FRA,MF,30,1993,29.1,3,41,13,31.7,1.41,0.45,0.07,0.23,0,0
FRA-Ligue 1,2425,Lens,Anass Zaroury,MAR,"MF,FW",23,2000,15.6,2,35,12,34.3,2.24,0.77,0.06,0.17,0,0
FRA-Ligue 1,2425,Lens,Andy Diouf,FRA,MF,21,2003,24.7,1,40,5,12.5,1.62,0.2,0.03,0.2,0,0
FRA-Ligue 1,2425,Lens,Angelo Fulgini,NCL,MF,27,1996,11.6,1,26,9,34.6,2.24,0.78,0.04,0.11,0,0
FRA-Ligue 1,2425,Lens,Brice Samba,FRA,GK,30,1994,15.0,0,0,0,,0.0,0.0,,,0,0
FRA-Ligue 1,2425,Lens,David Costa,POR,MF,23,2001,3.9,0,9,3,33.3,2.3,0.77,0.0,0.0,0,0
FRA-Ligue 1,2425,Lens,Deiver Machado,COL,"DF,MF",30,1993,20.1,1,23,5,21.7,1.15,0.25,0.04,0.2,0,0
FRA-Ligue 1,2425,Lens,Facundo Medina,ARG,DF,25,1999,28.3,0,27,3,11.1,0.96,0.11,0.0,0.0,0,0
FRA-Ligue 1,2425,Lens,Florian Sotoca,FRA,"FW,MF",33,1990,19.9,1,47,18,38.3,2.36,0.9,0.02,0.06,0,0
FRA-Ligue 1,2425,Lens,Gabin Capuano,FRA,FW,18,2006,0.1,0,0,0,,0.0,0.0,,,0,0
FRA-Ligue 1,2425,Lens,Goduine Koyalipou,CTA,FW,24,2000,9.8,4,42,15,35.7,4.27,1.53,0.1,0.27,0,0
FRA-Ligue 1,2425,Lens,Hamzat Ojediran,NGA,MF,20,2003,4.6,1,10,3,30.0,2.16,0.65,0.1,0.33,0,0
FRA-Ligue 1,2425,Lens,Hervé Koffi,BFA,GK,27,1996,5.0,0,0,0,,0.0,0.0,,,0,0
FRA-Ligue 1,2425,Lens,Jeremy Agbonifo,SWE,FW,18,2005,3.3,1,6,4,66.7,1.8,1.2,0.17,0.25,0,0
FRA-Ligue 1,2425,Lens,Jhoanner Chávez,ECU,MF,22,2002,6.6,1,5,3,60.0,0.76,0.45,0.2,0.33,0,0
FRA-Ligue 1,2425,Lens,Jonathan Gradit,FRA,DF,31,1992,23.5,0,16,4,25.0,0.68,0.17,0.0,0.0,0,0
FRA-Ligue 1,2425,Lens,Kembo Diliwidi,FRA,FW,18,2006,0.0,0,0,0,,0.0,0.0,,,0,0
FRA-Ligue 1,2425,Lens,Kevin Danso,AUT,DF,25,1998,12.0,0,10,2,20.0,0.83,0.17,0.0,0.0,0,0
FRA-Ligue 1,2425,Lens,Kyllian Antonio,FRA,"MF,DF",16,2008,1.5,0,1,0,0.0,0.65,0.0,0.0,,0,0
FRA-Ligue 1,2425,Lens,M'Bala Nzola,ANG,FW,27,1996,16.2,6,47,18,38.3,2.9,1.11,0.13,0.33,0,0
FRA-Ligue 1,2425,Lens,Malang Sarr,FRA,DF,25,1999,15.4,0,6,1,16.7,0.39,0.06,0.0,0.0,0,0
FRA-Ligue 1,2425,Lens,Martin Satriano,URU,FW,23,2001,1.0,0,5,0,0.0,5.11,0.0,0.0,,0,0
FRA-Ligue 1,2425,Lens,Mathew Ryan,AUS,GK,32,1992,14.0,0,0,0,,0.0,0.0,,,0,0
FRA-Ligue 1,2425,Lens,Nampalys Mendy,SEN,MF,32,1992,6.5,0,3,0,0.0,0.46,0.0,0.0,,0,0
FRA-Ligue 1,2425,Lens,Neil El Aynaoui,MAR,MF,23,2001,17.6,8,19,10,52.6,1.08,0.57,0.26,0.5,3,3
FRA-Ligue 1,2425,Lens,Przemysław Frankowski,POL,"MF,DF",29,1995,15.4,4,16,7,43.8,1.04,0.45,0.13,0.29,2,2
FRA-Ligue 1,2425,Lens,Rayan Fofana,FRA,MF,18,2006,0.3,0,0,0,,0.0,0.0,,,0,0
FRA-Ligue 1,2425,Lens,Ruben Aguilar,FRA,"MF,DF",31,1993,12.5,1,11,3,27.3,0.88,0.24,0.09,0.33,0,0
FRA-Ligue 1,2425,Lens,Rémy Labeau Lascary,GLP,"MF,FW",21,2003,7.1,2,14,5,35.7,1.98,0.71,0.14,0.4,0,0
FRA-Ligue 1,2425,Lens,Tom Pouilly,FRA,DF,21,2003,3.0,0,5,2,40.0,1.65,0.66,0.0,0.0,0,0
FRA-Ligue 1,2425,Lens,Wesley Saïd,FRA,FW,29,1995,10.1,3,17,7,41.2,1.69,0.7,0.18,0.43,0,0
FRA-Ligue 1,2425,Lille,Aaron Malouda,FRA,FW,18,2005,0.0,0,0,0,,0.0,0.0,,,0,0
FRA-Ligue 1,2425,Lille,Alexsandro Ribeiro,BRA,DF,24,1999,30.0,1,21,4,19.0,0.7,0.13,0.05,0.25,0,0
FRA-Ligue 1,2425,Lille,André Gomes,POR,MF,31,1993,14.2,0,11,3,27.3,0.78,0.21,0.0,0.0,0,0
FRA-Ligue 1,2425,Lille,Angel Gomes,ENG,MF,23,2000,8.2,1,9,3,33.3,1.1,0.37,0.11,0.33,0,1
FRA-Ligue 1,2425,Lille,Ayyoub Bouaddi,MAR,MF,16,2007,12.8,0,3,1,33.3,0.23,0.08,0.0,0.0,0,0
FRA-Ligue 1,2425,Lille,Aïssa Mandi,ALG,DF,32,1991,19.3,0,6,2,33.3,0.31,0.1,0.0,0.0,0,0
FRA-Ligue 1,2425,Lille,Bafodé Diakité,FRA,DF,23,2001,30.7,4,16,7,43.8,0.52,0.23,0.25,0.57,0,0
FRA-Ligue 1,2425,Lille,Benjamin André,FRA,MF,33,1990,29.9,0,16,4,25.0,0.53,0.13,0.0,0.0,0,0
FRA-Ligue 1,2425,Lille,Chuba Akpom,ENG,FW,28,1995,7.1,3,20,11,55.0,2.82,1.55,0.1,0.18,1,2
FRA-Ligue 1,2425,Lille,Edon Zhegrova,KVX,MF,25,1999,10.9,4,23,9,39.1,2.12,0.83,0.17,0.44,0,0
FRA-Ligue 1,2425,Lille,Ethan Mbappé,FRA,MF,17,2006,2.5,0,11,4,36.4,4.46,1.62,0.0,0.0,0,0
FRA-Ligue 1,2425,Lille,Gabriel Gudmundsson,SWE,"DF,MF",25,1999,19.8,2,18,5,27.8,0.91,0.25,0.11,0.4,0,0
FRA-Ligue 1,2425,Lille,Hákon Haraldsson,ISL,MF,21,2003,19.5,5,35,13,37.1,1.79,0.67,0.14,0.38,0,0
FRA-Ligue 1,2425,Lille,Ismaily,BRA,DF,34,1990,10.0,0,10,5,50.0,1.0,0.5,0.0,0.0,0,0
FRA-Ligue 1,2425,Lille,Jonathan David,CAN,FW,24,2000,28.4,16,73,35,47.9,2.57,1.23,0.14,0.29,6,7
FRA-Ligue 1,2425,Lille,Lucas Chevalier,FRA,GK,22,2001,34.0,0,0,0,,0.0,0.0,,,0,0
FRA-Ligue 1,2425,Lille,Matias Fernandez-Pardo,BEL,"MF,FW",19,2005,11.8,4,23,12,52.2,1.94,1.01,0.17,0.33,0,0
FRA-Ligue 1,2425,Lille,Mitchel Bakker,NED,"MF,DF",24,2000,12.7,3,23,10,43.5,1.82,0.79,0.13,0.3,0,0
FRA-Ligue 1,2425,Lille,Mohamed Lamine Bayo,GUI,FW,26,1998,3.4,2,10,4,40.0,2.91,1.17,0.2,0.5,0,0
FRA-Ligue 1,2425,Lille,Nabil Bentaleb,ALG,MF,29,1994,3.7,1,5,1,20.0,1.37,0.27,0.2,1.0,0,0
FRA-Ligue 1,2425,Lille,Ngal'Ayel Mukau,COD,MF,19,2004,13.2,0,11,2,18.2,0.83,0.15,0.0,0.0,0,0
FRA-Ligue 1,2425,Lille,Osame Sahraoui,MAR,MF,23,2001,14.4,3,23,9,39.1,1.6,0.63,0.13,0.33,0,0
FRA-Ligue 1,2425,Lille,Ousmane Toure,FRA,DF,19,2005,0.1,0,0,0,,0.0,0.0,,,0,0
FRA-Ligue 1,2425,Lille,Rémy Cabella,FRA,MF,34,1990,11.2,1,30,7,23.3,2.67,0.62,0.03,0.14,0,0
FRA-Ligue 1,2425,Lille,Thomas Meunier,BEL,DF,32,1991,21.4,2,28,11,39.3,1.31,0.51,0.07,0.18,0,0
FRA-Ligue 1,2425,Lille,Tiago Santos,POR,"DF,MF",22,2002,4.5,0,8,4,50.0,1.78,0.89,0.0,0.0,0,0
FRA-Ligue 1,2425,Lille,Younes Lachaab,FRA,MF,19,2005,0.1,0,1,0,0.0,10.0,0.0,0.0,,0,0
FRA-Ligue 1,2425,Lyon,Abner,BRA,"DF,MF",24,2000,12.1,1,7,3,42.9,0.58,0.25,0.14,0.33,0,0
FRA-Ligue 1,2425,Lyon,Adryelson,BRA,DF,26,1998,0.0,0,0,0,,0.0,0.0,,,0,0
FRA-Ligue 1,2425,Lyon,Ainsley Maitland-Niles,ENG,"DF,MF",26,1997,22.1,1,22,7,31.8,1.0,0.32,0.05,0.14,0,0
FRA-Ligue 1,2425,Lyon,Alejandro Rodriguez,POR,FW,16,2008,0.2,0,0,0,,0.0,0.0,,,0,0
FRA-Ligue 1,2425,Lyon,Alexandre Lacazette,FRA,FW,33,1991,22.8,15,59,37,62.7,2.59,1.62,0.17,0.27,5,6
FRA-Ligue 1,2425,Lyon,Clinton Mata,ANG,DF,31,1992,26.3,0,5,0,0.0,0.19,0.0,0.0,,0,0
FRA-Ligue 1,2425,Lyon,Corentin Tolisso,FRA,MF,29,1994,25.9,7,51,20,39.2,1.97,0.77,0.14,0.35,0,0
FRA-Ligue 1,2425,Lyon,Duje Ćaleta-Car,CRO,DF,27,1996,17.6,1,11,1,9.1,0.62,0.06,0.09,1.0,0,0
FRA-Ligue 1,2425,Lyon,Ernest Nuamah,GHA,"MF,FW",20,2003,11.7,3,28,13,46.4,2.4,1.11,0.11,0.23,0,0
FRA-Ligue 1,2425,Lyon,Georges Mikautadze,GEO,"FW,MF",23,2000,16.1,11,56,26,46.4,3.48,1.61,0.14,0.31,3,4
FRA-Ligue 1,2425,Lyon,Gift Orban,NGA,FW,22,2002,2.1,2,4,3,75.0,1.94,1.45,0.5,0.67,0,0
FRA-Ligue 1,2425,Lyon,Jordan Veretout,FRA,MF,31,1993,17.3,2,21,9,42.9,1.22,0.52,0.1,0.22,0,0
FRA-Ligue 1,2425,Lyon,Lucas Perri,BRA,GK,26,1997,33.0,0,0,0,,0.0,0.0,,,0,0
FRA-Ligue 1,2425,Lyon,Mahamadou Diawara,FRA,MF,19,2005,0.2,0,0,0,,0.0,0.0,,,0,0
FRA-Ligue 1,2425,Lyon,Malick Fofana,BEL,"FW,MF",19,2005,17.7,5,31,15,48.4,1.76,0.85,0.16,0.33,0,0
FRA-Ligue 1,2425,Lyon,Mama Samba Baldé,GNB,"FW,MF",28,1995,0.4,0,1,0,0.0,2.73,0.0,0.0,,0,0
FRA-Ligue 1,2425,Lyon,Maxence Caqueret,FRA,MF,24,2000,6.4,0,7,1,14.3,1.1,0.16,0.0,0.0,0,0
FRA-Ligue 1,2425,Lyon,Moussa Niakhaté,SEN,DF,28,1996,30.3,0,2,1,50.0,0.07,0.03,0.0,0.0,0,0
FRA-Ligue 1,2425,Lyon,Nemanja Matić,SRB,MF,35,1988,22.3,0,2,1,50.0,0.09,0.04,0.0,0.0,0,0
FRA-Ligue 1,2425,Lyon,Nicolás Tagliafico,ARG,DF,31,1992,21.1,3,28,7,25.0,1.32,0.33,0.11,0.43,0,0
FRA-Ligue 1,2425,Lyon,Orel Mangala,BEL,MF,26,1998,0.7,0,1,0,0.0,1.34,0.0,0.0,,0,0
FRA-Ligue 1,2425,Lyon,Paul Akouokou,CIV,MF,26,1997,0.2,0,0,0,,0.0,0.0,,,0,0
FRA-Ligue 1,2425,Lyon,Rayan Cherki,FRA,"MF,FW",20,2003,22.7,8,45,19,42.2,1.98,0.84,0.18,0.42,0,0
FRA-Ligue 1,2425,Lyon,Rémy Descamps,FRA,GK,28,1996,1.0,0,0,0,,0.0,0.0,,,0,0
FRA-Ligue 1,2425,Lyon,Sael Kumbedi,FRA,DF,19,2005,10.6,0,4,2,50.0,0.38,0.19,0.0,0.0,0,0
FRA-Ligue 1,2425,Lyon,Saïd Benrahma,ALG,"FW,MF",28,1995,8.2,1,17,4,23.5,2.08,0.49,0.06,0.25,0,0
FRA-Ligue 1,2425,Lyon,Tanner Tessmann,USA,MF,22,2001,13.7,1,18,10,55.6,1.31,0.73,0.06,0.1,0,0
FRA-Ligue 1,2425,Lyon,Thiago Almada,ARG,MF,23,2001,10.6,1,23,5,21.7,2.18,0.47,0.04,0.2,0,0
FRA-Ligue 1,2425,Lyon,Téo Barisic,CRO,DF,19,2004,0.0,0,0,0,,0.0,0.0,,,0,0
FRA-Ligue 1,2425,Lyon,Warmed Omari,COM,DF,24,2000,0.1,0,0,0,,0.0,0.0,,,0,0
FRA-Ligue 1,2425,Lyon,Wilfried Zaha,CIV,FW,31,1992,0.8,0,1,1,100.0,1.23,1.23,0.0,0.0,0,0
FRA-Ligue 1,2425,Marseille,Adrien Rabiot,FRA,MF,29,1995,27.6,9,48,24,50.0,1.74,0.87,0.19,0.38,0,0
FRA-Ligue 1,2425,Marseille,Amar Dedić,BIH,MF,21,2002,3.5,0,6,2,33.3,1.72,0.57,0.0,0.0,0,0
FRA-Ligue 1,2425,Marseille,Amine Gouiri,ALG,FW,24,2000,11.6,10,51,25,49.0,4.38,2.15,0.2,0.4,0,0
FRA-Ligue 1,2425,Marseille,Amine Harit,MAR,MF,27,1997,5.8,2,8,5,62.5,1.39,0.87,0.25,0.4,0,0
FRA-Ligue 1,2425,Marseille,Bamo Meïté,CIV,DF,22,2001,0.3,0,0,0,,0.0,0.0,,,0,0
FRA-Ligue 1,2425,Marseille,Bilal Nadir,MAR,MF,20,2003,4.3,1,8,3,37.5,1.88,0.7,0.13,0.33,0,0
FRA-Ligue 1,2425,Marseille,Darryl Bakola,FRA,MF,16,2007,0.2,0,0,0,,0.0,0.0,,,0,0
FRA-Ligue 1,2425,Marseille,Derek Cornelius,CAN,DF,26,1997,15.8,0,9,1,11.1,0.57,0.06,0.0,0.0,0,0
FRA-Ligue 1,2425,Marseille,Elye Wahi,CIV,FW,21,2003,6.4,3,17,11,64.7,2.67,1.72,0.12,0.18,1,1
FRA-Ligue 1,2425,Marseille,Emmanuel Koum Mbondo,FRA,FW,18,2006,0.1,0,0,0,,0.0,0.0,,,0,0
FRA-Ligue 1,2425,Marseille,Enzo Sternal,FRA,FW,17,2007,0.3,0,0,0,,0.0,0.0,,,0,0
FRA-Ligue 1,2425,Marseille,Faris Pemi Moumbagna,CMR,FW,24,2000,0.1,0,0,0,,0.0,0.0,,,0,0
FRA-Ligue 1,2425,Marseille,Geoffrey Kondogbia,CTA,"DF,MF",31,1993,22.4,0,8,1,12.5,0.36,0.04,0.0,0.0,0,0
FRA-Ligue 1,2425,Marseille,Gerónimo Rulli,ARG,GK,32,1992,34.0,0,0,0,,0.0,0.0,,,0,0
FRA-Ligue 1,2425,Marseille,Ismaël Bennacer,ALG,MF,26,1997,7.2,0,3,0,0.0,0.42,0.0,0.0,,0,0
FRA-Ligue 1,2425,Marseille,Ismaël Koné,CAN,MF,22,2002,4.0,0,4,1,25.0,1.0,0.25,0.0,0.0,0,0
FRA-Ligue 1,2425,Marseille,Jonathan Rowe,ENG,"MF,FW",21,2003,9.0,3,36,15,41.7,4.01,1.67,0.08,0.2,0,0
FRA-Ligue 1,2425,Marseille,Keyliane Abdallah,FRA,FW,18,2006,0.0,0,0,0,,0.0,0.0,,,0,0
FRA-Ligue 1,2425,Marseille,Leonardo Balerdi,ARG,DF,25,1999,25.3,0,15,2,13.3,0.59,0.08,0.0,0.0,0,0
FRA-Ligue 1,2425,Marseille,Lilian Brassier,FRA,DF,24,1999,8.7,0,5,1,20.0,0.58,0.12,0.0,0.0,0,0
FRA-Ligue 1,2425,Marseille,Luis Henrique,BRA,MF,22,2001,29.0,7,30,14,46.7,1.03,0.48,0.23,0.5,0,0
FRA-Ligue 1,2425,Marseille,Luiz Felipe,ITA,DF,27,1997,1.4,0,0,0,,0.0,0.0,,,0,0
FRA-Ligue 1,2425,Marseille,Mason Greenwood,ENG,"MF,FW",22,2001,31.2,21,120,57,47.5,3.85,1.83,0.12,0.25,7,9
FRA-Ligue 1,2425,Marseille,Michael Amir Murillo,PAN,DF,28,1996,27.1,1,13,4,30.8,0.48,0.15,0.08,0.25,0,0
FRA-Ligue 1,2425,Marseille,Neal Maupay,FRA,FW,27,1996,11.6,4,19,10,52.6,1.64,0.86,0.21,0.4,0,0
FRA-Ligue 1,2425,Marseille,Pierre Højbjerg,DEN,MF,28,1995,29.6,2,33,8,24.2,1.11,0.27,0.06,0.25,0,0
FRA-Ligue 1,2425,Marseille,Pol Lirola,ESP,DF,26,1997,7.6,1,6,1,16.7,0.79,0.13,0.17,1.0,0,0
FRA-Ligue 1,2425,Marseille,Quentin Merlin,FRA,"MF,DF",22,2002,17.7,1,26,10,38.5,1.47,0.57,0.04,0.1,0,0
FRA-Ligue 1,2425,Marseille,Robinio Vaz,FRA,FW,17,2007,0.8,0,2,0,0.0,2.4,0.0,0.0,,0,0
FRA-Ligue 1,2425,Marseille,Ulisses Garcia,SUI,"DF,MF",28,1996,10.3,2,8,2,25.0,0.77,0.19,0.25,1.0,0,0
FRA-Ligue 1,2425,Marseille,Valentin Carboni,ARG,MF,19,2005,1.1,0,2,1,50.0,1.75,0.87,0.0,0.0,0,0
FRA-Ligue 1,2425,Marseille,Valentin Rongier,FRA,"MF,DF",29,1994,17.4,3,14,7,50.0,0.81,0.4,0.21,0.43,0,0
FRA-Ligue 1,2425,Monaco,Al-Musrati,LBY,MF,28,1996,4.3,1,11,3,27.3,2.56,0.7,0.09,0.33,0,0
FRA-Ligue 1,2425,Monaco,Aleksandr Golovin,RUS,MF,28,1996,12.8,3,24,9,37.5,1.87,0.7,0.13,0.33,0,0
FRA-Ligue 1,2425,Monaco,Breel Embolo,SUI,"FW,MF",27,1997,20.5,6,50,19,38.0,2.44,0.93,0.12,0.32,0,0
FRA-Ligue 1,2425,Monaco,Caio Henrique,BRA,DF,27,1997,21.4,0,4,1,25.0,0.19,0.05,0.0,0.0,0,0
FRA-Ligue 1,2425,Monaco,Christian Mawissa,FRA,DF,19,2005,16.7,0,1,1,100.0,0.06,0.06,0.0,0.0,0,0
FRA-Ligue 1,2425,Monaco,Denis Zakaria,SUI,MF,27,1996,23.8,6,31,11,35.5,1.3,0.46,0.13,0.36,2,2
FRA-Ligue 1,2425,Monaco,Eliesse Ben Seghir,MAR,MF,19,2005,19.4,6,61,22,36.1,3.14,1.13,0.07,0.18,2,2
FRA-Ligue 1,2425,Monaco,Eliot Matazo,BEL,MF,22,2002,0.8,0,0,0,,0.0,0.0,,,0,0
FRA-Ligue 1,2425,Monaco,Folarin Balogun,USA,FW,23,2001,6.8,4,31,10,32.3,4.54,1.46,0.13,0.4,0,0
FRA-Ligue 1,2425,Monaco,George Ilenikhena,NGA,FW,17,2006,8.0,3,21,9,42.9,2.64,1.13,0.14,0.33,0,0
FRA-Ligue 1,2425,Monaco,Ismail Jakobs,SEN,DF,24,1999,2.0,0,0,0,,0.0,0.0,,,0,0
FRA-Ligue 1,2425,Monaco,Jordan Teze,NED,"DF,MF",24,1999,6.3,1,5,2,40.0,0.79,0.32,0.2,0.5,0,0
FRA-Ligue 1,2425,Monaco,Kassoum Ouattara,FRA,"MF,DF",19,2004,4.3,0,2,1,50.0,0.46,0.23,0.0,0.0,0,0
FRA-Ligue 1,2425,Monaco,Krépin Diatta,SEN,"DF,MF",25,1999,5.6,0,2,1,50.0,0.35,0.18,0.0,0.0,0,0
FRA-Ligue 1,2425,Monaco,Lamine Camara,SEN,MF,20,2004,22.8,2,26,9,34.6,1.14,0.39,0.08,0.22,0,0
FRA-Ligue 1,2425,Monaco,Lucas Michal,FRA,FW,19,2005,1.3,0,3,1,33.3,2.31,0.77,0.0,0.0,0,0
FRA-Ligue 1,2425,Monaco,Maghnes Akliouche,FRA,MF,22,2002,26.7,5,61,18,29.5,2.28,0.67,0.07,0.22,1,1
FRA-Ligue 1,2425,Monaco,Mamadou Coulibaly,FRA,MF,20,2004,0.1,0,1,0,0.0,11.25,0.0,0.0,,0,0
FRA-Ligue 1,2425,Monaco,Mika Biereth,DEN,FW,21,2003,13.6,13,42,24,57.1,3.08,1.76,0.29,0.5,1,2
FRA-Ligue 1,2425,Monaco,Mohammed Salisu,GHA,DF,25,1999,11.4,1,8,5,62.5,0.7,0.44,0.13,0.2,0,0
FRA-Ligue 1,2425,Monaco,Philipp Köhn,SUI,GK,26,1998,19.0,0,0,0,,0.0,0.0,,,0,0
FRA-Ligue 1,2425,Monaco,Radosław Majecki,POL,GK,24,1999,15.0,0,0,0,,0.0,0.0,,,0,0
FRA-Ligue 1,2425,Monaco,Saïmon Bouabré,FRA,MF,18,2006,1.1,0,0,0,,0.0,0.0,,,0,0
FRA-Ligue 1,2425,Monaco,Soungoutou Magassa,FRA,MF,20,2003,11.4,0,8,3,37.5,0.7,0.26,0.0,0.0,0,0
FRA-Ligue 1,2425,Monaco,Takumi Minamino,JPN,MF,29,1995,24.8,6,57,21,36.8,2.3,0.85,0.11,0.29,0,0
FRA-Ligue 1,2425,Monaco,Thilo Kehrer,GER,DF,27,1996,26.5,4,12,8,66.7,0.45,0.3,0.33,0.5,0,0
FRA-Ligue 1,2425,Monaco,Vanderson,BRA,DF,23,2001,22.9,1,21,8,38.1,0.92,0.35,0.05,0.13,0,0
FRA-Ligue 1,2425,Monaco,Wilfried Singo,CIV,DF,23,2000,23.3,1,17,5,29.4,0.73,0.21,0.06,0.2,0,0
FRA-Ligue 1,2425,Montpellier,Akor Adams,NGA,FW,24,2000,11.9,3,26,12,46.2,2.18,1.0,0.12,0.25,0,0
FRA-Ligue 1,2425,Montpellier,Andy Delort,ALG,FW,32,1991,6.7,0,17,6,35.3,2.52,0.89,0.0,0.0,0,0
FRA-Ligue 1,2425,Montpellier,Arnaud Nordin,FRA,"MF,FW",26,1998,13.0,4,28,13,46.4,2.16,1.0,0.11,0.23,1,2
FRA-Ligue 1,2425,Montpellier,Axel Gueguin,FRA,FW,19,2005,0.3,0,0,0,,0.0,0.0,,,0,0
FRA-Ligue 1,2425,Montpellier,Bamo Meïté,CIV,DF,22,2001,4.7,0,1,0,0.0,0.21,0.0,0.0,,0,0
FRA-Ligue 1,2425,Montpellier,Becir Omeragic,SUI,DF,22,2002,20.0,0,7,3,42.9,0.35,0.15,0.0,0.0,0,0
FRA-Ligue 1,2425,Montpellier,Benjamin Lecomte,FRA,GK,33,1991,30.0,0,0,0,,0.0,0.0,,,0,0
FRA-Ligue 1,2425,Montpellier,Birama Touré,MLI,"MF,DF",32,1992,3.3,0,3,1,33.3,0.9,0.3,0.0,0.0,0,0
FRA-Ligue 1,2425,Montpellier,Boubakar Kouyaté,MLI,DF,27,1997,8.4,0,8,0,0.0,0.95,0.0,0.0,,0,0
FRA-Ligue 1,2425,Montpellier,Dimitry Bertaud,COD,GK,26,1998,4.0,0,0,0,,0.0,0.0,,,0,0
FRA-Ligue 1,2425,Montpellier,Enzo Tchato,CMR,"DF,MF",21,2002,21.1,0,4,2,50.0,0.19,0.09,0.0,0.0,0,0
FRA-Ligue 1,2425,Montpellier,Falaye Sacko,MLI,DF,29,1995,13.7,0,0,0,,0.0,0.0,,,0,0
FRA-Ligue 1,2425,Montpellier,Gabriel Bares,SUI,MF,23,2000,0.6,0,0,0,,0.0,0.0,,,0,0
FRA-Ligue 1,2425,Montpellier,Issiaga Sylla,GUI,"DF,MF",30,1994,12.8,1,11,2,18.2,0.86,0.16,0.09,0.5,0,0
FRA-Ligue 1,2425,Montpellier,Jordan Ferri,FRA,MF,32,1992,19.7,0,13,3,23.1,0.66,0.15,0.0,0.0,0,0
FRA-Ligue 1,2425,Montpellier,Joris Chotard,FRA,MF,22,2001,21.0,1,19,3,15.8,0.9,0.14,0.05,0.33,0,0
FRA-Ligue 1,2425,Montpellier,Junior Ndiaye,UAE,FW,19,2005,4.9,0,5,2,40.0,1.02,0.41,0.0,0.0,0,0
FRA-Ligue 1,2425,Montpellier,Khalil Fayad,FRA,"MF,FW",20,2004,11.4,0,17,4,23.5,1.49,0.35,0.0,0.0,0,0
FRA-Ligue 1,2425,Montpellier,Lucas Mincarelli,FRA,DF,20,2004,7.9,1,7,2,28.6,0.88,0.25,0.14,0.5,0,0
FRA-Ligue 1,2425,Montpellier,Modibo Sagnan,MLI,DF,25,1999,23.8,2,11,4,36.4,0.46,0.17,0.18,0.5,0,0
FRA-Ligue 1,2425,Montpellier,Musa Al-Taamari,JOR,"MF,FW",27,1997,12.4,2,27,11,40.7,2.18,0.89,0.07,0.18,0,0
FRA-Ligue 1,2425,Montpellier,Nicolas Pays,FRA,"MF,FW",20,2003,5.0,0,11,1,9.1,2.21,0.2,0.0,0.0,0,0
FRA-Ligue 1,2425,Montpellier,Nikola Maksimović,SRB,DF,32,1991,6.5,0,1,0,0.0,0.15,0.0,0.0,,0,0
FRA-Ligue 1,2425,Montpellier,Othmane Maamma,MAR,MF,18,2005,4.0,1,10,3,30.0,2.49,0.75,0.1,0.33,0,0
FRA-Ligue 1,2425,Montpellier,Rabby Nzingoula,FRA,MF,18,2005,18.8,1,19,6,31.6,1.01,0.32,0.05,0.17,0,0
FRA-Ligue 1,2425,Montpellier,Simon Cara,FRA,FW,19,2005,0.1,0,0,0,,0.0,0.0,,,0,0
FRA-Ligue 1,2425,Montpellier,Stefan Džodić,SRB,DF,19,2005,2.7,0,3,0,0.0,1.12,0.0,0.0,,0,0
FRA-Ligue 1,2425,Montpellier,Tanguy Coulibaly,FRA,"MF,FW",23,2001,16.5,3,30,13,43.3,1.82,0.79,0.1,0.23,0,0
FRA-Ligue 1,2425,Montpellier,Théo Chennahi,FRA,DF,19,2005,2.0,0,2,0,0.0,0.99,0.0,0.0,,0,0
FRA-Ligue 1,2425,Montpellier,Théo Sainte-Luce,FRA,DF,25,1998,11.3,1,8,4,50.0,0.71,0.35,0.13,0.25,0,0
FRA-Ligue 1,2425,Montpellier,Téji Savanier,FRA,MF,32,1991,26.3,2,47,17,36.2,1.79,0.65,0.0,0.0,2,2
FRA-Ligue 1,2425,Montpellier,Wahbi Khazri,TUN,"FW,MF",33,1991,12.4,1,36,6,16.7,2.9,0.48,0.03,0.17,0,0
FRA-Ligue 1,2425,Montpellier,Wilfried Ndollo,CMR,DF,19,2005,4.5,0,0,0,,0.0,0.0,,,0,0
FRA-Ligue 1,2425,Montpellier,Yael Mouanga,FRA,DF,19,2005,10.5,0,1,0,0.0,0.1,0.0,0.0,,0,0
FRA-Ligue 1,2425,Montpellier,Yanis Issoufou,FRA,MF,17,2006,0.9,0,2,0,0.0,2.34,0.0,0.0,,0,0
FRA-Ligue 1,2425,Nantes,Alban Lafont,CIV,GK,25,1999,12.0,0,0,0,,0.0,0.0,,,0,0
FRA-Ligue 1,2425,Nantes,Anthony Lopes,POR,GK,33,1990,17.4,0,0,0,,0.0,0.0,,,0,0
FRA-Ligue 1,2425,Nantes,Bahereba Guirassy,FRA,MF,17,2006,3.9,2,7,4,57.1,1.81,1.03,0.29,0.5,0,0
FRA-Ligue 1,2425,Nantes,Dehmaine Assoumani,FRA,FW,19,2005,1.1,0,3,2,66.7,2.76,1.84,0.0,0.0,0,0
FRA-Ligue 1,2425,Nantes,Douglas,BRA,MF,27,1997,25.6,4,36,15,41.7,1.4,0.59,0.11,0.27,0,0
FRA-Ligue 1,2425,Nantes,Fabien Centonze,FRA,DF,28,1996,2.9,0,0,0,,0.0,0.0,,,0,0
FRA-Ligue 1,2425,Nantes,Florent Mollet,FRA,MF,32,1991,2.7,0,6,2,33.3,2.23,0.74,0.0,0.0,0,0
FRA-Ligue 1,2425,Nantes,Francis Coquelin,FRA,MF,33,1991,2.5,1,7,1,14.3,2.81,0.4,0.14,1.0,0,0
FRA-Ligue 1,2425,Nantes,Ignatius Ganago,CMR,MF,25,1999,2.7,0,7,0,0.0,2.61,0.0,0.0,,0,0
FRA-Ligue 1,2425,Nantes,Jean-Charles Castelletto,CMR,"DF,MF",29,1995,29.1,0,18,6,33.3,0.62,0.21,0.0,0.0,0,0
FRA-Ligue 1,2425,Nantes,Jean-Kevin Duverne,HAI,DF,27,1997,6.0,0,4,0,0.0,0.67,0.0,0.0,,0,0
FRA-Ligue 1,2425,Nantes,Jean-Philippe Gbamin,CIV,MF,28,1995,2.4,0,2,0,0.0,0.83,0.0,0.0,,0,0
FRA-Ligue 1,2425,Nantes,Johann Lepenant,FRA,MF,21,2002,22.8,2,20,5,25.0,0.88,0.22,0.1,0.4,0,0
FRA-Ligue 1,2425,Nantes,Kelvin Amian,FRA,DF,26,1998,24.1,1,7,4,57.1,0.29,0.17,0.14,0.25,0,0
FRA-Ligue 1,2425,Nantes,Louis Leroux,FRA,"MF,DF",18,2006,9.1,2,9,5,55.6,0.99,0.55,0.22,0.4,0,0
FRA-Ligue 1,2425,Nantes,Marcus Coco,FRA,DF,28,1996,10.6,0,2,0,0.0,0.19,0.0,0.0,,0,0
FRA-Ligue 1,2425,Nantes,Matthis Abline,FRA,FW,21,2003,30.8,9,73,27,37.0,2.37,0.88,0.11,0.3,1,1
FRA-Ligue 1,2425,Nantes,Meschak Elia,COD,FW,26,1997,1.9,1,5,1,20.0,2.65,0.53,0.2,1.0,0,0
FRA-Ligue 1,2425,Nantes,Moses Simon,NGA,"FW,MF",29,1995,29.0,8,44,17,38.6,1.52,0.59,0.09,0.24,4,4
FRA-Ligue 1,2425,Nantes,Mostafa Mohamed,EGY,FW,26,1997,13.9,5,43,16,37.2,3.09,1.15,0.12,0.31,0,0
FRA-Ligue 1,2425,Nantes,Nathan Zeze,FRA,DF,19,2005,16.8,0,6,2,33.3,0.36,0.12,0.0,0.0,0,0
FRA-Ligue 1,2425,Nantes,Nicolas Cozza,FRA,"DF,MF",25,1999,22.8,1,17,6,35.3,0.75,0.26,0.06,0.17,0,0
FRA-Ligue 1,2425,Nantes,Nicolas Pallois,FRA,DF,36,1987,22.4,0,3,1,33.3,0.13,0.04,0.0,0.0,0,0
FRA-Ligue 1,2425,Nantes,Patrik Carlgren,SWE,GK,32,1992,4.6,0,0,0,,0.0,0.0,,,0,0
FRA-Ligue 1,2425,Nantes,Pedro Chirivella,ESP,MF,27,1997,26.1,0,8,2,25.0,0.31,0.08,0.0,0.0,0,0
FRA-Ligue 1,2425,Nantes,Plamedi Nsingi,,FW,23,2000,0.2,0,1,1,100.0,5.63,5.63,0.0,0.0,0,0
FRA-Ligue 1,2425,Nantes,Saidou Sow,GUI,DF,22,2002,8.9,1,5,2,40.0,0.56,0.23,0.2,0.5,0,0
FRA-Ligue 1,2425,Nantes,Sorba Thomas,WAL,"MF,DF",24,1999,14.7,1,9,1,11.1,0.61,0.07,0.11,1.0,0,0
FRA-Ligue 1,2425,Nantes,Sékou Doucoure,FRA,DF,19,2005,0.1,0,0,0,,0.0,0.0,,,0,0
FRA-Ligue 1,2425,Nantes,Tino Kadewere,ZIM,MF,28,1996,5.7,1,8,6,75.0,1.41,1.05,0.13,0.17,0,0
FRA-Ligue 1,2425,Nice,Ali Abdi,TUN,MF,30,1993,15.5,5,29,11,37.9,1.87,0.71,0.17,0.45,0,0
FRA-Ligue 1,2425,Nice,Amidou Doumbouya,FRA,MF,16,2007,0.5,0,0,0,,0.0,0.0,,,0,0
FRA-Ligue 1,2425,Nice,Antoine Mendy,SEN,"DF,MF",20,2004,9.2,0,9,1,11.1,0.98,0.11,0.0,0.0,0,0
FRA-Ligue 1,2425,Nice,Badredine Bouanani,ALG,"MF,FW",19,2004,12.2,3,31,15,48.4,2.54,1.23,0.06,0.13,1,1
FRA-Ligue 1,2425,Nice,Baptiste Santamaria,FRA,MF,29,1995,10.3,0,16,3,18.8,1.55,0.29,0.0,0.0,0,0
FRA-Ligue 1,2425,Nice,Bernard Nguene,CMR,FW,17,2006,0.1,0,0,0,,0.0,0.0,,,0,0
FRA-Ligue 1,2425,Nice,Bilal Brahimi,ALG,MF,24,2000,0.8,0,1,1,100.0,1.18,1.18,0.0,0.0,0,0
FRA-Ligue 1,2425,Nice,Dante,BRA,DF,40,1983,21.8,0,8,2,25.0,0.37,0.09,0.0,0.0,0,0
FRA-Ligue 1,2425,Nice,Evann Guessand,CIV,"MF,FW",23,2001,28.5,12,60,27,45.0,2.11,0.95,0.2,0.44,0,0
FRA-Ligue 1,2425,Nice,Gaëtan Laborde,FRA,FW,30,1994,20.3,11,74,26,35.1,3.64,1.28,0.09,0.27,4,4
FRA-Ligue 1,2425,Nice,Hicham Boudaoui,ALG,MF,24,1999,27.1,2,39,19,48.7,1.44,0.7,0.05,0.11,0,0
FRA-Ligue 1,2425,Nice,Issiaga Camara,GUI,MF,19,2005,0.2,0,0,0,,0.0,0.0,,,0,0
FRA-Ligue 1,2425,Nice,Jeremie Boga,CIV,"MF,FW",27,1997,11.7,1,29,17,58.6,2.48,1.45,0.03,0.06,0,0
FRA-Ligue 1,2425,Nice,Jonathan Clauss,FRA,"MF,DF",31,1992,25.6,3,26,8,30.8,1.02,0.31,0.12,0.38,0,0
FRA-Ligue 1,2425,Nice,Jordan Lotomba,SUI,"DF,MF",25,1998,0.4,0,0,0,,0.0,0.0,,,0,0
FRA-Ligue 1,2425,Nice,Marcin Bułka,POL,GK,24,1999,34.0,0,0,0,,0.0,0.0,,,0,0
FRA-Ligue 1,2425,Nice,Melvin Bard,FRA,"DF,MF",23,2000,21.5,2,23,8,34.8,1.07,0.37,0.09,0.25,0,0
FRA-Ligue 1,2425,Nice,Mohamed Abdelmonem,EGY,DF,25,1999,9.5,0,0,0,,0.0,0.0,,,0,0
FRA-Ligue 1,2425,Nice,Mohamed Ali Cho,FRA,"FW,MF",20,2004,18.0,3,37,15,40.5,2.05,0.83,0.08,0.2,0,0
FRA-Ligue 1,2425,Nice,Morgan Sanson,FRA,MF,29,1994,2.6,3,9,4,44.4,3.45,1.53,0.33,0.75,0,0
FRA-Ligue 1,2425,Nice,Moïse Bombito,CAN,DF,24,2000,24.4,0,8,1,12.5,0.33,0.04,0.0,0.0,0,0
FRA-Ligue 1,2425,Nice,Pablo Rosario,DOM,"MF,DF",27,1997,19.7,3,17,8,47.1,0.86,0.41,0.12,0.25,1,1
FRA-Ligue 1,2425,Nice,Rareş Ilie,ROU,MF,21,2003,0.1,0,1,0,0.0,6.92,0.0,0.0,,0,0
FRA-Ligue 1,2425,Nice,Sofiane Diop,MAR,"MF,FW",24,2000,11.8,6,22,11,50.0,1.86,0.93,0.27,0.55,0,0
FRA-Ligue 1,2425,Nice,Tanguy Ndombele,FRA,MF,27,1996,12.6,1,11,3,27.3,0.88,0.24,0.09,0.33,0,0
FRA-Ligue 1,2425,Nice,Terem Moffi,NGA,FW,25,1999,0.6,1,6,4,66.7,9.31,6.21,0.17,0.25,0,0
FRA-Ligue 1,2425,Nice,Tom Louchet,FRA,"DF,MF",21,2003,8.6,1,12,4,33.3,1.39,0.46,0.08,0.25,0,0
FRA-Ligue 1,2425,Nice,Victor Orakpo,NGA,FW,18,2006,0.4,0,2,0,0.0,5.0,0.0,0.0,,0,0
FRA-Ligue 1,2425,Nice,Yael Nandjou,FRA,DF,19,2005,1.7,0,1,0,0.0,0.58,0.0,0.0,,0,0
FRA-Ligue 1,2425,Nice,Youssouf Ndayishimiye,BDI,DF,25,1998,21.5,3,11,4,36.4,0.51,0.19,0.27,0.75,0,0
FRA-Ligue 1,2425,Nice,Youssoufa Moukoko,GER,FW,19,2004,2.3,2,6,2,33.3,2.65,0.88,0.33,1.0,0,0
FRA-Ligue 1,2425,PSG,Achraf Hakimi,MAR,DF,25,1998,23.0,4,32,13,40.6,1.39,0.57,0.13,0.31,0,0
FRA-Ligue 1,2425,PSG,Arnau Tenas,ESP,GK,23,2001,1.0,0,0,0,,0.0,0.0,,,0,0
FRA-Ligue 1,2425,PSG,Axel Tapé,FRA,DF,16,2007,2.0,0,1,0,0.0,0.5,0.0,0.0,,0,0
FRA-Ligue 1,2425,PSG,Bradley Barcola,FRA,FW,21,2002,24.2,14,74,39,52.7,3.05,1.61,0.19,0.36,0,0
FRA-Ligue 1,2425,PSG,Désiré Doué,FRA,"MF,FW",19,2005,19.2,6,55,20,36.4,2.86,1.04,0.11,0.3,0,0
FRA-Ligue 1,2425,PSG,Fabián Ruiz Peña,ESP,MF,28,1996,21.4,4,43,12,27.9,2.01,0.56,0.09,0.33,0,0
FRA-Ligue 1,2425,PSG,Gianluigi Donnarumma,ITA,GK,25,1999,23.2,0,0,0,,0.0,0.0,,,0,0
FRA-Ligue 1,2425,PSG,Gonçalo Ramos,POR,FW,23,2001,11.8,10,55,32,58.2,4.64,2.7,0.15,0.25,2,3
FRA-Ligue 1,2425,PSG,Ibrahim Mbaye,SEN,FW,16,2008,3.8,1,12,7,58.3,3.18,1.85,0.08,0.14,0,0
FRA-Ligue 1,2425,PSG,João Neves,POR,"MF,DF",19,2004,20.5,3,28,12,42.9,1.37,0.59,0.11,0.25,0,0
FRA-Ligue 1,2425,PSG,Khvicha Kvaratskhelia,GEO,FW,23,2001,10.2,4,34,15,44.1,3.34,1.47,0.12,0.27,0,0
FRA-Ligue 1,2425,PSG,Lee Kang-in,KOR,"FW,MF",23,2001,18.5,6,41,14,34.1,2.22,0.76,0.15,0.43,0,0
FRA-Ligue 1,2425,PSG,Lucas Beraldo,BRA,DF,20,2003,22.3,1,12,4,33.3,0.54,0.18,0.08,0.25,0,0
FRA-Ligue 1,2425,PSG,Lucas Hernández,FRA,DF,28,1996,9.7,0,3,0,0.0,0.31,0.0,0.0,,0,0
FRA-Ligue 1,2425,PSG,Marco Asensio,ESP,"FW,MF",28,1996,6.9,2,26,15,57.7,3.79,2.18,0.08,0.13,0,0
FRA-Ligue 1,2425,PSG,Marquinhos,BRA,DF,30,1994,19.2,2,8,3,37.5,0.42,0.16,0.25,0.67,0,0
FRA-Ligue 1,2425,PSG,Matvei Safonov,RUS,GK,25,1999,9.8,0,0,0,,0.0,0.0,,,0,0
FRA-Ligue 1,2425,PSG,Milan Škriniar,SVK,DF,29,1995,4.2,0,3,0,0.0,0.71,0.0,0.0,,0,0
FRA-Ligue 1,2425,PSG,Noham Kamara,FRA,DF,17,2007,0.8,0,0,0,,0.0,0.0,,,0,0
FRA-Ligue 1,2425,PSG,Nuno Mendes,POR,DF,22,2002,18.6,1,21,10,47.6,1.13,0.54,0.05,0.1,0,0
FRA-Ligue 1,2425,PSG,Ousmane Dembélé,FRA,FW,27,1997,19.2,21,97,51,52.6,5.05,2.65,0.21,0.39,1,1
FRA-Ligue 1,2425,PSG,Presnel Kimpembe,FRA,DF,28,1995,0.3,0,0,0,,0.0,0.0,,,0,0
FRA-Ligue 1,2425,PSG,Randal Kolo Muani,FRA,FW,25,1998,4.0,2,16,7,43.8,4.02,1.76,0.06,0.14,1,1
FRA-Ligue 1,2425,PSG,Senny Mayulu,FRA,MF,18,2006,9.0,2,25,8,32.0,2.78,0.89,0.08,0.25,0,0
FRA-Ligue 1,2425,PSG,Vitinha,POR,MF,24,2000,22.7,5,27,14,51.9,1.19,0.62,0.11,0.21,2,2
FRA-Ligue 1,2425,PSG,Warren Zaïre-Emery,FRA,"MF,DF",18,2006,22.8,1,17,7,41.2,0.75,0.31,0.06,0.14,0,0
FRA-Ligue 1,2425,PSG,Willian Pacho,ECU,DF,22,2001,23.7,0,5,1,20.0,0.21,0.04,0.0,0.0,0,0
FRA-Ligue 1,2425,PSG,Yoram Zague,FRA,DF,18,2006,2.0,0,1,1,100.0,0.49,0.49,0.0,0.0,0,0
FRA-Ligue 1,2425,Reims,Abdoul Koné,FRA,DF,19,2005,1.5,0,0,0,,0.0,0.0,,,0,0
FRA-Ligue 1,2425,Reims,Amadou Koné,MLI,MF,19,2005,14.4,0,14,4,28.6,0.97,0.28,0.0,0.0,0,0
FRA-Ligue 1,2425,Reims,Amine Salama,FRA,FW,24,2000,4.1,0,9,3,33.3,2.17,0.72,0.0,0.0,0,0
FRA-Ligue 1,2425,Reims,Ange Martial Tia,MLI,MF,17,2006,1.9,0,4,2,50.0,2.11,1.05,0.0,0.0,0,0
FRA-Ligue 1,2425,Reims,Aurélio Buta,POR,DF,27,1997,21.9,0,8,1,12.5,0.37,0.05,0.0,0.0,0,0
FRA-Ligue 1,2425,Reims,Cédric Kipré,CIV,DF,27,1996,24.3,0,9,1,11.1,0.37,0.04,0.0,0.0,0,0
FRA-Ligue 1,2425,Reims,Eloge Zabi,CIV,MF,17,2006,0.2,0,0,0,,0.0,0.0,,,0,0
FRA-Ligue 1,2425,Reims,Emmanuel Agbadou,CIV,DF,27,1997,14.0,0,15,3,20.0,1.07,0.21,0.0,0.0,0,0
FRA-Ligue 1,2425,Reims,Gabriel Moscardo,BRA,MF,18,2005,0.9,0,2,0,0.0,2.14,0.0,0.0,,0,0
FRA-Ligue 1,2425,Reims,Hafiz Ibrahim,NGA,FW,18,2005,4.3,0,7,0,0.0,1.61,0.0,0.0,,0,0
FRA-Ligue 1,2425,Reims,Hiroki Sekine,JPN,DF,21,2002,9.9,0,5,0,0.0,0.51,0.0,0.0,,0,0
FRA-Ligue 1,2425,Reims,Ike Orazi,IRL,FW,17,2007,0.0,0,0,0,,0.0,0.0,,,0,0
FRA-Ligue 1,2425,Reims,John Joe,IRL,MF,20,2003,6.1,0,8,1,12.5,1.32,0.17,0.0,0.0,0,0
FRA-Ligue 1,2425,Reims,Jordan Pefok,USA,FW,28,1996,4.2,1,11,2,18.2,2.61,0.47,0.09,0.5,0,0
FRA-Ligue 1,2425,Reims,Joseph Okumu,KEN,DF,27,1997,18.8,1,12,2,16.7,0.64,0.11,0.08,0.5,0,0
FRA-Ligue 1,2425,Reims,Junya Itō,JPN,"MF,FW",31,1993,29.9,4,32,11,34.4,1.07,0.37,0.13,0.36,0,0
FRA-Ligue 1,2425,Reims,Keito Nakamura,JPN,"MF,FW",24,2000,29.4,11,84,33,39.3,2.85,1.12,0.13,0.33,0,0
FRA-Ligue 1,2425,Reims,Malcolm Jeng,SWE,DF,19,2005,1.2,0,0,0,,0.0,0.0,,,0,0
FRA-Ligue 1,2425,Reims,Mamadou Diakhon,SEN,"MF,FW",18,2005,9.5,2,18,8,44.4,1.89,0.84,0.11,0.25,0,0
FRA-Ligue 1,2425,Reims,Marshall Munetsi,ZIM,MF,28,1996,18.8,4,32,10,31.3,1.7,0.53,0.13,0.4,0,0
FRA-Ligue 1,2425,Reims,Martin Adeline,FRA,MF,20,2003,0.3,0,0,0,,0.0,0.0,,,0,0
FRA-Ligue 1,2425,Reims,Mohamed Bamba,CIV,MF,19,2004,0.1,0,0,0,,0.0,0.0,,,0,0
FRA-Ligue 1,2425,Reims,Mohamed Daramy,DEN,"FW,MF",22,2002,0.2,0,1,0,0.0,5.63,0.0,0.0,,0,0
FRA-Ligue 1,2425,Reims,Mory Gbane,CIV,"DF,MF",23,2000,12.5,0,4,2,50.0,0.32,0.16,0.0,0.0,0,0
FRA-Ligue 1,2425,Reims,Nhoa Sangui,FRA,"DF,MF",18,2006,12.9,0,3,0,0.0,0.23,0.0,0.0,,0,0
FRA-Ligue 1,2425,Reims,Niama Sissoko,MLI,FW,18,2005,0.5,0,3,0,0.0,5.74,0.0,0.0,,0,0
FRA-Ligue 1,2425,Reims,Oumar Diakité,CIV,FW,20,2003,18.1,4,27,9,33.3,1.49,0.5,0.15,0.44,0,1
FRA-Ligue 1,2425,Reims,Reda Khadra,GER,"FW,MF",23,2001,0.9,0,0,0,,0.0,0.0,,,0,0
FRA-Ligue 1,2425,Reims,Sergio Akieme,ESP,DF,26,1997,28.0,2,26,7,26.9,0.93,0.25,0.08,0.29,0,0
FRA-Ligue 1,2425,Reims,Teddy Teuma,MLT,MF,30,1993,8.3,1,14,3,21.4,1.68,0.36,0.0,0.0,1,1
FRA-Ligue 1,2425,Reims,Thibault De Smet,BEL,DF,26,1998,2.1,0,1,0,0.0,0.47,0.0,0.0,,0,0
FRA-Ligue 1,2425,Reims,Valentin Atangana Edoa,FRA,MF,18,2005,31.7,1,33,6,18.2,1.04,0.19,0.03,0.17,0,0
FRA-Ligue 1,2425,Reims,Yaya Kader Fofana,MLI,"MF,FW",20,2004,7.0,1,13,4,30.8,1.85,0.57,0.08,0.25,0,0
FRA-Ligue 1,2425,Reims,Yehvann Diouf,SEN,GK,24,1999,34.0,0,1,1,100.0,0.03,0.03,0.0,0.0,0,0
FRA-Ligue 1,2425,Rennes,Adrien Truffert,FRA,"MF,DF",22,2001,30.6,2,23,11,47.8,0.75,0.36,0.09,0.18,0,0
FRA-Ligue 1,2425,Rennes,Albert Grønbaek,DEN,"MF,FW",23,2001,9.0,2,22,9,40.9,2.44,1.0,0.09,0.22,0,0
FRA-Ligue 1,2425,Rennes,Alidu Seidu,GHA,DF,24,2000,8.9,0,3,0,0.0,0.34,0.0,0.0,,0,0
FRA-Ligue 1,2425,Rennes,Amine Gouiri,ALG,"MF,FW",24,2000,11.5,3,31,16,51.6,2.69,1.39,0.1,0.19,0,0
FRA-Ligue 1,2425,Rennes,Andrés Gómez,COL,MF,21,2002,4.2,3,9,5,55.6,2.13,1.18,0.33,0.6,0,0
FRA-Ligue 1,2425,Rennes,Anthony Rouault,FRA,DF,23,2001,10.8,0,7,3,42.9,0.65,0.28,0.0,0.0,0,0
FRA-Ligue 1,2425,Rennes,Arnaud Kalimuendo,FRA,FW,22,2002,28.6,17,76,36,47.4,2.65,1.26,0.16,0.33,5,8
FRA-Ligue 1,2425,Rennes,Ayanda Sishuba,BEL,MF,19,2005,0.0,0,0,0,,0.0,0.0,,,0,0
FRA-Ligue 1,2425,Rennes,Azor Matusiwa,NED,MF,26,1998,23.1,1,11,2,18.2,0.48,0.09,0.09,0.5,0,0
FRA-Ligue 1,2425,Rennes,Baptiste Santamaria,FRA,MF,29,1995,5.4,0,4,1,25.0,0.75,0.19,0.0,0.0,0,0
FRA-Ligue 1,2425,Rennes,Benjamin Bourigeaud,FRA,MF,30,1994,0.9,1,2,1,50.0,2.25,1.13,0.5,1.0,0,0
FRA-Ligue 1,2425,Rennes,Brice Samba,FRA,GK,30,1994,17.0,0,0,0,,0.0,0.0,,,0,0
FRA-Ligue 1,2425,Rennes,Christopher Wooh,CMR,DF,22,2001,16.2,0,10,4,40.0,0.62,0.25,0.0,0.0,0,0
FRA-Ligue 1,2425,Rennes,Djaoui Cissé,FRA,MF,20,2004,12.5,1,15,7,46.7,1.2,0.56,0.07,0.14,0,0
FRA-Ligue 1,2425,Rennes,Gauthier Gallon,FRA,GK,31,1993,0.5,0,0,0,,0.0,0.0,,,0,0
FRA-Ligue 1,2425,Rennes,Glen Kamara,FIN,MF,28,1995,7.4,0,1,0,0.0,0.14,0.0,0.0,,0,0
FRA-Ligue 1,2425,Rennes,Hans Hateboer,NED,"DF,MF",30,1994,18.7,0,8,0,0.0,0.43,0.0,0.0,,0,0
FRA-Ligue 1,2425,Rennes,Henrik Meister,DEN,FW,20,2003,0.7,1,2,1,50.0,2.86,1.43,0.5,1.0,0,0
FRA-Ligue 1,2425,Rennes,Ismaël Koné,CAN,MF,22,2002,5.2,2,6,3,50.0,1.15,0.58,0.33,0.67,0,0
FRA-Ligue 1,2425,Rennes,Jordan James,WAL,MF,20,2004,13.1,0,17,3,17.6,1.3,0.23,0.0,0.0,0,0
FRA-Ligue 1,2425,Rennes,Jota,POR,MF,25,1999,3.7,1,4,2,50.0,1.08,0.54,0.25,0.5,0,0
FRA-Ligue 1,2425,Rennes,Jérémy Jacquet,FRA,DF,19,2005,10.3,0,8,3,37.5,0.78,0.29,0.0,0.0,0,0
FRA-Ligue 1,2425,Rennes,Kader Meïté,FRA,FW,16,2007,6.0,2,15,5,33.3,2.48,0.83,0.13,0.4,0,0
FRA-Ligue 1,2425,Rennes,Kazeem Olaigbe,BEL,"MF,FW",21,2003,3.3,0,6,2,33.3,1.81,0.6,0.0,0.0,0,0
FRA-Ligue 1,2425,Rennes,Kyogo Furuhashi,JPN,FW,29,1995,1.4,0,1,0,0.0,0.73,0.0,0.0,,0,0
FRA-Ligue 1,2425,Rennes,Leo Østigård,NOR,DF,24,1999,13.6,1,6,2,33.3,0.44,0.15,0.17,0.5,0,0
FRA-Ligue 1,2425,Rennes,Lilian Brassier,FRA,DF,24,1999,13.7,1,14,2,14.3,1.02,0.15,0.07,0.5,0,0
FRA-Ligue 1,2425,Rennes,Lorenz Assignon,TOG,"MF,DF",24,2000,26.2,3,22,5,22.7,0.84,0.19,0.14,0.6,0,0
FRA-Ligue 1,2425,Rennes,Ludovic Blas,FRA,"MF,FW",26,1997,25.5,6,57,26,45.6,2.24,1.02,0.11,0.23,0,0
FRA-Ligue 1,2425,Rennes,Mahamadou Nagida,CMR,MF,19,2005,4.8,2,6,3,50.0,1.26,0.63,0.33,0.67,0,0
FRA-Ligue 1,2425,Rennes,Mikayil Ngor Faye,SEN,DF,20,2004,7.6,0,6,3,50.0,0.78,0.39,0.0,0.0,0,0
FRA-Ligue 1,2425,Rennes,Musa Al-Taamari,JOR,"FW,MF",27,1997,6.3,1,14,3,21.4,2.22,0.48,0.07,0.33,0,0
FRA-Ligue 1,2425,Rennes,Naouirou Ahamada,FRA,MF,22,2002,0.6,0,1,0,0.0,1.55,0.0,0.0,,0,0
FRA-Ligue 1,2425,Rennes,Seko Fofana,CIV,MF,29,1995,9.4,1,24,6,25.0,2.56,0.64,0.04,0.17,0,0
FRA-Ligue 1,2425,Rennes,Steve Mandanda,FRA,GK,39,1985,16.5,0,0,0,,0.0,0.0,,,0,0
FRA-Ligue 1,2425,Saint-Étienne,Aimen Moueffek,FRA,MF,23,2001,11.5,0,10,2,20.0,0.87,0.17,0.0,0.0,0,0
FRA-Ligue 1,2425,Saint-Étienne,Anthony Briançon,FRA,"DF,MF",29,1994,0.0,0,0,0,,0.0,0.0,,,0,0
FRA-Ligue 1,2425,Saint-Étienne,Augustine Boakye,GHA,"MF,FW",23,2000,8.1,3,24,9,37.5,2.95,1.11,0.13,0.33,0,0
FRA-Ligue 1,2425,Saint-Étienne,Ayman Aiki,FRA,MF,19,2005,1.4,0,3,1,33.3,2.13,0.71,0.0,0.0,0,0
FRA-Ligue 1,2425,Saint-Étienne,Ben Old,NZL,"MF,FW",21,2002,5.9,0,11,2,18.2,1.87,0.34,0.0,0.0,0,0
FRA-Ligue 1,2425,Saint-Étienne,Benjamin Bouchouari,MAR,MF,22,2001,19.7,1,16,3,18.8,0.81,0.15,0.06,0.33,0,0
FRA-Ligue 1,2425,Saint-Étienne,Beres Owusu,FRA,DF,20,2003,1.0,0,0,0,,0.0,0.0,,,0,0
FRA-Ligue 1,2425,Saint-Étienne,Dennis Appiah,FRA,DF,32,1992,23.6,0,5,2,40.0,0.21,0.08,0.0,0.0,0,0
FRA-Ligue 1,2425,Saint-Étienne,Djylian N'Guessan,FRA,FW,15,2008,2.0,0,3,0,0.0,1.49,0.0,0.0,,0,0
FRA-Ligue 1,2425,Saint-Étienne,Dylan Batubinsika,COD,DF,28,1996,22.4,1,7,2,28.6,0.31,0.09,0.14,0.5,0,0
FRA-Ligue 1,2425,Saint-Étienne,Florian Tardieu,FRA,MF,32,1992,13.9,2,16,3,18.8,1.15,0.22,0.13,0.67,0,0
FRA-Ligue 1,2425,Saint-Étienne,Gautier Larsonneur,FRA,GK,27,1997,34.0,0,0,0,,0.0,0.0,,,0,0
FRA-Ligue 1,2425,Saint-Étienne,Ibrahim Sissoko,MLI,FW,28,1995,9.1,3,22,5,22.7,2.42,0.55,0.09,0.4,1,1
FRA-Ligue 1,2425,Saint-Étienne,Ibrahima Wadji,SEN,FW,29,1995,3.9,0,12,1,8.3,3.11,0.26,0.0,0.0,0,0
FRA-Ligue 1,2425,Saint-Étienne,Igor Miladinović,SRB,MF,21,2003,0.3,0,0,0,,0.0,0.0,,,0,0
FRA-Ligue 1,2425,Saint-Étienne,Irvin Cardona,MLT,"FW,MF",26,1997,11.8,5,24,12,50.0,2.03,1.02,0.21,0.42,0,1
FRA-Ligue 1,2425,Saint-Étienne,Jibril Othman,TUN,FW,20,2004,0.1,0,0,0,,0.0,0.0,,,0,0
FRA-Ligue 1,2425,Saint-Étienne,Kévin Pedro,FRA,DF,18,2006,0.1,0,0,0,,0.0,0.0,,,0,0
FRA-Ligue 1,2425,Saint-Étienne,Lamine Fomba,FRA,MF,26,1998,2.4,0,1,0,0.0,0.41,0.0,0.0,,0,0
FRA-Ligue 1,2425,Saint-Étienne,Louis Mouton,FRA,MF,22,2002,11.6,0,19,3,15.8,1.64,0.26,0.0,0.0,0,0
FRA-Ligue 1,2425,Saint-Étienne,Lucas Stassin,BEL,FW,19,2004,21.0,12,44,23,52.3,2.1,1.1,0.27,0.52,0,0
FRA-Ligue 1,2425,Saint-Étienne,Léo Pétrot,FRA,DF,27,1997,29.3,0,7,3,42.9,0.24,0.1,0.0,0.0,0,0
FRA-Ligue 1,2425,Saint-Étienne,Marwann Nzuzi,FRA,DF,20,2004,1.4,0,2,1,50.0,1.44,0.72,0.0,0.0,0,0
FRA-Ligue 1,2425,Saint-Étienne,Mathieu Cafaro,FRA,"MF,FW",27,1997,8.1,1,23,10,43.5,2.83,1.23,0.04,0.1,0,0
FRA-Ligue 1,2425,Saint-Étienne,Mathis Amougou,FRA,MF,18,2006,9.5,0,7,1,14.3,0.73,0.1,0.0,0.0,0,0
FRA-Ligue 1,2425,Saint-Étienne,Maxime Bernauer,FRA,DF,26,1998,8.5,0,2,0,0.0,0.24,0.0,0.0,,0,0
FRA-Ligue 1,2425,Saint-Étienne,Mickael Nade,FRA,DF,25,1999,25.6,1,5,2,40.0,0.2,0.08,0.2,0.5,0,0
FRA-Ligue 1,2425,Saint-Étienne,Pierre Cornud,FRA,"DF,MF",27,1996,6.4,0,0,0,,0.0,0.0,,,0,0
FRA-Ligue 1,2425,Saint-Étienne,Pierre Ekwah Elimby,FRA,MF,22,2002,28.6,1,25,6,24.0,0.87,0.21,0.04,0.17,0,0
FRA-Ligue 1,2425,Saint-Étienne,Yunis Abdelhamid,MAR,DF,36,1987,11.5,0,2,1,50.0,0.17,0.09,0.0,0.0,0,0
FRA-Ligue 1,2425,Saint-Étienne,Yvann Macon,FRA,DF,25,1998,8.8,0,10,2,20.0,1.14,0.23,0.0,0.0,0,0
FRA-Ligue 1,2425,Saint-Étienne,Zuriko Davitashvili,GEO,"FW,MF",23,2001,30.9,9,70,27,38.6,2.27,0.87,0.1,0.26,2,2
FRA-Ligue 1,2425,Strasbourg,Abakar Sylla,CIV,DF,21,2002,10.6,1,5,1,20.0,0.47,0.09,0.2,1.0,0,0
FRA-Ligue 1,2425,Strasbourg,Abdoul Ouattara,FRA,"MF,FW",18,2005,5.2,1,5,3,60.0,0.96,0.57,0.2,0.33,0,0
FRA-Ligue 1,2425,Strasbourg,Andrew Omobamidele,IRL,DF,22,2002,6.0,0,0,0,,0.0,0.0,,,0,0
FRA-Ligue 1,2425,Strasbourg,Andrey Santos,BRA,MF,20,2004,31.7,10,46,16,34.8,1.45,0.5,0.22,0.63,0,0
FRA-Ligue 1,2425,Strasbourg,Caleb Wiley,USA,"MF,DF",19,2004,3.0,0,1,0,0.0,0.34,0.0,0.0,,0,0
FRA-Ligue 1,2425,Strasbourg,Diego Moreira,BEL,"MF,DF",19,2004,28.5,2,25,8,32.0,0.88,0.28,0.08,0.25,0,0
FRA-Ligue 1,2425,Strasbourg,Dilane Bakwa,FRA,MF,21,2002,27.7,6,52,22,42.3,1.87,0.79,0.12,0.27,0,0
FRA-Ligue 1,2425,Strasbourg,Eduard Sobol,UKR,"DF,MF",29,1995,1.1,0,0,0,,0.0,0.0,,,0,0
FRA-Ligue 1,2425,Strasbourg,Emanuel Emegha,NED,FW,21,2003,25.5,14,61,35,57.4,2.39,1.37,0.23,0.4,0,0
FRA-Ligue 1,2425,Strasbourg,Félix Lemaréchal,FRA,"MF,FW",20,2003,19.8,4,25,10,40.0,1.26,0.51,0.16,0.4,0,0
FRA-Ligue 1,2425,Strasbourg,Guéla Doué,CIV,"DF,MF",21,2002,30.2,1,18,6,33.3,0.6,0.2,0.06,0.17,0,0
FRA-Ligue 1,2425,Strasbourg,Habib Diarra,SEN,"MF,FW",20,2004,26.1,4,27,12,44.4,1.03,0.46,0.07,0.17,2,2
FRA-Ligue 1,2425,Strasbourg,Ismaël Doukouré,FRA,"DF,MF",21,2003,29.3,1,3,1,33.3,0.1,0.03,0.33,1.0,0,0
FRA-Ligue 1,2425,Strasbourg,Junior Mwanga,FRA,MF,21,2003,3.3,0,0,0,,0.0,0.0,,,0,0
FRA-Ligue 1,2425,Strasbourg,Jérémy Sebas,MTQ,MF,21,2003,2.1,0,6,2,33.3,2.84,0.95,0.0,0.0,0,0
FRA-Ligue 1,2425,Strasbourg,Karl-Johan Johnsson,SWE,GK,34,1990,3.0,0,0,0,,0.0,0.0,,,0,0
FRA-Ligue 1,2425,Strasbourg,Karol Fila,POL,DF,26,1998,0.1,0,0,0,,0.0,0.0,,,0,0
FRA-Ligue 1,2425,Strasbourg,Mamadou Sarr,SEN,DF,18,2005,26.3,0,5,0,0.0,0.19,0.0,0.0,,0,0
FRA-Ligue 1,2425,Strasbourg,Marvin Senaya,GHA,DF,23,2001,2.5,0,1,0,0.0,0.4,0.0,0.0,,0,0
FRA-Ligue 1,2425,Strasbourg,Milos Lukovic,SRB,FW,18,2005,0.1,0,0,0,,0.0,0.0,,,0,0
FRA-Ligue 1,2425,Strasbourg,Nordine Kandil,FRA,MF,22,2001,0.1,0,0,0,,0.0,0.0,,,0,0
FRA-Ligue 1,2425,Strasbourg,Pape Daouda Diongue,SEN,MF,18,2006,0.9,1,5,2,40.0,5.77,2.31,0.2,0.5,0,0
FRA-Ligue 1,2425,Strasbourg,Saidou Sow,GUI,DF,22,2002,11.3,0,4,1,25.0,0.35,0.09,0.0,0.0,0,0
FRA-Ligue 1,2425,Strasbourg,Samuel Amo-Ameyaw,ENG,MF,18,2006,3.6,2,9,7,77.8,2.53,1.97,0.22,0.29,0,0
FRA-Ligue 1,2425,Strasbourg,Sebastian Nanasi,SWE,"MF,FW",22,2002,23.4,6,28,12,42.9,1.2,0.51,0.21,0.5,0,0
FRA-Ligue 1,2425,Strasbourg,Sekou Mara,FRA,"FW,MF",22,2002,8.5,1,19,6,31.6,2.23,0.7,0.05,0.17,0,0
FRA-Ligue 1,2425,Strasbourg,Thomas Delaine,FRA,"DF,MF",32,1992,0.1,0,0,0,,0.0,0.0,,,0,0
FRA-Ligue 1,2425,Strasbourg,Valentín Barco,ARG,MF,20,2004,12.9,0,10,1,10.0,0.78,0.08,0.0,0.0,0,0
FRA-Ligue 1,2425,Strasbourg,Óscar Perea,COL,MF,18,2005,0.2,0,1,0,0.0,6.43,0.0,0.0,,0,0
FRA-Ligue 1,2425,Strasbourg,Đorđe Petrović,SRB,GK,24,1999,31.0,0,0,0,,0.0,0.0,,,0,0
FRA-Ligue 1,2425,Toulouse,Aron Dønnum,NOR,MF,26,1998,29.9,3,31,8,25.8,1.04,0.27,0.1,0.38,0,0
FRA-Ligue 1,2425,Toulouse,Charlie Cresswell,ENG,DF,21,2002,28.8,3,32,14,43.8,1.11,0.49,0.09,0.21,0,0
FRA-Ligue 1,2425,Toulouse,Cristian Cásseres Jr.,VEN,MF,24,2000,30.0,1,17,5,29.4,0.57,0.17,0.06,0.2,0,0
FRA-Ligue 1,2425,Toulouse,Denis Genreau,AUS,MF,25,1999,2.5,0,6,0,0.0,2.43,0.0,0.0,,0,0
FRA-Ligue 1,2425,Toulouse,Djibril Sidibé,FRA,DF,32,1992,23.3,0,5,1,20.0,0.21,0.04,0.0,0.0,0,0
FRA-Ligue 1,2425,Toulouse,Edhy Zuliani,FRA,MF,19,2004,0.1,0,0,0,,0.0,0.0,,,0,0
FRA-Ligue 1,2425,Toulouse,Frank Magri,CMR,FW,24,1999,16.8,5,44,19,43.2,2.61,1.13,0.11,0.26,0,0
FRA-Ligue 1,2425,Toulouse,Gabriel Suazo,CHI,"MF,DF",26,1997,24.0,0,7,4,57.1,0.29,0.17,0.0,0.0,0,0
FRA-Ligue 1,2425,Toulouse,Guillaume Restes,FRA,GK,19,2005,28.3,0,0,0,,0.0,0.0,,,0,0
FRA-Ligue 1,2425,Toulouse,Jaydee Canvot,FRA,"DF,MF",18,2006,12.3,0,5,1,20.0,0.41,0.08,0.0,0.0,0,0
FRA-Ligue 1,2425,Toulouse,Joshua King,NOR,"FW,MF",32,1992,18.6,6,50,21,42.0,2.69,1.13,0.12,0.29,0,0
FRA-Ligue 1,2425,Toulouse,Kjetil Haug,NOR,GK,26,1998,5.5,0,0,0,,0.0,0.0,,,0,0
FRA-Ligue 1,2425,Toulouse,Logan Costa,CPV,DF,23,2001,1.0,0,0,0,,0.0,0.0,,,0,0
FRA-Ligue 1,2425,Toulouse,Mark McKenzie,USA,DF,25,1999,27.7,1,8,2,25.0,0.29,0.07,0.13,0.5,0,0
FRA-Ligue 1,2425,Toulouse,Miha Zajc,SVN,MF,30,1994,2.9,0,6,2,33.3,2.06,0.69,0.0,0.0,0,0
FRA-Ligue 1,2425,Toulouse,Naatan Skyttä,FIN,MF,22,2002,0.1,0,0,0,,0.0,0.0,,,0,0
FRA-Ligue 1,2425,Toulouse,Niklas Schmidt,GER,MF,26,1998,2.3,0,3,1,33.3,1.32,0.44,0.0,0.0,0,0
FRA-Ligue 1,2425,Toulouse,Noah Edjouma,FRA,MF,18,2005,1.9,2,5,3,60.0,2.63,1.58,0.4,0.67,0,0
FRA-Ligue 1,2425,Toulouse,Rafik Messali,FRA,MF,21,2003,5.1,0,4,0,0.0,0.79,0.0,0.0,,0,0
FRA-Ligue 1,2425,Toulouse,Rasmus Nicolaisen,DEN,DF,27,1997,6.9,0,5,1,20.0,0.72,0.14,0.0,0.0,0,0
FRA-Ligue 1,2425,Toulouse,Shavy Babicka,GAB,MF,24,2000,13.2,4,20,9,45.0,1.52,0.68,0.2,0.44,0,0
FRA-Ligue 1,2425,Toulouse,Vincent Sierro,SUI,MF,28,1995,26.7,5,32,9,28.1,1.2,0.34,0.09,0.33,2,2
FRA-Ligue 1,2425,Toulouse,Warren Kamanzi,NOR,MF,23,2000,11.4,1,7,3,42.9,0.62,0.26,0.14,0.33,0,0
FRA-Ligue 1,2425,Toulouse,Yann Gboho,FRA,"MF,FW",23,2001,25.9,5,50,26,52.0,1.93,1.0,0.1,0.19,0,0
FRA-Ligue 1,2425,Toulouse,Zakaria Aboukhlal,MAR,"MF,FW",24,2000,21.1,7,63,29,46.0,2.98,1.37,0.1,0.21,1,2
FRA-Ligue 1,2425,Toulouse,Álex Domínguez,ESP,GK,26,1998,0.2,0,0,0,,0.0,0.0,,,0,0
FRA-Ligue 1,2425,Toulouse,Ümit Akdag,ROU,DF,20,2003,5.6,0,2,0,0.0,0.36,0.0,0.0,,0,0
