league,season,team,player,nation,pos,age,born,90s,Standard_Gls,Standard_Sh,Standard_SoT,Standard_SoT%,Standard_Sh/90,Standard_SoT/90,Standard_G/Sh,Standard_G/SoT,Standard_PK,Standard_PKatt
ENG-Premier League,2324,Arsenal,Aaron Ramsdale,ENG,GK,25,1998,6.0,0,0,0,,0.0,0.0,,,0,0
ENG-Premier League,2324,Arsenal,Ben White,ENG,DF,25,1997,33.2,4,13,8,61.5,0.39,0.24,0.31,0.5,0,0
ENG-Premier League,2324,Arsenal,Bukayo Saka,ENG,FW,21,2001,32.4,16,107,37,34.6,3.3,1.14,0.09,0.27,6,6
ENG-Premier League,2324,Arsenal,Cédric Soares,POR,"DF,MF",31,1991,0.7,0,0,0,,0.0,0.0,,,0,0
ENG-Premier League,2324,Arsenal,David Raya,ESP,GK,27,1995,32.0,0,0,0,,0.0,0.0,,,0,0
ENG-Premier League,2324,Arsenal,Declan Rice,ENG,MF,24,1999,35.8,7,58,20,34.5,1.62,0.56,0.12,0.35,0,0
ENG-Premier League,2324,Arsenal,Eddie Nketiah,ENG,FW,24,1999,12.0,5,38,12,31.6,3.16,1.0,0.13,0.42,0,0
ENG-Premier League,2324,Arsenal,Emile Smith Rowe,ENG,MF,23,2000,3.9,0,15,7,46.7,3.82,1.78,0.0,0.0,0,0
ENG-Premier League,2324,Arsenal,Ethan Nwaneri,ENG,MF,16,2007,0.2,0,0,0,,0.0,0.0,,,0,0
ENG-Premier League,2324,Arsenal,Fabio Vieira,POR,MF,23,2000,3.3,1,7,2,28.6,2.12,0.61,0.0,0.0,1,1
ENG-Premier League,2324,Arsenal,Gabriel Jesus,BRA,FW,26,1997,16.4,4,55,19,34.5,3.35,1.16,0.07,0.21,0,0
ENG-Premier League,2324,Arsenal,Gabriel Magalhães,BRA,DF,25,1997,33.8,4,31,10,32.3,0.92,0.3,0.13,0.4,0,0
ENG-Premier League,2324,Arsenal,Gabriel Martinelli,BRA,FW,22,2001,22.4,6,58,22,37.9,2.59,0.98,0.1,0.27,0,0
ENG-Premier League,2324,Arsenal,Jakub Kiwior,POL,DF,23,2000,10.5,1,6,3,50.0,0.57,0.29,0.17,0.33,0,0
ENG-Premier League,2324,Arsenal,Jorginho,ITA,MF,31,1991,10.2,0,4,0,0.0,0.39,0.0,0.0,,0,0
ENG-Premier League,2324,Arsenal,Jurriën Timber,NED,DF,22,2001,0.8,0,0,0,,0.0,0.0,,,0,0
ENG-Premier League,2324,Arsenal,Kai Havertz,GER,"MF,FW",24,1999,29.3,13,69,28,40.6,2.36,0.96,0.17,0.43,1,1
ENG-Premier League,2324,Arsenal,Leandro Trossard,BEL,"FW,MF",28,1994,18.3,12,60,22,36.7,3.27,1.2,0.2,0.55,0,0
ENG-Premier League,2324,Arsenal,Martin Ødegaard,NOR,MF,24,1998,34.3,8,77,23,29.9,2.24,0.67,0.08,0.26,2,2
ENG-Premier League,2324,Arsenal,Mohamed Elneny,EGY,MF,31,1992,0.3,0,2,1,50.0,6.43,3.21,0.0,0.0,0,0
ENG-Premier League,2324,Arsenal,Oleksandr Zinchenko,UKR,DF,26,1996,19.1,1,17,3,17.6,0.89,0.16,0.06,0.33,0,0
ENG-Premier League,2324,Arsenal,Reiss Nelson,ENG,FW,23,1999,3.0,0,4,1,25.0,1.34,0.34,0.0,0.0,0,0
ENG-Premier League,2324,Arsenal,Takehiro Tomiyasu,JPN,DF,24,1998,12.8,2,17,3,17.6,1.33,0.23,0.12,0.67,0,0
ENG-Premier League,2324,Arsenal,Thomas Partey,GHA,"MF,DF",30,1993,8.8,0,8,2,25.0,0.91,0.23,0.0,0.0,0,0
ENG-Premier League,2324,Arsenal,William Saliba,FRA,DF,22,2001,38.0,2,10,4,40.0,0.26,0.11,0.2,0.5,0,0
ENG-Premier League,2324,Aston Villa,Bertrand Traoré,BFA,"FW,MF",27,1995,0.1,0,0,0,,0.0,0.0,,,0,0
ENG-Premier League,2324,Aston Villa,Boubacar Kamara,FRA,MF,23,1999,18.4,0,5,1,20.0,0.27,0.05,0.0,0.0,0,0
ENG-Premier League,2324,Aston Villa,Calum Chambers,ENG,MF,28,1995,1.7,0,0,0,,0.0,0.0,,,0,0
ENG-Premier League,2324,Aston Villa,Cameron Archer,ENG,"FW,MF",22,2001,0.1,0,0,0,,0.0,0.0,,,0,0
ENG-Premier League,2324,Aston Villa,Clément Lenglet,FRA,DF,28,1995,12.8,0,7,2,28.6,0.55,0.16,0.0,0.0,0,0
ENG-Premier League,2324,Aston Villa,Diego Carlos,BRA,DF,30,1993,20.2,0,10,1,10.0,0.5,0.05,0.0,0.0,0,0
ENG-Premier League,2324,Aston Villa,Douglas Luiz,BRA,MF,25,1998,33.3,9,48,17,35.4,1.44,0.51,0.1,0.29,4,4
ENG-Premier League,2324,Aston Villa,Emiliano Martínez,ARG,GK,30,1992,33.5,0,0,0,,0.0,0.0,,,0,0
ENG-Premier League,2324,Aston Villa,Ezri Konsa,ENG,DF,25,1997,34.1,1,19,5,26.3,0.56,0.15,0.05,0.2,0,0
ENG-Premier League,2324,Aston Villa,Finley Munroe,ENG,DF,18,2005,0.0,0,0,0,,0.0,0.0,,,0,0
ENG-Premier League,2324,Aston Villa,Jacob Ramsey,ENG,MF,22,2001,9.5,1,19,5,26.3,2.0,0.53,0.05,0.2,0,0
ENG-Premier League,2324,Aston Villa,Jaden Philogene Bidace,ENG,"FW,MF",21,2002,0.0,0,0,0,,0.0,0.0,,,0,0
ENG-Premier League,2324,Aston Villa,John McGinn,SCO,MF,28,1994,33.3,6,40,16,40.0,1.2,0.48,0.15,0.38,0,0
ENG-Premier League,2324,Aston Villa,Jáder Durán,COL,FW,19,2003,5.3,5,20,7,35.0,3.79,1.33,0.25,0.71,0,0
ENG-Premier League,2324,Aston Villa,Kaine Kesler-Hayden,ENG,"DF,MF",20,2002,0.1,0,0,0,,0.0,0.0,,,0,0
ENG-Premier League,2324,Aston Villa,Leander Dendoncker,BEL,MF,28,1995,1.3,1,2,1,50.0,1.51,0.76,0.5,1.0,0,0
ENG-Premier League,2324,Aston Villa,Leon Bailey,JAM,MF,25,1997,23.0,10,53,18,34.0,2.31,0.78,0.19,0.56,0,0
ENG-Premier League,2324,Aston Villa,Lucas Digne,FRA,DF,30,1993,26.8,1,20,4,20.0,0.75,0.15,0.05,0.25,0,0
ENG-Premier League,2324,Aston Villa,Matty Cash,POL,"DF,MF",25,1997,23.8,2,33,13,39.4,1.39,0.55,0.06,0.15,0,0
ENG-Premier League,2324,Aston Villa,Morgan Rogers,ENG,MF,21,2002,7.1,3,11,5,45.5,1.55,0.71,0.27,0.6,0,0
ENG-Premier League,2324,Aston Villa,Moussa Diaby,FRA,"MF,FW",24,1999,24.2,6,54,23,42.6,2.24,0.95,0.11,0.26,0,0
ENG-Premier League,2324,Aston Villa,Nicolò Zaniolo,ITA,"MF,FW",24,1999,9.3,2,27,10,37.0,2.9,1.07,0.07,0.2,0,0
ENG-Premier League,2324,Aston Villa,Ollie Watkins,ENG,FW,27,1995,35.7,19,106,46,43.4,2.97,1.29,0.18,0.41,0,0
ENG-Premier League,2324,Aston Villa,Omari Kellyman,ENG,"FW,MF",17,2005,0.4,0,1,0,0.0,2.43,0.0,0.0,,0,0
ENG-Premier League,2324,Aston Villa,Pau Torres,ESP,DF,26,1997,27.4,2,12,5,41.7,0.44,0.18,0.17,0.4,0,0
ENG-Premier League,2324,Aston Villa,Philippe Coutinho,BRA,"FW,MF",31,1992,0.3,0,3,1,33.3,10.8,3.6,0.0,0.0,0,0
ENG-Premier League,2324,Aston Villa,Robin Olsen,SWE,GK,33,1990,4.5,0,0,0,,0.0,0.0,,,0,0
ENG-Premier League,2324,Aston Villa,Tim Iroegbunam,ENG,MF,20,2003,1.8,0,0,0,,0.0,0.0,,,0,0
ENG-Premier League,2324,Aston Villa,Tyrone Mings,ENG,DF,30,1993,0.3,0,1,0,0.0,3.0,0.0,0.0,,0,0
ENG-Premier League,2324,Aston Villa,Youri Tielemans,BEL,"MF,FW",26,1997,18.0,2,14,6,42.9,0.78,0.33,0.14,0.33,0,0
ENG-Premier League,2324,Aston Villa,Álex Moreno,ESP,DF,30,1993,11.5,2,8,4,50.0,0.7,0.35,0.25,0.5,0,0
ENG-Premier League,2324,Bournemouth,Adam Smith,ENG,DF,32,1991,23.9,0,2,0,0.0,0.08,0.0,0.0,,0,0
ENG-Premier League,2324,Bournemouth,Alex Scott,ENG,MF,19,2003,11.3,1,15,4,26.7,1.33,0.36,0.07,0.25,0,0
ENG-Premier League,2324,Bournemouth,Antoine Semenyo,GHA,MF,23,2000,23.4,8,70,31,44.3,2.99,1.33,0.11,0.26,0,0
ENG-Premier League,2324,Bournemouth,Chris Mepham,WAL,DF,25,1997,6.9,0,1,1,100.0,0.15,0.15,0.0,0.0,0,0
ENG-Premier League,2324,Bournemouth,Dango Ouattara,BFA,"DF,MF",21,2002,13.7,1,30,7,23.3,2.2,0.51,0.03,0.14,0,0
ENG-Premier League,2324,Bournemouth,David Brooks,WAL,MF,26,1997,3.1,1,13,5,38.5,4.15,1.6,0.08,0.2,0,0
ENG-Premier League,2324,Bournemouth,Dominic Sadi,ENG,MF,19,2003,0.0,0,0,0,,0.0,0.0,,,0,0
ENG-Premier League,2324,Bournemouth,Dominic Solanke,ENG,FW,25,1997,36.9,19,109,38,34.9,2.95,1.03,0.16,0.45,2,3
ENG-Premier League,2324,Bournemouth,Enes Ünal,TUR,FW,26,1997,3.6,2,23,11,47.8,6.31,3.02,0.09,0.18,0,0
ENG-Premier League,2324,Bournemouth,Hamed Junior Traorè,CIV,MF,23,2000,0.5,0,3,2,66.7,5.74,3.83,0.0,0.0,0,0
ENG-Premier League,2324,Bournemouth,Illia Zabarnyi,UKR,DF,20,2002,37.0,1,8,3,37.5,0.22,0.08,0.13,0.33,0,0
ENG-Premier League,2324,Bournemouth,Ionuț Radu,ROU,GK,26,1997,2.0,0,0,0,,0.0,0.0,,,0,0
ENG-Premier League,2324,Bournemouth,Jaidon Anthony,ENG,MF,23,1999,1.7,0,2,1,50.0,1.18,0.59,0.0,0.0,0,0
ENG-Premier League,2324,Bournemouth,James Hill,ENG,DF,21,2002,0.8,0,0,0,,0.0,0.0,,,0,0
ENG-Premier League,2324,Bournemouth,Joe Rothwell,ENG,MF,28,1995,4.3,0,2,0,0.0,0.47,0.0,0.0,,0,0
ENG-Premier League,2324,Bournemouth,Justin Kluivert,NED,MF,24,1999,21.3,7,56,20,35.7,2.63,0.94,0.13,0.35,0,0
ENG-Premier League,2324,Bournemouth,Kieffer Moore,WAL,"DF,FW",30,1992,1.2,1,6,2,33.3,5.0,1.67,0.17,0.5,0,0
ENG-Premier League,2324,Bournemouth,Lewis Cook,ENG,MF,26,1997,31.0,0,12,4,33.3,0.39,0.13,0.0,0.0,0,0
ENG-Premier League,2324,Bournemouth,Lloyd Kelly,ENG,DF,24,1998,17.3,0,4,1,25.0,0.23,0.06,0.0,0.0,0,0
ENG-Premier League,2324,Bournemouth,Luis Sinisterra,COL,MF,24,1999,7.8,2,27,9,33.3,3.48,1.16,0.07,0.22,0,0
ENG-Premier League,2324,Bournemouth,Marcos Senesi,ARG,DF,26,1997,24.9,4,13,4,30.8,0.52,0.16,0.31,1.0,0,0
ENG-Premier League,2324,Bournemouth,Marcus Tavernier,ENG,MF,24,1999,23.5,3,53,16,30.2,2.25,0.68,0.06,0.19,0,0
ENG-Premier League,2324,Bournemouth,Mark Travers,IRL,GK,24,1999,4.0,0,0,0,,0.0,0.0,,,0,0
ENG-Premier League,2324,Bournemouth,Max Aarons,ENG,DF,23,2000,13.7,0,2,0,0.0,0.15,0.0,0.0,,0,0
ENG-Premier League,2324,Bournemouth,Milos Kerkez,HUN,DF,19,2003,21.9,0,16,5,31.3,0.73,0.23,0.0,0.0,0,0
ENG-Premier League,2324,Bournemouth,Neto,BRA,GK,34,1989,32.0,0,0,0,,0.0,0.0,,,0,0
ENG-Premier League,2324,Bournemouth,Philip Billing,DEN,MF,27,1996,15.5,2,30,8,26.7,1.93,0.52,0.07,0.25,0,0
ENG-Premier League,2324,Bournemouth,Romain Faivre,FRA,MF,25,1998,0.5,0,2,0,0.0,4.39,0.0,0.0,,0,0
ENG-Premier League,2324,Bournemouth,Ryan Christie,SCO,MF,28,1995,32.3,0,43,13,30.2,1.33,0.4,0.0,0.0,0,0
ENG-Premier League,2324,Bournemouth,Tyler Adams,USA,MF,24,1999,1.3,0,0,0,,0.0,0.0,,,0,0
ENG-Premier League,2324,Brentford,Aaron Hickey,SCO,"DF,MF",21,2002,7.9,0,7,1,14.3,0.88,0.13,0.0,0.0,0,0
ENG-Premier League,2324,Brentford,Ben Mee,ENG,DF,33,1989,14.1,2,10,2,20.0,0.71,0.14,0.2,1.0,0,0
ENG-Premier League,2324,Brentford,Bryan Mbeumo,CMR,FW,23,1999,21.8,9,53,20,37.7,2.43,0.92,0.11,0.3,3,3
ENG-Premier League,2324,Brentford,Christian Nørgaard,DEN,MF,29,1994,27.8,2,35,7,20.0,1.26,0.25,0.06,0.29,0,0
ENG-Premier League,2324,Brentford,Ethan Pinnock,JAM,DF,30,1993,28.0,2,19,4,21.1,0.68,0.14,0.11,0.5,0,0
ENG-Premier League,2324,Brentford,Frank Onyeka,NGA,MF,25,1998,12.9,1,22,9,40.9,1.71,0.7,0.05,0.11,0,0
ENG-Premier League,2324,Brentford,Ivan Toney,ENG,FW,27,1996,16.1,4,51,22,43.1,3.17,1.37,0.08,0.18,0,0
ENG-Premier League,2324,Brentford,Josh Dasilva,ENG,MF,24,1998,0.3,0,0,0,,0.0,0.0,,,0,0
ENG-Premier League,2324,Brentford,Keane Lewis-Potter,ENG,"FW,MF",22,2001,16.0,3,43,22,51.2,2.69,1.37,0.07,0.14,0,0
ENG-Premier League,2324,Brentford,Kevin Schade,GER,FW,21,2001,3.7,2,8,4,50.0,2.16,1.08,0.25,0.5,0,0
ENG-Premier League,2324,Brentford,Kristoffer Ajer,NOR,DF,25,1998,20.4,2,12,4,33.3,0.59,0.2,0.17,0.5,0,0
ENG-Premier League,2324,Brentford,Mads Roerslev,DEN,"MF,DF",24,1999,22.1,1,7,1,14.3,0.32,0.05,0.14,1.0,0,0
ENG-Premier League,2324,Brentford,Mark Flekken,NED,GK,30,1993,36.5,0,0,0,,0.0,0.0,,,0,0
ENG-Premier League,2324,Brentford,Mathias Jensen,DEN,MF,27,1996,24.5,3,14,7,50.0,0.57,0.29,0.21,0.43,0,0
ENG-Premier League,2324,Brentford,Mathias Jørgensen,DEN,DF,33,1990,12.1,1,8,2,25.0,0.66,0.17,0.13,0.5,0,0
ENG-Premier League,2324,Brentford,Michael Olakigbe,ENG,MF,19,2004,0.7,0,3,1,33.3,4.58,1.53,0.0,0.0,0,0
ENG-Premier League,2324,Brentford,Mikkel Damsgaard,DEN,MF,23,2000,9.4,0,9,4,44.4,0.96,0.43,0.0,0.0,0,0
ENG-Premier League,2324,Brentford,Myles Peart-Harris,ENG,MF,20,2002,0.1,0,0,0,,0.0,0.0,,,0,0
ENG-Premier League,2324,Brentford,Nathan Collins,IRL,DF,22,2001,29.5,1,10,2,20.0,0.34,0.07,0.1,0.5,0,0
ENG-Premier League,2324,Brentford,Neal Maupay,FRA,FW,26,1996,14.7,6,37,16,43.2,2.52,1.09,0.16,0.38,0,0
ENG-Premier League,2324,Brentford,Rico Henry,JAM,DF,26,1997,4.5,0,2,0,0.0,0.45,0.0,0.0,,0,0
ENG-Premier League,2324,Brentford,Saman Ghoddos,IRN,"DF,MF",29,1993,8.2,1,9,2,22.2,1.1,0.24,0.11,0.5,0,0
ENG-Premier League,2324,Brentford,Sergio Reguilón,ESP,"MF,DF",26,1996,12.4,0,13,2,15.4,1.05,0.16,0.0,0.0,0,0
ENG-Premier League,2324,Brentford,Shandon Baptiste,GRN,MF,25,1998,2.5,1,2,2,100.0,0.79,0.79,0.5,0.5,0,0
ENG-Premier League,2324,Brentford,Thomas Strakosha,ALB,GK,28,1995,1.5,0,0,0,,0.0,0.0,,,0,0
ENG-Premier League,2324,Brentford,Vitaly Janelt,GER,"MF,DF",25,1998,33.9,1,21,7,33.3,0.62,0.21,0.05,0.14,0,0
ENG-Premier League,2324,Brentford,Yehor Yarmoliuk,UKR,MF,19,2004,7.6,0,11,5,45.5,1.44,0.65,0.0,0.0,0,0
ENG-Premier League,2324,Brentford,Yoane Wissa,COD,FW,26,1996,27.7,12,67,26,38.8,2.42,0.94,0.18,0.46,0,0
ENG-Premier League,2324,Brighton,Adam Lallana,ENG,MF,35,1988,9.4,0,11,2,18.2,1.16,0.21,0.0,0.0,0,0
ENG-Premier League,2324,Brighton,Adam Webster,ENG,DF,28,1995,12.7,0,8,1,12.5,0.63,0.08,0.0,0.0,0,0
ENG-Premier League,2324,Brighton,Ansu Fati,ESP,"MF,FW",20,2002,5.8,2,26,11,42.3,4.49,1.9,0.08,0.18,0,0
ENG-Premier League,2324,Brighton,Bart Verbruggen,NED,GK,20,2002,21.0,0,0,0,,0.0,0.0,,,0,0
ENG-Premier League,2324,Brighton,Benicio Boaitey,ENG,FW,19,2004,0.4,0,1,0,0.0,2.25,0.0,0.0,,0,0
ENG-Premier League,2324,Brighton,Billy Gilmour,SCO,MF,22,2001,23.6,0,25,5,20.0,1.06,0.21,0.0,0.0,0,0
ENG-Premier League,2324,Brighton,Carlos Baleba,CMR,MF,19,2004,14.7,0,21,5,23.8,1.43,0.34,0.0,0.0,0,0
ENG-Premier League,2324,Brighton,Danny Welbeck,ENG,"FW,MF",32,1990,18.8,5,41,16,39.0,2.18,0.85,0.12,0.31,0,0
ENG-Premier League,2324,Brighton,Evan Ferguson,IRL,FW,18,2004,15.2,6,33,20,60.6,2.17,1.32,0.18,0.3,0,0
ENG-Premier League,2324,Brighton,Facundo Buonanotte,ARG,"MF,FW",18,2004,15.2,3,21,9,42.9,1.39,0.59,0.14,0.33,0,0
ENG-Premier League,2324,Brighton,Igor,BRA,DF,25,1998,18.2,0,5,0,0.0,0.27,0.0,0.0,,0,0
ENG-Premier League,2324,Brighton,Jack Hinshelwood,ENG,"DF,MF",18,2005,9.7,3,14,8,57.1,1.45,0.83,0.21,0.38,0,0
ENG-Premier League,2324,Brighton,Jakub Moder,POL,"MF,DF",24,1999,6.9,0,11,3,27.3,1.6,0.44,0.0,0.0,0,0
ENG-Premier League,2324,Brighton,James Milner,ENG,"DF,MF",37,1986,8.6,0,5,1,20.0,0.58,0.12,0.0,0.0,0,0
ENG-Premier League,2324,Brighton,Jan Paul van Hecke,NED,DF,23,2000,26.3,0,15,6,40.0,0.57,0.23,0.0,0.0,0,0
ENG-Premier League,2324,Brighton,Jason Steele,ENG,GK,32,1990,17.0,0,0,0,,0.0,0.0,,,0,0
ENG-Premier League,2324,Brighton,João Pedro,BRA,"MF,FW",21,2001,22.7,9,75,26,34.7,3.3,1.14,0.07,0.19,4,5
ENG-Premier League,2324,Brighton,Joël Veltman,NED,DF,31,1992,17.6,1,6,3,50.0,0.34,0.17,0.17,0.33,0,0
ENG-Premier League,2324,Brighton,Julio Enciso,PAR,MF,19,2004,5.3,0,28,8,28.6,5.31,1.52,0.0,0.0,0,0
ENG-Premier League,2324,Brighton,Kaoru Mitoma,JPN,"MF,FW",26,1997,16.5,3,34,15,44.1,2.06,0.91,0.09,0.2,0,0
ENG-Premier League,2324,Brighton,Lewis Dunk,ENG,DF,31,1991,31.9,3,33,12,36.4,1.04,0.38,0.09,0.25,0,0
ENG-Premier League,2324,Brighton,Mahmoud Dahoud,GER,MF,27,1996,5.0,0,6,1,16.7,1.19,0.2,0.0,0.0,0,0
ENG-Premier League,2324,Brighton,Mark O'Mahony,IRL,FW,18,2005,0.7,0,1,0,0.0,1.43,0.0,0.0,,0,0
ENG-Premier League,2324,Brighton,Odeluga Offiah,ENG,DF,20,2002,1.4,0,0,0,,0.0,0.0,,,0,0
ENG-Premier League,2324,Brighton,Pascal Groß,GER,"MF,DF",32,1991,34.6,4,55,20,36.4,1.59,0.58,0.05,0.15,1,1
ENG-Premier League,2324,Brighton,Pervis Estupiñán,ECU,"DF,MF",25,1998,13.8,2,11,6,54.5,0.8,0.43,0.18,0.33,0,0
ENG-Premier League,2324,Brighton,Simon Adingra,CIV,MF,21,2002,24.7,6,52,22,42.3,2.11,0.89,0.12,0.27,0,0
ENG-Premier League,2324,Brighton,Solly March,ENG,"MF,DF",29,1994,6.2,3,14,6,42.9,2.27,0.97,0.21,0.5,0,0
ENG-Premier League,2324,Brighton,Tariq Lamptey,GHA,"DF,MF",22,2000,10.2,0,6,0,0.0,0.59,0.0,0.0,,0,0
ENG-Premier League,2324,Brighton,Valentín Barco,ARG,DF,19,2004,3.4,0,4,2,50.0,1.17,0.59,0.0,0.0,0,0
ENG-Premier League,2324,Burnley,Aaron Ramsey,ENG,MF,20,2003,5.9,0,6,2,33.3,1.02,0.34,0.0,0.0,0,0
ENG-Premier League,2324,Burnley,Ameen Al-Dakhil,BEL,DF,21,2002,11.7,1,8,3,37.5,0.68,0.26,0.13,0.33,0,0
ENG-Premier League,2324,Burnley,Anass Zaroury,MAR,FW,22,2000,1.7,0,3,1,33.3,1.78,0.59,0.0,0.0,0,0
ENG-Premier League,2324,Burnley,Arijanet Muric,KVX,GK,24,1998,10.0,0,0,0,,0.0,0.0,,,0,0
ENG-Premier League,2324,Burnley,Benson Manuel,ANG,MF,26,1997,1.3,0,4,2,50.0,3.1,1.55,0.0,0.0,0,0
ENG-Premier League,2324,Burnley,Charlie Taylor,ENG,DF,29,1993,25.9,1,10,1,10.0,0.39,0.04,0.1,1.0,0,0
ENG-Premier League,2324,Burnley,Connor Roberts,WAL,DF,27,1995,9.1,0,0,0,,0.0,0.0,,,0,0
ENG-Premier League,2324,Burnley,Dara O'Shea,IRL,DF,24,1999,32.1,3,19,5,26.3,0.59,0.16,0.16,0.6,0,0
ENG-Premier League,2324,Burnley,David Datro Fofana,CIV,FW,20,2002,9.8,4,19,10,52.6,1.95,1.02,0.21,0.4,0,0
ENG-Premier League,2324,Burnley,Han-Noah Massengo,FRA,MF,22,2001,0.2,0,0,0,,0.0,0.0,,,0,0
ENG-Premier League,2324,Burnley,Hannes Delcroix,HAI,DF,24,1999,6.5,0,4,2,50.0,0.61,0.31,0.0,0.0,0,0
ENG-Premier League,2324,Burnley,Hjalmar Ekdal,SWE,DF,24,1998,4.9,0,2,1,50.0,0.41,0.21,0.0,0.0,0,0
ENG-Premier League,2324,Burnley,Jack Cork,ENG,"DF,MF",34,1989,0.3,0,0,0,,0.0,0.0,,,0,0
ENG-Premier League,2324,Burnley,Jacob Bruun Larsen,DEN,MF,24,1998,13.9,6,44,16,36.4,3.17,1.15,0.11,0.31,1,1
ENG-Premier League,2324,Burnley,James Trafford,ENG,GK,20,2002,28.0,0,0,0,,0.0,0.0,,,0,0
ENG-Premier League,2324,Burnley,Jay Rodriguez,ENG,FW,34,1989,9.1,2,22,8,36.4,2.41,0.88,0.05,0.13,1,1
ENG-Premier League,2324,Burnley,Jordan Beyer,GER,DF,23,2000,13.7,0,5,0,0.0,0.36,0.0,0.0,,0,0
ENG-Premier League,2324,Burnley,Josh Brownhill,ENG,MF,27,1995,25.0,4,28,11,39.3,1.12,0.44,0.14,0.36,0,0
ENG-Premier League,2324,Burnley,Josh Cullen,IRL,MF,27,1996,22.9,2,16,5,31.3,0.7,0.22,0.13,0.4,0,0
ENG-Premier League,2324,Burnley,Jóhann Berg Guðmundsson,ISL,MF,32,1990,13.2,1,15,6,40.0,1.13,0.45,0.07,0.17,0,0
ENG-Premier League,2324,Burnley,Lorenz Assignon,TOG,DF,23,2000,13.7,1,9,4,44.4,0.66,0.29,0.11,0.25,0,0
ENG-Premier League,2324,Burnley,Luca Koleosho,ITA,"MF,FW",18,2004,10.8,1,23,5,21.7,2.13,0.46,0.04,0.2,0,0
ENG-Premier League,2324,Burnley,Lyle Foster,RSA,"FW,MF",22,2000,21.1,5,34,17,50.0,1.61,0.81,0.15,0.29,0,0
ENG-Premier League,2324,Burnley,Maxime Estève,FRA,DF,21,2002,14.5,0,7,0,0.0,0.48,0.0,0.0,,0,0
ENG-Premier League,2324,Burnley,Michael Obafemi,IRL,FW,23,2000,0.2,0,2,0,0.0,9.0,0.0,0.0,,0,0
ENG-Premier League,2324,Burnley,Mike Trésor,BEL,"MF,FW",24,1999,4.7,0,5,0,0.0,1.07,0.0,0.0,,0,0
ENG-Premier League,2324,Burnley,Nathan Redmond,ENG,"FW,MF",29,1994,1.6,0,0,0,,0.0,0.0,,,0,0
ENG-Premier League,2324,Burnley,Sander Berge,NOR,MF,25,1998,33.4,1,25,3,12.0,0.75,0.09,0.04,0.33,0,0
ENG-Premier League,2324,Burnley,Vitinho,BRA,"DF,MF",24,1999,25.7,0,25,4,16.0,0.97,0.16,0.0,0.0,0,0
ENG-Premier League,2324,Burnley,Wilson Odobert,FRA,"MF,FW",18,2004,23.3,3,49,14,28.6,2.1,0.6,0.06,0.21,0,0
ENG-Premier League,2324,Burnley,Zeki Amdouni,SUI,FW,22,2000,21.7,5,49,22,44.9,2.26,1.01,0.08,0.18,1,1
ENG-Premier League,2324,Chelsea,Alex Matos,ENG,MF,18,2004,0.0,0,0,0,,0.0,0.0,,,0,0
ENG-Premier League,2324,Chelsea,Alfie Gilchrist,ENG,DF,19,2003,2.3,1,5,1,20.0,2.17,0.43,0.2,1.0,0,0
ENG-Premier League,2324,Chelsea,Armando Broja,ALB,FW,21,2001,5.0,1,13,2,15.4,2.58,0.4,0.08,0.5,0,0
ENG-Premier League,2324,Chelsea,Axel Disasi,FRA,DF,25,1998,28.7,2,16,4,25.0,0.56,0.14,0.13,0.5,0,0
ENG-Premier League,2324,Chelsea,Ben Chilwell,ENG,"MF,DF",26,1996,8.4,0,12,4,33.3,1.43,0.48,0.0,0.0,0,0
ENG-Premier League,2324,Chelsea,Benoît Badiashile,FRA,DF,22,2001,14.9,0,6,1,16.7,0.4,0.07,0.0,0.0,0,0
ENG-Premier League,2324,Chelsea,Carney Chukwuemeka,AUT,MF,19,2003,2.5,1,3,2,66.7,1.19,0.79,0.33,0.5,0,0
ENG-Premier League,2324,Chelsea,Cesare Casadei,ITA,MF,20,2003,0.9,0,0,0,,0.0,0.0,,,0,0
ENG-Premier League,2324,Chelsea,Christopher Nkunku,FRA,"MF,FW",25,1997,4.9,3,16,9,56.3,3.25,1.83,0.19,0.33,0,0
ENG-Premier League,2324,Chelsea,Cole Palmer,ENG,"MF,FW",21,2002,29.0,22,108,46,42.6,3.73,1.59,0.12,0.28,9,9
ENG-Premier League,2324,Chelsea,Conor Gallagher,ENG,MF,23,2000,34.8,5,48,18,37.5,1.38,0.52,0.1,0.28,0,0
ENG-Premier League,2324,Chelsea,Deivid Washington,BRA,FW,18,2005,0.1,0,1,0,0.0,6.92,0.0,0.0,,0,0
ENG-Premier League,2324,Chelsea,Enzo Fernández,ARG,MF,22,2001,24.5,3,47,16,34.0,1.91,0.65,0.04,0.13,1,2
ENG-Premier League,2324,Chelsea,Ian Maatsen,NED,MF,21,2002,2.3,0,5,1,20.0,2.15,0.43,0.0,0.0,0,0
ENG-Premier League,2324,Chelsea,Jimi Tauriainen,ENG,FW,19,2004,0.0,0,0,0,,0.0,0.0,,,0,0
ENG-Premier League,2324,Chelsea,Joshua Acheampong,ENG,DF,17,2006,0.1,0,0,0,,0.0,0.0,,,0,0
ENG-Premier League,2324,Chelsea,Lesley Ugochukwu,FRA,MF,19,2004,3.3,0,0,0,,0.0,0.0,,,0,0
ENG-Premier League,2324,Chelsea,Levi Colwill,ENG,DF,20,2003,20.0,1,11,3,27.3,0.55,0.15,0.09,0.33,0,0
ENG-Premier League,2324,Chelsea,Malo Gusto,FRA,"DF,MF",20,2003,19.5,0,15,5,33.3,0.77,0.26,0.0,0.0,0,0
ENG-Premier League,2324,Chelsea,Marc Cucurella,ESP,DF,25,1998,19.8,0,8,4,50.0,0.4,0.2,0.0,0.0,0,0
ENG-Premier League,2324,Chelsea,Mason Burstow,ENG,FW,19,2003,0.1,0,0,0,,0.0,0.0,,,0,0
ENG-Premier League,2324,Chelsea,Moisés Caicedo,ECU,MF,21,2001,31.8,1,13,4,30.8,0.41,0.13,0.08,0.25,0,0
ENG-Premier League,2324,Chelsea,Mykhailo Mudryk,UKR,MF,22,2001,17.5,5,35,12,34.3,2.0,0.69,0.14,0.42,0,0
ENG-Premier League,2324,Chelsea,Nicolas Jackson,SEN,FW,22,2001,31.1,14,80,41,51.3,2.57,1.32,0.18,0.34,0,0
ENG-Premier League,2324,Chelsea,Noni Madueke,ENG,MF,21,2002,11.7,5,32,13,40.6,2.74,1.11,0.13,0.31,1,1
ENG-Premier League,2324,Chelsea,Raheem Sterling,ENG,MF,28,1994,22.0,8,51,22,43.1,2.32,1.0,0.16,0.36,0,0
ENG-Premier League,2324,Chelsea,Reece James,ENG,"DF,MF",23,1999,4.7,0,7,1,14.3,1.5,0.21,0.0,0.0,0,0
ENG-Premier League,2324,Chelsea,Robert Sánchez,ESP,GK,25,1997,15.9,0,0,0,,0.0,0.0,,,0,0
ENG-Premier League,2324,Chelsea,Roméo Lavia,BEL,MF,19,2004,0.4,0,0,0,,0.0,0.0,,,0,0
ENG-Premier League,2324,Chelsea,Thiago Silva,BRA,DF,38,1984,28.1,3,14,4,28.6,0.5,0.14,0.21,0.75,0,0
ENG-Premier League,2324,Chelsea,Trevoh Chalobah,ENG,DF,24,1999,10.6,1,2,2,100.0,0.19,0.19,0.5,0.5,0,0
ENG-Premier League,2324,Chelsea,Đorđe Petrović,SRB,GK,23,1999,22.1,0,0,0,,0.0,0.0,,,0,0
ENG-Premier League,2324,Crystal Palace,Adam Wharton,ENG,MF,19,2004,14.4,0,10,1,10.0,0.69,0.07,0.0,0.0,0,0
ENG-Premier League,2324,Crystal Palace,Cheick Doucouré,MLI,MF,23,2000,10.2,0,6,2,33.3,0.59,0.2,0.0,0.0,0,0
ENG-Premier League,2324,Crystal Palace,Chris Richards,USA,"DF,MF",23,2000,23.3,1,11,3,27.3,0.47,0.13,0.09,0.33,0,0
ENG-Premier League,2324,Crystal Palace,Daniel Muñoz,COL,"MF,DF",27,1996,16.0,0,8,0,0.0,0.5,0.0,0.0,,0,0
ENG-Premier League,2324,Crystal Palace,David Ozoh,ENG,MF,18,2005,1.7,0,0,0,,0.0,0.0,,,0,0
ENG-Premier League,2324,Crystal Palace,Dean Henderson,ENG,GK,26,1997,18.0,0,0,0,,0.0,0.0,,,0,0
ENG-Premier League,2324,Crystal Palace,Eberechi Eze,ENG,"MF,FW",25,1998,22.8,11,83,34,41.0,3.64,1.49,0.12,0.29,1,1
ENG-Premier League,2324,Crystal Palace,James Tomkins,ENG,"DF,MF",34,1989,0.1,0,0,0,,0.0,0.0,,,0,0
ENG-Premier League,2324,Crystal Palace,Jaïro Riedewald,NED,MF,26,1996,2.6,0,1,0,0.0,0.38,0.0,0.0,,0,0
ENG-Premier League,2324,Crystal Palace,Jean-Philippe Mateta,FRA,FW,26,1997,25.4,16,46,29,63.0,1.81,1.14,0.3,0.48,2,2
ENG-Premier League,2324,Crystal Palace,Jefferson Lerma,COL,"MF,DF",28,1994,26.7,1,34,9,26.5,1.27,0.34,0.03,0.11,0,0
ENG-Premier League,2324,Crystal Palace,Jeffrey Schlupp,GHA,"MF,FW",30,1992,15.0,2,19,11,57.9,1.26,0.73,0.11,0.18,0,0
ENG-Premier League,2324,Crystal Palace,Jesurun Rak Sakyi,GHA,"FW,MF",20,2002,1.5,0,5,1,20.0,3.31,0.66,0.0,0.0,0,0
ENG-Premier League,2324,Crystal Palace,Joachim Andersen,DEN,DF,27,1996,37.9,2,21,8,38.1,0.55,0.21,0.1,0.25,0,0
ENG-Premier League,2324,Crystal Palace,Joel Ward,ENG,DF,33,1989,22.0,0,10,0,0.0,0.45,0.0,0.0,,0,0
ENG-Premier League,2324,Crystal Palace,Jordan Ayew,GHA,"MF,FW",31,1991,28.3,4,48,20,41.7,1.7,0.71,0.08,0.2,0,0
ENG-Premier League,2324,Crystal Palace,Marc Guéhi,ENG,DF,23,2000,22.5,0,5,0,0.0,0.22,0.0,0.0,,0,0
ENG-Premier League,2324,Crystal Palace,Matheus França,BRA,MF,19,2004,2.6,0,8,2,25.0,3.1,0.78,0.0,0.0,0,0
ENG-Premier League,2324,Crystal Palace,Michael Olise,FRA,"MF,FW",21,2001,14.2,10,57,21,36.8,4.02,1.48,0.16,0.43,1,1
ENG-Premier League,2324,Crystal Palace,Naouirou Ahamada,FRA,MF,21,2002,3.9,0,9,2,22.2,2.32,0.52,0.0,0.0,0,0
ENG-Premier League,2324,Crystal Palace,Nathaniel Clyne,ENG,DF,32,1991,14.9,0,4,0,0.0,0.27,0.0,0.0,,0,0
ENG-Premier League,2324,Crystal Palace,Odsonne Édouard,FRA,"FW,MF",25,1998,17.3,7,51,19,37.3,2.95,1.1,0.14,0.37,0,0
ENG-Premier League,2324,Crystal Palace,Remi Matthews,ENG,GK,29,1994,0.0,0,0,0,,0.0,0.0,,,0,0
ENG-Premier League,2324,Crystal Palace,Sam Johnstone,ENG,GK,30,1993,20.0,0,0,0,,0.0,0.0,,,0,0
ENG-Premier League,2324,Crystal Palace,Tyrick Mitchell,ENG,"DF,MF",23,1999,35.6,2,12,4,33.3,0.34,0.11,0.17,0.5,0,0
ENG-Premier League,2324,Crystal Palace,Will Hughes,ENG,MF,28,1995,21.0,0,8,3,37.5,0.38,0.14,0.0,0.0,0,0
ENG-Premier League,2324,Everton,Abdoulaye Doucouré,MLI,MF,30,1993,29.2,7,47,23,48.9,1.61,0.79,0.15,0.3,0,0
ENG-Premier League,2324,Everton,Alex Iwobi,NGA,MF,27,1996,1.6,0,4,2,50.0,2.57,1.29,0.0,0.0,0,0
ENG-Premier League,2324,Everton,Amadou Onana,BEL,MF,21,2001,23.2,2,29,6,20.7,1.25,0.26,0.07,0.33,0,0
ENG-Premier League,2324,Everton,André Gomes,POR,MF,30,1993,5.6,1,8,4,50.0,1.42,0.71,0.13,0.25,0,0
ENG-Premier League,2324,Everton,Arnaut Danjuma,NED,"MF,FW",26,1997,6.6,1,25,9,36.0,3.78,1.36,0.04,0.11,0,0
ENG-Premier League,2324,Everton,Ashley Young,ENG,"DF,MF",38,1985,25.3,0,13,2,15.4,0.51,0.08,0.0,0.0,0,0
ENG-Premier League,2324,Everton,Ben Godfrey,ENG,DF,25,1998,12.4,0,15,4,26.7,1.21,0.32,0.0,0.0,0,0
ENG-Premier League,2324,Everton,Beto,GNB,FW,25,1998,10.6,3,43,13,30.2,4.07,1.23,0.07,0.23,0,1
ENG-Premier League,2324,Everton,Dominic Calvert-Lewin,ENG,FW,26,1997,24.1,7,73,31,42.5,3.03,1.29,0.07,0.16,2,2
ENG-Premier League,2324,Everton,Dwight McNeil,ENG,MF,23,1999,32.1,3,57,15,26.3,1.77,0.47,0.05,0.2,0,0
ENG-Premier League,2324,Everton,Idrissa Gueye,SEN,MF,33,1989,20.9,4,26,7,26.9,1.24,0.33,0.15,0.57,0,0
ENG-Premier League,2324,Everton,Jack Harrison,ENG,MF,26,1996,24.6,3,34,9,26.5,1.38,0.37,0.09,0.33,0,0
ENG-Premier League,2324,Everton,James Garner,ENG,MF,22,2001,33.4,1,41,11,26.8,1.23,0.33,0.02,0.09,0,0
ENG-Premier League,2324,Everton,James Tarkowski,ENG,DF,30,1992,38.0,1,25,5,20.0,0.66,0.13,0.04,0.2,0,0
ENG-Premier League,2324,Everton,Jarrad Branthwaite,ENG,DF,21,2002,34.6,3,14,4,28.6,0.4,0.12,0.21,0.75,0,0
ENG-Premier League,2324,Everton,Jordan Pickford,ENG,GK,29,1994,38.0,0,0,0,,0.0,0.0,,,0,0
ENG-Premier League,2324,Everton,Lewis Dobbin,ENG,MF,20,2003,2.6,1,5,2,40.0,1.94,0.78,0.2,0.5,0,0
ENG-Premier League,2324,Everton,Lewis Warrington,ENG,MF,20,2002,0.0,0,0,0,,0.0,0.0,,,0,0
ENG-Premier League,2324,Everton,Michael Keane,ENG,DF,30,1993,4.9,1,6,4,66.7,1.23,0.82,0.17,0.25,0,0
ENG-Premier League,2324,Everton,Nathan Patterson,SCO,DF,21,2001,11.2,0,4,0,0.0,0.36,0.0,0.0,,0,0
ENG-Premier League,2324,Everton,Neal Maupay,FRA,FW,26,1996,1.2,0,5,4,80.0,4.05,3.24,0.0,0.0,0,0
ENG-Premier League,2324,Everton,Séamus Coleman,IRL,DF,34,1988,7.4,0,0,0,,0.0,0.0,,,0,0
ENG-Premier League,2324,Everton,Tom Cannon,IRL,FW,20,2002,0.0,0,0,0,,0.0,0.0,,,0,0
ENG-Premier League,2324,Everton,Tyler Onyango,ENG,MF,20,2003,0.0,0,0,0,,0.0,0.0,,,0,0
ENG-Premier League,2324,Everton,Vitaliy Mykolenko,UKR,DF,24,1999,27.4,2,26,5,19.2,0.95,0.18,0.08,0.4,0,0
ENG-Premier League,2324,Everton,Youssef Chermiti,POR,FW,19,2004,2.3,0,7,2,28.6,3.03,0.87,0.0,0.0,0,0
ENG-Premier League,2324,Fulham,Adama Traoré,ESP,MF,27,1996,4.2,2,11,7,63.6,2.63,1.67,0.18,0.29,0,0
ENG-Premier League,2324,Fulham,Aleksandar Mitrović,SRB,FW,28,1994,0.4,0,2,1,50.0,5.45,2.73,0.0,0.0,0,0
ENG-Premier League,2324,Fulham,Alex Iwobi,NGA,MF,27,1996,24.4,5,51,18,35.3,2.09,0.74,0.1,0.28,0,0
ENG-Premier League,2324,Fulham,Andreas Pereira,BRA,MF,27,1996,29.0,3,52,16,30.8,1.79,0.55,0.06,0.19,0,0
ENG-Premier League,2324,Fulham,Antonee Robinson,USA,DF,25,1997,36.3,0,16,7,43.8,0.44,0.19,0.0,0.0,0,0
ENG-Premier League,2324,Fulham,Armando Broja,ALB,FW,21,2001,1.0,0,0,0,,0.0,0.0,,,0,0
ENG-Premier League,2324,Fulham,Bernd Leno,GER,GK,31,1992,38.0,0,0,0,,0.0,0.0,,,0,0
ENG-Premier League,2324,Fulham,Bobby De Cordova-Reid,JAM,"MF,FW",30,1993,15.8,6,33,8,24.2,2.09,0.51,0.18,0.75,0,0
ENG-Premier League,2324,Fulham,Calvin Bassey,NGA,DF,23,1999,25.6,1,5,2,40.0,0.2,0.08,0.2,0.5,0,0
ENG-Premier League,2324,Fulham,Carlos Vinícius,BRA,FW,28,1995,3.5,2,9,5,55.6,2.57,1.43,0.22,0.4,0,0
ENG-Premier League,2324,Fulham,Fodé Ballo-Touré,SEN,"DF,MF",26,1997,0.8,0,0,0,,0.0,0.0,,,0,0
ENG-Premier League,2324,Fulham,Harrison Reed,ENG,MF,28,1995,14.7,0,9,2,22.2,0.61,0.14,0.0,0.0,0,0
ENG-Premier League,2324,Fulham,Harry Wilson,WAL,"MF,FW",26,1997,18.0,4,40,13,32.5,2.22,0.72,0.1,0.31,0,0
ENG-Premier League,2324,Fulham,Issa Diop,MAR,DF,26,1997,15.8,0,5,1,20.0,0.32,0.06,0.0,0.0,0,0
ENG-Premier League,2324,Fulham,João Palhinha,POR,MF,28,1995,30.0,4,44,13,29.5,1.47,0.43,0.09,0.31,0,0
ENG-Premier League,2324,Fulham,Kenny Tete,NED,DF,27,1995,9.6,1,4,1,25.0,0.42,0.1,0.25,1.0,0,0
ENG-Premier League,2324,Fulham,Luke Harris,WAL,MF,18,2005,0.8,0,1,1,100.0,1.2,1.2,0.0,0.0,0,0
ENG-Premier League,2324,Fulham,Raúl Jiménez,MEX,FW,32,1991,15.5,7,41,17,41.5,2.65,1.1,0.17,0.41,0,0
ENG-Premier League,2324,Fulham,Rodrigo Muniz,BRA,FW,22,2001,17.7,9,73,27,37.0,4.12,1.53,0.12,0.33,0,0
ENG-Premier League,2324,Fulham,Saša Lukić,SRB,MF,26,1996,12.5,1,13,3,23.1,1.04,0.24,0.08,0.33,0,0
ENG-Premier League,2324,Fulham,Tim Ream,USA,DF,35,1987,16.7,1,1,1,100.0,0.06,0.06,1.0,1.0,0,0
ENG-Premier League,2324,Fulham,Timothy Castagne,BEL,DF,27,1995,29.3,1,14,5,35.7,0.48,0.17,0.07,0.2,0,0
ENG-Premier League,2324,Fulham,Tom Cairney,SCO,MF,32,1991,16.5,1,17,8,47.1,1.03,0.48,0.06,0.13,0,0
ENG-Premier League,2324,Fulham,Tosin Adarabioyo,ENG,DF,25,1997,18.0,2,14,5,35.7,0.78,0.28,0.14,0.4,0,0
ENG-Premier League,2324,Fulham,Willian,BRA,"MF,FW",34,1988,22.8,4,45,18,40.0,1.97,0.79,0.04,0.11,2,2
ENG-Premier League,2324,Liverpool,Alexis Mac Allister,ARG,MF,24,1998,28.9,5,44,9,20.5,1.52,0.31,0.09,0.44,1,1
ENG-Premier League,2324,Liverpool,Alisson,BRA,GK,30,1992,28.0,0,0,0,,0.0,0.0,,,0,0
ENG-Premier League,2324,Liverpool,Andy Robertson,SCO,DF,29,1994,18.8,3,12,7,58.3,0.64,0.37,0.25,0.43,0,0
ENG-Premier League,2324,Liverpool,Ben Gannon-Doak,SCO,MF,17,2005,0.2,0,0,0,,0.0,0.0,,,0,0
ENG-Premier League,2324,Liverpool,Bobby Clark,ENG,MF,18,2005,1.0,0,2,0,0.0,2.02,0.0,0.0,,0,0
ENG-Premier League,2324,Liverpool,Caoimhín Kelleher,IRL,GK,24,1998,10.0,0,0,0,,0.0,0.0,,,0,0
ENG-Premier League,2324,Liverpool,Cody Gakpo,NED,"FW,MF",24,1999,18.3,8,66,24,36.4,3.6,1.31,0.12,0.33,0,0
ENG-Premier League,2324,Liverpool,Conor Bradley,NIR,DF,20,2003,8.4,1,12,4,33.3,1.43,0.48,0.08,0.25,0,0
ENG-Premier League,2324,Liverpool,Curtis Jones,ENG,MF,22,2001,13.0,1,19,6,31.6,1.47,0.46,0.05,0.17,0,0
ENG-Premier League,2324,Liverpool,Darwin Núñez,URU,FW,24,1999,22.7,11,108,46,42.6,4.75,2.02,0.1,0.24,0,1
ENG-Premier League,2324,Liverpool,Diogo Jota,POR,FW,26,1996,12.7,10,41,20,48.8,3.22,1.57,0.24,0.5,0,0
ENG-Premier League,2324,Liverpool,Dominik Szoboszlai,HUN,MF,22,2000,23.4,3,60,15,25.0,2.57,0.64,0.05,0.2,0,0
ENG-Premier League,2324,Liverpool,Harvey Elliott,ENG,"MF,FW",20,2003,15.0,3,49,17,34.7,3.26,1.13,0.06,0.18,0,0
ENG-Premier League,2324,Liverpool,Ibrahima Konaté,FRA,DF,24,1999,17.5,0,11,2,18.2,0.63,0.11,0.0,0.0,0,0
ENG-Premier League,2324,Liverpool,James McConnell,ENG,MF,18,2004,0.0,0,0,0,,0.0,0.0,,,0,0
ENG-Premier League,2324,Liverpool,Jarell Quansah,ENG,DF,20,2003,13.2,2,6,4,66.7,0.45,0.3,0.33,0.5,0,0
ENG-Premier League,2324,Liverpool,Jayden Danns,ENG,FW,17,2006,0.1,0,0,0,,0.0,0.0,,,0,0
ENG-Premier League,2324,Liverpool,Joe Gomez,ENG,DF,26,1997,19.8,0,19,2,10.5,0.96,0.1,0.0,0.0,0,0
ENG-Premier League,2324,Liverpool,Joël Matip,CMR,DF,31,1991,8.7,0,5,0,0.0,0.58,0.0,0.0,,0,0
ENG-Premier League,2324,Liverpool,Kaide Gordon,ENG,FW,18,2004,0.0,0,0,0,,0.0,0.0,,,0,0
ENG-Premier League,2324,Liverpool,Kostas Tsimikas,GRE,DF,27,1996,7.5,0,3,0,0.0,0.4,0.0,0.0,,0,0
ENG-Premier League,2324,Liverpool,Luis Díaz,COL,FW,26,1997,29.2,8,94,32,34.0,3.22,1.1,0.09,0.25,0,0
ENG-Premier League,2324,Liverpool,Mohamed Salah,EGY,FW,31,1992,28.2,18,114,56,49.1,4.05,1.99,0.11,0.23,5,7
ENG-Premier League,2324,Liverpool,Owen Beck,WAL,"DF,MF",20,2002,0.1,0,0,0,,0.0,0.0,,,0,0
ENG-Premier League,2324,Liverpool,Ryan Gravenberch,NED,MF,21,2002,12.5,1,23,8,34.8,1.85,0.64,0.04,0.13,0,0
ENG-Premier League,2324,Liverpool,Stefan Bajcetic,ESP,MF,18,2004,0.3,0,0,0,,0.0,0.0,,,0,0
ENG-Premier League,2324,Liverpool,Thiago Alcántara,ESP,MF,32,1991,0.1,0,0,0,,0.0,0.0,,,0,0
ENG-Premier League,2324,Liverpool,Trent Alexander-Arnold,ENG,DF,24,1998,23.9,3,47,8,17.0,1.96,0.33,0.06,0.38,0,0
ENG-Premier League,2324,Liverpool,Virgil van Dijk,NED,DF,32,1991,35.3,2,45,14,31.1,1.27,0.4,0.04,0.14,0,0
ENG-Premier League,2324,Liverpool,Wataru Endo,JPN,MF,30,1993,19.1,1,10,3,30.0,0.52,0.16,0.1,0.33,0,0
ENG-Premier League,2324,Luton Town,Albert Sambi Lokonga,BEL,MF,23,1999,14.5,1,8,2,25.0,0.55,0.14,0.13,0.5,0,0
ENG-Premier League,2324,Luton Town,Alfie Doughty,ENG,"MF,DF",23,1999,32.5,2,26,8,30.8,0.8,0.25,0.08,0.25,0,0
ENG-Premier League,2324,Luton Town,Amari'i Bell,JAM,DF,29,1994,19.1,0,2,2,100.0,0.1,0.1,0.0,0.0,0,0
ENG-Premier League,2324,Luton Town,Andros Townsend,ENG,"MF,FW",32,1991,13.4,1,20,7,35.0,1.49,0.52,0.05,0.14,0,0
ENG-Premier League,2324,Luton Town,Carlton Morris,ENG,"FW,MF",27,1995,31.8,11,73,31,42.5,2.3,0.97,0.08,0.19,5,5
ENG-Premier League,2324,Luton Town,Cauley Woodrow,ENG,FW,28,1994,4.7,1,16,4,25.0,3.37,0.84,0.06,0.25,0,0
ENG-Premier League,2324,Luton Town,Chiedozie Ogbene,IRL,MF,26,1997,22.2,4,35,14,40.0,1.58,0.63,0.11,0.29,0,0
ENG-Premier League,2324,Luton Town,Daiki Hashioka,JPN,"DF,MF",24,1999,6.6,0,2,0,0.0,0.3,0.0,0.0,,0,0
ENG-Premier League,2324,Luton Town,Elijah Adebayo,ENG,FW,25,1998,15.8,10,30,14,46.7,1.9,0.89,0.33,0.71,0,0
ENG-Premier League,2324,Luton Town,Fred Onyedinma,ENG,MF,26,1996,4.5,0,5,2,40.0,1.11,0.44,0.0,0.0,0,0
ENG-Premier League,2324,Luton Town,Gabriel Osho,NGA,DF,24,1998,20.5,2,10,2,20.0,0.49,0.1,0.2,1.0,0,0
ENG-Premier League,2324,Luton Town,Issa Kaboré,BFA,"MF,DF",22,2001,19.2,0,6,1,16.7,0.31,0.05,0.0,0.0,0,0
ENG-Premier League,2324,Luton Town,Jacob Brown,SCO,"MF,FW",25,1998,11.3,2,25,7,28.0,2.21,0.62,0.08,0.29,0,0
ENG-Premier League,2324,Luton Town,James Shea,ENG,GK,32,1991,0.2,0,0,0,,0.0,0.0,,,0,0
ENG-Premier League,2324,Luton Town,Jordan Clark,ENG,MF,29,1993,14.5,1,17,4,23.5,1.17,0.28,0.06,0.25,0,0
ENG-Premier League,2324,Luton Town,Joseph Johnson,ENG,DF,17,2006,0.9,0,0,0,,0.0,0.0,,,0,0
ENG-Premier League,2324,Luton Town,Luke Berry,ENG,MF,31,1992,3.6,2,8,4,50.0,2.23,1.11,0.25,0.5,0,0
ENG-Premier League,2324,Luton Town,Mads Juel Andersen,DEN,DF,25,1997,4.4,1,3,1,33.3,0.68,0.23,0.33,1.0,0,0
ENG-Premier League,2324,Luton Town,Marvelous Nakamba,ZIM,MF,29,1994,12.6,0,5,0,0.0,0.4,0.0,0.0,,0,0
ENG-Premier League,2324,Luton Town,Pelly Ruddock Mpanzu,COD,MF,30,1993,12.2,0,11,1,9.1,0.9,0.08,0.0,0.0,0,0
ENG-Premier League,2324,Luton Town,Reece Burke,ENG,DF,26,1996,18.4,0,13,4,30.8,0.7,0.22,0.0,0.0,0,0
ENG-Premier League,2324,Luton Town,Ross Barkley,ENG,MF,29,1993,29.1,5,66,19,28.8,2.27,0.65,0.08,0.26,0,0
ENG-Premier League,2324,Luton Town,Ryan Giles,ENG,"MF,DF",23,2000,5.6,0,2,2,100.0,0.36,0.36,0.0,0.0,0,0
ENG-Premier League,2324,Luton Town,Tahith Chong,CUW,"MF,FW",23,1999,22.0,4,30,7,23.3,1.36,0.32,0.13,0.57,0,0
ENG-Premier League,2324,Luton Town,Teden Mengi,ENG,DF,21,2002,27.4,1,11,4,36.4,0.4,0.15,0.09,0.25,0,0
ENG-Premier League,2324,Luton Town,Thomas Kaminski,BEL,GK,30,1992,37.8,0,0,0,,0.0,0.0,,,0,0
ENG-Premier League,2324,Luton Town,Tom Lockyer,WAL,DF,28,1994,13.0,1,7,1,14.3,0.54,0.08,0.14,1.0,0,0
ENG-Premier League,2324,Luton Town,Zack Nelson,ENG,MF,18,2005,0.1,0,0,0,,0.0,0.0,,,0,0
ENG-Premier League,2324,Manchester City,Aymeric Laporte,ESP,DF,29,1994,0.1,0,1,1,100.0,7.5,7.5,0.0,0.0,0,0
ENG-Premier League,2324,Manchester City,Bernardo Silva,POR,MF,28,1994,28.6,6,34,15,44.1,1.19,0.52,0.18,0.4,0,0
ENG-Premier League,2324,Manchester City,Cole Palmer,ENG,"FW,MF",21,2002,0.1,0,0,0,,0.0,0.0,,,0,0
ENG-Premier League,2324,Manchester City,Ederson Moraes,BRA,GK,29,1993,30.9,0,0,0,,0.0,0.0,,,0,0
ENG-Premier League,2324,Manchester City,Erling Haaland,NOR,"FW,MF",23,2000,28.4,27,121,59,48.8,4.27,2.08,0.17,0.34,7,8
ENG-Premier League,2324,Manchester City,Jack Grealish,ENG,"MF,FW",27,1995,11.2,3,22,5,22.7,1.96,0.45,0.14,0.6,0,0
ENG-Premier League,2324,Manchester City,James Mcatee,ENG,MF,20,2002,0.0,0,0,0,,0.0,0.0,,,0,0
ENG-Premier League,2324,Manchester City,Jeremy Doku,BEL,"MF,FW",21,2002,17.7,3,56,19,33.9,3.16,1.07,0.05,0.16,0,0
ENG-Premier League,2324,Manchester City,John Stones,ENG,DF,29,1994,11.8,1,4,2,50.0,0.34,0.17,0.25,0.5,0,0
ENG-Premier League,2324,Manchester City,Joško Gvardiol,CRO,DF,21,2002,25.9,4,32,14,43.8,1.24,0.54,0.13,0.29,0,0
ENG-Premier League,2324,Manchester City,Julián Álvarez,ARG,"MF,FW",23,2000,29.4,11,98,40,40.8,3.33,1.36,0.09,0.23,2,2
ENG-Premier League,2324,Manchester City,Kalvin Phillips,ENG,"DF,MF",27,1995,1.0,0,2,0,0.0,1.94,0.0,0.0,,0,0
ENG-Premier League,2324,Manchester City,Kevin De Bruyne,BEL,MF,32,1991,13.6,4,44,17,38.6,3.24,1.25,0.09,0.24,0,0
ENG-Premier League,2324,Manchester City,Kyle Walker,ENG,"DF,MF",33,1990,30.7,0,16,3,18.8,0.52,0.1,0.0,0.0,0,0
ENG-Premier League,2324,Manchester City,Manuel Akanji,SUI,"DF,MF",28,1995,27.9,2,15,5,33.3,0.54,0.18,0.13,0.4,0,0
ENG-Premier League,2324,Manchester City,Mateo Kovačić,CRO,MF,29,1994,17.2,1,22,5,22.7,1.28,0.29,0.05,0.2,0,0
ENG-Premier League,2324,Manchester City,Matheus Nunes,POR,"MF,FW",24,1998,7.3,0,9,4,44.4,1.23,0.54,0.0,0.0,0,0
ENG-Premier League,2324,Manchester City,Nathan Aké,NED,DF,28,1995,22.7,2,20,5,25.0,0.88,0.22,0.1,0.4,0,0
ENG-Premier League,2324,Manchester City,Oscar Bobb,NOR,MF,20,2003,3.4,1,4,2,50.0,1.19,0.6,0.25,0.5,0,0
ENG-Premier League,2324,Manchester City,Phil Foden,ENG,MF,23,2000,31.7,19,105,48,45.7,3.31,1.51,0.18,0.4,0,0
ENG-Premier League,2324,Manchester City,Rico Lewis,ENG,"DF,MF",18,2004,9.0,2,5,4,80.0,0.56,0.44,0.4,0.5,0,0
ENG-Premier League,2324,Manchester City,Rodri,ESP,"MF,DF",27,1996,32.6,8,62,22,35.5,1.9,0.68,0.13,0.36,0,0
ENG-Premier League,2324,Manchester City,Rúben Dias,POR,"DF,MF",26,1997,28.4,0,20,8,40.0,0.7,0.28,0.0,0.0,0,0
ENG-Premier League,2324,Manchester City,Sergio Gómez,ESP,"DF,MF",22,2000,0.6,0,2,0,0.0,3.4,0.0,0.0,,0,0
ENG-Premier League,2324,Manchester City,Stefan Ortega,GER,GK,30,1992,7.1,0,0,0,,0.0,0.0,,,0,0
ENG-Premier League,2324,Manchester Utd,Aaron Wan-Bissaka,COD,DF,25,1997,19.8,0,3,1,33.3,0.15,0.05,0.0,0.0,0,0
ENG-Premier League,2324,Manchester Utd,Alejandro Garnacho,ARG,MF,19,2004,28.5,7,100,28,28.0,3.51,0.98,0.07,0.25,0,0
ENG-Premier League,2324,Manchester Utd,Amad Diallo,CIV,MF,21,2002,4.3,1,10,4,40.0,2.31,0.92,0.1,0.25,0,0
ENG-Premier League,2324,Manchester Utd,André Onana,CMR,GK,27,1996,38.0,0,0,0,,0.0,0.0,,,0,0
ENG-Premier League,2324,Manchester Utd,Anthony Martial,FRA,FW,27,1995,5.0,1,6,4,66.7,1.21,0.8,0.17,0.25,0,0
ENG-Premier League,2324,Manchester Utd,Antony,BRA,MF,23,2000,14.7,1,43,16,37.2,2.92,1.09,0.02,0.06,0,0
ENG-Premier League,2324,Manchester Utd,Bruno Fernandes,POR,MF,28,1994,34.6,10,95,41,43.2,2.74,1.18,0.06,0.15,4,5
ENG-Premier League,2324,Manchester Utd,Casemiro,BRA,"MF,DF",31,1992,22.0,1,39,9,23.1,1.77,0.41,0.03,0.11,0,0
ENG-Premier League,2324,Manchester Utd,Christian Eriksen,DEN,MF,31,1992,12.7,1,13,4,30.8,1.03,0.32,0.08,0.25,0,0
ENG-Premier League,2324,Manchester Utd,Daniel Gore,ENG,MF,18,2004,0.0,0,0,0,,0.0,0.0,,,0,0
ENG-Premier League,2324,Manchester Utd,Diogo Dalot,POR,DF,24,1999,35.3,2,30,7,23.3,0.85,0.2,0.07,0.29,0,0
ENG-Premier League,2324,Manchester Utd,Donny van de Beek,NED,MF,26,1997,0.0,0,1,0,0.0,30.0,0.0,0.0,,0,0
ENG-Premier League,2324,Manchester Utd,Ethan Wheatley,ENG,FW,17,2006,0.2,0,0,0,,0.0,0.0,,,0,0
ENG-Premier League,2324,Manchester Utd,Facundo Pellistri,URU,MF,21,2001,1.9,0,4,2,50.0,2.09,1.05,0.0,0.0,0,0
ENG-Premier League,2324,Manchester Utd,Hannibal Mejbri,TUN,MF,20,2003,1.5,1,1,1,100.0,0.68,0.68,1.0,1.0,0,0
ENG-Premier League,2324,Manchester Utd,Harry Maguire,ENG,DF,30,1993,18.4,2,20,3,15.0,1.09,0.16,0.1,0.67,0,0
ENG-Premier League,2324,Manchester Utd,Jadon Sancho,ENG,"FW,MF",23,2000,0.9,0,0,0,,0.0,0.0,,,0,0
ENG-Premier League,2324,Manchester Utd,Jonny Evans,NIR,DF,35,1988,15.5,0,1,0,0.0,0.06,0.0,0.0,,0,0
ENG-Premier League,2324,Manchester Utd,Kobbie Mainoo,ENG,MF,18,2005,21.4,3,11,5,45.5,0.51,0.23,0.27,0.6,0,0
ENG-Premier League,2324,Manchester Utd,Lisandro Martínez,ARG,DF,25,1998,7.2,0,0,0,,0.0,0.0,,,0,0
ENG-Premier League,2324,Manchester Utd,Luke Shaw,ENG,DF,28,1995,10.7,0,2,0,0.0,0.19,0.0,0.0,,0,0
ENG-Premier League,2324,Manchester Utd,Marcus Rashford,ENG,"MF,FW",25,1997,25.2,7,62,21,33.9,2.46,0.83,0.08,0.24,2,2
ENG-Premier League,2324,Manchester Utd,Mason Mount,ENG,MF,24,1999,5.7,1,5,1,20.0,0.87,0.17,0.2,1.0,0,0
ENG-Premier League,2324,Manchester Utd,Omari Forson,ENG,MF,19,2004,0.8,0,1,0,0.0,1.29,0.0,0.0,,0,0
ENG-Premier League,2324,Manchester Utd,Raphaël Varane,FRA,DF,30,1993,15.3,1,8,2,25.0,0.52,0.13,0.13,0.5,0,0
ENG-Premier League,2324,Manchester Utd,Rasmus Højlund,DEN,FW,20,2003,24.0,10,38,21,55.3,1.58,0.88,0.26,0.48,0,0
ENG-Premier League,2324,Manchester Utd,Scott McTominay,SCO,"MF,FW",26,1996,21.1,7,44,19,43.2,2.08,0.9,0.16,0.37,0,0
ENG-Premier League,2324,Manchester Utd,Sergio Reguilón,ESP,DF,26,1996,4.6,0,4,0,0.0,0.87,0.0,0.0,,0,0
ENG-Premier League,2324,Manchester Utd,Sofyan Amrabat,MAR,"MF,DF",26,1996,10.4,0,3,0,0.0,0.29,0.0,0.0,,0,0
ENG-Premier League,2324,Manchester Utd,Victor Lindelöf,SWE,DF,29,1994,14.8,1,6,4,66.7,0.41,0.27,0.17,0.25,0,0
ENG-Premier League,2324,Manchester Utd,Willy Kambwala,FRA,DF,18,2004,3.7,0,0,0,,0.0,0.0,,,0,0
ENG-Premier League,2324,Newcastle,Alex Murphy,IRL,DF,19,2004,0.1,0,0,0,,0.0,0.0,,,0,0
ENG-Premier League,2324,Newcastle,Alexander Isak,SWE,FW,23,1999,25.1,21,78,43,55.1,3.11,1.72,0.21,0.37,5,6
ENG-Premier League,2324,Newcastle,Amadou Diallo,ENG,FW,20,2003,0.0,0,0,0,,0.0,0.0,,,0,0
ENG-Premier League,2324,Newcastle,Anthony Gordon,ENG,FW,22,2001,32.1,11,81,31,38.3,2.52,0.97,0.12,0.32,1,1
ENG-Premier League,2324,Newcastle,Ben Parkinson,ENG,FW,18,2005,0.3,0,0,0,,0.0,0.0,,,0,0
ENG-Premier League,2324,Newcastle,Bruno Guimarães,BRA,MF,25,1997,36.3,7,48,16,33.3,1.32,0.44,0.15,0.44,0,0
ENG-Premier League,2324,Newcastle,Callum Wilson,ENG,FW,31,1992,11.0,9,35,21,60.0,3.18,1.91,0.2,0.33,2,2
ENG-Premier League,2324,Newcastle,Dan Burn,ENG,DF,31,1992,30.3,2,23,6,26.1,0.76,0.2,0.09,0.33,0,0
ENG-Premier League,2324,Newcastle,Elliot Anderson,ENG,"MF,FW",20,2002,11.4,0,19,5,26.3,1.67,0.44,0.0,0.0,0,0
ENG-Premier League,2324,Newcastle,Emil Krafth,SWE,DF,28,1994,10.1,0,4,0,0.0,0.39,0.0,0.0,,0,0
ENG-Premier League,2324,Newcastle,Fabian Schär,SUI,DF,31,1991,33.9,4,35,9,25.7,1.03,0.27,0.11,0.44,0,0
ENG-Premier League,2324,Newcastle,Harvey Barnes,ENG,"FW,MF",25,1997,8.9,5,27,12,44.4,3.03,1.35,0.19,0.42,0,0
ENG-Premier League,2324,Newcastle,Jacob Murphy,ENG,"FW,MF",28,1995,13.2,3,30,10,33.3,2.27,0.76,0.1,0.3,0,0
ENG-Premier League,2324,Newcastle,Jamaal Lascelles,ENG,DF,29,1993,12.0,1,6,1,16.7,0.5,0.08,0.17,1.0,0,0
ENG-Premier League,2324,Newcastle,Joe White,ENG,MF,20,2002,0.1,0,0,0,,0.0,0.0,,,0,0
ENG-Premier League,2324,Newcastle,Joe Willock,ENG,MF,23,1999,4.7,1,7,4,57.1,1.5,0.86,0.14,0.25,0,0
ENG-Premier League,2324,Newcastle,Joelinton,BRA,"MF,FW",26,1996,14.2,2,19,9,47.4,1.34,0.63,0.11,0.22,0,0
ENG-Premier League,2324,Newcastle,Kieran Trippier,ENG,DF,32,1990,24.8,1,8,2,25.0,0.32,0.08,0.13,0.5,0,0
ENG-Premier League,2324,Newcastle,Lewis Hall,ENG,DF,18,2004,8.7,1,11,4,36.4,1.27,0.46,0.09,0.25,0,0
ENG-Premier League,2324,Newcastle,Lewis Miley,ENG,MF,17,2006,13.4,1,13,3,23.1,0.97,0.22,0.08,0.33,0,0
ENG-Premier League,2324,Newcastle,Loris Karius,GER,GK,30,1993,1.0,0,0,0,,0.0,0.0,,,0,0
ENG-Premier League,2324,Newcastle,Martin Dúbravka,SVK,GK,34,1989,22.1,0,0,0,,0.0,0.0,,,0,0
ENG-Premier League,2324,Newcastle,Matt Ritchie,SCO,"DF,MF",33,1989,1.4,1,6,4,66.7,4.22,2.81,0.17,0.25,0,0
ENG-Premier League,2324,Newcastle,Matt Targett,ENG,DF,27,1995,0.9,0,0,0,,0.0,0.0,,,0,0
ENG-Premier League,2324,Newcastle,Michael Ndiweni,ENG,MF,19,2003,0.0,0,0,0,,0.0,0.0,,,0,0
ENG-Premier League,2324,Newcastle,Miguel Almirón,PAR,FW,29,1994,21.5,3,41,12,29.3,1.91,0.56,0.07,0.25,0,0
ENG-Premier League,2324,Newcastle,Nick Pope,ENG,GK,31,1992,14.9,0,1,0,0.0,0.07,0.0,0.0,,0,0
ENG-Premier League,2324,Newcastle,Paul Dummett,WAL,DF,31,1991,0.2,0,1,0,0.0,4.5,0.0,0.0,,0,0
ENG-Premier League,2324,Newcastle,Sandro Tonali,ITA,MF,23,2000,4.9,1,3,2,66.7,0.62,0.41,0.33,0.5,0,0
ENG-Premier League,2324,Newcastle,Sean Longstaff,ENG,MF,25,1997,30.5,6,41,15,36.6,1.34,0.49,0.15,0.4,0,0
ENG-Premier League,2324,Newcastle,Sven Botman,NED,DF,23,2000,15.3,2,10,2,20.0,0.65,0.13,0.2,1.0,0,0
ENG-Premier League,2324,Newcastle,Tino Livramento,ENG,DF,20,2002,14.6,1,4,2,50.0,0.27,0.14,0.25,0.5,0,0
ENG-Premier League,2324,Nottingham,Andrew Omobamidele,IRL,DF,21,2002,8.7,0,1,0,0.0,0.11,0.0,0.0,,0,0
ENG-Premier League,2324,Nottingham,Andrey Santos,BRA,MF,19,2004,0.1,0,2,0,0.0,22.5,0.0,0.0,,0,0
ENG-Premier League,2324,Nottingham,Anthony Elanga,SWE,"MF,FW",21,2002,27.0,5,54,23,42.6,2.0,0.85,0.09,0.22,0,0
ENG-Premier League,2324,Nottingham,Brandon Aguilera,CRC,MF,20,2003,0.1,0,0,0,,0.0,0.0,,,0,0
ENG-Premier League,2324,Nottingham,Brennan Johnson,WAL,"FW,MF",22,2001,2.6,0,3,0,0.0,1.14,0.0,0.0,,0,0
ENG-Premier League,2324,Nottingham,Callum Hudson-Odoi,ENG,"MF,FW",22,2000,20.6,8,38,20,52.6,1.84,0.97,0.21,0.4,0,0
ENG-Premier League,2324,Nottingham,Cheikhou Kouyaté,SEN,MF,33,1989,2.4,0,5,1,20.0,2.12,0.42,0.0,0.0,0,0
ENG-Premier League,2324,Nottingham,Chris Wood,NZL,FW,31,1991,20.1,14,48,26,54.2,2.38,1.29,0.29,0.54,0,0
ENG-Premier League,2324,Nottingham,Danilo Santos,BRA,MF,22,2001,19.9,2,23,7,30.4,1.16,0.35,0.09,0.29,0,0
ENG-Premier League,2324,Nottingham,Divock Origi,BEL,"MF,FW",28,1995,6.7,0,14,4,28.6,2.08,0.59,0.0,0.0,0,0
ENG-Premier League,2324,Nottingham,Felipe,BRA,DF,34,1989,4.2,0,3,0,0.0,0.72,0.0,0.0,,0,0
ENG-Premier League,2324,Nottingham,Gio Reyna,USA,MF,20,2002,2.6,0,5,2,40.0,1.91,0.77,0.0,0.0,0,0
ENG-Premier League,2324,Nottingham,Gonzalo Montiel,ARG,DF,26,1997,8.9,0,3,0,0.0,0.34,0.0,0.0,,0,0
ENG-Premier League,2324,Nottingham,Harry Toffolo,ENG,"DF,MF",27,1995,16.2,1,8,5,62.5,0.49,0.31,0.13,0.2,0,0
ENG-Premier League,2324,Nottingham,Ibrahim Sangaré,CIV,MF,25,1997,11.5,0,8,0,0.0,0.7,0.0,0.0,,0,0
ENG-Premier League,2324,Nottingham,Joe Worrall,ENG,DF,26,1997,4.9,0,2,0,0.0,0.41,0.0,0.0,,0,0
ENG-Premier League,2324,Nottingham,Matt Turner,USA,GK,29,1994,17.0,0,0,0,,0.0,0.0,,,0,0
ENG-Premier League,2324,Nottingham,Matz Sels,BEL,GK,31,1992,16.0,0,0,0,,0.0,0.0,,,0,0
ENG-Premier League,2324,Nottingham,Morgan Gibbs-White,ENG,"MF,FW",23,2000,35.1,5,71,15,21.1,2.02,0.43,0.06,0.27,1,1
ENG-Premier League,2324,Nottingham,Moussa Niakhaté,SEN,DF,27,1996,16.2,1,5,1,20.0,0.31,0.06,0.2,1.0,0,0
ENG-Premier League,2324,Nottingham,Murillo,BRA,DF,21,2002,31.0,0,17,6,35.3,0.55,0.19,0.0,0.0,0,0
ENG-Premier League,2324,Nottingham,Neco Williams,WAL,"DF,MF",22,2001,18.2,0,15,4,26.7,0.82,0.22,0.0,0.0,0,0
ENG-Premier League,2324,Nottingham,Nicolás Domínguez,ARG,MF,25,1998,16.6,2,22,6,27.3,1.32,0.36,0.09,0.33,0,0
ENG-Premier League,2324,Nottingham,Nuno Tavares,POR,DF,23,2000,5.1,0,7,1,14.3,1.38,0.2,0.0,0.0,0,0
ENG-Premier League,2324,Nottingham,Odysseas Vlachodimos,GRE,GK,29,1994,5.0,0,0,0,,0.0,0.0,,,0,0
ENG-Premier League,2324,Nottingham,Ola Aina,NGA,"DF,MF",26,1996,18.8,1,11,1,9.1,0.59,0.05,0.09,1.0,0,0
ENG-Premier League,2324,Nottingham,Orel Mangala,BEL,MF,25,1998,17.4,1,10,1,10.0,0.58,0.06,0.1,1.0,0,0
ENG-Premier League,2324,Nottingham,Rodrigo Ribeiro,POR,FW,18,2005,0.2,0,0,0,,0.0,0.0,,,0,0
ENG-Premier League,2324,Nottingham,Ryan Yates,ENG,MF,25,1997,22.1,1,32,7,21.9,1.45,0.32,0.03,0.14,0,0
ENG-Premier League,2324,Nottingham,Scott McKenna,SCO,DF,26,1996,4.6,0,2,0,0.0,0.43,0.0,0.0,,0,0
ENG-Premier League,2324,Nottingham,Serge Aurier,CIV,"DF,MF",30,1992,9.3,0,6,1,16.7,0.65,0.11,0.0,0.0,0,0
ENG-Premier League,2324,Nottingham,Taiwo Awoniyi,NGA,FW,25,1997,11.6,6,22,11,50.0,1.9,0.95,0.27,0.55,0,0
ENG-Premier League,2324,Nottingham,Willy Boly,CIV,DF,32,1991,16.0,2,14,6,42.9,0.88,0.38,0.14,0.33,0,0
ENG-Premier League,2324,Sheffield United,Andre Brooks,JAM,MF,19,2003,10.4,0,9,2,22.2,0.86,0.19,0.0,0.0,0,0
ENG-Premier League,2324,Sheffield United,Anel Ahmedhodžić,BIH,DF,24,1999,29.4,2,19,5,26.3,0.65,0.17,0.11,0.4,0,0
ENG-Premier League,2324,Sheffield United,Anis Ben Slimane,TUN,MF,22,2001,4.7,0,8,3,37.5,1.72,0.64,0.0,0.0,0,0
ENG-Premier League,2324,Sheffield United,Antwoine Hackford,ENG,FW,19,2004,0.1,0,0,0,,0.0,0.0,,,0,0
ENG-Premier League,2324,Sheffield United,Auston Trusty,USA,DF,24,1998,28.6,0,8,2,25.0,0.28,0.07,0.0,0.0,0,0
ENG-Premier League,2324,Sheffield United,Ben Brereton,CHI,"FW,MF",24,1999,12.3,6,35,19,54.3,2.85,1.55,0.14,0.26,1,1
ENG-Premier League,2324,Sheffield United,Ben Osborn,ENG,MF,28,1994,15.2,0,4,0,0.0,0.26,0.0,0.0,,0,0
ENG-Premier League,2324,Sheffield United,Bénie Traoré,CIV,"FW,MF",20,2002,4.3,0,1,1,100.0,0.23,0.23,0.0,0.0,0,0
ENG-Premier League,2324,Sheffield United,Cameron Archer,ENG,"FW,MF",22,2001,20.4,4,42,11,26.2,2.06,0.54,0.1,0.36,0,0
ENG-Premier League,2324,Sheffield United,Chris Basham,ENG,"DF,MF",35,1988,3.6,0,2,0,0.0,0.56,0.0,0.0,,0,0
ENG-Premier League,2324,Sheffield United,Daniel Jebbison,CAN,FW,19,2003,0.2,0,0,0,,0.0,0.0,,,0,0
ENG-Premier League,2324,Sheffield United,George Baldock,GRE,"DF,MF",30,1993,10.8,0,1,0,0.0,0.09,0.0,0.0,,0,0
ENG-Premier League,2324,Sheffield United,Gustavo Hamer,NED,MF,26,1997,32.3,4,49,15,30.6,1.52,0.46,0.08,0.27,0,0
ENG-Premier League,2324,Sheffield United,Ivo Grbić,CRO,GK,27,1996,8.6,0,0,0,,0.0,0.0,,,0,0
ENG-Premier League,2324,Sheffield United,Jack Robinson,ENG,DF,29,1993,32.1,1,14,6,42.9,0.44,0.19,0.07,0.17,0,0
ENG-Premier League,2324,Sheffield United,James Mcatee,ENG,"MF,FW",20,2002,20.2,3,26,9,34.6,1.28,0.44,0.08,0.22,1,1
ENG-Premier League,2324,Sheffield United,Jayden Bogle,ENG,"MF,DF",23,2000,31.0,3,32,11,34.4,1.03,0.36,0.09,0.27,0,0
ENG-Premier League,2324,Sheffield United,John Egan,IRL,DF,30,1992,5.4,0,3,1,33.3,0.56,0.19,0.0,0.0,0,0
ENG-Premier League,2324,Sheffield United,John Fleck,SCO,MF,31,1991,1.0,0,0,0,,0.0,0.0,,,0,0
ENG-Premier League,2324,Sheffield United,Luke Thomas,ENG,"MF,DF",22,2001,10.2,0,6,1,16.7,0.59,0.1,0.0,0.0,0,0
ENG-Premier League,2324,Sheffield United,Mason Holgate,JAM,DF,26,1996,7.9,0,3,0,0.0,0.38,0.0,0.0,,0,0
ENG-Premier League,2324,Sheffield United,Max Lowe,ENG,"MF,DF",26,1997,5.6,0,2,0,0.0,0.36,0.0,0.0,,0,0
ENG-Premier League,2324,Sheffield United,Oliver Arblaster,ENG,MF,19,2004,10.5,0,1,1,100.0,0.1,0.1,0.0,0.0,0,0
ENG-Premier League,2324,Sheffield United,Oliver McBurnie,SCO,FW,27,1996,14.2,6,33,17,51.5,2.32,1.2,0.12,0.24,2,2
ENG-Premier League,2324,Sheffield United,Oliver Norwood,NIR,MF,32,1991,16.0,1,15,6,40.0,0.94,0.37,0.0,0.0,1,1
ENG-Premier League,2324,Sheffield United,Rhian Brewster,ENG,FW,23,2000,3.8,0,7,3,42.9,1.82,0.78,0.0,0.0,0,0
ENG-Premier League,2324,Sheffield United,Rhys Norrington-Davies,WAL,DF,24,1999,1.2,0,0,0,,0.0,0.0,,,0,0
ENG-Premier League,2324,Sheffield United,Ryan One,SCO,MF,17,2006,0.1,0,0,0,,0.0,0.0,,,0,0
ENG-Premier League,2324,Sheffield United,Sam Curtis,IRL,DF,17,2005,0.3,0,0,0,,0.0,0.0,,,0,0
ENG-Premier League,2324,Sheffield United,Sydie Peck,ENG,MF,18,2004,0.1,0,0,0,,0.0,0.0,,,0,0
ENG-Premier League,2324,Sheffield United,Tom Davies,ENG,MF,25,1998,2.5,0,4,1,25.0,1.63,0.41,0.0,0.0,0,0
ENG-Premier League,2324,Sheffield United,Vinicius Souza,BRA,MF,24,1999,29.6,1,14,6,42.9,0.47,0.2,0.07,0.17,0,0
ENG-Premier League,2324,Sheffield United,Wes Foderingham,ENG,GK,32,1991,29.4,0,0,0,,0.0,0.0,,,0,0
ENG-Premier League,2324,Sheffield United,William Osula,DEN,FW,19,2003,8.7,0,21,8,38.1,2.4,0.92,0.0,0.0,0,0
ENG-Premier League,2324,Sheffield United,Yasser Larouci,ALG,MF,22,2001,5.9,0,6,1,16.7,1.02,0.17,0.0,0.0,0,0
ENG-Premier League,2324,Tottenham,Alejo Véliz,ARG,FW,19,2003,0.6,1,2,1,50.0,3.6,1.8,0.5,1.0,0,0
ENG-Premier League,2324,Tottenham,Ben Davies,WAL,DF,30,1993,12.1,1,12,2,16.7,0.99,0.17,0.08,0.5,0,0
ENG-Premier League,2324,Tottenham,Brennan Johnson,WAL,"MF,FW",22,2001,23.2,5,50,21,42.0,2.16,0.91,0.1,0.24,0,0
ENG-Premier League,2324,Tottenham,Bryan Gil,ESP,MF,22,2001,2.3,0,4,1,25.0,1.72,0.43,0.0,0.0,0,0
ENG-Premier League,2324,Tottenham,Cristian Romero,ARG,DF,25,1998,31.0,5,24,10,41.7,0.77,0.32,0.21,0.5,0,0
ENG-Premier League,2324,Tottenham,Dane Scarlett,ENG,FW,19,2004,0.2,0,0,0,,0.0,0.0,,,0,0
ENG-Premier League,2324,Tottenham,Davinson Sánchez,COL,DF,27,1996,0.9,0,1,0,0.0,1.17,0.0,0.0,,0,0
ENG-Premier League,2324,Tottenham,Dejan Kulusevski,SWE,"MF,FW",23,2000,30.7,8,57,24,42.1,1.86,0.78,0.14,0.33,0,0
ENG-Premier League,2324,Tottenham,Destiny Udogie,ITA,DF,20,2002,26.6,2,9,5,55.6,0.34,0.19,0.22,0.4,0,0
ENG-Premier League,2324,Tottenham,Emerson,BRA,DF,24,1999,12.9,1,6,3,50.0,0.47,0.23,0.17,0.33,0,0
ENG-Premier League,2324,Tottenham,Eric Dier,ENG,DF,29,1994,2.2,0,0,0,,0.0,0.0,,,0,0
ENG-Premier League,2324,Tottenham,Giovani Lo Celso,ARG,MF,27,1996,5.6,2,13,6,46.2,2.31,1.07,0.15,0.33,0,0
ENG-Premier League,2324,Tottenham,Guglielmo Vicario,ITA,GK,26,1996,38.0,0,0,0,,0.0,0.0,,,0,0
ENG-Premier League,2324,Tottenham,Ivan Perišić,CRO,"FW,MF",34,1989,1.1,0,2,0,0.0,1.75,0.0,0.0,,0,0
ENG-Premier League,2324,Tottenham,James Maddison,ENG,MF,26,1996,23.7,4,57,22,38.6,2.4,0.93,0.07,0.18,0,0
ENG-Premier League,2324,Tottenham,Jamie Donley,NIR,MF,18,2005,0.0,0,0,0,,0.0,0.0,,,0,0
ENG-Premier League,2324,Tottenham,Manor Solomon,ISR,MF,24,1999,2.2,0,7,1,14.3,3.17,0.45,0.0,0.0,0,0
ENG-Premier League,2324,Tottenham,Micky van de Ven,NED,DF,22,2001,26.0,3,8,3,37.5,0.31,0.12,0.38,1.0,0,0
ENG-Premier League,2324,Tottenham,Mikey Moore,ENG,MF,15,2007,0.0,0,0,0,,0.0,0.0,,,0,0
ENG-Premier League,2324,Tottenham,Oliver Skipp,ENG,"MF,DF",22,2000,7.9,0,4,1,25.0,0.51,0.13,0.0,0.0,0,0
ENG-Premier League,2324,Tottenham,Pape Matar Sarr,SEN,MF,20,2002,23.0,3,36,14,38.9,1.57,0.61,0.08,0.21,0,0
ENG-Premier League,2324,Tottenham,Pedro Porro,ESP,DF,23,1999,34.3,3,53,12,22.6,1.54,0.35,0.06,0.25,0,0
ENG-Premier League,2324,Tottenham,Pierre Højbjerg,DEN,MF,27,1995,14.6,0,19,6,31.6,1.3,0.41,0.0,0.0,0,0
ENG-Premier League,2324,Tottenham,Radu Drăgușin,ROU,DF,21,2002,4.8,0,1,0,0.0,0.21,0.0,0.0,,0,0
ENG-Premier League,2324,Tottenham,Richarlison,BRA,"FW,MF",26,1997,16.6,11,61,25,41.0,3.68,1.51,0.18,0.44,0,0
ENG-Premier League,2324,Tottenham,Rodrigo Bentancur,URU,MF,26,1997,11.2,1,18,5,27.8,1.61,0.45,0.06,0.2,0,0
ENG-Premier League,2324,Tottenham,Son Heung-min,KOR,"FW,MF",31,1992,32.6,17,85,40,47.1,2.61,1.23,0.18,0.38,2,2
ENG-Premier League,2324,Tottenham,Timo Werner,GER,"MF,FW",27,1996,9.0,2,29,7,24.1,3.23,0.78,0.07,0.29,0,0
ENG-Premier League,2324,Tottenham,Yves Bissouma,MLI,MF,26,1996,23.0,0,24,5,20.8,1.04,0.22,0.0,0.0,0,0
ENG-Premier League,2324,West Ham,Aaron Cresswell,ENG,DF,33,1989,4.8,0,0,0,,0.0,0.0,,,0,0
ENG-Premier League,2324,West Ham,Alphonse Areola,FRA,GK,30,1993,30.0,0,0,0,,0.0,0.0,,,0,0
ENG-Premier League,2324,West Ham,Angelo Ogbonna,ITA,DF,35,1988,7.1,0,1,0,0.0,0.14,0.0,0.0,,0,0
ENG-Premier League,2324,West Ham,Ben Johnson,ENG,"MF,DF",23,2000,6.0,0,6,2,33.3,0.99,0.33,0.0,0.0,0,0
ENG-Premier League,2324,West Ham,Danny Ings,ENG,"FW,MF",31,1992,4.5,1,12,4,33.3,2.67,0.89,0.08,0.25,0,0
ENG-Premier League,2324,West Ham,Divin Mubama,ENG,FW,18,2004,0.9,0,1,0,0.0,1.13,0.0,0.0,,0,0
ENG-Premier League,2324,West Ham,Edson Álvarez,MEX,MF,25,1997,26.4,1,17,3,17.6,0.64,0.11,0.06,0.33,0,0
ENG-Premier League,2324,West Ham,Emerson Palmieri,ITA,DF,28,1994,34.9,1,19,4,21.1,0.55,0.11,0.05,0.25,0,0
ENG-Premier League,2324,West Ham,George Earthy,ENG,MF,18,2004,0.4,1,1,1,100.0,2.65,2.65,1.0,1.0,0,0
ENG-Premier League,2324,West Ham,James Ward-Prowse,ENG,MF,28,1994,33.3,7,44,18,40.9,1.32,0.54,0.11,0.28,2,2
ENG-Premier League,2324,West Ham,Jarrod Bowen,ENG,"MF,FW",26,1996,33.5,16,85,37,43.5,2.53,1.1,0.19,0.43,0,0
ENG-Premier League,2324,West Ham,Kaelan Casey,ENG,DF,18,2004,0.0,0,0,0,,0.0,0.0,,,0,0
ENG-Premier League,2324,West Ham,Kalvin Phillips,ENG,MF,27,1995,3.4,0,3,2,66.7,0.87,0.58,0.0,0.0,0,0
ENG-Premier League,2324,West Ham,Konstantinos Mavropanos,GRE,DF,25,1997,16.7,1,12,3,25.0,0.72,0.18,0.08,0.33,0,0
ENG-Premier League,2324,West Ham,Kurt Zouma,FRA,DF,28,1994,31.5,3,16,7,43.8,0.51,0.22,0.19,0.43,0,0
ENG-Premier League,2324,West Ham,Lucas Paquetá,BRA,MF,25,1997,29.1,4,42,11,26.2,1.44,0.38,0.05,0.18,2,2
ENG-Premier League,2324,West Ham,Maxwel Cornet,CIV,MF,26,1996,1.2,1,4,1,25.0,3.21,0.8,0.25,1.0,0,0
ENG-Premier League,2324,West Ham,Michail Antonio,JAM,FW,33,1990,18.8,6,30,14,46.7,1.59,0.74,0.2,0.43,0,0
ENG-Premier League,2324,West Ham,Mohammed Kudus,GHA,MF,22,2000,27.6,8,67,17,25.4,2.43,0.62,0.12,0.47,0,0
ENG-Premier League,2324,West Ham,Nayef Aguerd,MAR,DF,27,1996,20.6,1,14,4,28.6,0.68,0.19,0.07,0.25,0,0
ENG-Premier League,2324,West Ham,Pablo Fornals,ESP,MF,27,1996,4.7,0,7,3,42.9,1.48,0.63,0.0,0.0,0,0
ENG-Premier League,2324,West Ham,Saïd Benrahma,ALG,MF,27,1995,6.9,0,19,6,31.6,2.76,0.87,0.0,0.0,0,1
ENG-Premier League,2324,West Ham,Thilo Kehrer,GER,DF,26,1996,0.2,0,0,0,,0.0,0.0,,,0,0
ENG-Premier League,2324,West Ham,Tomáš Souček,CZE,MF,28,1995,31.9,7,42,15,35.7,1.32,0.47,0.17,0.47,0,0
ENG-Premier League,2324,West Ham,Vladimír Coufal,CZE,DF,30,1992,34.8,0,8,2,25.0,0.23,0.06,0.0,0.0,0,0
ENG-Premier League,2324,West Ham,Łukasz Fabiański,POL,GK,38,1985,8.0,0,0,0,,0.0,0.0,,,0,0
ENG-Premier League,2324,Wolves,Boubacar Traoré,MLI,MF,21,2001,9.1,0,11,1,9.1,1.21,0.11,0.0,0.0,0,0
ENG-Premier League,2324,Wolves,Craig Dawson,ENG,DF,33,1990,24.5,1,16,5,31.3,0.65,0.2,0.06,0.2,0,0
ENG-Premier League,2324,Wolves,Daniel Bentley,ENG,GK,30,1993,4.3,0,0,0,,0.0,0.0,,,0,0
ENG-Premier League,2324,Wolves,Enso Gonzalez,PAR,FW,18,2005,0.0,0,0,0,,0.0,0.0,,,0,0
ENG-Premier League,2324,Wolves,Fábio Silva,POR,FW,21,2002,2.9,0,7,3,42.9,2.39,1.02,0.0,0.0,0,0
ENG-Premier League,2324,Wolves,Hugo Bueno,ESP,"MF,DF",20,2002,8.2,0,5,0,0.0,0.61,0.0,0.0,,0,0
ENG-Premier League,2324,Wolves,Hwang Hee-chan,KOR,"FW,MF",27,1996,23.5,12,45,18,40.0,1.91,0.76,0.24,0.61,1,1
ENG-Premier League,2324,Wolves,Jean-Ricner Bellegarde,HAI,"MF,FW",25,1998,10.6,2,15,5,33.3,1.41,0.47,0.13,0.4,0,0
ENG-Premier League,2324,Wolves,Jonny Castro,ESP,"DF,MF",29,1994,0.1,0,0,0,,0.0,0.0,,,0,0
ENG-Premier League,2324,Wolves,José Sá,POR,GK,30,1993,33.7,0,0,0,,0.0,0.0,,,0,0
ENG-Premier League,2324,Wolves,João Gomes,BRA,MF,22,2001,29.4,2,26,8,30.8,0.88,0.27,0.08,0.25,0,0
ENG-Premier League,2324,Wolves,Leon Chiwome,ENG,FW,17,2006,1.9,0,2,0,0.0,1.03,0.0,0.0,,0,0
ENG-Premier League,2324,Wolves,Mario Lemina,GAB,MF,29,1993,33.0,4,48,18,37.5,1.46,0.55,0.08,0.22,0,0
ENG-Premier League,2324,Wolves,Matheus Cunha,BRA,"FW,MF",24,1999,27.1,12,73,38,52.1,2.69,1.4,0.15,0.29,1,1
ENG-Premier League,2324,Wolves,Matheus Nunes,POR,MF,24,1998,2.0,0,1,0,0.0,0.5,0.0,0.0,,0,0
ENG-Premier League,2324,Wolves,Matt Doherty,IRL,"MF,DF",31,1992,12.8,1,8,3,37.5,0.63,0.23,0.13,0.33,0,0
ENG-Premier League,2324,Wolves,Max Kilman,ENG,DF,26,1997,38.0,2,14,6,42.9,0.37,0.16,0.14,0.33,0,0
ENG-Premier League,2324,Wolves,Nathan Fraser,IRL,FW,18,2005,2.1,0,3,2,66.7,1.45,0.97,0.0,0.0,0,0
ENG-Premier League,2324,Wolves,Nélson Semedo,POR,"MF,DF",29,1993,34.3,0,17,4,23.5,0.5,0.12,0.0,0.0,0,0
ENG-Premier League,2324,Wolves,Pablo Sarabia,ESP,"MF,FW",31,1992,19.4,4,46,18,39.1,2.37,0.93,0.04,0.11,2,2
ENG-Premier League,2324,Wolves,Pedro Neto,POR,"MF,FW",23,2000,16.8,2,36,12,33.3,2.14,0.71,0.06,0.17,0,0
ENG-Premier League,2324,Wolves,Rayan Aït-Nouri,ALG,"MF,DF",22,2001,25.9,2,23,7,30.4,0.89,0.27,0.09,0.29,0,0
ENG-Premier League,2324,Wolves,Santiago Bueno,URU,DF,24,1998,9.1,0,0,0,,0.0,0.0,,,0,0
ENG-Premier League,2324,Wolves,Saša Kalajdžić,AUT,FW,26,1997,1.8,2,4,2,50.0,2.17,1.08,0.5,1.0,0,0
ENG-Premier League,2324,Wolves,Tawanda Chirewa,ZIM,FW,19,2003,1.6,0,3,1,33.3,1.86,0.62,0.0,0.0,0,0
ENG-Premier League,2324,Wolves,Tommy Doyle,ENG,MF,21,2001,13.6,0,14,3,21.4,1.03,0.22,0.0,0.0,0,0
ENG-Premier League,2324,Wolves,Toti Gomes,POR,DF,24,1999,30.8,1,10,5,50.0,0.32,0.16,0.1,0.2,0,0
ESP-La Liga,2324,Alavés,Abde Rebbach,ALG,MF,24,1998,8.0,1,17,4,23.5,2.12,0.5,0.06,0.25,0,0
ESP-La Liga,2324,Alavés,Abdel Abqar,MAR,DF,24,1999,25.7,0,10,3,30.0,0.39,0.12,0.0,0.0,0,0
ESP-La Liga,2324,Alavés,Aleksandar Sedlar,SRB,DF,31,1991,10.5,1,4,1,25.0,0.38,0.1,0.25,1.0,0,0
ESP-La Liga,2324,Alavés,Alex Sola,ESP,MF,24,1999,14.0,0,28,7,25.0,2.0,0.5,0.0,0.0,0,0
ESP-La Liga,2324,Alavés,Ander Guevara,ESP,MF,26,1997,32.6,1,16,3,18.8,0.49,0.09,0.06,0.33,0,0
ESP-La Liga,2324,Alavés,Andoni Gorosabel,ESP,DF,26,1996,31.7,1,15,6,40.0,0.47,0.19,0.07,0.17,0,0
ESP-La Liga,2324,Alavés,Antonio Blanco,ESP,MF,23,2000,27.0,0,20,3,15.0,0.74,0.11,0.0,0.0,0,0
ESP-La Liga,2324,Alavés,Antonio Sivera,ESP,GK,26,1996,34.0,0,0,0,,0.0,0.0,,,0,0
ESP-La Liga,2324,Alavés,Carlos Benavídez,URU,MF,25,1998,12.6,3,14,7,50.0,1.11,0.55,0.21,0.43,0,0
ESP-La Liga,2324,Alavés,Carlos Vicente,ESP,MF,24,1999,12.4,2,15,8,53.3,1.21,0.65,0.13,0.25,0,0
ESP-La Liga,2324,Alavés,Eneko Ortiz,ESP,MF,20,2003,0.2,0,0,0,,0.0,0.0,,,0,0
ESP-La Liga,2324,Alavés,Giuliano Simeone,ARG,MF,20,2002,7.0,1,15,3,20.0,2.14,0.43,0.07,0.33,0,1
ESP-La Liga,2324,Alavés,Ianis Hagi,ROU,MF,24,1998,8.9,0,27,9,33.3,3.02,1.01,0.0,0.0,0,1
ESP-La Liga,2324,Alavés,Javi López,ESP,DF,21,2002,26.5,1,18,3,16.7,0.68,0.11,0.06,0.33,0,0
ESP-La Liga,2324,Alavés,Jesús Owono,EQG,GK,22,2001,4.0,0,0,0,,0.0,0.0,,,0,0
ESP-La Liga,2324,Alavés,Joaquín Panichelli,ARG,"MF,FW",20,2002,2.5,0,9,2,22.2,3.58,0.8,0.0,0.0,0,0
ESP-La Liga,2324,Alavés,Jon Guridi,ESP,MF,28,1995,29.8,3,36,8,22.2,1.21,0.27,0.08,0.38,0,0
ESP-La Liga,2324,Alavés,Jon Karrikaburu,ESP,FW,20,2002,0.2,0,0,0,,0.0,0.0,,,0,0
ESP-La Liga,2324,Alavés,Kiké,ESP,FW,33,1989,15.8,3,57,26,45.6,3.61,1.64,0.05,0.12,0,1
ESP-La Liga,2324,Alavés,Luis Rioja,ESP,MF,29,1993,27.8,5,57,19,33.3,2.05,0.68,0.04,0.11,3,4
ESP-La Liga,2324,Alavés,Mamadou Sylla,SEN,FW,29,1994,0.2,0,0,0,,0.0,0.0,,,0,0
ESP-La Liga,2324,Alavés,Miguel,ESP,FW,23,1999,0.7,0,2,1,50.0,2.77,1.38,0.0,0.0,0,0
ESP-La Liga,2324,Alavés,Nahuel Tenaglia,ARG,DF,27,1996,12.7,1,8,1,12.5,0.63,0.08,0.13,1.0,0,0
ESP-La Liga,2324,Alavés,Rafa Marín,ESP,DF,21,2002,27.1,0,13,3,23.1,0.48,0.11,0.0,0.0,0,0
ESP-La Liga,2324,Alavés,Rubén Duarte,ESP,DF,27,1995,20.9,2,15,5,33.3,0.72,0.24,0.13,0.4,0,0
ESP-La Liga,2324,Alavés,Samu Omorodion,ESP,FW,19,2004,21.3,8,64,25,39.1,3.0,1.17,0.13,0.32,0,0
ESP-La Liga,2324,Alavés,Tomás Mendes,ESP,MF,18,2004,0.1,0,0,0,,0.0,0.0,,,0,0
ESP-La Liga,2324,Alavés,Unai Ropero,ESP,FW,21,2001,0.1,0,0,0,,0.0,0.0,,,0,0
ESP-La Liga,2324,Alavés,Victor Parada,ESP,DF,21,2002,0.0,0,0,0,,0.0,0.0,,,0,0
ESP-La Liga,2324,Alavés,Xeber,ESP,"MF,FW",26,1997,3.4,0,5,0,0.0,1.49,0.0,0.0,,0,0
ESP-La Liga,2324,Almería,Adri Embarba,ESP,"MF,FW",31,1992,27.5,3,64,25,39.1,2.33,0.91,0.03,0.08,1,1
ESP-La Liga,2324,Almería,Alejandro Pozo Pozo,ESP,"DF,MF",24,1999,10.8,0,4,2,50.0,0.37,0.18,0.0,0.0,0,0
ESP-La Liga,2324,Almería,Aleksandar Radovanović,SRB,DF,29,1993,6.3,0,1,0,0.0,0.16,0.0,0.0,,0,0
ESP-La Liga,2324,Almería,Anthony Lozano,HON,FW,30,1993,8.6,3,23,9,39.1,2.68,1.05,0.13,0.33,0,0
ESP-La Liga,2324,Almería,Arnau Puigmal,ESP,"MF,DF",22,2001,2.8,0,0,0,,0.0,0.0,,,0,0
ESP-La Liga,2324,Almería,Bruno Langa,MOZ,DF,25,1997,9.1,1,8,2,25.0,0.88,0.22,0.13,0.5,0,0
ESP-La Liga,2324,Almería,Chumi,ESP,DF,24,1999,27.0,0,5,1,20.0,0.18,0.04,0.0,0.0,0,0
ESP-La Liga,2324,Almería,César Montes,MEX,DF,26,1997,19.9,0,13,2,15.4,0.65,0.1,0.0,0.0,0,0
ESP-La Liga,2324,Almería,Diego Mariño,ESP,GK,33,1990,1.0,0,0,0,,0.0,0.0,,,0,0
ESP-La Liga,2324,Almería,Dion Lopy,SEN,MF,21,2002,21.3,0,23,8,34.8,1.08,0.38,0.0,0.0,0,0
ESP-La Liga,2324,Almería,Fernando,ESP,GK,33,1990,4.0,0,0,0,,0.0,0.0,,,0,0
ESP-La Liga,2324,Almería,Gonzalo Melero,ESP,"MF,FW",29,1994,12.3,1,14,4,28.6,1.14,0.33,0.07,0.25,0,0
ESP-La Liga,2324,Almería,Houboulang Mendes,GNB,DF,25,1998,4.4,0,1,0,0.0,0.23,0.0,0.0,,0,0
ESP-La Liga,2324,Almería,Ibrahima Koné,MLI,FW,24,1999,3.1,0,4,2,50.0,1.3,0.65,0.0,0.0,0,0
ESP-La Liga,2324,Almería,Iddrisu Baba,GHA,MF,27,1996,15.9,0,8,2,25.0,0.5,0.13,0.0,0.0,0,0
ESP-La Liga,2324,Almería,Jonathan Viera,ESP,MF,33,1989,10.1,0,12,5,41.7,1.18,0.49,0.0,0.0,0,0
ESP-La Liga,2324,Almería,Kaiky,BRA,DF,19,2004,5.8,1,3,1,33.3,0.52,0.17,0.33,1.0,0,0
ESP-La Liga,2324,Almería,Largie Ramazani,BEL,"MF,FW",22,2001,17.3,3,40,13,32.5,2.32,0.75,0.08,0.23,0,0
ESP-La Liga,2324,Almería,Lucas Robertone,ARG,MF,26,1997,26.5,0,37,13,35.1,1.4,0.49,0.0,0.0,0,0
ESP-La Liga,2324,Almería,Luis Suárez,COL,"FW,MF",25,1997,10.2,6,40,14,35.0,3.93,1.37,0.13,0.36,1,1
ESP-La Liga,2324,Almería,Luka Romero,ARG,MF,18,2004,4.9,3,8,3,37.5,1.64,0.62,0.38,1.0,0,0
ESP-La Liga,2324,Almería,Luís Maximiano,POR,GK,24,1999,33.0,0,0,0,,0.0,0.0,,,0,0
ESP-La Liga,2324,Almería,Lázaro,BRA,MF,21,2002,3.2,0,8,4,50.0,2.53,1.26,0.0,0.0,0,0
ESP-La Liga,2324,Almería,Léo Baptistão,BRA,"FW,MF",30,1992,20.4,6,48,18,37.5,2.35,0.88,0.13,0.33,0,0
ESP-La Liga,2324,Almería,Marc Pubill,ESP,DF,20,2003,20.9,1,20,5,25.0,0.96,0.24,0.05,0.2,0,0
ESP-La Liga,2324,Almería,Marciano Tchami,GNB,FW,19,2004,0.5,0,1,0,0.0,2.09,0.0,0.0,,0,0
ESP-La Liga,2324,Almería,Marcos Peña,ESP,MF,18,2005,4.9,0,4,1,25.0,0.82,0.2,0.0,0.0,0,0
ESP-La Liga,2324,Almería,Marko Milovanović,SRB,FW,19,2003,3.4,1,5,1,20.0,1.46,0.29,0.2,1.0,0,0
ESP-La Liga,2324,Almería,Paco Sanz,ESP,DF,18,2004,0.3,0,0,0,,0.0,0.0,,,0,0
ESP-La Liga,2324,Almería,Rachad Fettal,MAR,FW,18,2005,0.2,0,1,0,0.0,5.29,0.0,0.0,,0,0
ESP-La Liga,2324,Almería,Sergio Akieme,ESP,"DF,MF",25,1997,18.6,2,9,5,55.6,0.48,0.27,0.22,0.4,0,0
ESP-La Liga,2324,Almería,Sergio Arribas,ESP,"MF,FW",21,2001,22.7,9,60,22,36.7,2.64,0.97,0.15,0.41,0,0
ESP-La Liga,2324,Almería,Srđan Babić,SRB,DF,27,1996,1.0,0,1,0,0.0,1.0,0.0,0.0,,0,0
ESP-La Liga,2324,Almería,Álex Centelles,ESP,DF,25,1997,10.9,0,2,1,50.0,0.18,0.09,0.0,0.0,0,0
ESP-La Liga,2324,Almería,Édgar González,ESP,"DF,MF",26,1997,28.0,2,13,3,23.1,0.46,0.11,0.15,0.67,0,0
ESP-La Liga,2324,Athletic Club,Adu Ares,ESP,MF,21,2001,2.9,0,4,0,0.0,1.36,0.0,0.0,,0,0
ESP-La Liga,2324,Athletic Club,Aingeru Olabarrieta,ESP,FW,17,2005,0.1,0,1,0,0.0,10.0,0.0,0.0,,0,0
ESP-La Liga,2324,Athletic Club,Aitor Paredes,ESP,DF,23,2000,30.0,1,13,3,23.1,0.43,0.1,0.08,0.33,0,0
ESP-La Liga,2324,Athletic Club,Ander Herrera,ESP,MF,33,1989,11.4,0,14,2,14.3,1.22,0.17,0.0,0.0,0,0
ESP-La Liga,2324,Athletic Club,Asier Villalibre,ESP,FW,25,1997,5.7,2,12,6,50.0,2.11,1.05,0.17,0.33,0,0
ESP-La Liga,2324,Athletic Club,Beñat Prados,ESP,MF,22,2001,16.1,0,7,4,57.1,0.43,0.25,0.0,0.0,0,0
ESP-La Liga,2324,Athletic Club,Dani García,ESP,MF,33,1990,8.3,1,6,3,50.0,0.72,0.36,0.17,0.33,0,0
ESP-La Liga,2324,Athletic Club,Daniel Vivian,ESP,DF,24,1999,32.0,0,11,1,9.1,0.34,0.03,0.0,0.0,0,0
ESP-La Liga,2324,Athletic Club,Gorka Guruzeta,ESP,FW,26,1996,24.6,14,65,31,47.7,2.64,1.26,0.22,0.45,0,1
ESP-La Liga,2324,Athletic Club,Iker Muniain,ESP,MF,30,1992,6.6,2,13,7,53.8,1.97,1.06,0.15,0.29,0,0
ESP-La Liga,2324,Athletic Club,Imanol,ESP,DF,23,2000,5.8,0,1,0,0.0,0.17,0.0,0.0,,0,0
ESP-La Liga,2324,Athletic Club,Iñaki Williams,GHA,MF,29,1994,31.6,12,93,43,46.2,2.94,1.36,0.13,0.28,0,0
ESP-La Liga,2324,Athletic Club,Iñigo Lekue,ESP,DF,30,1993,22.2,0,5,0,0.0,0.22,0.0,0.0,,0,0
ESP-La Liga,2324,Athletic Club,Iñigo Ruiz de Galarreta,ESP,MF,29,1993,23.2,1,11,2,18.2,0.47,0.09,0.09,0.5,0,0
ESP-La Liga,2324,Athletic Club,Julen Agirrezabala,ESP,GK,22,2000,2.6,0,0,0,,0.0,0.0,,,0,0
ESP-La Liga,2324,Athletic Club,Mikel Jauregizar,ESP,MF,19,2003,1.7,0,2,0,0.0,1.19,0.0,0.0,,0,0
ESP-La Liga,2324,Athletic Club,Mikel Vesga,ESP,MF,30,1993,17.0,3,19,7,36.8,1.11,0.41,0.05,0.14,2,2
ESP-La Liga,2324,Athletic Club,Nico Williams,ESP,MF,21,2002,25.1,5,56,19,33.9,2.23,0.76,0.09,0.26,0,0
ESP-La Liga,2324,Athletic Club,Oihan Sancet,ESP,MF,23,2000,21.9,4,42,12,28.6,1.91,0.55,0.1,0.33,0,1
ESP-La Liga,2324,Athletic Club,Peru Nolaskoain,ESP,"DF,MF",24,1998,0.1,0,0,0,,0.0,0.0,,,0,0
ESP-La Liga,2324,Athletic Club,Raúl García,ESP,FW,37,1986,4.7,1,10,1,10.0,2.14,0.21,0.1,1.0,0,0
ESP-La Liga,2324,Athletic Club,Unai Gómez,ESP,MF,20,2003,9.7,2,16,8,50.0,1.65,0.82,0.13,0.25,0,0
ESP-La Liga,2324,Athletic Club,Unai Simón,ESP,GK,26,1997,35.4,0,0,0,,0.0,0.0,,,0,0
ESP-La Liga,2324,Athletic Club,Yeray Álvarez,ESP,DF,28,1995,12.8,0,7,2,28.6,0.55,0.16,0.0,0.0,0,0
ESP-La Liga,2324,Athletic Club,Yuri Berchiche,ESP,DF,33,1990,21.4,3,18,6,33.3,0.84,0.28,0.17,0.5,0,0
ESP-La Liga,2324,Athletic Club,Álex Berenguer,ESP,MF,28,1995,17.7,7,32,12,37.5,1.81,0.68,0.19,0.5,1,1
ESP-La Liga,2324,Athletic Club,Óscar de Marcos,ESP,DF,34,1989,25.1,1,5,2,40.0,0.2,0.08,0.2,0.5,0,0
ESP-La Liga,2324,Atlético Madrid,Abdellah Raihani,MAR,FW,19,2004,0.1,0,0,0,,0.0,0.0,,,0,0
ESP-La Liga,2324,Atlético Madrid,Antoine Griezmann,FRA,"FW,MF",32,1991,29.4,16,79,34,43.0,2.69,1.16,0.15,0.35,4,4
ESP-La Liga,2324,Atlético Madrid,Arthur Vermeeren,BEL,MF,18,2005,1.8,0,0,0,,0.0,0.0,,,0,0
ESP-La Liga,2324,Atlético Madrid,Axel Witsel,BEL,DF,34,1989,30.9,2,7,3,42.9,0.23,0.1,0.29,0.67,0,0
ESP-La Liga,2324,Atlético Madrid,César Azpilicueta,ESP,"DF,MF",33,1989,15.8,0,2,2,100.0,0.13,0.13,0.0,0.0,0,0
ESP-La Liga,2324,Atlético Madrid,Gabriel Paulista,BRA,DF,32,1990,4.5,0,1,1,100.0,0.22,0.22,0.0,0.0,0,0
ESP-La Liga,2324,Atlético Madrid,Jan Oblak,SVN,GK,30,1993,38.0,0,0,0,,0.0,0.0,,,0,0
ESP-La Liga,2324,Atlético Madrid,Javi Galán,ESP,"DF,MF",28,1994,1.0,0,0,0,,0.0,0.0,,,0,0
ESP-La Liga,2324,Atlético Madrid,José María Giménez,URU,DF,28,1995,14.7,0,7,1,14.3,0.48,0.07,0.0,0.0,0,0
ESP-La Liga,2324,Atlético Madrid,Koke,ESP,MF,31,1992,27.7,0,10,2,20.0,0.36,0.07,0.0,0.0,0,0
ESP-La Liga,2324,Atlético Madrid,Marcos Llorente,ESP,"MF,DF",28,1995,28.5,6,30,19,63.3,1.05,0.67,0.2,0.32,0,0
ESP-La Liga,2324,Atlético Madrid,Mario Hermoso,ESP,DF,28,1995,28.4,0,17,4,23.5,0.6,0.14,0.0,0.0,0,0
ESP-La Liga,2324,Atlético Madrid,Memphis,NED,FW,29,1994,9.9,5,38,15,39.5,3.83,1.51,0.13,0.33,0,0
ESP-La Liga,2324,Atlético Madrid,Nahuel Molina,ARG,"MF,DF",25,1998,20.6,2,12,5,41.7,0.58,0.24,0.17,0.4,0,0
ESP-La Liga,2324,Atlético Madrid,Pablo Barrios,ESP,MF,20,2003,17.3,0,17,7,41.2,0.98,0.41,0.0,0.0,0,0
ESP-La Liga,2324,Atlético Madrid,Reinildo Mandava,MOZ,DF,29,1994,8.1,2,5,3,60.0,0.62,0.37,0.4,0.67,0,0
ESP-La Liga,2324,Atlético Madrid,Rodrigo De Paul,ARG,MF,29,1994,23.1,3,30,12,40.0,1.3,0.52,0.1,0.25,0,0
ESP-La Liga,2324,Atlético Madrid,Rodrigo Riquelme,ESP,"MF,DF",23,2000,17.0,3,37,16,43.2,2.18,0.94,0.08,0.19,0,0
ESP-La Liga,2324,Atlético Madrid,Salim El Jebari,MAR,MF,19,2004,0.1,0,0,0,,0.0,0.0,,,0,0
ESP-La Liga,2324,Atlético Madrid,Samuel Lino,BRA,"MF,DF",23,1999,23.1,4,54,21,38.9,2.34,0.91,0.07,0.19,0,0
ESP-La Liga,2324,Atlético Madrid,Saúl Ñíguez,ESP,MF,28,1994,15.3,1,16,4,25.0,1.05,0.26,0.06,0.25,0,0
ESP-La Liga,2324,Atlético Madrid,Stefan Savić,MNE,DF,32,1991,18.1,0,5,1,20.0,0.28,0.06,0.0,0.0,0,0
ESP-La Liga,2324,Atlético Madrid,Thomas Lemar,FRA,MF,27,1995,1.8,0,2,0,0.0,1.1,0.0,0.0,,0,0
ESP-La Liga,2324,Atlético Madrid,Yannick Carrasco,BEL,"DF,MF",29,1993,2.5,0,2,1,50.0,0.81,0.41,0.0,0.0,0,0
ESP-La Liga,2324,Atlético Madrid,Álvaro Morata,ESP,FW,30,1992,21.2,15,67,34,50.7,3.17,1.61,0.22,0.44,0,1
ESP-La Liga,2324,Atlético Madrid,Ángel Correa,ARG,"FW,MF",28,1995,17.0,9,43,20,46.5,2.53,1.18,0.21,0.45,0,0
ESP-La Liga,2324,Atlético Madrid,Çağlar Söyüncü,TUR,DF,27,1996,1.3,0,0,0,,0.0,0.0,,,0,0
ESP-La Liga,2324,Barcelona,Abde Ezzalzouli,MAR,"FW,MF",21,2001,0.8,0,4,1,25.0,5.29,1.32,0.0,0.0,0,0
ESP-La Liga,2324,Barcelona,Alejandro Balde,ESP,"DF,MF",19,2003,15.3,0,5,1,20.0,0.33,0.07,0.0,0.0,0,0
ESP-La Liga,2324,Barcelona,Andreas Christensen,DEN,"DF,MF",27,1996,22.0,2,12,4,33.3,0.55,0.18,0.17,0.5,0,0
ESP-La Liga,2324,Barcelona,Ansu Fati,ESP,"FW,MF",20,2002,0.6,0,7,1,14.3,12.6,1.8,0.0,0.0,0,0
ESP-La Liga,2324,Barcelona,Eric García,ESP,"DF,MF",22,2001,0.6,0,1,0,0.0,1.58,0.0,0.0,,0,0
ESP-La Liga,2324,Barcelona,Fermin López,ESP,"MF,FW",20,2003,16.1,8,51,25,49.0,3.17,1.56,0.16,0.32,0,0
ESP-La Liga,2324,Barcelona,Ferran Torres,ESP,FW,23,2000,13.5,7,38,15,39.5,2.82,1.11,0.18,0.47,0,0
ESP-La Liga,2324,Barcelona,Frenkie de Jong,NED,MF,26,1997,18.2,2,7,4,57.1,0.39,0.22,0.29,0.5,0,0
ESP-La Liga,2324,Barcelona,Gavi,ESP,"MF,FW",18,2004,10.5,1,10,5,50.0,0.95,0.48,0.1,0.2,0,0
ESP-La Liga,2324,Barcelona,Héctor Fort,ESP,DF,16,2006,3.5,0,1,0,0.0,0.28,0.0,0.0,,0,0
ESP-La Liga,2324,Barcelona,Iñaki Peña,ESP,GK,24,1999,10.0,0,0,0,,0.0,0.0,,,0,0
ESP-La Liga,2324,Barcelona,Iñigo Martínez,ESP,DF,32,1991,14.4,0,8,1,12.5,0.56,0.07,0.0,0.0,0,0
ESP-La Liga,2324,Barcelona,João Cancelo,POR,DF,29,1994,27.8,2,31,10,32.3,1.11,0.36,0.06,0.2,0,0
ESP-La Liga,2324,Barcelona,João Félix,POR,FW,23,1999,17.1,7,61,25,41.0,3.56,1.46,0.11,0.28,0,0
ESP-La Liga,2324,Barcelona,Jules Koundé,FRA,DF,24,1998,32.2,1,24,7,29.2,0.75,0.22,0.04,0.14,0,0
ESP-La Liga,2324,Barcelona,Lamine Yamal,ESP,"FW,MF",16,2007,24.5,5,58,21,36.2,2.37,0.86,0.09,0.24,0,0
ESP-La Liga,2324,Barcelona,Marc Casado,ESP,MF,19,2003,0.2,0,0,0,,0.0,0.0,,,0,0
ESP-La Liga,2324,Barcelona,Marc Guiu,ESP,FW,17,2006,0.8,1,4,1,25.0,4.86,1.22,0.25,1.0,0,0
ESP-La Liga,2324,Barcelona,Marc-André ter Stegen,GER,GK,31,1992,28.0,0,0,0,,0.0,0.0,,,0,0
ESP-La Liga,2324,Barcelona,Marcos Alonso,ESP,DF,32,1990,2.8,0,3,2,66.7,1.07,0.71,0.0,0.0,0,0
ESP-La Liga,2324,Barcelona,Oriol Romeu,ESP,MF,31,1991,10.4,0,10,2,20.0,0.96,0.19,0.0,0.0,0,0
ESP-La Liga,2324,Barcelona,Pau Cubarsí,ESP,DF,16,2007,17.3,0,3,0,0.0,0.17,0.0,0.0,,0,0
ESP-La Liga,2324,Barcelona,Pedri,ESP,"MF,FW",20,2002,16.4,4,15,7,46.7,0.91,0.43,0.27,0.57,0,0
ESP-La Liga,2324,Barcelona,Raphinha,BRA,"FW,MF",26,1996,15.2,6,59,22,37.3,3.88,1.45,0.08,0.23,1,1
ESP-La Liga,2324,Barcelona,Robert Lewandowski,POL,FW,34,1988,30.6,19,93,43,46.2,3.04,1.41,0.16,0.35,4,4
ESP-La Liga,2324,Barcelona,Ronald Araújo,URU,DF,24,1999,22.2,1,23,9,39.1,1.04,0.41,0.04,0.11,0,0
ESP-La Liga,2324,Barcelona,Sergi Roberto,ESP,"MF,DF",31,1992,9.6,3,10,4,40.0,1.05,0.42,0.3,0.75,0,0
ESP-La Liga,2324,Barcelona,Vitor Roque,BRA,FW,18,2005,3.6,2,13,6,46.2,3.57,1.65,0.15,0.33,0,0
ESP-La Liga,2324,Barcelona,İlkay Gündoğan,GER,MF,32,1990,33.3,5,43,17,39.5,1.29,0.51,0.09,0.24,1,2
ESP-La Liga,2324,Celta Vigo,Anastasios Douvikas,GRE,FW,23,1999,10.1,7,26,15,57.7,2.59,1.49,0.27,0.47,0,0
ESP-La Liga,2324,Celta Vigo,Carl Starfelt,SWE,DF,28,1995,24.6,1,12,5,41.7,0.49,0.2,0.08,0.2,0,0
ESP-La Liga,2324,Celta Vigo,Carles Pérez,ESP,MF,25,1998,8.6,1,24,6,25.0,2.8,0.7,0.04,0.17,0,0
ESP-La Liga,2324,Celta Vigo,Carlos Dominguez,ESP,DF,22,2001,17.6,0,5,0,0.0,0.28,0.0,0.0,,0,0
ESP-La Liga,2324,Celta Vigo,Carlos Dotor,ESP,MF,22,2001,7.9,0,4,0,0.0,0.51,0.0,0.0,,0,0
ESP-La Liga,2324,Celta Vigo,Damián Rodríguez,ESP,MF,20,2003,2.9,0,1,0,0.0,0.35,0.0,0.0,,0,0
ESP-La Liga,2324,Celta Vigo,Fran Beltrán,ESP,MF,24,1999,27.0,0,21,3,14.3,0.78,0.11,0.0,0.0,0,0
ESP-La Liga,2324,Celta Vigo,Franco Cervi,ARG,"MF,DF",29,1994,6.1,0,9,1,11.1,1.48,0.16,0.0,0.0,0,0
ESP-La Liga,2324,Celta Vigo,Gabriel Veiga,ESP,MF,21,2002,0.2,0,0,0,,0.0,0.0,,,0,0
ESP-La Liga,2324,Celta Vigo,Hugo Sotelo,ESP,MF,19,2003,8.0,0,8,1,12.5,1.0,0.12,0.0,0.0,0,0
ESP-La Liga,2324,Celta Vigo,Hugo Álvarez,ESP,"MF,FW",20,2003,8.5,1,12,4,33.3,1.42,0.47,0.08,0.25,0,0
ESP-La Liga,2324,Celta Vigo,Iago Aspas,ESP,FW,35,1987,30.1,9,78,28,35.9,2.59,0.93,0.08,0.21,3,5
ESP-La Liga,2324,Celta Vigo,Iván Villar,ESP,GK,26,1997,11.3,0,0,0,,0.0,0.0,,,0,0
ESP-La Liga,2324,Celta Vigo,Jailson Siqueira,BRA,"DF,MF",27,1995,10.0,0,5,3,60.0,0.5,0.3,0.0,0.0,0,0
ESP-La Liga,2324,Celta Vigo,Javi Rueda,ESP,"DF,MF",21,2002,0.2,0,0,0,,0.0,0.0,,,0,0
ESP-La Liga,2324,Celta Vigo,Javier Manquillo,ESP,"DF,MF",29,1994,8.3,0,1,0,0.0,0.12,0.0,0.0,,0,0
ESP-La Liga,2324,Celta Vigo,Jonathan Bamba,CIV,"MF,FW",27,1996,22.0,3,41,16,39.0,1.86,0.73,0.07,0.19,0,0
ESP-La Liga,2324,Celta Vigo,Joseph Aidoo,GHA,DF,27,1995,4.5,0,3,0,0.0,0.66,0.0,0.0,,0,0
ESP-La Liga,2324,Celta Vigo,Jørgen Strand Larsen,NOR,FW,23,2000,31.8,13,82,35,42.7,2.58,1.1,0.16,0.37,0,0
ESP-La Liga,2324,Celta Vigo,Kevin Vázquez,ESP,DF,30,1993,7.8,0,2,1,50.0,0.26,0.13,0.0,0.0,0,0
ESP-La Liga,2324,Celta Vigo,Luca de la Torre,USA,MF,25,1998,21.7,1,24,8,33.3,1.1,0.37,0.04,0.13,0,0
ESP-La Liga,2324,Celta Vigo,Manu Sánchez,ESP,"DF,MF",22,2000,19.7,0,9,2,22.2,0.46,0.1,0.0,0.0,0,0
ESP-La Liga,2324,Celta Vigo,Miguel Rodríguez,ESP,MF,20,2003,3.3,0,6,0,0.0,1.8,0.0,0.0,,0,0
ESP-La Liga,2324,Celta Vigo,Mihailo Ristić,SRB,"DF,MF",27,1995,9.0,0,10,4,40.0,1.11,0.45,0.0,0.0,0,0
ESP-La Liga,2324,Celta Vigo,Renato Tapia,PER,"MF,DF",28,1995,14.9,0,19,1,5.3,1.28,0.07,0.0,0.0,0,0
ESP-La Liga,2324,Celta Vigo,Tadeo Allende,ARG,MF,24,1999,3.7,1,8,2,25.0,2.14,0.54,0.13,0.5,0,0
ESP-La Liga,2324,Celta Vigo,Unai Núñez,ESP,DF,26,1997,31.1,1,22,5,22.7,0.71,0.16,0.05,0.2,0,0
ESP-La Liga,2324,Celta Vigo,Vicente Guaita,ESP,GK,36,1987,26.7,0,0,0,,0.0,0.0,,,0,0
ESP-La Liga,2324,Celta Vigo,Williot Swedberg,SWE,FW,19,2004,4.9,5,12,6,50.0,2.46,1.23,0.42,0.83,0,0
ESP-La Liga,2324,Celta Vigo,Yoel Lago,ESP,DF,19,2004,1.0,0,0,0,,0.0,0.0,,,0,0
ESP-La Liga,2324,Celta Vigo,Óscar Mingueza,ESP,"DF,MF",24,1999,33.3,2,28,13,46.4,0.84,0.39,0.07,0.15,0,0
ESP-La Liga,2324,Cádiz,Aiham Ousou,SYR,DF,23,2000,4.8,0,2,0,0.0,0.42,0.0,0.0,,0,0
ESP-La Liga,2324,Cádiz,Borja Vázquez,ESP,FW,18,2005,0.0,0,0,0,,0.0,0.0,,,0,0
ESP-La Liga,2324,Cádiz,Brian Ocampo,URU,MF,24,1999,2.8,1,5,2,40.0,1.81,0.73,0.2,0.5,0,0
ESP-La Liga,2324,Cádiz,Chris Ramos,ESP,FW,26,1997,29.0,5,76,27,35.5,2.62,0.93,0.07,0.19,0,0
ESP-La Liga,2324,Cádiz,Darwin Machís,VEN,MF,30,1993,8.7,4,21,10,47.6,2.41,1.15,0.14,0.3,1,1
ESP-La Liga,2324,Cádiz,David Gil,ESP,GK,29,1994,4.1,0,0,0,,0.0,0.0,,,0,0
ESP-La Liga,2324,Cádiz,Diadie Samassékou,MLI,MF,27,1996,1.0,0,1,1,100.0,0.98,0.98,0.0,0.0,0,0
ESP-La Liga,2324,Cádiz,Fali,ESP,DF,29,1993,28.3,0,11,3,27.3,0.39,0.11,0.0,0.0,0,0
ESP-La Liga,2324,Cádiz,Fede San Emeterio,ESP,MF,26,1997,1.7,1,1,1,100.0,0.59,0.59,1.0,1.0,0,0
ESP-La Liga,2324,Cádiz,Gonzalo Escalante,ARG,MF,30,1993,18.9,1,14,3,21.4,0.74,0.16,0.07,0.33,0,0
ESP-La Liga,2324,Cádiz,Isaac Carcelen,ESP,DF,30,1993,29.0,0,10,3,30.0,0.34,0.1,0.0,0.0,0,0
ESP-La Liga,2324,Cádiz,Iván Alejo,ESP,MF,28,1995,18.8,0,11,2,18.2,0.59,0.11,0.0,0.0,0,0
ESP-La Liga,2324,Cádiz,Javi Hernández,ESP,DF,25,1998,27.9,1,30,8,26.7,1.07,0.29,0.03,0.13,0,0
ESP-La Liga,2324,Cádiz,Jeremías Ledesma,ARG,GK,30,1993,33.9,0,0,0,,0.0,0.0,,,0,0
ESP-La Liga,2324,Cádiz,Jorge Meré,ESP,DF,26,1997,7.5,0,4,1,25.0,0.53,0.13,0.0,0.0,0,0
ESP-La Liga,2324,Cádiz,Joseba Zaldúa,ESP,"DF,MF",31,1992,7.8,0,1,0,0.0,0.13,0.0,0.0,,0,0
ESP-La Liga,2324,Cádiz,José Mari,ESP,MF,35,1987,0.2,0,0,0,,0.0,0.0,,,0,0
ESP-La Liga,2324,Cádiz,Juanmi,ESP,FW,30,1993,9.7,3,14,7,50.0,1.44,0.72,0.21,0.43,0,0
ESP-La Liga,2324,Cádiz,Karl Etta Eyong,CMR,FW,19,2003,0.2,0,0,0,,0.0,0.0,,,0,0
ESP-La Liga,2324,Cádiz,Lucas,BRA,DF,22,2001,17.1,1,11,4,36.4,0.64,0.23,0.09,0.25,0,0
ESP-La Liga,2324,Cádiz,Luis Hernández,ESP,DF,34,1989,8.0,1,1,1,100.0,0.12,0.12,1.0,1.0,0,0
ESP-La Liga,2324,Cádiz,Mamadou Mbaye,SEN,DF,25,1998,3.2,0,2,1,50.0,0.62,0.31,0.0,0.0,0,0
ESP-La Liga,2324,Cádiz,Maxi Gómez,URU,FW,26,1996,12.9,0,16,6,37.5,1.24,0.46,0.0,0.0,0,0
ESP-La Liga,2324,Cádiz,Milutin Osmajić,MNE,FW,24,1999,0.1,0,2,0,0.0,36.0,0.0,0.0,,0,0
ESP-La Liga,2324,Cádiz,Moussa Diakité,MLI,MF,19,2003,0.0,0,0,0,,0.0,0.0,,,0,0
ESP-La Liga,2324,Cádiz,Roberto Navarro,ESP,MF,21,2002,21.0,1,30,9,30.0,1.43,0.43,0.03,0.11,0,0
ESP-La Liga,2324,Cádiz,Roger Martí,ESP,FW,32,1991,15.1,2,33,12,36.4,2.19,0.79,0.06,0.17,0,0
ESP-La Liga,2324,Cádiz,Rominigue Kouamé,MLI,MF,26,1996,9.1,0,5,0,0.0,0.55,0.0,0.0,,0,0
ESP-La Liga,2324,Cádiz,Rubén Alcaraz,ESP,MF,32,1991,34.8,3,48,12,25.0,1.38,0.34,0.02,0.08,2,2
ESP-La Liga,2324,Cádiz,Rubén Sobrino,ESP,"MF,FW",31,1992,18.3,0,21,3,14.3,1.15,0.16,0.0,0.0,0,0
ESP-La Liga,2324,Cádiz,Sergi Guardiola,ESP,FW,32,1991,5.5,1,14,5,35.7,2.55,0.91,0.07,0.2,0,0
ESP-La Liga,2324,Cádiz,Víctor Chust,ESP,DF,23,2000,20.7,0,4,0,0.0,0.19,0.0,0.0,,0,0
ESP-La Liga,2324,Cádiz,Álex Fernández,ESP,MF,30,1992,14.3,0,7,1,14.3,0.49,0.07,0.0,0.0,0,0
ESP-La Liga,2324,Cádiz,Álvaro Negredo,ESP,FW,37,1985,0.6,0,3,1,33.3,5.0,1.67,0.0,0.0,0,0
ESP-La Liga,2324,Getafe,Alberto Risco,ESP,MF,17,2005,1.5,0,2,1,50.0,1.31,0.66,0.0,0.0,0,0
ESP-La Liga,2324,Getafe,Anthony Lozano,HON,FW,30,1993,1.0,0,4,0,0.0,3.91,0.0,0.0,,0,0
ESP-La Liga,2324,Getafe,Borja Mayoral,ESP,FW,26,1997,23.9,15,47,27,57.4,1.96,1.13,0.23,0.41,4,4
ESP-La Liga,2324,Getafe,Carles Aleñá,ESP,MF,25,1998,11.3,1,16,5,31.3,1.41,0.44,0.06,0.2,0,0
ESP-La Liga,2324,Getafe,Carmona,ESP,"MF,DF",21,2002,14.6,1,12,3,25.0,0.82,0.21,0.08,0.33,0,0
ESP-La Liga,2324,Getafe,Damián Suárez,URU,DF,35,1988,14.4,0,4,1,25.0,0.28,0.07,0.0,0.0,0,0
ESP-La Liga,2324,Getafe,Daniel Fuzato,BRA,GK,26,1997,0.1,0,0,0,,0.0,0.0,,,0,0
ESP-La Liga,2324,Getafe,David Soria,ESP,GK,30,1993,37.9,0,0,0,,0.0,0.0,,,0,0
ESP-La Liga,2324,Getafe,Diego Rico,ESP,DF,30,1993,28.2,0,18,5,27.8,0.64,0.18,0.0,0.0,0,0
ESP-La Liga,2324,Getafe,Djené,TOG,"DF,MF",31,1991,27.6,0,6,1,16.7,0.22,0.04,0.0,0.0,0,0
ESP-La Liga,2324,Getafe,Domingos Duarte,POR,DF,28,1995,10.1,0,1,0,0.0,0.1,0.0,0.0,,0,0
ESP-La Liga,2324,Getafe,Enes Ünal,TUR,FW,26,1997,1.6,0,1,0,0.0,0.64,0.0,0.0,,0,0
ESP-La Liga,2324,Getafe,Fabrizio Angileri,ARG,DF,29,1994,1.8,0,0,0,,0.0,0.0,,,0,0
ESP-La Liga,2324,Getafe,Gastón Álvarez,URU,DF,23,2000,28.2,2,14,3,21.4,0.5,0.11,0.14,0.67,0,0
ESP-La Liga,2324,Getafe,Gorka Rivera Alonso,ESP,DF,18,2004,0.0,0,0,0,,0.0,0.0,,,0,0
ESP-La Liga,2324,Getafe,Iglesias,ESP,"DF,MF",25,1998,15.7,0,15,6,40.0,0.96,0.38,0.0,0.0,0,0
ESP-La Liga,2324,Getafe,Ilaix Moriba,GUI,MF,20,2003,6.7,0,4,1,25.0,0.6,0.15,0.0,0.0,0,0
ESP-La Liga,2324,Getafe,Jaime Mata,ESP,"FW,MF",34,1988,19.9,5,33,13,39.4,1.66,0.65,0.15,0.38,0,0
ESP-La Liga,2324,Getafe,Jeremy Jorge,ESP,FW,20,2003,0.0,0,0,0,,0.0,0.0,,,0,0
ESP-La Liga,2324,Getafe,Jordi,ESP,MF,22,2001,6.4,0,7,3,42.9,1.1,0.47,0.0,0.0,0,0
ESP-La Liga,2324,Getafe,Juanmi Latasa,ESP,FW,22,2001,17.3,2,44,15,34.1,2.55,0.87,0.05,0.13,0,0
ESP-La Liga,2324,Getafe,Luis Milla,ESP,MF,28,1994,23.5,0,16,5,31.3,0.68,0.21,0.0,0.0,0,0
ESP-La Liga,2324,Getafe,Mason Greenwood,ENG,"MF,FW",21,2001,29.6,8,102,35,34.3,3.45,1.18,0.06,0.17,2,3
ESP-La Liga,2324,Getafe,Mauro Arambarri,URU,MF,27,1995,3.8,0,9,2,22.2,2.39,0.53,0.0,0.0,0,0
ESP-La Liga,2324,Getafe,Nabil Aberdin,FRA,DF,20,2002,2.0,0,0,0,,0.0,0.0,,,0,0
ESP-La Liga,2324,Getafe,Nemanja Maksimović,SRB,MF,28,1995,36.3,4,34,15,44.1,0.94,0.41,0.12,0.27,0,0
ESP-La Liga,2324,Getafe,Omar Alderete,PAR,DF,26,1996,24.4,0,24,5,20.8,0.98,0.21,0.0,0.0,0,0
ESP-La Liga,2324,Getafe,Portu,ESP,"FW,MF",31,1992,1.1,0,1,1,100.0,0.93,0.93,0.0,0.0,0,0
ESP-La Liga,2324,Getafe,Santiago García,ESP,MF,21,2001,0.3,0,0,0,,0.0,0.0,,,0,0
ESP-La Liga,2324,Getafe,Stefan Mitrović,SRB,DF,33,1990,7.8,1,1,1,100.0,0.13,0.13,1.0,1.0,0,0
ESP-La Liga,2324,Getafe,Yassin Tallal,ESP,MF,18,2005,0.0,0,0,0,,0.0,0.0,,,0,0
ESP-La Liga,2324,Getafe,Yellu Santiago,ESP,MF,19,2004,7.3,1,5,2,40.0,0.69,0.27,0.2,0.5,0,0
ESP-La Liga,2324,Getafe,Óscar Rodríguez Arnaiz,ESP,"MF,FW",25,1998,10.7,2,34,10,29.4,3.16,0.93,0.06,0.2,0,0
ESP-La Liga,2324,Girona,Aleix García,ESP,MF,26,1997,35.5,3,39,12,30.8,1.1,0.34,0.08,0.25,0,0
ESP-La Liga,2324,Girona,Antal Yaakobishvili,HUN,DF,19,2004,0.7,0,0,0,,0.0,0.0,,,0,0
ESP-La Liga,2324,Girona,Arnau Martinez,ESP,DF,20,2003,13.8,0,1,0,0.0,0.07,0.0,0.0,,0,0
ESP-La Liga,2324,Girona,Artem Dovbyk,UKR,FW,26,1997,28.7,24,85,46,54.1,2.96,1.6,0.2,0.37,7,8
ESP-La Liga,2324,Girona,Bernardo Espinosa,COL,DF,34,1989,0.0,0,0,0,,0.0,0.0,,,0,0
ESP-La Liga,2324,Girona,Cristhian Stuani,URU,FW,36,1986,8.9,9,34,17,50.0,3.81,1.9,0.26,0.53,0,0
ESP-La Liga,2324,Girona,Daley Blind,NED,DF,33,1990,33.0,1,17,6,35.3,0.51,0.18,0.06,0.17,0,0
ESP-La Liga,2324,Girona,David López,ESP,DF,33,1989,21.8,3,16,6,37.5,0.73,0.27,0.19,0.5,0,0
ESP-La Liga,2324,Girona,Eric García,ESP,DF,22,2001,29.3,5,16,6,37.5,0.55,0.2,0.31,0.83,0,0
ESP-La Liga,2324,Girona,Ibrahima Kebe,MLI,MF,22,2000,0.1,0,0,0,,0.0,0.0,,,0,0
ESP-La Liga,2324,Girona,Iván Martín,ESP,MF,24,1999,30.3,5,19,11,57.9,0.63,0.36,0.26,0.45,0,0
ESP-La Liga,2324,Girona,Jastin García,ESP,FW,19,2004,0.4,0,0,0,,0.0,0.0,,,0,0
ESP-La Liga,2324,Girona,Jhon Solis,COL,MF,18,2004,4.3,0,9,3,33.3,2.11,0.7,0.0,0.0,0,0
ESP-La Liga,2324,Girona,Juanpe,ESP,DF,32,1991,8.3,0,4,0,0.0,0.48,0.0,0.0,,0,0
ESP-La Liga,2324,Girona,Miguel Gutiérrez,ESP,"DF,MF",22,2001,33.7,2,34,5,14.7,1.01,0.15,0.06,0.4,0,0
ESP-La Liga,2324,Girona,Pablo Torre,ESP,MF,20,2003,7.8,0,13,1,7.7,1.67,0.13,0.0,0.0,0,0
ESP-La Liga,2324,Girona,Paulo Gazzaniga,ARG,GK,31,1992,38.0,0,0,0,,0.0,0.0,,,0,0
ESP-La Liga,2324,Girona,Portu,ESP,"MF,FW",31,1992,13.2,7,21,11,52.4,1.59,0.83,0.33,0.64,0,0
ESP-La Liga,2324,Girona,Silvi Clúa,ESP,MF,18,2005,0.0,0,0,0,,0.0,0.0,,,0,0
ESP-La Liga,2324,Girona,Sávio,BRA,"MF,FW",19,2004,33.1,9,45,20,44.4,1.36,0.6,0.2,0.45,0,0
ESP-La Liga,2324,Girona,Toni Villa,ESP,MF,28,1995,0.1,0,1,1,100.0,6.92,6.92,0.0,0.0,0,0
ESP-La Liga,2324,Girona,Valery Fernández,ESP,MF,23,1999,5.6,2,5,2,40.0,0.89,0.36,0.4,1.0,0,0
ESP-La Liga,2324,Girona,Viktor Tsyhankov,UKR,MF,25,1997,22.8,8,44,16,36.4,1.93,0.7,0.18,0.5,0,0
ESP-La Liga,2324,Girona,Yan Couto,BRA,"MF,DF",21,2002,24.9,1,29,11,37.9,1.16,0.44,0.03,0.09,0,0
ESP-La Liga,2324,Girona,Yangel Herrera,VEN,MF,25,1998,23.4,5,52,18,34.6,2.22,0.77,0.1,0.28,0,0
ESP-La Liga,2324,Granada,Adri Bosch,ESP,DF,22,2001,0.3,0,0,0,,0.0,0.0,,,0,0
ESP-La Liga,2324,Granada,Alberto Perea,ESP,"FW,MF",32,1990,0.0,0,0,0,,0.0,0.0,,,0,0
ESP-La Liga,2324,Granada,Alberto Soro,ESP,"FW,MF",24,1999,0.1,0,0,0,,0.0,0.0,,,0,0
ESP-La Liga,2324,Granada,André Ferreira,POR,GK,27,1996,14.9,0,0,0,,0.0,0.0,,,0,0
ESP-La Liga,2324,Granada,Antonio Puertas,ESP,"MF,FW",31,1992,8.1,0,19,5,26.3,2.34,0.62,0.0,0.0,0,2
ESP-La Liga,2324,Granada,Augusto Batalla,ARG,GK,27,1996,17.0,0,1,0,0.0,0.06,0.0,0.0,,0,0
ESP-La Liga,2324,Granada,Brau,ESP,DF,21,2001,0.3,0,0,0,,0.0,0.0,,,0,0
ESP-La Liga,2324,Granada,Bruno Méndez,URU,DF,23,1999,14.8,2,8,5,62.5,0.54,0.34,0.25,0.4,0,0
ESP-La Liga,2324,Granada,Bryan Zaragoza,ESP,"MF,FW",21,2001,18.2,6,33,19,57.6,1.81,1.04,0.15,0.26,1,1
ESP-La Liga,2324,Granada,Carlos Neva,ESP,DF,27,1996,35.0,0,4,0,0.0,0.11,0.0,0.0,,0,0
ESP-La Liga,2324,Granada,Facundo Pellistri,URU,"MF,FW",21,2001,13.7,2,17,6,35.3,1.24,0.44,0.12,0.33,0,0
ESP-La Liga,2324,Granada,Faitout Maouassa,FRA,DF,25,1998,2.5,0,5,0,0.0,1.97,0.0,0.0,,0,0
ESP-La Liga,2324,Granada,Famara Diedhiou,SEN,FW,30,1992,1.0,0,5,3,60.0,5.06,3.03,0.0,0.0,0,0
ESP-La Liga,2324,Granada,Gerard Gumbau,ESP,MF,28,1994,29.7,0,45,9,20.0,1.51,0.3,0.0,0.0,0,0
ESP-La Liga,2324,Granada,Gonzalo Villar,ESP,MF,25,1998,20.0,1,22,5,22.7,1.1,0.25,0.05,0.2,0,0
ESP-La Liga,2324,Granada,Ignasi Miquel,ESP,DF,30,1992,33.2,1,22,8,36.4,0.66,0.24,0.05,0.13,0,0
ESP-La Liga,2324,Granada,Jesús Vallejo,ESP,DF,26,1997,1.2,0,0,0,,0.0,0.0,,,0,0
ESP-La Liga,2324,Granada,José Callejón,ESP,"MF,FW",36,1987,8.9,0,11,3,27.3,1.23,0.34,0.0,0.0,0,0
ESP-La Liga,2324,Granada,Kamil Jóźwiak,POL,MF,25,1998,6.3,0,4,1,25.0,0.63,0.16,0.0,0.0,0,0
ESP-La Liga,2324,Granada,Kamil Piątkowski,POL,DF,23,2000,5.6,0,4,2,50.0,0.71,0.36,0.0,0.0,0,0
ESP-La Liga,2324,Granada,Lucas Boyé,ARG,FW,27,1996,28.2,6,56,15,26.8,1.98,0.53,0.11,0.4,0,0
ESP-La Liga,2324,Granada,Marc Martínez,ESP,GK,33,1990,3.0,0,0,0,,0.0,0.0,,,0,0
ESP-La Liga,2324,Granada,Martin Hongla,CMR,"MF,DF",25,1998,6.2,0,3,1,33.3,0.48,0.16,0.0,0.0,0,0
ESP-La Liga,2324,Granada,Matias Arezo,URU,FW,20,2002,4.1,0,12,4,33.3,2.93,0.98,0.0,0.0,0,0
ESP-La Liga,2324,Granada,Miguel Ángel Rubio,ESP,DF,25,1998,17.3,1,9,2,22.2,0.52,0.12,0.11,0.5,0,0
ESP-La Liga,2324,Granada,Myrto Uzuni,ALB,"FW,MF",28,1995,27.2,11,64,29,45.3,2.35,1.07,0.11,0.24,4,5
ESP-La Liga,2324,Granada,Njegoš Petrović,SRB,MF,24,1999,1.7,0,3,1,33.3,1.72,0.57,0.0,0.0,0,0
ESP-La Liga,2324,Granada,Pablo Saenz,ESP,MF,22,2001,0.2,0,0,0,,0.0,0.0,,,0,0
ESP-La Liga,2324,Granada,Raúl Fernández,ESP,GK,35,1988,3.1,0,0,0,,0.0,0.0,,,0,0
ESP-La Liga,2324,Granada,Raúl Torrente,ESP,DF,21,2001,13.9,0,3,0,0.0,0.22,0.0,0.0,,0,0
ESP-La Liga,2324,Granada,Ricard Sánchez,ESP,DF,23,2000,25.5,3,14,5,35.7,0.55,0.2,0.21,0.6,0,0
ESP-La Liga,2324,Granada,Samu Omorodion,ESP,FW,19,2004,0.9,1,3,2,66.7,3.38,2.25,0.33,0.5,0,0
ESP-La Liga,2324,Granada,Sergio Rodelas,ESP,"MF,FW",18,2004,1.4,0,2,0,0.0,1.48,0.0,0.0,,0,0
ESP-La Liga,2324,Granada,Sergio Ruiz,ESP,MF,28,1994,27.7,0,13,1,7.7,0.47,0.04,0.0,0.0,0,0
ESP-La Liga,2324,Granada,Shon Weissman,ISR,FW,27,1996,0.9,0,1,0,0.0,1.1,0.0,0.0,,0,0
ESP-La Liga,2324,Granada,Theo Corbeanu,CAN,MF,21,2002,2.0,1,5,2,40.0,2.47,0.99,0.2,0.5,0,0
ESP-La Liga,2324,Granada,Víctor Díaz,ESP,DF,35,1988,1.8,0,0,0,,0.0,0.0,,,0,0
ESP-La Liga,2324,Granada,Wilson Manafá,POR,"DF,MF",29,1994,2.7,0,1,0,0.0,0.37,0.0,0.0,,0,0
ESP-La Liga,2324,Granada,Álvaro Carreras,ESP,"MF,FW",20,2003,5.3,0,7,1,14.3,1.33,0.19,0.0,0.0,0,0
ESP-La Liga,2324,Granada,Óscar Melendo,ESP,"MF,FW",25,1997,12.5,0,6,2,33.3,0.48,0.16,0.0,0.0,0,0
ESP-La Liga,2324,Las Palmas,Aarón Escandell,ESP,GK,27,1995,1.7,0,0,0,,0.0,0.0,,,0,0
ESP-La Liga,2324,Las Palmas,Alberto Moleiro,ESP,"MF,FW",19,2003,20.0,3,33,10,30.3,1.65,0.5,0.09,0.3,0,0
ESP-La Liga,2324,Las Palmas,Benito Ramírez,ESP,MF,28,1995,4.3,1,10,3,30.0,2.34,0.7,0.1,0.33,0,0
ESP-La Liga,2324,Las Palmas,Cristian Herrera,ESP,MF,32,1991,1.8,1,1,1,100.0,0.54,0.54,1.0,1.0,0,0
ESP-La Liga,2324,Las Palmas,Daley Sinkgraven,NED,DF,28,1995,4.2,0,0,0,,0.0,0.0,,,0,0
ESP-La Liga,2324,Las Palmas,Enzo Loiodice,FRA,MF,22,2000,19.9,0,16,6,37.5,0.8,0.3,0.0,0.0,0,0
ESP-La Liga,2324,Las Palmas,Eric Curbelo,ESP,DF,29,1994,1.1,0,0,0,,0.0,0.0,,,0,0
ESP-La Liga,2324,Las Palmas,Fabio González,ESP,MF,26,1997,1.4,0,0,0,,0.0,0.0,,,0,0
ESP-La Liga,2324,Las Palmas,Iñaki González,ESP,MF,19,2004,0.1,0,0,0,,0.0,0.0,,,0,0
ESP-La Liga,2324,Las Palmas,Javier Muñoz,ESP,MF,28,1995,29.3,2,38,9,23.7,1.3,0.31,0.05,0.22,0,0
ESP-La Liga,2324,Las Palmas,Jonathan Viera,ESP,"MF,FW",33,1989,6.9,2,14,6,42.9,2.04,0.88,0.0,0.0,2,2
ESP-La Liga,2324,Las Palmas,José Campaña,ESP,MF,30,1993,1.9,0,1,0,0.0,0.53,0.0,0.0,,0,0
ESP-La Liga,2324,Las Palmas,Juanma Herzog,ESP,DF,19,2004,3.2,2,3,3,100.0,0.92,0.92,0.67,0.67,0,0
ESP-La Liga,2324,Las Palmas,Julian Araujo,MEX,DF,21,2001,16.2,1,7,2,28.6,0.43,0.12,0.14,0.5,0,0
ESP-La Liga,2324,Las Palmas,Kirian Rodríguez,ESP,MF,27,1996,35.7,6,43,14,32.6,1.21,0.39,0.14,0.43,0,0
ESP-La Liga,2324,Las Palmas,Marc Cardona,ESP,FW,28,1995,8.2,4,22,11,50.0,2.69,1.34,0.14,0.27,1,1
ESP-La Liga,2324,Las Palmas,Marvin,ESP,"MF,DF",23,2000,20.6,0,14,3,21.4,0.68,0.15,0.0,0.0,0,0
ESP-La Liga,2324,Las Palmas,Mika Mármol,ESP,DF,22,2001,35.3,0,3,0,0.0,0.08,0.0,0.0,,0,0
ESP-La Liga,2324,Las Palmas,Munir El Haddadi,MAR,"MF,FW",27,1995,27.2,3,43,12,27.9,1.58,0.44,0.07,0.25,0,1
ESP-La Liga,2324,Las Palmas,Máximo Perrone,ARG,MF,20,2003,18.0,0,7,3,42.9,0.39,0.17,0.0,0.0,0,0
ESP-La Liga,2324,Las Palmas,Omenuke Mfulu,COD,MF,29,1994,0.9,0,0,0,,0.0,0.0,,,0,0
ESP-La Liga,2324,Las Palmas,Pejiño,ESP,"MF,FW",27,1996,5.6,2,17,8,47.1,3.04,1.43,0.12,0.25,0,0
ESP-La Liga,2324,Las Palmas,Sandro Ramírez,ESP,"FW,MF",28,1995,20.1,1,52,19,36.5,2.59,0.95,0.02,0.05,0,1
ESP-La Liga,2324,Las Palmas,Saúl Coco,EQG,DF,24,1999,25.5,1,20,4,20.0,0.78,0.16,0.05,0.25,0,0
ESP-La Liga,2324,Las Palmas,Sergi Cardona,ESP,DF,24,1999,31.3,1,26,5,19.2,0.83,0.16,0.04,0.2,0,0
ESP-La Liga,2324,Las Palmas,Sory Kaba,GUI,FW,28,1995,8.0,1,13,1,7.7,1.62,0.12,0.08,1.0,0,0
ESP-La Liga,2324,Las Palmas,Álex Suárez,ESP,DF,30,1993,28.5,2,7,5,71.4,0.25,0.18,0.29,0.4,0,0
ESP-La Liga,2324,Las Palmas,Álvaro Lemos,ESP,DF,30,1993,2.8,0,1,0,0.0,0.36,0.0,0.0,,0,0
ESP-La Liga,2324,Las Palmas,Álvaro Vallés,ESP,GK,26,1997,36.3,0,0,0,,0.0,0.0,,,0,0
ESP-La Liga,2324,Mallorca,Abdón Prats,ESP,FW,30,1992,14.1,6,33,14,42.4,2.34,0.99,0.18,0.43,0,0
ESP-La Liga,2324,Mallorca,Amath,SEN,"FW,MF",27,1996,4.4,0,12,3,25.0,2.74,0.69,0.0,0.0,0,0
ESP-La Liga,2324,Mallorca,Antonio Raillo,ESP,DF,31,1991,24.4,3,29,9,31.0,1.19,0.37,0.1,0.33,0,0
ESP-La Liga,2324,Mallorca,Antonio Sánchez,ESP,MF,26,1997,16.1,3,23,9,39.1,1.43,0.56,0.13,0.33,0,0
ESP-La Liga,2324,Mallorca,Copete,ESP,DF,23,1999,14.8,1,7,1,14.3,0.47,0.07,0.14,1.0,0,0
ESP-La Liga,2324,Mallorca,Cyle Larin,CAN,FW,28,1995,20.3,3,69,25,36.2,3.41,1.23,0.04,0.12,0,0
ESP-La Liga,2324,Mallorca,Dani Rodríguez,ESP,MF,35,1988,29.1,2,27,4,14.8,0.93,0.14,0.07,0.5,0,0
ESP-La Liga,2324,Mallorca,Dominik Greif,SVK,GK,26,1997,1.0,0,0,0,,0.0,0.0,,,0,0
ESP-La Liga,2324,Mallorca,Giovanni González,URU,DF,28,1994,27.4,1,14,4,28.6,0.51,0.15,0.07,0.25,0,0
ESP-La Liga,2324,Mallorca,Iván Cuéllar,ESP,GK,39,1984,1.0,0,0,0,,0.0,0.0,,,0,0
ESP-La Liga,2324,Mallorca,Jaume Costa,ESP,"DF,MF",35,1988,18.7,0,6,2,33.3,0.32,0.11,0.0,0.0,0,0
ESP-La Liga,2324,Mallorca,Javier Llabrés,ESP,MF,20,2002,2.7,1,9,4,44.4,3.28,1.46,0.11,0.25,0,0
ESP-La Liga,2324,Mallorca,Manu Morlanes,ESP,MF,24,1999,17.9,0,11,4,36.4,0.61,0.22,0.0,0.0,0,0
ESP-La Liga,2324,Mallorca,Martin Valjent,SVK,DF,27,1995,26.1,0,9,0,0.0,0.34,0.0,0.0,,0,0
ESP-La Liga,2324,Mallorca,Matija Nastasić,SRB,DF,30,1993,25.1,2,8,2,25.0,0.32,0.08,0.25,1.0,0,0
ESP-La Liga,2324,Mallorca,Nacho Vidal,ESP,DF,28,1995,4.6,0,8,3,37.5,1.73,0.65,0.0,0.0,0,0
ESP-La Liga,2324,Mallorca,Nemanja Radonjić,SRB,MF,27,1996,3.9,0,10,7,70.0,2.55,1.78,0.0,0.0,0,0
ESP-La Liga,2324,Mallorca,Omar Mascarell,EQG,MF,30,1993,17.5,0,6,0,0.0,0.34,0.0,0.0,,0,0
ESP-La Liga,2324,Mallorca,Pablo Maffeo,ESP,"DF,MF",26,1997,16.2,1,11,4,36.4,0.68,0.25,0.09,0.25,0,0
ESP-La Liga,2324,Mallorca,Predrag Rajković,SRB,GK,27,1995,36.0,0,0,0,,0.0,0.0,,,0,0
ESP-La Liga,2324,Mallorca,Samu Costa,POR,MF,22,2000,25.6,1,22,3,13.6,0.86,0.12,0.05,0.33,0,0
ESP-La Liga,2324,Mallorca,Sergi Darder,ESP,MF,29,1993,24.0,2,32,12,37.5,1.34,0.5,0.06,0.17,0,0
ESP-La Liga,2324,Mallorca,Siebe Van Der Heyden,BEL,DF,25,1998,3.2,0,2,0,0.0,0.63,0.0,0.0,,0,0
ESP-La Liga,2324,Mallorca,Toni Lato,ESP,DF,25,1997,17.2,0,5,2,40.0,0.29,0.12,0.0,0.0,0,0
ESP-La Liga,2324,Mallorca,Vedat Muriqi,KVX,FW,29,1994,25.9,7,66,25,37.9,2.55,0.97,0.09,0.24,1,3
ESP-La Liga,2324,Osasuna,Aimar Oroz,ESP,MF,21,2001,26.0,2,25,6,24.0,0.96,0.23,0.04,0.17,1,1
ESP-La Liga,2324,Osasuna,Aitor Fernández,ESP,GK,32,1991,6.1,0,0,0,,0.0,0.0,,,0,0
ESP-La Liga,2324,Osasuna,Ante Budimir,CRO,FW,32,1991,27.1,17,76,35,46.1,2.81,1.29,0.18,0.4,3,4
ESP-La Liga,2324,Osasuna,Asier Osambela,ESP,MF,19,2004,0.1,0,0,0,,0.0,0.0,,,0,0
ESP-La Liga,2324,Osasuna,Catena,ESP,DF,28,1994,28.2,1,18,5,27.8,0.64,0.18,0.06,0.2,0,0
ESP-La Liga,2324,Osasuna,Darko Brašanac,SRB,MF,31,1992,0.5,0,0,0,,0.0,0.0,,,0,0
ESP-La Liga,2324,Osasuna,David García,ESP,DF,29,1994,25.9,0,15,2,13.3,0.58,0.08,0.0,0.0,0,0
ESP-La Liga,2324,Osasuna,Ezequiel Ávila,ARG,"FW,MF",29,1994,9.6,1,27,6,22.2,2.81,0.62,0.04,0.17,0,0
ESP-La Liga,2324,Osasuna,Iker Muñoz,ESP,MF,20,2002,20.6,4,23,6,26.1,1.12,0.29,0.17,0.67,0,0
ESP-La Liga,2324,Osasuna,Iñigo Arguibide,ESP,FW,18,2005,0.2,0,0,0,,0.0,0.0,,,0,0
ESP-La Liga,2324,Osasuna,Jesús Areso,ESP,"DF,MF",24,1999,29.6,1,9,2,22.2,0.3,0.07,0.11,0.5,0,0
ESP-La Liga,2324,Osasuna,Johan Mojica,COL,"DF,MF",30,1992,22.7,0,17,1,5.9,0.75,0.04,0.0,0.0,0,0
ESP-La Liga,2324,Osasuna,Jon Moncayola,ESP,MF,25,1998,20.0,1,16,5,31.3,0.8,0.25,0.06,0.2,0,0
ESP-La Liga,2324,Osasuna,Jorge Herrando,ESP,DF,22,2001,18.3,0,4,0,0.0,0.22,0.0,0.0,,0,0
ESP-La Liga,2324,Osasuna,Jorge Moreno,ESP,DF,22,2001,0.2,0,0,0,,0.0,0.0,,,0,0
ESP-La Liga,2324,Osasuna,José Arnaiz,ESP,"FW,MF",28,1995,10.3,2,29,9,31.0,2.81,0.87,0.07,0.22,0,0
ESP-La Liga,2324,Osasuna,Juan Cruz Armada,ESP,DF,31,1992,18.5,0,3,0,0.0,0.16,0.0,0.0,,0,0
ESP-La Liga,2324,Osasuna,Kike Barja,ESP,"FW,MF",26,1997,3.4,0,4,2,50.0,1.19,0.59,0.0,0.0,0,0
ESP-La Liga,2324,Osasuna,Lucas Torró,ESP,MF,29,1994,19.9,1,30,7,23.3,1.51,0.35,0.03,0.14,0,0
ESP-La Liga,2324,Osasuna,Max Svensson,ESP,FW,21,2001,0.0,0,0,0,,0.0,0.0,,,0,0
ESP-La Liga,2324,Osasuna,Moi Gómez,ESP,"MF,FW",29,1994,22.3,3,19,8,42.1,0.85,0.36,0.16,0.38,0,0
ESP-La Liga,2324,Osasuna,Nacho Vidal,ESP,DF,28,1995,1.1,1,3,1,33.3,2.81,0.94,0.33,1.0,0,0
ESP-La Liga,2324,Osasuna,Pablo Ibáñez,ESP,MF,24,1998,12.8,1,27,7,25.9,2.11,0.55,0.04,0.14,0,0
ESP-La Liga,2324,Osasuna,Raúl,ESP,FW,22,2000,15.1,6,33,12,36.4,2.19,0.8,0.18,0.5,0,0
ESP-La Liga,2324,Osasuna,Rubén García,ESP,"FW,MF",30,1993,17.2,3,28,10,35.7,1.63,0.58,0.11,0.3,0,0
ESP-La Liga,2324,Osasuna,Rubén Peña,ESP,"DF,MF",32,1991,23.2,0,17,5,29.4,0.73,0.22,0.0,0.0,0,0
ESP-La Liga,2324,Osasuna,Sergio Herrera,ESP,GK,30,1993,31.9,0,0,0,,0.0,0.0,,,0,0
ESP-La Liga,2324,Osasuna,Unai García,ESP,DF,31,1992,6.2,1,2,1,50.0,0.32,0.16,0.5,1.0,0,0
ESP-La Liga,2324,Osasuna,Xabier Huarte Armendáriz,ESP,MF,22,2001,0.1,0,0,0,,0.0,0.0,,,0,0
ESP-La Liga,2324,Rayo Vallecano,Abdul Mumin,GHA,DF,25,1998,18.8,1,6,1,16.7,0.32,0.05,0.17,1.0,0,0
ESP-La Liga,2324,Rayo Vallecano,Alfonso Espino,URU,DF,31,1992,27.9,0,18,5,27.8,0.65,0.18,0.0,0.0,0,0
ESP-La Liga,2324,Rayo Vallecano,Andrei Ratiu,ROU,"DF,MF",25,1998,7.0,0,6,1,16.7,0.86,0.14,0.0,0.0,0,0
ESP-La Liga,2324,Rayo Vallecano,Aridane Hernández,ESP,DF,34,1989,18.8,0,5,0,0.0,0.27,0.0,0.0,,0,0
ESP-La Liga,2324,Rayo Vallecano,Bebé,CPV,"FW,MF",33,1990,2.4,2,16,5,31.3,6.79,2.12,0.06,0.2,1,1
ESP-La Liga,2324,Rayo Vallecano,Crespo,POR,MF,26,1996,5.9,0,3,0,0.0,0.51,0.0,0.0,,0,0
ESP-La Liga,2324,Rayo Vallecano,Dani Cárdenas,ESP,GK,26,1997,1.0,0,0,0,,0.0,0.0,,,0,0
ESP-La Liga,2324,Rayo Vallecano,Diego Méndez,ESP,MF,19,2003,0.1,0,0,0,,0.0,0.0,,,0,0
ESP-La Liga,2324,Rayo Vallecano,Florian Lejeune,FRA,DF,32,1991,37.0,3,64,21,32.8,1.73,0.57,0.05,0.14,0,0
ESP-La Liga,2324,Rayo Vallecano,Isaac Palazón Camacho,ESP,MF,28,1994,31.0,4,72,33,45.8,2.32,1.06,0.03,0.06,2,2
ESP-La Liga,2324,Rayo Vallecano,Iván Balliu,ALB,DF,31,1992,31.9,0,11,4,36.4,0.34,0.13,0.0,0.0,0,0
ESP-La Liga,2324,Rayo Vallecano,Jorge de Frutos,ESP,MF,26,1997,17.2,2,29,11,37.9,1.68,0.64,0.07,0.18,0,0
ESP-La Liga,2324,Rayo Vallecano,José Pozo,ESP,"FW,MF",27,1996,0.2,0,0,0,,0.0,0.0,,,0,0
ESP-La Liga,2324,Rayo Vallecano,Kike Pérez,ESP,"MF,FW",26,1997,9.3,1,13,6,46.2,1.4,0.65,0.08,0.17,0,0
ESP-La Liga,2324,Rayo Vallecano,Pathé Ciss,SEN,MF,29,1994,18.5,1,22,8,36.4,1.19,0.43,0.05,0.13,0,0
ESP-La Liga,2324,Rayo Vallecano,Pep Chavarría,ESP,"DF,MF",25,1998,13.0,1,11,2,18.2,0.85,0.15,0.09,0.5,0,0
ESP-La Liga,2324,Rayo Vallecano,Radamel Falcao,COL,FW,37,1986,4.5,1,17,7,41.2,3.76,1.55,0.0,0.0,1,1
ESP-La Liga,2324,Rayo Vallecano,Randy Nteka,ANG,FW,25,1997,6.4,1,15,6,40.0,2.36,0.94,0.0,0.0,1,1
ESP-La Liga,2324,Rayo Vallecano,Raúl de Tomás,ESP,FW,28,1994,14.1,1,39,12,30.8,2.76,0.85,0.0,0.0,1,1
ESP-La Liga,2324,Rayo Vallecano,Salvi,ESP,MF,32,1991,0.3,0,0,0,,0.0,0.0,,,0,0
ESP-La Liga,2324,Rayo Vallecano,Sergio Camello,ESP,FW,22,2001,18.5,3,34,13,38.2,1.84,0.7,0.09,0.23,0,0
ESP-La Liga,2324,Rayo Vallecano,Stole Dimitrievski,MKD,GK,29,1993,37.0,0,0,0,,0.0,0.0,,,0,0
ESP-La Liga,2324,Rayo Vallecano,Unai López,ESP,MF,27,1995,23.4,1,32,5,15.6,1.37,0.21,0.03,0.2,0,0
ESP-La Liga,2324,Rayo Vallecano,Álvaro García,ESP,MF,30,1992,27.5,6,45,17,37.8,1.64,0.62,0.13,0.35,0,0
ESP-La Liga,2324,Rayo Vallecano,Óscar Trejo,ARG,"FW,MF",35,1988,15.3,0,18,3,16.7,1.17,0.2,0.0,0.0,0,0
ESP-La Liga,2324,Rayo Vallecano,Óscar Valentín,ESP,MF,28,1994,29.9,1,15,7,46.7,0.5,0.23,0.07,0.14,0,0
ESP-La Liga,2324,Real Betis,Abde Ezzalzouli,MAR,MF,21,2001,9.6,1,34,9,26.5,3.54,0.94,0.03,0.11,0,1
ESP-La Liga,2324,Real Betis,Abner,BRA,DF,23,2000,15.6,0,4,0,0.0,0.26,0.0,0.0,,0,0
ESP-La Liga,2324,Real Betis,Aitor Ruibal,ESP,"DF,MF",27,1996,11.3,2,13,2,15.4,1.15,0.18,0.15,1.0,0,0
ESP-La Liga,2324,Real Betis,Andrés Guardado,MEX,MF,36,1986,5.0,0,5,0,0.0,1.01,0.0,0.0,,0,0
ESP-La Liga,2324,Real Betis,Assane Diao,SEN,MF,17,2005,11.6,2,21,3,14.3,1.8,0.26,0.1,0.67,0,0
ESP-La Liga,2324,Real Betis,Ayoze Pérez,ESP,"MF,FW",30,1993,25.5,9,68,26,38.2,2.67,1.02,0.13,0.35,0,0
ESP-La Liga,2324,Real Betis,Borja Iglesias,ESP,FW,30,1993,4.5,0,10,0,0.0,2.21,0.0,0.0,,0,0
ESP-La Liga,2324,Real Betis,Chadi Riad,MAR,DF,20,2003,24.0,0,11,5,45.5,0.46,0.21,0.0,0.0,0,0
ESP-La Liga,2324,Real Betis,Claudio Bravo,CHI,GK,40,1983,7.0,0,0,0,,0.0,0.0,,,0,0
ESP-La Liga,2324,Real Betis,Cédric Bakambu,COD,FW,32,1991,2.2,0,4,1,25.0,1.86,0.46,0.0,0.0,0,0
ESP-La Liga,2324,Real Betis,Ezequiel Ávila,ARG,"MF,FW",29,1994,3.3,1,9,3,33.3,2.72,0.91,0.11,0.33,0,0
ESP-La Liga,2324,Real Betis,Fran Vieites,ESP,GK,24,1999,3.5,0,0,0,,0.0,0.0,,,0,0
ESP-La Liga,2324,Real Betis,Germán Pezzella,ARG,DF,32,1991,30.7,1,23,5,21.7,0.75,0.16,0.04,0.2,0,0
ESP-La Liga,2324,Real Betis,Guido Rodríguez,ARG,MF,29,1994,20.5,2,18,7,38.9,0.88,0.34,0.11,0.29,0,0
ESP-La Liga,2324,Real Betis,Héctor Bellerín,ESP,DF,28,1995,19.0,0,2,0,0.0,0.11,0.0,0.0,,0,0
ESP-La Liga,2324,Real Betis,Isco,ESP,MF,31,1992,25.8,8,64,26,40.6,2.48,1.01,0.09,0.23,2,2
ESP-La Liga,2324,Real Betis,Johnny Cardoso,USA,MF,21,2001,14.8,1,12,3,25.0,0.81,0.2,0.08,0.33,0,0
ESP-La Liga,2324,Real Betis,Juan Cruz,ESP,MF,23,2000,0.8,0,2,0,0.0,2.37,0.0,0.0,,0,0
ESP-La Liga,2324,Real Betis,Juan Miranda,ESP,DF,23,2000,20.6,1,16,6,37.5,0.78,0.29,0.06,0.17,0,0
ESP-La Liga,2324,Real Betis,Luiz Felipe,ITA,DF,26,1997,4.0,0,2,0,0.0,0.5,0.0,0.0,,0,0
ESP-La Liga,2324,Real Betis,Luiz Henrique,BRA,MF,22,2001,6.8,0,18,4,22.2,2.63,0.58,0.0,0.0,0,0
ESP-La Liga,2324,Real Betis,Marc Bartra,ESP,DF,32,1991,2.5,0,3,0,0.0,1.2,0.0,0.0,,0,0
ESP-La Liga,2324,Real Betis,Marc Roca,ESP,MF,26,1996,22.0,2,20,7,35.0,0.91,0.32,0.1,0.29,0,0
ESP-La Liga,2324,Real Betis,Nabil Fekir,FRA,"MF,FW",30,1993,11.7,1,27,9,33.3,2.32,0.77,0.04,0.11,0,0
ESP-La Liga,2324,Real Betis,Pablo Busto,ESP,DF,17,2005,0.5,0,1,0,0.0,2.05,0.0,0.0,,0,0
ESP-La Liga,2324,Real Betis,Pablo Fornals,ESP,MF,27,1996,12.8,3,17,6,35.3,1.33,0.47,0.18,0.5,0,0
ESP-La Liga,2324,Real Betis,Paul Akouokou,CIV,MF,25,1997,0.3,0,0,0,,0.0,0.0,,,0,0
ESP-La Liga,2324,Real Betis,Ricardo Visus,ESP,DF,22,2001,1.8,0,0,0,,0.0,0.0,,,0,0
ESP-La Liga,2324,Real Betis,Rodri,ESP,MF,23,2000,11.7,0,18,5,27.8,1.54,0.43,0.0,0.0,0,0
ESP-La Liga,2324,Real Betis,Rui Silva,POR,GK,29,1994,27.5,0,0,0,,0.0,0.0,,,0,0
ESP-La Liga,2324,Real Betis,Sergi Altimira,ESP,MF,21,2001,6.3,1,7,2,28.6,1.11,0.32,0.14,0.5,0,0
ESP-La Liga,2324,Real Betis,Sokratis Papastathopoulos,GRE,DF,35,1988,12.6,0,2,1,50.0,0.16,0.08,0.0,0.0,0,0
ESP-La Liga,2324,Real Betis,William Carvalho,POR,MF,31,1992,7.6,1,8,3,37.5,1.06,0.4,0.13,0.33,0,0
ESP-La Liga,2324,Real Betis,Willian José,BRA,FW,31,1991,21.9,10,48,24,50.0,2.19,1.1,0.21,0.42,0,0
ESP-La Liga,2324,Real Betis,Youssouf Sabaly,SEN,DF,30,1993,11.6,0,4,0,0.0,0.34,0.0,0.0,,0,0
ESP-La Liga,2324,Real Madrid,Andriy Lunin,UKR,GK,24,1999,21.0,0,0,0,,0.0,0.0,,,0,0
ESP-La Liga,2324,Real Madrid,Antonio Rüdiger,GER,DF,30,1993,30.1,1,19,2,10.5,0.63,0.07,0.05,0.5,0,0
ESP-La Liga,2324,Real Madrid,Arda Güler,TUR,"MF,FW",18,2005,4.2,6,15,6,40.0,3.58,1.43,0.4,1.0,0,0
ESP-La Liga,2324,Real Madrid,Aurélien Tchouaméni,FRA,"MF,DF",23,2000,22.1,3,27,7,25.9,1.22,0.32,0.11,0.43,0,0
ESP-La Liga,2324,Real Madrid,Brahim Díaz,MAR,"MF,FW",23,1999,17.2,8,38,17,44.7,2.21,0.99,0.21,0.47,0,0
ESP-La Liga,2324,Real Madrid,Dani Carvajal,ESP,DF,31,1992,24.1,4,18,10,55.6,0.75,0.41,0.22,0.4,0,0
ESP-La Liga,2324,Real Madrid,Dani Ceballos,ESP,MF,26,1996,6.6,0,7,1,14.3,1.05,0.15,0.0,0.0,0,0
ESP-La Liga,2324,Real Madrid,David Alaba,AUT,DF,31,1992,12.8,0,14,4,28.6,1.09,0.31,0.0,0.0,0,0
ESP-La Liga,2324,Real Madrid,Eduardo Camavinga,FRA,MF,20,2002,20.2,0,17,7,41.2,0.84,0.35,0.0,0.0,0,0
ESP-La Liga,2324,Real Madrid,Federico Valverde,URU,MF,25,1998,32.3,2,56,19,33.9,1.74,0.59,0.04,0.11,0,0
ESP-La Liga,2324,Real Madrid,Ferland Mendy,FRA,DF,28,1995,19.1,0,5,2,40.0,0.26,0.1,0.0,0.0,0,0
ESP-La Liga,2324,Real Madrid,Fran Garcia,ESP,DF,23,1999,15.5,1,9,1,11.1,0.58,0.06,0.11,1.0,0,0
ESP-La Liga,2324,Real Madrid,Gonzalo García,ESP,FW,19,2004,0.2,0,1,1,100.0,4.74,4.74,0.0,0.0,0,0
ESP-La Liga,2324,Real Madrid,Joselu,ESP,FW,33,1990,18.7,10,63,29,46.0,3.36,1.55,0.16,0.34,0,2
ESP-La Liga,2324,Real Madrid,Jude Bellingham,ENG,"MF,FW",20,2003,25.7,19,63,35,55.6,2.45,1.36,0.29,0.51,1,1
ESP-La Liga,2324,Real Madrid,Kepa Arrizabalaga,ESP,GK,28,1994,13.3,0,0,0,,0.0,0.0,,,0,0
ESP-La Liga,2324,Real Madrid,Lucas Vázquez,ESP,DF,32,1991,15.8,3,12,7,58.3,0.76,0.44,0.25,0.43,0,0
ESP-La Liga,2324,Real Madrid,Luka Modrić,CRO,MF,37,1985,18.8,2,25,10,40.0,1.33,0.53,0.08,0.2,0,0
ESP-La Liga,2324,Real Madrid,Mario Martín,ESP,MF,19,2004,0.2,0,0,0,,0.0,0.0,,,0,0
ESP-La Liga,2324,Real Madrid,Nacho,ESP,DF,33,1990,19.4,0,5,1,20.0,0.26,0.05,0.0,0.0,0,0
ESP-La Liga,2324,Real Madrid,Nicolás Paz,ARG,MF,18,2004,0.3,0,2,0,0.0,7.83,0.0,0.0,,0,0
ESP-La Liga,2324,Real Madrid,Rodrygo,BRA,FW,22,2001,26.4,10,87,36,41.4,3.29,1.36,0.11,0.28,0,1
ESP-La Liga,2324,Real Madrid,Thibaut Courtois,BEL,GK,31,1992,3.7,0,0,0,,0.0,0.0,,,0,0
ESP-La Liga,2324,Real Madrid,Toni Kroos,GER,MF,33,1990,23.6,1,35,13,37.1,1.48,0.55,0.03,0.08,0,0
ESP-La Liga,2324,Real Madrid,Vinicius Júnior,BRA,FW,23,2000,20.7,15,78,39,50.0,3.77,1.88,0.18,0.36,1,1
ESP-La Liga,2324,Real Madrid,Álvaro Rodríguez,URU,FW,19,2004,0.0,0,0,0,,0.0,0.0,,,0,0
ESP-La Liga,2324,Real Madrid,Éder Militão,BRA,DF,25,1998,5.5,0,2,2,100.0,0.36,0.36,0.0,0.0,0,0
ESP-La Liga,2324,Real Sociedad,Aihen Muñoz,ESP,DF,25,1997,12.5,0,7,2,28.6,0.56,0.16,0.0,0.0,0,0
ESP-La Liga,2324,Real Sociedad,Alberto Dadie,ESP,DF,21,2002,0.3,0,0,0,,0.0,0.0,,,0,0
ESP-La Liga,2324,Real Sociedad,Alex Sola,ESP,"DF,FW",24,1999,0.3,0,0,0,,0.0,0.0,,,0,0
ESP-La Liga,2324,Real Sociedad,Ander Barrenetxea,ESP,"MF,FW",21,2001,15.9,4,37,12,32.4,2.33,0.76,0.11,0.33,0,0
ESP-La Liga,2324,Real Sociedad,André Silva,POR,FW,27,1995,8.1,3,16,6,37.5,1.98,0.74,0.13,0.33,1,1
ESP-La Liga,2324,Real Sociedad,Aritz Elustondo,ESP,DF,29,1994,9.0,0,6,2,33.3,0.67,0.22,0.0,0.0,0,0
ESP-La Liga,2324,Real Sociedad,Arsen Zakharyan,RUS,"MF,FW",20,2003,13.6,1,33,9,27.3,2.42,0.66,0.03,0.11,0,0
ESP-La Liga,2324,Real Sociedad,Beñat Turrientes,ESP,MF,21,2002,18.7,0,23,10,43.5,1.23,0.53,0.0,0.0,0,0
ESP-La Liga,2324,Real Sociedad,Brais Méndez,ESP,"MF,FW",26,1997,26.8,5,66,17,25.8,2.46,0.63,0.08,0.29,0,0
ESP-La Liga,2324,Real Sociedad,Carlos Fernández,ESP,FW,27,1996,4.5,2,9,4,44.4,1.99,0.88,0.11,0.25,1,1
ESP-La Liga,2324,Real Sociedad,Hamari Traoré,MLI,DF,31,1992,25.5,0,18,2,11.1,0.71,0.08,0.0,0.0,0,0
ESP-La Liga,2324,Real Sociedad,Igor Zubeldia,ESP,DF,26,1997,28.0,0,12,0,0.0,0.43,0.0,0.0,,0,0
ESP-La Liga,2324,Real Sociedad,Javi Galán,ESP,DF,28,1994,11.9,0,3,1,33.3,0.25,0.08,0.0,0.0,0,0
ESP-La Liga,2324,Real Sociedad,Jon Aramburu,VEN,"DF,MF",21,2002,6.0,0,4,0,0.0,0.66,0.0,0.0,,0,0
ESP-La Liga,2324,Real Sociedad,Jon Magunazelaia,ESP,FW,22,2001,1.3,0,4,0,0.0,2.98,0.0,0.0,,0,0
ESP-La Liga,2324,Real Sociedad,Jon Martin,ESP,DF,17,2006,0.3,0,0,0,,0.0,0.0,,,0,0
ESP-La Liga,2324,Real Sociedad,Jon Pacheco,ESP,DF,22,2001,17.0,1,6,3,50.0,0.35,0.18,0.17,0.33,0,0
ESP-La Liga,2324,Real Sociedad,Kieran Tierney,SCO,DF,26,1997,13.8,0,2,0,0.0,0.15,0.0,0.0,,0,0
ESP-La Liga,2324,Real Sociedad,Martín Zubimendi,ESP,MF,24,1999,29.5,4,22,11,50.0,0.75,0.37,0.18,0.36,0,0
ESP-La Liga,2324,Real Sociedad,Mikel Merino,ESP,MF,27,1996,27.6,5,30,11,36.7,1.09,0.4,0.17,0.45,0,0
ESP-La Liga,2324,Real Sociedad,Mikel Oyarzabal,ESP,"FW,MF",26,1997,24.0,9,40,19,47.5,1.67,0.79,0.18,0.37,2,2
ESP-La Liga,2324,Real Sociedad,Mohamed Ali Cho,FRA,FW,19,2004,2.8,0,3,0,0.0,1.08,0.0,0.0,,0,0
ESP-La Liga,2324,Real Sociedad,Olasagasti,ESP,MF,22,2000,4.0,0,9,0,0.0,2.25,0.0,0.0,,0,0
ESP-La Liga,2324,Real Sociedad,Robin Le Normand,ESP,DF,26,1996,27.4,2,9,5,55.6,0.33,0.18,0.22,0.4,0,0
ESP-La Liga,2324,Real Sociedad,Sheraldo Becker,SUR,"FW,MF",28,1995,8.6,2,21,10,47.6,2.45,1.17,0.1,0.2,0,0
ESP-La Liga,2324,Real Sociedad,Takefusa Kubo,JPN,"FW,MF",22,2001,23.9,7,46,21,45.7,1.93,0.88,0.15,0.33,0,0
ESP-La Liga,2324,Real Sociedad,Umar Sadiq,NGA,FW,26,1997,12.0,3,33,10,30.3,2.76,0.84,0.09,0.3,0,0
ESP-La Liga,2324,Real Sociedad,Unai Marrero,ESP,GK,21,2001,1.6,0,0,0,,0.0,0.0,,,0,0
ESP-La Liga,2324,Real Sociedad,Urko González,ESP,MF,22,2001,1.7,0,2,0,0.0,1.15,0.0,0.0,,0,0
ESP-La Liga,2324,Real Sociedad,Álex Remiro,ESP,GK,28,1995,36.4,0,0,0,,0.0,0.0,,,0,0
ESP-La Liga,2324,Real Sociedad,Álvaro Odriozola,ESP,DF,27,1995,4.4,0,0,0,,0.0,0.0,,,0,0
ESP-La Liga,2324,Sevilla,Adnan Januzaj,BEL,"FW,MF",28,1995,2.1,0,6,1,16.7,2.8,0.47,0.0,0.0,0,0
ESP-La Liga,2324,Sevilla,Adrià Pedrosa,ESP,"DF,MF",25,1998,19.5,1,16,4,25.0,0.82,0.21,0.06,0.25,0,0
ESP-La Liga,2324,Sevilla,Alejo Véliz,ARG,FW,19,2003,0.4,0,2,2,100.0,5.14,5.14,0.0,0.0,0,0
ESP-La Liga,2324,Sevilla,Boubakary Soumaré,FRA,MF,24,1999,25.4,0,1,0,0.0,0.04,0.0,0.0,,0,0
ESP-La Liga,2324,Sevilla,Diego Iturralde,ESP,DF,20,2003,0.4,0,0,0,,0.0,0.0,,,0,0
ESP-La Liga,2324,Sevilla,Djibril Sow,SUI,MF,26,1997,16.2,1,18,5,27.8,1.11,0.31,0.06,0.2,0,0
ESP-La Liga,2324,Sevilla,Dodi Lukebakio,BEL,"MF,FW",25,1997,12.5,5,42,17,40.5,3.36,1.36,0.12,0.29,0,0
ESP-La Liga,2324,Sevilla,Federico Gattoni,ARG,DF,24,1999,0.1,0,0,0,,0.0,0.0,,,0,0
ESP-La Liga,2324,Sevilla,Fernando,BRA,MF,36,1987,5.1,0,1,0,0.0,0.2,0.0,0.0,,0,0
ESP-La Liga,2324,Sevilla,Hannibal Mejbri,TUN,MF,20,2003,1.2,0,1,0,0.0,0.87,0.0,0.0,,0,0
ESP-La Liga,2324,Sevilla,Isaac Romero,ESP,FW,23,2000,11.5,4,42,17,40.5,3.64,1.47,0.1,0.24,0,0
ESP-La Liga,2324,Sevilla,Ivan Rakitić,CRO,MF,35,1988,15.8,2,32,8,25.0,2.02,0.51,0.06,0.25,0,0
ESP-La Liga,2324,Sevilla,Jesús Corona,MEX,"DF,FW",30,1993,0.2,0,0,0,,0.0,0.0,,,0,0
ESP-La Liga,2324,Sevilla,Jesús Navas,ESP,"DF,MF",37,1985,22.3,0,7,2,28.6,0.31,0.09,0.0,0.0,0,0
ESP-La Liga,2324,Sevilla,Joan Jordán,ESP,MF,29,1994,4.2,0,6,1,16.7,1.42,0.24,0.0,0.0,0,0
ESP-La Liga,2324,Sevilla,Juanlu Sánchez,ESP,"DF,MF",19,2003,13.1,0,11,2,18.2,0.84,0.15,0.0,0.0,0,0
ESP-La Liga,2324,Sevilla,Kike Salas,ESP,DF,21,2002,17.8,3,16,5,31.3,0.9,0.28,0.19,0.6,0,0
ESP-La Liga,2324,Sevilla,Loïc Bade,FRA,DF,23,2000,25.3,0,14,3,21.4,0.55,0.12,0.0,0.0,0,0
ESP-La Liga,2324,Sevilla,Lucas Ocampos,ARG,"MF,FW",29,1994,31.9,4,64,24,37.5,2.01,0.75,0.05,0.13,1,1
ESP-La Liga,2324,Sevilla,Lucien Agoume,FRA,MF,21,2002,8.6,0,6,2,33.3,0.69,0.23,0.0,0.0,0,0
ESP-La Liga,2324,Sevilla,Manu Bueno,ESP,MF,19,2004,1.3,0,1,0,0.0,0.77,0.0,0.0,,0,0
ESP-La Liga,2324,Sevilla,Marcos Acuña,ARG,"DF,MF",31,1991,14.4,1,9,4,44.4,0.63,0.28,0.11,0.25,0,0
ESP-La Liga,2324,Sevilla,Marcão,BRA,DF,27,1996,3.9,0,0,0,,0.0,0.0,,,0,0
ESP-La Liga,2324,Sevilla,Mariano,DOM,FW,29,1993,2.7,0,14,2,14.3,5.16,0.74,0.0,0.0,0,0
ESP-La Liga,2324,Sevilla,Marko Dmitrović,SRB,GK,31,1992,13.0,0,0,0,,0.0,0.0,,,0,0
ESP-La Liga,2324,Sevilla,Nemanja Gudelj,SRB,"DF,MF",31,1991,19.4,1,19,3,15.8,0.98,0.15,0.05,0.33,0,0
ESP-La Liga,2324,Sevilla,Rafa Mir,ESP,FW,26,1997,4.3,2,15,7,46.7,3.45,1.61,0.13,0.29,0,0
ESP-La Liga,2324,Sevilla,Sergio Ramos,ESP,DF,37,1986,28.0,3,28,11,39.3,1.0,0.39,0.11,0.27,0,0
ESP-La Liga,2324,Sevilla,Suso,ESP,MF,29,1993,16.9,1,26,6,23.1,1.54,0.36,0.04,0.17,0,0
ESP-La Liga,2324,Sevilla,Tanguy Nianzou,FRA,DF,21,2002,3.5,0,1,0,0.0,0.28,0.0,0.0,,0,0
ESP-La Liga,2324,Sevilla,Yassine Bounou,MAR,GK,32,1991,1.0,0,0,0,,0.0,0.0,,,0,0
ESP-La Liga,2324,Sevilla,Youssef En-Nesyri,MAR,FW,26,1997,28.6,16,73,30,41.1,2.56,1.05,0.21,0.5,1,1
ESP-La Liga,2324,Sevilla,Érik Lamela,ARG,MF,31,1992,5.1,2,9,4,44.4,1.75,0.78,0.22,0.5,0,0
ESP-La Liga,2324,Sevilla,Óliver Torres,ESP,MF,28,1994,18.0,0,9,3,33.3,0.5,0.17,0.0,0.0,0,0
ESP-La Liga,2324,Sevilla,Ørjan Nyland,NOR,GK,32,1990,24.0,0,0,0,,0.0,0.0,,,0,0
ESP-La Liga,2324,Valencia,Alberto Marí,ESP,FW,22,2001,3.1,1,7,3,42.9,2.28,0.98,0.0,0.0,1,1
ESP-La Liga,2324,Valencia,André Almeida,POR,"FW,MF",23,2000,10.7,2,10,4,40.0,0.93,0.37,0.2,0.5,0,0
ESP-La Liga,2324,Valencia,Cenk Özkacar,TUR,DF,22,2000,17.8,0,6,3,50.0,0.34,0.17,0.0,0.0,0,0
ESP-La Liga,2324,Valencia,Cristhian Mosquera,ESP,DF,19,2004,34.2,0,9,2,22.2,0.26,0.06,0.0,0.0,0,0
ESP-La Liga,2324,Valencia,Cristian,ESP,GK,25,1998,0.6,0,0,0,,0.0,0.0,,,0,0
ESP-La Liga,2324,Valencia,César Tárrega,ESP,DF,21,2002,0.1,0,0,0,,0.0,0.0,,,0,0
ESP-La Liga,2324,Valencia,Diego López,ESP,"MF,FW",21,2002,29.5,3,41,15,36.6,1.39,0.51,0.07,0.2,0,0
ESP-La Liga,2324,Valencia,Dimitri Foulquier,FRA,"DF,MF",30,1993,20.5,0,7,1,14.3,0.34,0.05,0.0,0.0,0,0
ESP-La Liga,2324,Valencia,Francisco Perez,ESP,MF,20,2002,22.8,1,20,2,10.0,0.88,0.09,0.05,0.5,0,0
ESP-La Liga,2324,Valencia,Gabriel Paulista,BRA,DF,32,1990,15.5,0,7,0,0.0,0.45,0.0,0.0,,0,0
ESP-La Liga,2324,Valencia,Giorgi Mamardashvili,GEO,GK,22,2000,36.5,0,0,0,,0.0,0.0,,,0,0
ESP-La Liga,2324,Valencia,Hugo Duro,ESP,FW,23,1999,33.1,13,66,29,43.9,2.0,0.88,0.2,0.45,0,0
ESP-La Liga,2324,Valencia,Hugo González,ESP,FW,20,2003,1.0,0,1,0,0.0,1.03,0.0,0.0,,0,0
ESP-La Liga,2324,Valencia,Hugo Guillamón,ESP,MF,23,2000,14.6,1,3,2,66.7,0.21,0.14,0.33,0.5,0,0
ESP-La Liga,2324,Valencia,Jaume Doménech,ESP,GK,32,1990,0.9,0,0,0,,0.0,0.0,,,0,0
ESP-La Liga,2324,Valencia,Javier Guerra,ESP,MF,20,2003,27.8,4,42,14,33.3,1.51,0.5,0.1,0.29,0,0
ESP-La Liga,2324,Valencia,Jesus Vazquez,ESP,DF,20,2003,8.0,1,7,2,28.6,0.88,0.25,0.14,0.5,0,0
ESP-La Liga,2324,Valencia,José Luis García Vayá,ESP,MF,24,1998,36.7,7,35,12,34.3,0.95,0.33,0.0,0.0,7,8
ESP-La Liga,2324,Valencia,José Luis Gayà,ESP,DF,28,1995,19.9,1,10,1,10.0,0.5,0.05,0.1,1.0,0,0
ESP-La Liga,2324,Valencia,Mario Dominguez,ESP,MF,19,2004,0.3,0,3,1,33.3,10.8,3.6,0.0,0.0,0,0
ESP-La Liga,2324,Valencia,Mouctar Diakhaby,GUI,"DF,MF",26,1996,11.9,1,7,3,42.9,0.59,0.25,0.14,0.33,0,0
ESP-La Liga,2324,Valencia,Pablo Gozalbez,ESP,MF,22,2001,1.1,0,1,0,0.0,0.87,0.0,0.0,,0,0
ESP-La Liga,2324,Valencia,Peter González,DOM,MF,21,2002,7.2,0,17,6,35.3,2.36,0.83,0.0,0.0,0,0
ESP-La Liga,2324,Valencia,Roman Yaremchuk,UKR,FW,27,1995,10.3,3,18,9,50.0,1.75,0.87,0.17,0.33,0,0
ESP-La Liga,2324,Valencia,Ruben Lendinez,ESP,DF,20,2003,0.1,0,0,0,,0.0,0.0,,,0,0
ESP-La Liga,2324,Valencia,Selim Amallah,MAR,"MF,FW",26,1996,6.7,0,11,5,45.5,1.64,0.75,0.0,0.0,0,0
ESP-La Liga,2324,Valencia,Sergi Canós,ESP,MF,26,1997,13.7,1,43,17,39.5,3.15,1.24,0.02,0.06,0,0
ESP-La Liga,2324,Valencia,Thierry Correia,POR,DF,24,1999,23.9,0,5,2,40.0,0.21,0.08,0.0,0.0,0,0
ESP-La Liga,2324,Valencia,Yarek Gasiorowski,ESP,DF,18,2005,8.2,0,1,0,0.0,0.12,0.0,0.0,,0,0
ESP-La Liga,2324,Villarreal,Adrià Altimira,ESP,"DF,MF",22,2001,8.6,0,1,0,0.0,0.12,0.0,0.0,,0,0
ESP-La Liga,2324,Villarreal,Alberto Moreno,ESP,DF,31,1992,16.5,2,17,5,29.4,1.03,0.3,0.12,0.4,0,0
ESP-La Liga,2324,Villarreal,Alexander Sørloth,NOR,FW,27,1995,27.7,23,78,36,46.2,2.82,1.3,0.29,0.64,0,0
ESP-La Liga,2324,Villarreal,Alfonso Pedraza,ESP,DF,27,1996,12.4,1,9,4,44.4,0.73,0.32,0.11,0.25,0,0
ESP-La Liga,2324,Villarreal,Aïssa Mandi,ALG,DF,31,1991,12.4,1,4,2,50.0,0.32,0.16,0.25,0.5,0,0
ESP-La Liga,2324,Villarreal,Ben Brereton,CHI,"MF,FW",24,1999,3.0,0,5,1,20.0,1.67,0.33,0.0,0.0,0,0
ESP-La Liga,2324,Villarreal,Bertrand Traoré,BFA,MF,27,1995,6.3,1,20,7,35.0,3.17,1.11,0.05,0.14,0,0
ESP-La Liga,2324,Villarreal,Carlos Romero,ESP,DF,21,2001,2.9,0,2,1,50.0,0.69,0.34,0.0,0.0,0,0
ESP-La Liga,2324,Villarreal,Daniel Parejo,ESP,MF,34,1989,28.7,3,12,6,50.0,0.42,0.21,0.0,0.0,3,3
ESP-La Liga,2324,Villarreal,Denis Suárez,ESP,MF,29,1994,1.5,0,1,0,0.0,0.68,0.0,0.0,,0,0
ESP-La Liga,2324,Villarreal,Eric Bailly,CIV,DF,29,1994,9.3,0,2,0,0.0,0.21,0.0,0.0,,0,0
ESP-La Liga,2324,Villarreal,Filip Jørgensen,DEN,GK,21,2002,36.0,0,0,0,,0.0,0.0,,,0,0
ESP-La Liga,2324,Villarreal,Francis Coquelin,FRA,MF,32,1991,10.1,0,3,0,0.0,0.3,0.0,0.0,,0,0
ESP-La Liga,2324,Villarreal,Gerard Moreno,ESP,FW,31,1992,24.6,10,63,21,33.3,2.56,0.85,0.13,0.38,2,3
ESP-La Liga,2324,Villarreal,Gonçalo Guedes,POR,"FW,MF",26,1996,10.6,3,25,8,32.0,2.37,0.76,0.12,0.38,0,0
ESP-La Liga,2324,Villarreal,Ilias Akhomach,MAR,MF,19,2004,16.8,2,30,7,23.3,1.79,0.42,0.07,0.29,0,0
ESP-La Liga,2324,Villarreal,Jorge Cuenca,ESP,DF,23,1999,21.8,3,20,7,35.0,0.92,0.32,0.15,0.43,0,0
ESP-La Liga,2324,Villarreal,José Luis Morales,ESP,"FW,MF",36,1987,11.6,7,26,12,46.2,2.23,1.03,0.27,0.58,0,0
ESP-La Liga,2324,Villarreal,Juan Foyth,ARG,DF,25,1998,11.8,1,6,2,33.3,0.51,0.17,0.17,0.5,0,0
ESP-La Liga,2324,Villarreal,Kiko Femenía,ESP,DF,32,1991,17.6,0,1,0,0.0,0.06,0.0,0.0,,0,0
ESP-La Liga,2324,Villarreal,Manu Trigueros,ESP,MF,31,1991,3.4,0,6,3,50.0,1.75,0.87,0.0,0.0,0,0
ESP-La Liga,2324,Villarreal,Matteo Gabbia,ITA,DF,23,1999,5.3,0,0,0,,0.0,0.0,,,0,0
ESP-La Liga,2324,Villarreal,Pascu,ESP,FW,20,2003,0.2,0,0,0,,0.0,0.0,,,0,0
ESP-La Liga,2324,Villarreal,Pepe Reina,ESP,GK,40,1982,2.0,0,0,0,,0.0,0.0,,,0,0
ESP-La Liga,2324,Villarreal,Ramón Terrats,ESP,MF,22,2000,8.7,0,8,1,12.5,0.92,0.11,0.0,0.0,0,0
ESP-La Liga,2324,Villarreal,Raúl Albiol,ESP,DF,37,1985,22.6,0,6,1,16.7,0.27,0.04,0.0,0.0,0,0
ESP-La Liga,2324,Villarreal,Santi Comesaña,ESP,MF,26,1996,18.4,2,17,7,41.2,0.93,0.38,0.12,0.29,0,0
ESP-La Liga,2324,Villarreal,Stefan Lekovic,SRB,DF,19,2004,0.3,0,0,0,,0.0,0.0,,,0,0
ESP-La Liga,2324,Villarreal,Yerson Mosquera,COL,DF,22,2001,13.7,2,10,4,40.0,0.73,0.29,0.2,0.5,0,0
ESP-La Liga,2324,Villarreal,Yéremy Pino,ESP,"MF,FW",20,2002,5.3,0,9,4,44.4,1.71,0.76,0.0,0.0,0,0
ESP-La Liga,2324,Villarreal,Álex Baena,ESP,"MF,FW",22,2001,28.7,2,73,26,35.6,2.55,0.91,0.03,0.08,0,1
ESP-La Liga,2324,Villarreal,Étienne Capoue,FRA,MF,35,1988,16.2,1,14,5,35.7,0.87,0.31,0.07,0.2,0,0
GER-Bundesliga,2324,Augsburg,Arne Engels,BEL,"MF,DF",19,2003,15.6,3,20,7,35.0,1.28,0.45,0.15,0.43,0,0
GER-Bundesliga,2324,Augsburg,Arne Maier,GER,"MF,FW",24,1999,11.1,2,22,5,22.7,1.97,0.45,0.09,0.4,0,0
GER-Bundesliga,2324,Augsburg,Dion Drena Beljo,CRO,"FW,MF",21,2002,6.5,2,19,9,47.4,2.94,1.39,0.11,0.22,0,0
GER-Bundesliga,2324,Augsburg,Elvis Rexhbeçaj,KVX,MF,25,1997,22.1,2,28,4,14.3,1.27,0.18,0.04,0.25,1,1
GER-Bundesliga,2324,Augsburg,Ermedin Demirović,BIH,"FW,MF",25,1998,31.9,15,82,36,43.9,2.57,1.13,0.15,0.33,3,4
GER-Bundesliga,2324,Augsburg,Finn Dahmen,GER,GK,25,1998,31.0,0,0,0,,0.0,0.0,,,0,0
GER-Bundesliga,2324,Augsburg,Fredrik Jensen,FIN,MF,25,1997,14.9,2,14,5,35.7,0.94,0.34,0.14,0.4,0,0
GER-Bundesliga,2324,Augsburg,Iago,BRA,"DF,MF",26,1997,18.0,1,18,7,38.9,1.0,0.39,0.06,0.14,0,0
GER-Bundesliga,2324,Augsburg,Irvin Cardona,MLT,"FW,MF",25,1997,0.6,0,3,0,0.0,5.0,0.0,0.0,,0,0
GER-Bundesliga,2324,Augsburg,Jeffrey Gouweleeuw,NED,DF,32,1991,28.8,1,23,3,13.0,0.8,0.1,0.04,0.33,0,0
GER-Bundesliga,2324,Augsburg,Kevin Mbabu,SUI,"DF,MF",28,1995,22.7,0,4,1,25.0,0.18,0.04,0.0,0.0,0,0
GER-Bundesliga,2324,Augsburg,Kristijan Jakić,CRO,MF,26,1997,11.7,2,13,5,38.5,1.11,0.43,0.15,0.4,0,0
GER-Bundesliga,2324,Augsburg,Mads Pedersen,DEN,"DF,MF",26,1996,19.8,1,14,1,7.1,0.71,0.05,0.07,1.0,0,0
GER-Bundesliga,2324,Augsburg,Mahmut Kücüksahin,,DF,19,2004,0.0,0,0,0,,0.0,0.0,,,0,0
GER-Bundesliga,2324,Augsburg,Masaya Okugawa,JPN,"FW,MF",27,1996,0.4,0,0,0,,0.0,0.0,,,0,0
GER-Bundesliga,2324,Augsburg,Maximilian Bauer,GER,DF,23,2000,9.0,1,4,1,25.0,0.44,0.11,0.25,1.0,0,0
GER-Bundesliga,2324,Augsburg,Mergim Berisha,GER,FW,25,1998,1.4,0,5,0,0.0,3.69,0.0,0.0,,0,0
GER-Bundesliga,2324,Augsburg,Mert Kömür,GER,FW,18,2005,1.3,1,2,1,50.0,1.53,0.76,0.5,1.0,0,0
GER-Bundesliga,2324,Augsburg,Nathanaël Mbuku,COD,"FW,MF",21,2002,0.1,0,1,0,0.0,18.0,0.0,0.0,,0,0
GER-Bundesliga,2324,Augsburg,Niklas Dorsch,GER,MF,25,1998,15.4,0,14,0,0.0,0.91,0.0,0.0,,0,0
GER-Bundesliga,2324,Augsburg,Ohis Felix Uduokhai,GER,DF,25,1997,32.5,2,13,3,23.1,0.4,0.09,0.15,0.67,0,0
GER-Bundesliga,2324,Augsburg,Patric Pfeiffer,GHA,DF,23,1999,5.7,0,11,0,0.0,1.94,0.0,0.0,,0,0
GER-Bundesliga,2324,Augsburg,Pep Biel,ESP,"FW,MF",26,1996,3.2,0,6,1,16.7,1.89,0.32,0.0,0.0,0,0
GER-Bundesliga,2324,Augsburg,Phillip Tietz,GER,FW,26,1997,26.5,8,52,19,36.5,1.96,0.72,0.15,0.42,0,0
GER-Bundesliga,2324,Augsburg,Robert Gumny,POL,"DF,MF",25,1998,5.3,0,3,1,33.3,0.56,0.19,0.0,0.0,0,0
GER-Bundesliga,2324,Augsburg,Ruben Vargas,SUI,"MF,FW",24,1998,21.8,4,49,17,34.7,2.25,0.78,0.08,0.24,0,0
GER-Bundesliga,2324,Augsburg,Sven Michel,GER,"FW,MF",33,1990,6.5,2,14,7,50.0,2.16,1.08,0.07,0.14,1,2
GER-Bundesliga,2324,Augsburg,Tim Breithaupt,GER,MF,21,2002,7.0,0,3,0,0.0,0.43,0.0,0.0,,0,0
GER-Bundesliga,2324,Augsburg,Tomáš Koubek,CZE,GK,30,1992,3.0,0,0,0,,0.0,0.0,,,0,0
GER-Bundesliga,2324,Bayern Munich,Aleksandar Pavlovic,GER,MF,19,2004,13.6,2,8,2,25.0,0.59,0.15,0.25,1.0,0,0
GER-Bundesliga,2324,Bayern Munich,Alphonso Davies,CAN,DF,22,2000,22.9,2,13,4,30.8,0.57,0.17,0.15,0.5,0,0
GER-Bundesliga,2324,Bayern Munich,Bouna Sarr,SEN,DF,31,1992,1.2,0,1,1,100.0,0.85,0.85,0.0,0.0,0,0
GER-Bundesliga,2324,Bayern Munich,Bryan Zaragoza,ESP,MF,21,2001,2.0,0,7,4,57.1,3.44,1.97,0.0,0.0,0,0
GER-Bundesliga,2324,Bayern Munich,Daniel Peretz,ISR,GK,23,2000,0.2,0,0,0,,0.0,0.0,,,0,0
GER-Bundesliga,2324,Bayern Munich,Dayot Upamecano,FRA,DF,24,1998,19.6,1,11,4,36.4,0.56,0.2,0.09,0.25,0,0
GER-Bundesliga,2324,Bayern Munich,Eric Dier,ENG,DF,29,1994,13.0,0,9,4,44.4,0.69,0.31,0.0,0.0,0,0
GER-Bundesliga,2324,Bayern Munich,Eric Maxim Choupo-Moting,CMR,MF,34,1989,8.0,2,26,12,46.2,3.26,1.51,0.08,0.17,0,0
GER-Bundesliga,2324,Bayern Munich,Frans Krätzig,GER,"DF,MF",20,2003,0.6,0,2,2,100.0,3.21,3.21,0.0,0.0,0,0
GER-Bundesliga,2324,Bayern Munich,Harry Kane,ENG,FW,30,1993,31.5,36,146,67,45.9,4.63,2.12,0.21,0.46,5,5
GER-Bundesliga,2324,Bayern Munich,Jamal Musiala,GER,MF,20,2003,19.5,10,58,21,36.2,2.97,1.08,0.17,0.48,0,0
GER-Bundesliga,2324,Bayern Munich,Jonathan Asp Jensen,DEN,FW,17,2006,0.0,0,0,0,,0.0,0.0,,,0,0
GER-Bundesliga,2324,Bayern Munich,Joshua Kimmich,GER,"MF,DF",28,1995,24.2,1,25,7,28.0,1.03,0.29,0.04,0.14,0,0
GER-Bundesliga,2324,Bayern Munich,Kim Min-jae,KOR,DF,26,1996,21.9,1,10,3,30.0,0.46,0.14,0.1,0.33,0,0
GER-Bundesliga,2324,Bayern Munich,Kingsley Coman,FRA,MF,27,1996,12.4,3,34,8,23.5,2.75,0.65,0.09,0.38,0,0
GER-Bundesliga,2324,Bayern Munich,Konrad Laimer,AUT,"MF,DF",26,1997,19.7,0,17,5,29.4,0.86,0.25,0.0,0.0,0,0
GER-Bundesliga,2324,Bayern Munich,Leon Goretzka,GER,MF,28,1995,24.9,6,56,15,26.8,2.25,0.6,0.11,0.4,0,0
GER-Bundesliga,2324,Bayern Munich,Leroy Sané,GER,MF,27,1996,23.7,8,73,28,38.4,3.07,1.18,0.11,0.29,0,0
GER-Bundesliga,2324,Bayern Munich,Lovro Zvonarek,CRO,MF,18,2005,1.8,1,1,1,100.0,0.55,0.55,1.0,1.0,0,0
GER-Bundesliga,2324,Bayern Munich,Manuel Neuer,GER,GK,37,1986,22.8,0,0,0,,0.0,0.0,,,0,0
GER-Bundesliga,2324,Bayern Munich,Mathys Tel,FRA,"MF,FW",18,2005,11.7,7,43,18,41.9,3.69,1.54,0.16,0.39,0,0
GER-Bundesliga,2324,Bayern Munich,Matteo Perez Vinlöf,SWE,DF,17,2005,0.2,0,0,0,,0.0,0.0,,,0,0
GER-Bundesliga,2324,Bayern Munich,Matthijs de Ligt,NED,DF,23,1999,15.4,2,14,7,50.0,0.91,0.45,0.14,0.29,0,0
GER-Bundesliga,2324,Bayern Munich,Noussair Mazraoui,MAR,DF,25,1997,13.3,0,12,3,25.0,0.9,0.23,0.0,0.0,0,0
GER-Bundesliga,2324,Bayern Munich,Raphaël Guerreiro,POR,"MF,DF",29,1993,13.2,3,18,6,33.3,1.36,0.45,0.17,0.5,0,0
GER-Bundesliga,2324,Bayern Munich,Ryan Gravenberch,NED,MF,21,2002,0.1,0,0,0,,0.0,0.0,,,0,0
GER-Bundesliga,2324,Bayern Munich,Sacha Boey,FRA,MF,22,2000,1.2,0,1,0,0.0,0.83,0.0,0.0,,0,0
GER-Bundesliga,2324,Bayern Munich,Serge Gnabry,GER,MF,28,1995,4.8,3,17,6,35.3,3.54,1.25,0.18,0.5,0,0
GER-Bundesliga,2324,Bayern Munich,Sven Ulreich,GER,GK,34,1988,11.0,0,0,0,,0.0,0.0,,,0,0
GER-Bundesliga,2324,Bayern Munich,Thomas Müller,GER,MF,33,1989,18.4,5,35,13,37.1,1.9,0.71,0.14,0.38,0,0
GER-Bundesliga,2324,Bochum,Andreas Luthe,GER,GK,36,1987,1.0,0,0,0,,0.0,0.0,,,0,0
GER-Bundesliga,2324,Bochum,Anthony Losilla,FRA,MF,37,1986,28.6,1,27,6,22.2,0.94,0.21,0.04,0.17,0,0
GER-Bundesliga,2324,Bochum,Bernardo,BRA,DF,28,1995,32.5,1,29,8,27.6,0.89,0.25,0.03,0.13,0,0
GER-Bundesliga,2324,Bochum,Christopher Antwi-Adjei,GHA,"FW,MF",29,1994,13.5,2,29,9,31.0,2.15,0.67,0.07,0.22,0,0
GER-Bundesliga,2324,Bochum,Cristian Gamboa,CRC,"DF,MF",33,1989,13.2,0,6,1,16.7,0.45,0.08,0.0,0.0,0,0
GER-Bundesliga,2324,Bochum,Danilo Soares,BRA,MF,31,1991,3.9,0,4,0,0.0,1.03,0.0,0.0,,0,0
GER-Bundesliga,2324,Bochum,Erhan Mašović,SRB,"DF,MF",24,1998,24.7,0,17,3,17.6,0.69,0.12,0.0,0.0,0,0
GER-Bundesliga,2324,Bochum,Felix Passlack,GER,"DF,MF",25,1998,10.7,2,14,3,21.4,1.31,0.28,0.14,0.67,0,0
GER-Bundesliga,2324,Bochum,Gonçalo Paciência,POR,FW,28,1994,7.2,3,39,13,33.3,5.4,1.8,0.08,0.23,0,0
GER-Bundesliga,2324,Bochum,Ivan Ordets,UKR,DF,31,1992,20.9,1,16,6,37.5,0.77,0.29,0.06,0.17,0,0
GER-Bundesliga,2324,Bochum,Keven Schlotterbeck,GER,DF,26,1997,24.3,5,26,12,46.2,1.07,0.49,0.19,0.42,0,0
GER-Bundesliga,2324,Bochum,Kevin Stöger,AUT,MF,29,1993,29.6,7,75,18,24.0,2.53,0.61,0.04,0.17,4,4
GER-Bundesliga,2324,Bochum,Lukas Daschner,GER,"FW,MF",24,1998,6.0,1,13,6,46.2,2.18,1.01,0.08,0.17,0,0
GER-Bundesliga,2324,Bochum,Manuel Riemann,GER,GK,34,1988,33.0,0,0,0,,0.0,0.0,,,0,0
GER-Bundesliga,2324,Bochum,Matúš Bero,SVK,"MF,FW",27,1995,18.5,1,30,6,20.0,1.63,0.33,0.03,0.17,0,0
GER-Bundesliga,2324,Bochum,Maximilian Wittek,GER,"MF,DF",27,1995,11.9,3,26,8,30.8,2.19,0.67,0.12,0.38,0,0
GER-Bundesliga,2324,Bochum,Moritz Broschinski,GER,"FW,MF",22,2000,13.9,2,26,8,30.8,1.88,0.58,0.08,0.25,0,0
GER-Bundesliga,2324,Bochum,Moritz-Broni Kwarteng,GHA,"MF,FW",25,1998,3.1,0,14,3,21.4,4.48,0.96,0.0,0.0,0,0
GER-Bundesliga,2324,Bochum,Noah Loosli,SUI,DF,26,1997,3.8,0,0,0,,0.0,0.0,,,0,0
GER-Bundesliga,2324,Bochum,Patrick Osterhage,GER,MF,23,2000,20.7,2,21,3,14.3,1.02,0.15,0.1,0.67,0,0
GER-Bundesliga,2324,Bochum,Philipp Förster,GER,MF,28,1995,4.3,0,6,1,16.7,1.4,0.23,0.0,0.0,0,0
GER-Bundesliga,2324,Bochum,Philipp Hofmann,GER,FW,30,1993,17.5,4,39,15,38.5,2.23,0.86,0.1,0.27,0,0
GER-Bundesliga,2324,Bochum,Simon Zoller,GER,"FW,MF",32,1991,0.5,0,0,0,,0.0,0.0,,,0,0
GER-Bundesliga,2324,Bochum,Takuma Asano,JPN,"FW,MF",28,1994,22.1,6,65,24,36.9,2.95,1.09,0.09,0.25,0,0
GER-Bundesliga,2324,Bochum,Tim Oermann,GER,DF,19,2003,7.9,0,5,0,0.0,0.63,0.0,0.0,,0,0
GER-Bundesliga,2324,Darmstadt 98,Aaron Seydel,GER,FW,27,1996,6.9,1,14,6,42.9,2.04,0.87,0.07,0.17,0,0
GER-Bundesliga,2324,Darmstadt 98,Alexander Brunst,GER,GK,28,1995,3.0,0,0,0,,0.0,0.0,,,0,0
GER-Bundesliga,2324,Darmstadt 98,Andreas Müller,GER,MF,23,2000,3.9,0,3,1,33.3,0.77,0.26,0.0,0.0,0,0
GER-Bundesliga,2324,Darmstadt 98,Asaf Arania,ISR,FW,17,2005,0.1,0,0,0,,0.0,0.0,,,0,0
GER-Bundesliga,2324,Darmstadt 98,Bartol Franjić,CRO,MF,23,2000,13.7,0,4,0,0.0,0.29,0.0,0.0,,0,0
GER-Bundesliga,2324,Darmstadt 98,Braydon Manu,GHA,MF,26,1997,1.9,0,5,1,20.0,2.63,0.53,0.0,0.0,0,0
GER-Bundesliga,2324,Darmstadt 98,Christoph Klarer,AUT,DF,23,2000,26.2,2,9,2,22.2,0.34,0.08,0.22,1.0,0,0
GER-Bundesliga,2324,Darmstadt 98,Christoph Zimmermann,GER,DF,30,1993,13.6,0,4,1,25.0,0.3,0.07,0.0,0.0,0,0
GER-Bundesliga,2324,Darmstadt 98,Clemens Riedel,GER,"DF,MF",20,2003,8.4,0,8,3,37.5,0.95,0.36,0.0,0.0,0,0
GER-Bundesliga,2324,Darmstadt 98,Emir Karic,BIH,"MF,DF",26,1997,19.8,0,12,3,25.0,0.61,0.15,0.0,0.0,0,0
GER-Bundesliga,2324,Darmstadt 98,Fabian Holland,GER,"MF,DF",33,1990,20.4,0,11,3,27.3,0.54,0.15,0.0,0.0,0,0
GER-Bundesliga,2324,Darmstadt 98,Fabian Nürnberger,BUL,MF,24,1999,16.8,1,19,6,31.6,1.13,0.36,0.05,0.17,0,0
GER-Bundesliga,2324,Darmstadt 98,Fabian Schnellhardt,GER,MF,29,1994,2.6,0,5,2,40.0,1.91,0.77,0.0,0.0,0,0
GER-Bundesliga,2324,Darmstadt 98,Fabio Torsiello,ITA,FW,18,2005,1.7,0,4,0,0.0,2.31,0.0,0.0,,0,0
GER-Bundesliga,2324,Darmstadt 98,Filip Stojilković,SUI,FW,23,2000,1.7,0,4,1,25.0,2.34,0.58,0.0,0.0,0,0
GER-Bundesliga,2324,Darmstadt 98,Frank Ronstadt,GER,"DF,MF",26,1997,0.8,0,3,0,0.0,3.55,0.0,0.0,,0,0
GER-Bundesliga,2324,Darmstadt 98,Fraser Hornby,SCO,FW,23,1999,2.4,0,10,2,20.0,4.15,0.83,0.0,0.0,0,0
GER-Bundesliga,2324,Darmstadt 98,Gerrit Holtmann,PHI,MF,28,1995,4.4,0,14,5,35.7,3.21,1.15,0.0,0.0,0,0
GER-Bundesliga,2324,Darmstadt 98,Jannik Müller,GER,DF,29,1994,12.6,0,3,0,0.0,0.24,0.0,0.0,,0,0
GER-Bundesliga,2324,Darmstadt 98,Julian Justvan,GER,MF,25,1998,11.4,2,17,4,23.5,1.5,0.35,0.12,0.5,0,0
GER-Bundesliga,2324,Darmstadt 98,Klaus Gjasula,ALB,"DF,MF",33,1989,15.1,0,9,1,11.1,0.59,0.07,0.0,0.0,0,0
GER-Bundesliga,2324,Darmstadt 98,Luca Pfeiffer,GER,"FW,MF",26,1996,18.0,1,48,19,39.6,2.67,1.06,0.02,0.05,0,0
GER-Bundesliga,2324,Darmstadt 98,Marcel Schuhen,GER,GK,30,1993,31.0,0,0,0,,0.0,0.0,,,0,0
GER-Bundesliga,2324,Darmstadt 98,Marvin Mehlem,GER,MF,25,1997,16.5,3,23,8,34.8,1.4,0.49,0.13,0.38,0,0
GER-Bundesliga,2324,Darmstadt 98,Matej Maglica,CRO,DF,24,1998,18.9,1,10,2,20.0,0.53,0.11,0.1,0.5,0,0
GER-Bundesliga,2324,Darmstadt 98,Mathias Honsak,AUT,"MF,FW",26,1996,11.3,1,23,6,26.1,2.03,0.53,0.04,0.17,0,0
GER-Bundesliga,2324,Darmstadt 98,Matthias Bader,GER,"MF,DF",26,1997,20.0,1,17,1,5.9,0.85,0.05,0.06,1.0,0,0
GER-Bundesliga,2324,Darmstadt 98,Oscar Vilhelmsson,SWE,FW,19,2003,15.3,4,28,11,39.3,1.83,0.72,0.14,0.36,0,0
GER-Bundesliga,2324,Darmstadt 98,Sebastian Polter,GER,FW,32,1991,5.0,0,10,3,30.0,2.02,0.61,0.0,0.0,0,0
GER-Bundesliga,2324,Darmstadt 98,Thomas Isherwood,SWE,DF,25,1998,7.1,0,0,0,,0.0,0.0,,,0,0
GER-Bundesliga,2324,Darmstadt 98,Tim Skarke,GER,"FW,MF",26,1996,26.7,8,69,20,29.0,2.58,0.75,0.12,0.4,0,0
GER-Bundesliga,2324,Darmstadt 98,Tobias Kempe,GER,MF,34,1989,15.0,3,21,4,19.0,1.4,0.27,0.0,0.0,3,3
GER-Bundesliga,2324,Dortmund,Alexander Meyer,GER,GK,32,1991,7.7,0,0,0,,0.0,0.0,,,0,0
GER-Bundesliga,2324,Dortmund,Antonios Papadopoulos,GER,DF,23,1999,1.3,0,0,0,,0.0,0.0,,,0,0
GER-Bundesliga,2324,Dortmund,Donyell Malen,NED,"MF,FW",24,1999,19.8,13,72,36,50.0,3.64,1.82,0.18,0.36,0,0
GER-Bundesliga,2324,Dortmund,Emre Can,GER,MF,29,1994,21.7,2,17,3,17.6,0.78,0.14,0.0,0.0,2,2
GER-Bundesliga,2324,Dortmund,Felix Nmecha,GER,MF,22,2000,11.3,1,23,3,13.0,2.03,0.26,0.04,0.33,0,0
GER-Bundesliga,2324,Dortmund,Gio Reyna,USA,MF,20,2002,3.1,0,8,2,25.0,2.57,0.64,0.0,0.0,0,0
GER-Bundesliga,2324,Dortmund,Gregor Kobel,SUI,GK,25,1997,26.3,0,0,0,,0.0,0.0,,,0,0
GER-Bundesliga,2324,Dortmund,Hendry Blank,GER,DF,18,2004,0.5,0,0,0,,0.0,0.0,,,0,0
GER-Bundesliga,2324,Dortmund,Ian Maatsen,NED,DF,21,2002,14.0,2,11,4,36.4,0.78,0.28,0.18,0.5,0,0
GER-Bundesliga,2324,Dortmund,Jadon Sancho,ENG,"MF,FW",23,2000,10.5,2,9,4,44.4,0.86,0.38,0.22,0.5,0,0
GER-Bundesliga,2324,Dortmund,Jamie Gittens,ENG,"MF,FW",18,2004,11.8,1,43,11,25.6,3.66,0.94,0.02,0.09,0,0
GER-Bundesliga,2324,Dortmund,Julian Brandt,GER,MF,27,1996,24.7,7,33,16,48.5,1.34,0.65,0.21,0.44,0,0
GER-Bundesliga,2324,Dortmund,Julian Ryerson,NOR,DF,25,1997,19.6,4,18,8,44.4,0.92,0.41,0.22,0.5,0,0
GER-Bundesliga,2324,Dortmund,Julien Duranville,BEL,FW,17,2006,0.1,0,0,0,,0.0,0.0,,,0,0
GER-Bundesliga,2324,Dortmund,Karim Adeyemi,GER,"FW,MF",21,2002,10.1,3,23,10,43.5,2.27,0.99,0.13,0.3,0,0
GER-Bundesliga,2324,Dortmund,Kjell-Arik Wätjen,GER,MF,17,2006,1.2,0,0,0,,0.0,0.0,,,0,0
GER-Bundesliga,2324,Dortmund,Marcel Sabitzer,AUT,MF,29,1994,21.8,4,47,20,42.6,2.16,0.92,0.06,0.15,1,1
GER-Bundesliga,2324,Dortmund,Marco Reus,GER,MF,34,1989,17.8,6,42,20,47.6,2.36,1.12,0.14,0.3,0,0
GER-Bundesliga,2324,Dortmund,Marius Wolf,GER,DF,28,1995,13.0,0,9,1,11.1,0.69,0.08,0.0,0.0,0,0
GER-Bundesliga,2324,Dortmund,Mateu Morey,ESP,DF,23,2000,1.2,0,1,1,100.0,0.82,0.82,0.0,0.0,0,0
GER-Bundesliga,2324,Dortmund,Mats Hummels,GER,DF,34,1988,17.6,3,16,6,37.5,0.91,0.34,0.19,0.5,0,0
GER-Bundesliga,2324,Dortmund,Niclas Füllkrug,GER,FW,30,1993,24.6,12,53,27,50.9,2.16,1.1,0.17,0.33,3,3
GER-Bundesliga,2324,Dortmund,Nico Schlotterbeck,GER,DF,23,1999,31.8,2,27,6,22.2,0.85,0.19,0.07,0.33,0,0
GER-Bundesliga,2324,Dortmund,Niklas Süle,GER,DF,27,1995,16.8,1,7,1,14.3,0.42,0.06,0.14,1.0,0,0
GER-Bundesliga,2324,Dortmund,Ole Pohlmann,GER,"FW,MF",22,2001,0.6,0,1,0,0.0,1.67,0.0,0.0,,0,0
GER-Bundesliga,2324,Dortmund,Ramy Bensebaini,ALG,DF,28,1995,11.5,0,16,0,0.0,1.39,0.0,0.0,,0,0
GER-Bundesliga,2324,Dortmund,Salih Özcan,TUR,MF,25,1998,13.2,0,5,2,40.0,0.38,0.15,0.0,0.0,0,0
GER-Bundesliga,2324,Dortmund,Samuel Bamba,GER,FW,19,2004,0.5,0,2,0,0.0,3.83,0.0,0.0,,0,0
GER-Bundesliga,2324,Dortmund,Sébastien Haller,CIV,FW,29,1994,4.4,0,7,2,28.6,1.59,0.45,0.0,0.0,0,0
GER-Bundesliga,2324,Dortmund,Thomas Meunier,BEL,DF,31,1991,6.5,0,8,1,12.5,1.23,0.15,0.0,0.0,0,0
GER-Bundesliga,2324,Dortmund,Thorgan Hazard,BEL,"FW,MF",30,1993,0.1,0,0,0,,0.0,0.0,,,0,0
GER-Bundesliga,2324,Dortmund,Youssoufa Moukoko,GER,FW,18,2004,6.9,5,14,7,50.0,2.02,1.01,0.36,0.71,0,0
GER-Bundesliga,2324,Frankfurt,Ansgar Knauff,GER,"MF,FW",21,2002,23.4,7,37,13,35.1,1.58,0.55,0.19,0.54,0,0
GER-Bundesliga,2324,Frankfurt,Aurélio Buta,POR,"MF,DF",26,1997,19.4,1,13,4,30.8,0.67,0.21,0.08,0.25,0,0
GER-Bundesliga,2324,Frankfurt,Christopher Lenz,GER,"DF,MF",28,1994,0.1,0,0,0,,0.0,0.0,,,0,0
GER-Bundesliga,2324,Frankfurt,Donny van de Beek,NED,"MF,FW",26,1997,4.0,0,1,0,0.0,0.25,0.0,0.0,,0,0
GER-Bundesliga,2324,Frankfurt,Elias Baum,GER,DF,17,2005,0.3,0,0,0,,0.0,0.0,,,0,0
GER-Bundesliga,2324,Frankfurt,Ellyes Skhiri,TUN,MF,28,1995,24.1,2,18,8,44.4,0.75,0.33,0.11,0.25,0,0
GER-Bundesliga,2324,Frankfurt,Fares Chaïbi,ALG,"MF,FW",20,2002,21.2,2,40,14,35.0,1.88,0.66,0.05,0.14,0,0
GER-Bundesliga,2324,Frankfurt,Hrvoje Smolčić,CRO,DF,22,2000,3.9,1,3,1,33.3,0.78,0.26,0.33,1.0,0,0
GER-Bundesliga,2324,Frankfurt,Hugo Ekitike,FRA,FW,21,2002,8.0,4,30,10,33.3,3.77,1.26,0.13,0.4,0,0
GER-Bundesliga,2324,Frankfurt,Hugo Larsson,SWE,MF,19,2004,21.0,2,10,4,40.0,0.48,0.19,0.2,0.5,0,0
GER-Bundesliga,2324,Frankfurt,Jean Mattéo Bahoya,FRA,MF,18,2005,2.0,0,0,0,,0.0,0.0,,,0,0
GER-Bundesliga,2324,Frankfurt,Jens Grahl,GER,GK,34,1988,2.0,0,0,0,,0.0,0.0,,,0,0
GER-Bundesliga,2324,Frankfurt,Jens Petter Hauge,NOR,"DF,FW",23,1999,1.6,0,1,0,0.0,0.61,0.0,0.0,,0,0
GER-Bundesliga,2324,Frankfurt,Jesper Lindstrøm,DEN,FW,23,2000,0.9,0,1,0,0.0,1.08,0.0,0.0,,0,0
GER-Bundesliga,2324,Frankfurt,Jessic Ngankam,GER,FW,23,2000,3.1,0,8,4,50.0,2.57,1.29,0.0,0.0,0,1
GER-Bundesliga,2324,Frankfurt,Junior Dina Ebimbe,CMR,MF,22,2000,21.7,5,52,17,32.7,2.39,0.78,0.1,0.29,0,0
GER-Bundesliga,2324,Frankfurt,Kevin Trapp,GER,GK,33,1990,32.0,0,0,0,,0.0,0.0,,,0,0
GER-Bundesliga,2324,Frankfurt,Kristijan Jakić,CRO,MF,26,1997,2.2,0,1,0,0.0,0.45,0.0,0.0,,0,0
GER-Bundesliga,2324,Frankfurt,Makoto Hasebe,JPN,"MF,DF",39,1984,2.4,0,0,0,,0.0,0.0,,,0,0
GER-Bundesliga,2324,Frankfurt,Mario Götze,GER,MF,31,1992,23.0,3,13,7,53.8,0.57,0.3,0.23,0.43,0,0
GER-Bundesliga,2324,Frankfurt,Marko Mladenović,SRB,MF,18,2005,0.1,0,0,0,,0.0,0.0,,,0,0
GER-Bundesliga,2324,Frankfurt,Nacho Ferri,ESP,FW,18,2004,0.8,1,5,2,40.0,6.08,2.43,0.2,0.5,0,0
GER-Bundesliga,2324,Frankfurt,Niels Nkounkou,FRA,"MF,DF",22,2000,14.5,3,22,7,31.8,1.51,0.48,0.14,0.43,0,0
GER-Bundesliga,2324,Frankfurt,Nnamdi Collins,GER,DF,19,2004,1.0,0,0,0,,0.0,0.0,,,0,0
GER-Bundesliga,2324,Frankfurt,Omar Marmoush,EGY,"FW,MF",24,1999,25.6,12,78,33,42.3,3.05,1.29,0.13,0.3,2,2
GER-Bundesliga,2324,Frankfurt,Paxten Aaronson,USA,MF,19,2003,1.1,0,2,2,100.0,1.78,1.78,0.0,0.0,0,0
GER-Bundesliga,2324,Frankfurt,Philipp Max,GER,"MF,DF",29,1993,15.0,1,8,2,25.0,0.53,0.13,0.13,0.5,0,0
GER-Bundesliga,2324,Frankfurt,Randal Kolo Muani,FRA,FW,24,1998,1.7,1,5,1,20.0,2.94,0.59,0.2,1.0,0,0
GER-Bundesliga,2324,Frankfurt,Robin Koch,GER,DF,27,1996,30.4,2,24,5,20.8,0.79,0.16,0.08,0.4,0,0
GER-Bundesliga,2324,Frankfurt,Saša Kalajdžić,AUT,FW,26,1997,3.6,0,2,1,50.0,0.55,0.28,0.0,0.0,0,0
GER-Bundesliga,2324,Frankfurt,Sebastian Rode,GER,MF,32,1990,0.7,0,0,0,,0.0,0.0,,,0,0
GER-Bundesliga,2324,Frankfurt,Timothy Chandler,USA,"DF,MF",33,1990,0.2,0,2,1,50.0,10.0,5.0,0.0,0.0,0,0
GER-Bundesliga,2324,Frankfurt,Tuta,BRA,"DF,MF",24,1999,28.9,1,18,7,38.9,0.62,0.24,0.06,0.14,0,0
GER-Bundesliga,2324,Frankfurt,Willian Pacho,ECU,DF,21,2001,33.0,0,10,2,20.0,0.3,0.06,0.0,0.0,0,0
GER-Bundesliga,2324,Freiburg,Attila Szalai,HUN,"DF,MF",25,1998,1.1,0,0,0,,0.0,0.0,,,0,0
GER-Bundesliga,2324,Freiburg,Christian Günter,GER,"MF,DF",30,1993,11.8,1,6,2,33.3,0.51,0.17,0.17,0.5,0,0
GER-Bundesliga,2324,Freiburg,Fabian Rüdlin,GER,MF,26,1997,0.1,0,0,0,,0.0,0.0,,,0,0
GER-Bundesliga,2324,Freiburg,Florent Muslija,KVX,"FW,MF",25,1998,1.2,0,2,1,50.0,1.71,0.86,0.0,0.0,0,0
GER-Bundesliga,2324,Freiburg,Jordy Makengo,FRA,"DF,MF",21,2001,11.4,0,3,0,0.0,0.26,0.0,0.0,,0,0
GER-Bundesliga,2324,Freiburg,Junior Adamu,AUT,FW,22,2001,1.2,0,2,1,50.0,1.71,0.86,0.0,0.0,0,0
GER-Bundesliga,2324,Freiburg,Kenneth Schmidt,GER,DF,21,2002,0.8,0,1,0,0.0,1.32,0.0,0.0,,0,0
GER-Bundesliga,2324,Freiburg,Kiliann Sildillia,FRA,DF,21,2002,20.1,0,7,1,14.3,0.35,0.05,0.0,0.0,0,0
GER-Bundesliga,2324,Freiburg,Lucas Höler,GER,"FW,MF",29,1994,25.6,7,34,18,52.9,1.33,0.7,0.18,0.33,1,2
GER-Bundesliga,2324,Freiburg,Lukas Kübler,GER,DF,30,1992,20.5,1,8,3,37.5,0.39,0.15,0.13,0.33,0,0
GER-Bundesliga,2324,Freiburg,Manuel Gulde,GER,DF,32,1991,22.7,1,12,1,8.3,0.53,0.04,0.08,1.0,0,0
GER-Bundesliga,2324,Freiburg,Matthias Ginter,GER,DF,29,1994,21.3,0,7,4,57.1,0.33,0.19,0.0,0.0,0,0
GER-Bundesliga,2324,Freiburg,Maximilian Breunig,GER,FW,22,2000,0.1,0,0,0,,0.0,0.0,,,0,0
GER-Bundesliga,2324,Freiburg,Maximilian Eggestein,GER,MF,26,1996,32.4,1,39,8,20.5,1.2,0.25,0.03,0.13,0,0
GER-Bundesliga,2324,Freiburg,Maximilian Philipp,GER,FW,29,1994,3.6,1,9,3,33.3,2.51,0.84,0.11,0.33,0,0
GER-Bundesliga,2324,Freiburg,Merlin Röhl,GER,"MF,FW",21,2002,16.4,2,24,8,33.3,1.46,0.49,0.08,0.25,0,0
GER-Bundesliga,2324,Freiburg,Michael Gregoritsch,AUT,FW,29,1994,18.7,7,72,31,43.1,3.85,1.66,0.1,0.23,0,0
GER-Bundesliga,2324,Freiburg,Nicolas Höfler,GER,MF,33,1990,25.9,1,16,1,6.3,0.62,0.04,0.06,1.0,0,0
GER-Bundesliga,2324,Freiburg,Noah Atubolu,GER,GK,21,2002,34.0,0,0,0,,0.0,0.0,,,0,0
GER-Bundesliga,2324,Freiburg,Noah Weißhaupt,GER,MF,21,2001,8.4,1,4,1,25.0,0.47,0.12,0.25,1.0,0,0
GER-Bundesliga,2324,Freiburg,Philipp Lienhart,AUT,DF,27,1996,14.1,1,7,3,42.9,0.5,0.21,0.14,0.33,0,0
GER-Bundesliga,2324,Freiburg,Ritsu Doan,JPN,MF,25,1998,25.0,7,37,19,51.4,1.48,0.76,0.19,0.37,0,0
GER-Bundesliga,2324,Freiburg,Roland Sallai,HUN,"MF,FW",26,1997,20.4,3,56,19,33.9,2.74,0.93,0.05,0.16,0,1
GER-Bundesliga,2324,Freiburg,Vincenzo Grifo,ITA,MF,30,1993,25.8,8,49,19,38.8,1.9,0.74,0.04,0.11,6,6
GER-Bundesliga,2324,Freiburg,Yannik Keitel,GER,"DF,MF",23,2000,10.2,1,6,2,33.3,0.59,0.2,0.17,0.5,0,0
GER-Bundesliga,2324,Gladbach,Alassane Pléa,FRA,"FW,MF",30,1993,21.3,7,58,19,32.8,2.73,0.89,0.1,0.32,1,1
GER-Bundesliga,2324,Gladbach,Christoph Kramer,GER,MF,32,1991,2.8,0,1,0,0.0,0.36,0.0,0.0,,0,0
GER-Bundesliga,2324,Gladbach,Fabio Chiarodia,ITA,DF,18,2005,1.7,0,0,0,,0.0,0.0,,,0,0
GER-Bundesliga,2324,Gladbach,Florian Neuhaus,GER,MF,26,1997,13.6,4,38,16,42.1,2.79,1.18,0.08,0.19,1,1
GER-Bundesliga,2324,Gladbach,Franck Honorat,FRA,"MF,FW",26,1996,26.1,3,28,10,35.7,1.07,0.38,0.11,0.3,0,0
GER-Bundesliga,2324,Gladbach,Grant Ranos,ARM,FW,20,2003,0.5,0,3,0,0.0,5.51,0.0,0.0,,0,0
GER-Bundesliga,2324,Gladbach,Joe Scally,USA,"DF,MF",20,2002,24.8,1,11,1,9.1,0.44,0.04,0.09,1.0,0,0
GER-Bundesliga,2324,Gladbach,Jonas Omlin,SUI,GK,29,1994,7.0,0,0,0,,0.0,0.0,,,0,0
GER-Bundesliga,2324,Gladbach,Jordan Pefok,USA,FW,27,1996,15.8,5,36,10,27.8,2.28,0.63,0.14,0.5,0,0
GER-Bundesliga,2324,Gladbach,Julian Weigl,GER,MF,27,1995,30.7,2,19,6,31.6,0.62,0.2,0.0,0.0,2,2
GER-Bundesliga,2324,Gladbach,Ko Itakura,JPN,"DF,MF",26,1997,17.7,3,21,7,33.3,1.18,0.39,0.14,0.43,0,0
GER-Bundesliga,2324,Gladbach,Luca Netz,GER,"MF,DF",20,2003,24.7,0,17,5,29.4,0.69,0.2,0.0,0.0,0,0
GER-Bundesliga,2324,Gladbach,Lukas Ullrich,GER,DF,19,2004,0.5,0,0,0,,0.0,0.0,,,0,0
GER-Bundesliga,2324,Gladbach,Manu Koné,FRA,MF,22,2001,17.3,1,24,8,33.3,1.38,0.46,0.04,0.13,0,0
GER-Bundesliga,2324,Gladbach,Marvin Friedrich,GER,DF,27,1995,17.4,0,12,2,16.7,0.69,0.11,0.0,0.0,0,0
GER-Bundesliga,2324,Gladbach,Maximilian Wöber,AUT,DF,25,1998,23.0,2,19,3,15.8,0.83,0.13,0.11,0.67,0,0
GER-Bundesliga,2324,Gladbach,Moritz Nicolas,GER,GK,25,1997,27.0,0,0,0,,0.0,0.0,,,0,0
GER-Bundesliga,2324,Gladbach,Nathan N'Goumou,CMR,"MF,FW",23,2000,15.4,5,30,12,40.0,1.95,0.78,0.17,0.42,0,0
GER-Bundesliga,2324,Gladbach,Nico Elvedi,SUI,DF,26,1996,27.6,2,18,7,38.9,0.65,0.25,0.11,0.29,0,0
GER-Bundesliga,2324,Gladbach,Patrick Herrmann,GER,"FW,MF",32,1991,1.0,0,4,0,0.0,4.19,0.0,0.0,,0,0
GER-Bundesliga,2324,Gladbach,Robin Hack,GER,"FW,MF",24,1998,15.0,10,43,22,51.2,2.87,1.47,0.23,0.45,0,0
GER-Bundesliga,2324,Gladbach,Rocco Reitz,GER,MF,21,2002,23.7,6,34,14,41.2,1.43,0.59,0.18,0.43,0,0
GER-Bundesliga,2324,Gladbach,Shiō Fukuda,JPN,FW,19,2004,0.4,0,2,0,0.0,5.0,0.0,0.0,,0,0
GER-Bundesliga,2324,Gladbach,Stefan Lainer,AUT,"MF,DF",30,1992,8.3,0,3,0,0.0,0.36,0.0,0.0,,0,0
GER-Bundesliga,2324,Gladbach,Tomáš Čvančara,CZE,"FW,MF",22,2000,10.0,4,36,13,36.1,3.62,1.31,0.08,0.23,1,2
GER-Bundesliga,2324,Gladbach,Tony Jantschke,GER,"DF,MF",33,1990,0.3,0,0,0,,0.0,0.0,,,0,0
GER-Bundesliga,2324,Gladbach,Yvandro Borges Sanches,LUX,MF,19,2004,0.2,0,0,0,,0.0,0.0,,,0,0
GER-Bundesliga,2324,Heidenheim,Adrian Beck,GER,MF,26,1997,10.8,1,12,3,25.0,1.11,0.28,0.08,0.33,0,0
GER-Bundesliga,2324,Heidenheim,Benedikt Gimber,GER,DF,26,1997,22.5,1,18,3,16.7,0.8,0.13,0.06,0.33,0,0
GER-Bundesliga,2324,Heidenheim,Christian Kühlwetter,GER,"FW,MF",27,1996,0.1,0,0,0,,0.0,0.0,,,0,0
GER-Bundesliga,2324,Heidenheim,Denis Thomalla,GER,MF,30,1992,5.0,0,3,0,0.0,0.61,0.0,0.0,,0,0
GER-Bundesliga,2324,Heidenheim,Eren Dinkçi,GER,MF,21,2001,29.4,10,49,21,42.9,1.66,0.71,0.2,0.48,0,0
GER-Bundesliga,2324,Heidenheim,Florian Pick,GER,MF,27,1995,3.6,0,8,1,12.5,2.2,0.28,0.0,0.0,0,0
GER-Bundesliga,2324,Heidenheim,Jan Schöppner,GER,MF,24,1999,22.2,2,17,4,23.5,0.77,0.18,0.12,0.5,0,0
GER-Bundesliga,2324,Heidenheim,Jan-Niklas Beste,GER,MF,24,1999,28.9,8,49,19,38.8,1.69,0.66,0.16,0.42,0,1
GER-Bundesliga,2324,Heidenheim,Jonas Föhrenbach,GER,DF,27,1996,31.0,0,12,0,0.0,0.39,0.0,0.0,,0,0
GER-Bundesliga,2324,Heidenheim,Kevin Müller,GER,GK,32,1991,34.0,0,0,0,,0.0,0.0,,,0,0
GER-Bundesliga,2324,Heidenheim,Kevin Sessa,GER,MF,23,2000,11.2,3,29,7,24.1,2.58,0.62,0.1,0.43,0,0
GER-Bundesliga,2324,Heidenheim,Lennard Maloney,USA,MF,23,1999,25.4,1,14,3,21.4,0.55,0.12,0.07,0.33,0,0
GER-Bundesliga,2324,Heidenheim,Marnon Busch,GER,DF,28,1994,6.6,0,5,1,20.0,0.76,0.15,0.0,0.0,0,0
GER-Bundesliga,2324,Heidenheim,Marvin Pieringer,GER,"FW,MF",23,1999,16.8,3,27,8,29.6,1.61,0.48,0.11,0.38,0,0
GER-Bundesliga,2324,Heidenheim,Nikola Dovedan,AUT,MF,29,1994,7.3,3,14,5,35.7,1.92,0.69,0.21,0.6,0,0
GER-Bundesliga,2324,Heidenheim,Norman Theuerkauf,GER,"MF,DF",36,1987,14.0,0,7,2,28.6,0.5,0.14,0.0,0.0,0,0
GER-Bundesliga,2324,Heidenheim,Omar Traoré,GER,DF,25,1998,27.5,0,11,1,9.1,0.4,0.04,0.0,0.0,0,0
GER-Bundesliga,2324,Heidenheim,Patrick Mainka,GER,DF,28,1994,34.0,2,29,7,24.1,0.85,0.21,0.07,0.29,0,0
GER-Bundesliga,2324,Heidenheim,Stefan Schimmer,GER,FW,29,1994,1.7,0,5,0,0.0,2.94,0.0,0.0,,0,0
GER-Bundesliga,2324,Heidenheim,Thomas Keller,GER,"DF,MF",23,1999,0.0,0,0,0,,0.0,0.0,,,0,0
GER-Bundesliga,2324,Heidenheim,Tim Kleindienst,GER,FW,27,1995,31.9,12,83,34,41.0,2.6,1.07,0.12,0.29,2,2
GER-Bundesliga,2324,Heidenheim,Tim Siersleben,GER,DF,23,2000,10.1,0,3,0,0.0,0.3,0.0,0.0,,0,0
GER-Bundesliga,2324,Hoffenheim,Andrej Kramarić,CRO,"MF,FW",32,1991,24.4,15,69,34,49.3,2.82,1.39,0.14,0.29,5,5
GER-Bundesliga,2324,Hoffenheim,Angelo Stiller,GER,MF,22,2001,0.9,0,2,1,50.0,2.14,1.07,0.0,0.0,0,0
GER-Bundesliga,2324,Hoffenheim,Anton Stach,GER,MF,24,1998,25.8,2,38,9,23.7,1.47,0.35,0.05,0.22,0,0
GER-Bundesliga,2324,Hoffenheim,Attila Szalai,HUN,DF,25,1998,3.2,0,1,1,100.0,0.31,0.31,0.0,0.0,0,0
GER-Bundesliga,2324,Hoffenheim,Bambasé Conté,GER,MF,20,2003,0.5,0,3,0,0.0,5.63,0.0,0.0,,0,0
GER-Bundesliga,2324,Hoffenheim,David Jurásek,CZE,"MF,DF",22,2000,5.5,0,5,2,40.0,0.91,0.36,0.0,0.0,0,0
GER-Bundesliga,2324,Hoffenheim,Dennis Geiger,GER,MF,25,1998,0.7,0,0,0,,0.0,0.0,,,0,0
GER-Bundesliga,2324,Hoffenheim,Diadie Samassékou,MLI,MF,27,1996,0.0,0,0,0,,0.0,0.0,,,0,0
GER-Bundesliga,2324,Hoffenheim,Finn Ole Becker,GER,MF,23,2000,6.7,0,6,1,16.7,0.89,0.15,0.0,0.0,0,0
GER-Bundesliga,2324,Hoffenheim,Florian Grillitsch,AUT,"DF,MF",27,1995,25.5,1,21,6,28.6,0.82,0.24,0.05,0.17,0,0
GER-Bundesliga,2324,Hoffenheim,Grischa Prömel,GER,MF,28,1995,23.8,4,26,8,30.8,1.09,0.34,0.15,0.5,0,0
GER-Bundesliga,2324,Hoffenheim,Ihlas Bebou,TOG,"FW,MF",29,1994,18.2,7,38,14,36.8,2.09,0.77,0.18,0.5,0,0
GER-Bundesliga,2324,Hoffenheim,John Brooks,USA,DF,30,1993,17.1,2,11,4,36.4,0.64,0.23,0.18,0.5,0,0
GER-Bundesliga,2324,Hoffenheim,Julian Justvan,GER,"FW,MF",25,1998,0.5,0,1,0,0.0,1.84,0.0,0.0,,0,0
GER-Bundesliga,2324,Hoffenheim,Kasim Nuhu,GHA,DF,28,1995,0.1,0,0,0,,0.0,0.0,,,0,0
GER-Bundesliga,2324,Hoffenheim,Kevin Akpoguma,NGA,DF,28,1995,12.2,0,2,0,0.0,0.16,0.0,0.0,,0,0
GER-Bundesliga,2324,Hoffenheim,Kevin Vogt,GER,DF,31,1991,14.7,0,2,1,50.0,0.14,0.07,0.0,0.0,0,0
GER-Bundesliga,2324,Hoffenheim,Marius Bülter,GER,MF,30,1993,15.0,1,21,6,28.6,1.4,0.4,0.05,0.17,0,0
GER-Bundesliga,2324,Hoffenheim,Max Moerstedt,GER,FW,17,2006,0.1,0,0,0,,0.0,0.0,,,0,0
GER-Bundesliga,2324,Hoffenheim,Maximilian Beier,GER,"FW,MF",20,2002,26.9,16,82,39,47.6,3.05,1.45,0.2,0.41,0,0
GER-Bundesliga,2324,Hoffenheim,Mergim Berisha,GER,FW,25,1998,1.6,0,6,1,16.7,3.75,0.62,0.0,0.0,0,0
GER-Bundesliga,2324,Hoffenheim,Oliver Baumann,GER,GK,33,1990,34.0,0,0,0,,0.0,0.0,,,0,0
GER-Bundesliga,2324,Hoffenheim,Ozan Kabak,TUR,DF,23,2000,25.4,4,18,7,38.9,0.71,0.28,0.22,0.57,0,0
GER-Bundesliga,2324,Hoffenheim,Pavel Kadeřábek,CZE,"MF,DF",31,1992,26.8,3,20,6,30.0,0.75,0.22,0.15,0.5,0,0
GER-Bundesliga,2324,Hoffenheim,Robert Skov,DEN,MF,27,1996,14.0,3,32,7,21.9,2.29,0.5,0.09,0.43,0,0
GER-Bundesliga,2324,Hoffenheim,Stanley N'Soki,FRA,"DF,MF",24,1999,7.0,0,0,0,,0.0,0.0,,,0,0
GER-Bundesliga,2324,Hoffenheim,Tim Drexler,GER,DF,18,2005,6.4,0,0,0,,0.0,0.0,,,0,0
GER-Bundesliga,2324,Hoffenheim,Tom Bischof,GER,MF,18,2005,2.0,0,5,1,20.0,2.53,0.51,0.0,0.0,0,0
GER-Bundesliga,2324,Hoffenheim,Umut Tohumcu,GER,MF,18,2004,11.2,0,15,3,20.0,1.34,0.27,0.0,0.0,0,0
GER-Bundesliga,2324,Hoffenheim,Wout Weghorst,NED,FW,30,1992,22.0,7,39,15,38.5,1.78,0.68,0.15,0.4,1,1
GER-Bundesliga,2324,Köln,Benno Schmitz,GER,DF,28,1994,12.8,0,8,5,62.5,0.62,0.39,0.0,0.0,0,0
GER-Bundesliga,2324,Köln,Damion Downs,USA,FW,19,2004,2.0,2,5,2,40.0,2.49,0.99,0.4,1.0,0,0
GER-Bundesliga,2324,Köln,Davie Selke,GER,FW,28,1995,14.1,6,33,11,33.3,2.35,0.78,0.18,0.55,0,0
GER-Bundesliga,2324,Köln,Dejan Ljubičić,AUT,MF,25,1997,22.8,0,38,10,26.3,1.67,0.44,0.0,0.0,0,0
GER-Bundesliga,2324,Köln,Denis Huseinbasic,BIH,MF,22,2001,18.1,0,12,3,25.0,0.66,0.17,0.0,0.0,0,0
GER-Bundesliga,2324,Köln,Dominique Heintz,GER,DF,29,1993,6.3,0,0,0,,0.0,0.0,,,0,0
GER-Bundesliga,2324,Köln,Eric Martel,GER,MF,21,2002,27.3,1,27,9,33.3,0.99,0.33,0.04,0.11,0,0
GER-Bundesliga,2324,Köln,Faride Alidou,GER,"MF,FW",22,2001,14.2,4,33,11,33.3,2.32,0.77,0.12,0.36,0,0
GER-Bundesliga,2324,Köln,Florian Dietz,GER,FW,24,1998,0.8,0,3,1,33.3,3.86,1.29,0.0,0.0,0,0
GER-Bundesliga,2324,Köln,Florian Kainz,AUT,MF,30,1992,24.4,5,28,9,32.1,1.15,0.37,0.0,0.0,5,5
GER-Bundesliga,2324,Köln,Jacob Christensen,DEN,MF,22,2001,2.4,0,1,0,0.0,0.41,0.0,0.0,,0,0
GER-Bundesliga,2324,Köln,Jan Thielmann,GER,"FW,MF",21,2002,17.5,1,37,12,32.4,2.11,0.68,0.03,0.08,0,0
GER-Bundesliga,2324,Köln,Julian Chabot,GER,DF,25,1998,30.0,0,19,4,21.1,0.63,0.13,0.0,0.0,0,0
GER-Bundesliga,2324,Köln,Justin Diehl,GER,MF,18,2004,1.9,0,7,2,28.6,3.75,1.07,0.0,0.0,0,0
GER-Bundesliga,2324,Köln,Leart Paqarada,KVX,DF,28,1994,11.9,0,10,4,40.0,0.84,0.33,0.0,0.0,0,0
GER-Bundesliga,2324,Köln,Linton Maina,GER,MF,24,1999,21.1,1,33,11,33.3,1.56,0.52,0.03,0.09,0,0
GER-Bundesliga,2324,Köln,Luca Kilian,GER,DF,23,1999,7.1,0,0,0,,0.0,0.0,,,0,0
GER-Bundesliga,2324,Köln,Luca Waldschmidt,GER,MF,27,1996,12.7,3,43,16,37.2,3.38,1.26,0.07,0.19,0,1
GER-Bundesliga,2324,Köln,Mark Uth,GER,"MF,FW",31,1991,4.1,0,12,5,41.7,2.9,1.21,0.0,0.0,0,0
GER-Bundesliga,2324,Köln,Marvin Schwäbe,GER,GK,28,1995,34.0,0,0,0,,0.0,0.0,,,0,0
GER-Bundesliga,2324,Köln,Mathias Olesen,LUX,MF,22,2001,1.2,0,1,0,0.0,0.8,0.0,0.0,,0,0
GER-Bundesliga,2324,Köln,Max Finkgräfe,GER,DF,19,2004,19.5,1,12,4,33.3,0.62,0.21,0.08,0.25,0,0
GER-Bundesliga,2324,Köln,Rasmus Carstensen,DEN,"DF,MF",22,2000,18.4,0,10,4,40.0,0.54,0.22,0.0,0.0,0,0
GER-Bundesliga,2324,Köln,Sargis Adamyan,ARM,"FW,MF",30,1993,8.9,1,31,14,45.2,3.48,1.57,0.03,0.07,0,0
GER-Bundesliga,2324,Köln,Steffen Tigges,GER,FW,25,1998,8.1,3,22,9,40.9,2.72,1.11,0.14,0.33,0,0
GER-Bundesliga,2324,Köln,Timo Hübers,GER,DF,27,1996,30.9,0,22,5,22.7,0.71,0.16,0.0,0.0,0,0
GER-Bundesliga,2324,Leverkusen,Adam Hložek,CZE,"MF,FW",21,2002,5.1,2,18,6,33.3,3.53,1.18,0.11,0.33,0,0
GER-Bundesliga,2324,Leverkusen,Amine Adli,MAR,"MF,FW",23,2000,10.0,4,27,15,55.6,2.71,1.5,0.15,0.27,0,0
GER-Bundesliga,2324,Leverkusen,Arthur,BRA,MF,20,2003,2.0,0,2,1,50.0,0.98,0.49,0.0,0.0,0,0
GER-Bundesliga,2324,Leverkusen,Borja Iglesias,ESP,FW,30,1993,2.8,0,8,3,37.5,2.81,1.05,0.0,0.0,0,0
GER-Bundesliga,2324,Leverkusen,Edmond Tapsoba,BFA,DF,24,1999,23.2,0,12,1,8.3,0.52,0.04,0.0,0.0,0,0
GER-Bundesliga,2324,Leverkusen,Exequiel Palacios,ARG,MF,24,1998,20.3,4,21,7,33.3,1.03,0.34,0.1,0.29,2,2
GER-Bundesliga,2324,Leverkusen,Florian Wirtz,GER,MF,20,2003,26.4,11,71,34,47.9,2.69,1.29,0.14,0.29,1,1
GER-Bundesliga,2324,Leverkusen,Granit Xhaka,SUI,MF,30,1992,31.3,3,45,14,31.1,1.44,0.45,0.07,0.21,0,0
GER-Bundesliga,2324,Leverkusen,Gustavo Puerta,COL,MF,20,2003,0.5,0,2,0,0.0,3.91,0.0,0.0,,0,0
GER-Bundesliga,2324,Leverkusen,Jeremie Frimpong,NED,MF,22,2000,25.0,9,55,21,38.2,2.2,0.84,0.16,0.43,0,0
GER-Bundesliga,2324,Leverkusen,Jonas Hofmann,GER,MF,31,1992,24.5,5,60,25,41.7,2.45,1.02,0.08,0.2,0,0
GER-Bundesliga,2324,Leverkusen,Jonathan Tah,GER,DF,27,1996,29.2,4,26,10,38.5,0.89,0.34,0.15,0.4,0,0
GER-Bundesliga,2324,Leverkusen,Josip Stanišić,CRO,"DF,MF",23,2000,14.0,3,10,5,50.0,0.71,0.36,0.3,0.6,0,0
GER-Bundesliga,2324,Leverkusen,Lukáš Hrádecký,FIN,GK,33,1989,33.0,0,0,0,,0.0,0.0,,,0,0
GER-Bundesliga,2324,Leverkusen,Matej Kovar,CZE,GK,23,2000,1.0,0,0,0,,0.0,0.0,,,0,0
GER-Bundesliga,2324,Leverkusen,Nadiem Amiri,GER,MF,26,1996,1.0,0,3,2,66.7,3.14,2.09,0.0,0.0,0,0
GER-Bundesliga,2324,Leverkusen,Nathan Tella,NGA,MF,24,1999,9.1,5,21,11,52.4,2.31,1.21,0.24,0.45,0,0
GER-Bundesliga,2324,Leverkusen,Noah Mbamba,BEL,MF,18,2005,0.2,0,1,0,0.0,5.63,0.0,0.0,,0,0
GER-Bundesliga,2324,Leverkusen,Odilon Kossounou,CIV,DF,22,2001,20.1,1,5,1,20.0,0.25,0.05,0.2,1.0,0,0
GER-Bundesliga,2324,Leverkusen,Patrik Schick,CZE,FW,27,1996,11.8,7,40,13,32.5,3.39,1.1,0.15,0.46,1,1
GER-Bundesliga,2324,Leverkusen,Piero Hincapié,ECU,DF,21,2002,16.5,1,18,6,33.3,1.09,0.36,0.06,0.17,0,0
GER-Bundesliga,2324,Leverkusen,Robert Andrich,GER,"MF,DF",28,1994,18.8,4,23,9,39.1,1.22,0.48,0.17,0.44,0,0
GER-Bundesliga,2324,Leverkusen,Victor Boniface,NGA,FW,22,2000,17.2,14,80,34,42.5,4.66,1.98,0.13,0.29,4,4
GER-Bundesliga,2324,Leverkusen,Álex Grimaldo,ESP,MF,27,1995,30.9,10,71,23,32.4,2.3,0.74,0.14,0.43,0,0
GER-Bundesliga,2324,Mainz 05,Andreas Hanche-Olsen,NOR,DF,26,1997,11.0,1,4,1,25.0,0.36,0.09,0.25,1.0,0,0
GER-Bundesliga,2324,Mainz 05,Anthony Caci,FRA,"MF,DF",26,1997,27.6,2,31,6,19.4,1.12,0.22,0.06,0.33,0,0
GER-Bundesliga,2324,Mainz 05,Anton Stach,GER,MF,24,1998,1.9,0,2,1,50.0,1.06,0.53,0.0,0.0,0,0
GER-Bundesliga,2324,Mainz 05,Anwar El Ghazi,NED,"FW,MF",28,1995,0.6,0,1,0,0.0,1.67,0.0,0.0,,0,0
GER-Bundesliga,2324,Mainz 05,Aymen Barkok,MAR,MF,25,1998,3.6,1,12,7,58.3,3.36,1.96,0.08,0.14,0,1
GER-Bundesliga,2324,Mainz 05,Brajan Gruda,GER,"MF,FW",19,2004,18.2,4,30,12,40.0,1.65,0.66,0.13,0.33,0,0
GER-Bundesliga,2324,Mainz 05,Daniel Batz,GER,GK,32,1991,4.0,0,0,0,,0.0,0.0,,,0,0
GER-Bundesliga,2324,Mainz 05,Danny da Costa,GER,"MF,DF",30,1993,9.2,0,6,1,16.7,0.65,0.11,0.0,0.0,0,0
GER-Bundesliga,2324,Mainz 05,David Mamutovic,GER,MF,22,2000,0.1,0,0,0,,0.0,0.0,,,0,0
GER-Bundesliga,2324,Mainz 05,Dominik Kohr,GER,"DF,MF",29,1994,24.3,1,25,7,28.0,1.03,0.29,0.04,0.14,0,0
GER-Bundesliga,2324,Mainz 05,Edimilson Fernandes,SUI,DF,27,1996,14.3,0,15,0,0.0,1.05,0.0,0.0,,0,0
GER-Bundesliga,2324,Mainz 05,Jessic Ngankam,GER,"MF,FW",23,2000,2.0,0,7,1,14.3,3.42,0.49,0.0,0.0,0,0
GER-Bundesliga,2324,Mainz 05,Jonathan Burkardt,GER,"FW,MF",23,2000,17.1,8,41,17,41.5,2.4,0.99,0.17,0.41,1,1
GER-Bundesliga,2324,Mainz 05,Josuha Guilavogui,FRA,DF,32,1990,4.5,0,0,0,,0.0,0.0,,,0,0
GER-Bundesliga,2324,Mainz 05,Karim Onisiwo,AUT,"FW,MF",31,1992,16.6,1,33,7,21.2,1.99,0.42,0.03,0.14,0,0
GER-Bundesliga,2324,Mainz 05,Leandro Barreiro Martins,LUX,MF,23,2000,29.0,4,38,15,39.5,1.31,0.52,0.11,0.27,0,0
GER-Bundesliga,2324,Mainz 05,Lee Jae-sung,KOR,MF,30,1992,23.5,6,38,13,34.2,1.62,0.55,0.16,0.46,0,0
GER-Bundesliga,2324,Mainz 05,Ludovic Ajorque,FRA,FW,29,1994,15.1,2,30,11,36.7,1.99,0.73,0.07,0.18,0,2
GER-Bundesliga,2324,Mainz 05,Marco Richter,GER,MF,25,1997,8.0,1,38,9,23.7,4.77,1.13,0.03,0.11,0,0
GER-Bundesliga,2324,Mainz 05,Marcus Müller,GER,FW,20,2002,0.2,0,1,0,0.0,5.0,0.0,0.0,,0,0
GER-Bundesliga,2324,Mainz 05,Maxim Leitsch,GER,DF,25,1998,4.2,0,0,0,,0.0,0.0,,,0,0
GER-Bundesliga,2324,Mainz 05,Merveille Papela,GER,MF,22,2001,2.9,0,4,1,25.0,1.4,0.35,0.0,0.0,0,0
GER-Bundesliga,2324,Mainz 05,Nadiem Amiri,GER,MF,26,1996,14.6,1,36,8,22.2,2.46,0.55,0.03,0.13,0,1
GER-Bundesliga,2324,Mainz 05,Nelson Weiper,GER,FW,18,2005,1.4,0,2,0,0.0,1.45,0.0,0.0,,0,0
GER-Bundesliga,2324,Mainz 05,Phillipp Mwene,AUT,"MF,DF",29,1994,22.2,1,24,9,37.5,1.08,0.41,0.04,0.11,0,0
GER-Bundesliga,2324,Mainz 05,Robin Zentner,GER,GK,28,1994,30.0,0,1,0,0.0,0.03,0.0,0.0,,0,0
GER-Bundesliga,2324,Mainz 05,Sepp van den Berg,NED,DF,21,2001,31.5,3,25,11,44.0,0.79,0.35,0.12,0.27,0,0
GER-Bundesliga,2324,Mainz 05,Silvan Widmer,SUI,"MF,DF",30,1993,13.8,1,14,3,21.4,1.01,0.22,0.07,0.33,0,0
GER-Bundesliga,2324,Mainz 05,Stefan Bell,GER,DF,31,1991,7.4,0,4,2,50.0,0.54,0.27,0.0,0.0,0,0
GER-Bundesliga,2324,Mainz 05,Tom Krauß,GER,MF,22,2001,15.0,1,18,2,11.1,1.2,0.13,0.06,0.5,0,0
GER-Bundesliga,2324,RB Leipzig,Amadou Haidara,MLI,MF,25,1998,17.0,2,21,9,42.9,1.24,0.53,0.1,0.22,0,0
GER-Bundesliga,2324,RB Leipzig,Benjamin Henrichs,GER,"DF,MF",26,1997,28.1,1,36,9,25.0,1.28,0.32,0.03,0.11,0,0
GER-Bundesliga,2324,RB Leipzig,Benjamin Šeško,SVN,FW,20,2003,17.0,14,47,25,53.2,2.77,1.47,0.3,0.56,0,0
GER-Bundesliga,2324,RB Leipzig,Castello Lukeba,FRA,DF,20,2002,24.3,1,7,3,42.9,0.29,0.12,0.14,0.33,0,0
GER-Bundesliga,2324,RB Leipzig,Christoph Baumgartner,AUT,"MF,FW",23,1999,12.9,5,31,12,38.7,2.41,0.93,0.16,0.42,0,0
GER-Bundesliga,2324,RB Leipzig,Christopher Lenz,GER,"DF,MF",28,1994,0.5,0,0,0,,0.0,0.0,,,0,0
GER-Bundesliga,2324,RB Leipzig,Dani Olmo,ESP,MF,25,1998,16.1,4,45,14,31.1,2.8,0.87,0.09,0.29,0,0
GER-Bundesliga,2324,RB Leipzig,David Raum,GER,DF,25,1998,30.4,2,14,4,28.6,0.46,0.13,0.14,0.5,0,0
GER-Bundesliga,2324,RB Leipzig,El Chadaille Bitshiabu,FRA,DF,18,2005,0.4,0,0,0,,0.0,0.0,,,0,0
GER-Bundesliga,2324,RB Leipzig,Elif Elmas,MKD,MF,23,1999,3.0,0,10,4,40.0,3.38,1.35,0.0,0.0,0,0
GER-Bundesliga,2324,RB Leipzig,Emil Forsberg,SWE,MF,31,1991,5.2,2,12,5,41.7,2.33,0.97,0.17,0.4,0,1
GER-Bundesliga,2324,RB Leipzig,Fabio Carvalho,POR,MF,20,2002,1.8,0,3,2,66.7,1.64,1.09,0.0,0.0,0,0
GER-Bundesliga,2324,RB Leipzig,Janis Blaswich,GER,GK,32,1991,21.0,0,0,0,,0.0,0.0,,,0,0
GER-Bundesliga,2324,RB Leipzig,Jonathan Norbye,NOR,DF,16,2007,0.0,0,0,0,,0.0,0.0,,,0,0
GER-Bundesliga,2324,RB Leipzig,Kevin Kampl,SVN,MF,32,1990,15.1,1,6,1,16.7,0.4,0.07,0.17,1.0,0,0
GER-Bundesliga,2324,RB Leipzig,Loïs Openda,BEL,FW,23,2000,30.0,24,121,62,51.2,4.04,2.07,0.18,0.35,2,3
GER-Bundesliga,2324,RB Leipzig,Lukas Klostermann,GER,DF,27,1996,16.0,1,6,2,33.3,0.38,0.13,0.17,0.5,0,0
GER-Bundesliga,2324,RB Leipzig,Mohamed Simakan,FRA,DF,23,2000,23.8,2,30,11,36.7,1.26,0.46,0.07,0.18,0,0
GER-Bundesliga,2324,RB Leipzig,Nicolas Seiwald,AUT,MF,22,2001,8.0,0,0,0,,0.0,0.0,,,0,0
GER-Bundesliga,2324,RB Leipzig,Nuha Jatta,GAM,MF,17,2006,0.0,0,0,0,,0.0,0.0,,,0,0
GER-Bundesliga,2324,RB Leipzig,Péter Gulácsi,HUN,GK,33,1990,13.0,0,0,0,,0.0,0.0,,,0,0
GER-Bundesliga,2324,RB Leipzig,Timo Werner,GER,"MF,FW",27,1996,2.3,2,9,6,66.7,3.91,2.61,0.11,0.17,1,1
GER-Bundesliga,2324,RB Leipzig,Willi Orban,HUN,DF,30,1992,17.6,0,7,2,28.6,0.4,0.11,0.0,0.0,0,0
GER-Bundesliga,2324,RB Leipzig,Xaver Schlager,AUT,MF,25,1997,27.5,0,21,3,14.3,0.76,0.11,0.0,0.0,0,0
GER-Bundesliga,2324,RB Leipzig,Xavi Simons,NED,MF,20,2003,29.5,8,81,33,40.7,2.75,1.12,0.09,0.21,1,2
GER-Bundesliga,2324,RB Leipzig,Yussuf Poulsen,DEN,FW,29,1994,13.5,5,29,16,55.2,2.14,1.18,0.17,0.31,0,0
GER-Bundesliga,2324,Stuttgart,Alexander Nübel,GER,GK,26,1996,30.0,0,0,0,,0.0,0.0,,,0,0
GER-Bundesliga,2324,Stuttgart,Angelo Stiller,GER,MF,22,2001,29.9,1,16,3,18.8,0.53,0.1,0.06,0.33,0,0
GER-Bundesliga,2324,Stuttgart,Anthony Rouault,FRA,DF,22,2001,11.2,0,3,1,33.3,0.27,0.09,0.0,0.0,0,0
GER-Bundesliga,2324,Stuttgart,Atakan Karazor,TUR,MF,26,1996,29.1,0,19,2,10.5,0.65,0.07,0.0,0.0,0,0
GER-Bundesliga,2324,Stuttgart,Borna Sosa,CRO,"DF,MF",25,1998,0.5,0,1,0,0.0,1.96,0.0,0.0,,0,0
GER-Bundesliga,2324,Stuttgart,Chris Führich,GER,MF,25,1998,28.5,8,54,25,46.3,1.89,0.88,0.15,0.32,0,1
GER-Bundesliga,2324,Stuttgart,Dan-Axel Zagadou,FRA,DF,24,1999,16.1,1,11,2,18.2,0.68,0.12,0.09,0.5,0,0
GER-Bundesliga,2324,Stuttgart,Deniz Undav,GER,"FW,MF",27,1996,23.2,18,108,54,50.0,4.65,2.33,0.17,0.33,0,1
GER-Bundesliga,2324,Stuttgart,Enzo Millot,FRA,MF,21,2002,24.9,5,39,18,46.2,1.57,0.72,0.1,0.22,1,1
GER-Bundesliga,2324,Stuttgart,Fabian Bredlow,GER,GK,28,1995,4.0,0,0,0,,0.0,0.0,,,0,0
GER-Bundesliga,2324,Stuttgart,Genki Haraguchi,JPN,"FW,MF",32,1991,0.3,0,0,0,,0.0,0.0,,,0,0
GER-Bundesliga,2324,Stuttgart,Hiroki Ito,JPN,DF,24,1999,24.8,0,18,4,22.2,0.73,0.16,0.0,0.0,0,0
GER-Bundesliga,2324,Stuttgart,Jamie Leweling,GER,MF,22,2001,16.9,4,43,22,51.2,2.54,1.3,0.09,0.18,0,0
GER-Bundesliga,2324,Stuttgart,Jeong Woo-yeong,KOR,MF,23,1999,7.0,2,18,8,44.4,2.56,1.14,0.11,0.25,0,0
GER-Bundesliga,2324,Stuttgart,Josha Vagnoman,GER,"MF,DF",22,2000,13.1,2,17,7,41.2,1.29,0.53,0.12,0.29,0,0
GER-Bundesliga,2324,Stuttgart,Jovan Milošević,SRB,FW,18,2005,0.3,0,0,0,,0.0,0.0,,,0,0
GER-Bundesliga,2324,Stuttgart,Leonidas Stergiou,SUI,DF,21,2002,6.6,1,3,1,33.3,0.45,0.15,0.33,1.0,0,0
GER-Bundesliga,2324,Stuttgart,Lilian Egloff,GER,MF,20,2002,1.2,0,3,0,0.0,2.55,0.0,0.0,,0,0
GER-Bundesliga,2324,Stuttgart,Luca Raimund,GER,MF,18,2005,0.3,0,2,0,0.0,6.0,0.0,0.0,,0,0
GER-Bundesliga,2324,Stuttgart,Mahmoud Dahoud,GER,MF,27,1996,2.5,1,3,1,33.3,1.19,0.4,0.33,1.0,0,0
GER-Bundesliga,2324,Stuttgart,Maximilian Mittelstädt,GER,"DF,MF",26,1997,23.4,2,21,6,28.6,0.9,0.26,0.1,0.33,0,0
GER-Bundesliga,2324,Stuttgart,Pascal Stenzel,GER,DF,27,1996,11.8,0,14,4,28.6,1.18,0.34,0.0,0.0,0,0
GER-Bundesliga,2324,Stuttgart,Roberto Massimo,GER,"FW,MF",22,2000,0.9,0,0,0,,0.0,0.0,,,0,0
GER-Bundesliga,2324,Stuttgart,Samuele Di Benedetto,GER,MF,18,2005,0.1,0,0,0,,0.0,0.0,,,0,0
GER-Bundesliga,2324,Stuttgart,Serhou Guirassy,GUI,FW,27,1996,24.5,28,91,45,49.5,3.71,1.83,0.26,0.53,4,4
GER-Bundesliga,2324,Stuttgart,Silas Katompa,COD,MF,24,1998,10.0,5,24,9,37.5,2.4,0.9,0.21,0.56,0,1
GER-Bundesliga,2324,Stuttgart,Waldemar Anton,GER,DF,27,1996,32.1,0,27,6,22.2,0.84,0.19,0.0,0.0,0,0
GER-Bundesliga,2324,Union Berlin,Alex Král,CZE,MF,25,1998,15.2,0,18,5,27.8,1.18,0.33,0.0,0.0,0,0
GER-Bundesliga,2324,Union Berlin,Alexander Schwolow,GER,GK,31,1992,1.0,0,0,0,,0.0,0.0,,,0,0
GER-Bundesliga,2324,Union Berlin,Aljoscha Kemlein,GER,MF,18,2004,0.3,0,1,0,0.0,3.1,0.0,0.0,,0,0
GER-Bundesliga,2324,Union Berlin,András Schäfer,HUN,MF,24,1999,13.5,1,21,5,23.8,1.56,0.37,0.05,0.2,0,0
GER-Bundesliga,2324,Union Berlin,Aïssa Laïdouni,TUN,MF,26,1996,11.9,0,13,5,38.5,1.09,0.42,0.0,0.0,0,0
GER-Bundesliga,2324,Union Berlin,Benedict Hollerbach,GER,"FW,MF",22,2001,14.2,5,34,10,29.4,2.39,0.7,0.15,0.5,0,0
GER-Bundesliga,2324,Union Berlin,Brenden Aaronson,USA,"MF,FW",22,2000,14.1,2,19,7,36.8,1.35,0.5,0.11,0.29,0,0
GER-Bundesliga,2324,Union Berlin,Chris Bedia,CIV,FW,27,1996,1.6,1,3,1,33.3,1.86,0.62,0.33,1.0,0,0
GER-Bundesliga,2324,Union Berlin,Christopher Trimmel,AUT,"MF,DF",36,1987,18.3,0,6,4,66.7,0.33,0.22,0.0,0.0,0,0
GER-Bundesliga,2324,Union Berlin,Danilho Doekhi,NED,DF,25,1998,24.0,2,16,2,12.5,0.67,0.08,0.13,1.0,0,0
GER-Bundesliga,2324,Union Berlin,David Datro Fofana,CIV,"FW,MF",20,2002,7.6,1,26,13,50.0,3.43,1.72,0.04,0.08,0,0
GER-Bundesliga,2324,Union Berlin,Diogo Leite,POR,DF,24,1999,30.0,0,12,4,33.3,0.4,0.13,0.0,0.0,0,0
GER-Bundesliga,2324,Union Berlin,Frederik Rønnow,DEN,GK,30,1992,33.0,0,3,0,0.0,0.09,0.0,0.0,,0,0
GER-Bundesliga,2324,Union Berlin,Janik Haberer,GER,MF,29,1994,13.6,1,15,4,26.7,1.11,0.29,0.07,0.25,0,0
GER-Bundesliga,2324,Union Berlin,Jordan Pefok,USA,FW,27,1996,0.3,0,0,0,,0.0,0.0,,,0,0
GER-Bundesliga,2324,Union Berlin,Josip Juranović,CRO,"MF,DF",27,1995,14.4,0,12,3,25.0,0.83,0.21,0.0,0.0,0,1
GER-Bundesliga,2324,Union Berlin,Jérôme Roussillon,GLP,"DF,MF",30,1993,8.4,0,7,4,57.1,0.84,0.48,0.0,0.0,0,0
GER-Bundesliga,2324,Union Berlin,Kevin Behrens,GER,FW,32,1991,14.0,4,41,13,31.7,2.92,0.93,0.1,0.31,0,0
GER-Bundesliga,2324,Union Berlin,Kevin Vogt,GER,DF,31,1991,14.7,0,1,0,0.0,0.07,0.0,0.0,,0,0
GER-Bundesliga,2324,Union Berlin,Kevin Volland,GER,"FW,MF",31,1992,14.9,3,36,14,38.9,2.41,0.94,0.03,0.07,2,3
GER-Bundesliga,2324,Union Berlin,Leonardo Bonucci,ITA,DF,36,1987,5.1,1,1,1,100.0,0.2,0.2,0.0,0.0,1,1
GER-Bundesliga,2324,Union Berlin,Lucas Tousart,FRA,MF,26,1997,17.5,0,25,6,24.0,1.43,0.34,0.0,0.0,0,0
GER-Bundesliga,2324,Union Berlin,Mikkel Kaufmann,DEN,FW,22,2001,5.4,1,15,6,40.0,2.78,1.11,0.07,0.17,0,0
GER-Bundesliga,2324,Union Berlin,Miloš Pantović,SRB,"FW,MF",27,1996,0.2,1,1,1,100.0,6.0,6.0,1.0,1.0,0,0
GER-Bundesliga,2324,Union Berlin,Paul Jaeckel,GER,DF,25,1998,2.6,0,0,0,,0.0,0.0,,,0,0
GER-Bundesliga,2324,Union Berlin,Rani Khedira,TUN,MF,29,1994,14.9,0,3,1,33.3,0.2,0.07,0.0,0.0,0,0
GER-Bundesliga,2324,Union Berlin,Robin Gosens,GER,"MF,DF",29,1994,25.4,6,32,10,31.3,1.26,0.39,0.19,0.6,0,0
GER-Bundesliga,2324,Union Berlin,Robin Knoche,GER,DF,31,1992,21.3,1,8,4,50.0,0.38,0.19,0.13,0.25,0,1
GER-Bundesliga,2324,Union Berlin,Sheraldo Becker,SUR,"FW,MF",28,1995,7.2,0,16,4,25.0,2.23,0.56,0.0,0.0,0,0
GER-Bundesliga,2324,Union Berlin,Yorbe Vertessen,BEL,"FW,MF",22,2001,6.6,3,24,9,37.5,3.64,1.37,0.13,0.33,0,0
GER-Bundesliga,2324,Werder Bremen,Amos Pieper,GER,DF,25,1998,6.6,0,4,1,25.0,0.61,0.15,0.0,0.0,0,0
GER-Bundesliga,2324,Werder Bremen,Anthony Jung,GER,"DF,MF",31,1991,28.7,1,5,1,20.0,0.17,0.03,0.2,1.0,0,0
GER-Bundesliga,2324,Werder Bremen,Christian Groß,GER,"DF,MF",34,1989,8.9,0,4,1,25.0,0.45,0.11,0.0,0.0,0,0
GER-Bundesliga,2324,Werder Bremen,Dawid Kownacki,POL,FW,26,1997,4.2,0,19,4,21.1,4.5,0.95,0.0,0.0,0,0
GER-Bundesliga,2324,Werder Bremen,Felix Agu,NGA,MF,23,1999,17.9,0,11,0,0.0,0.61,0.0,0.0,,0,0
GER-Bundesliga,2324,Werder Bremen,Ilia Gruev,BUL,MF,23,2000,0.0,0,0,0,,0.0,0.0,,,0,0
GER-Bundesliga,2324,Werder Bremen,Isak Hansen-Aarøen,NOR,MF,18,2004,0.3,0,0,0,,0.0,0.0,,,0,0
GER-Bundesliga,2324,Werder Bremen,Jens Stage,DEN,MF,26,1996,25.9,3,40,11,27.5,1.55,0.43,0.08,0.27,0,0
GER-Bundesliga,2324,Werder Bremen,Jiří Pavlenka,CZE,GK,31,1992,7.0,0,0,0,,0.0,0.0,,,0,0
GER-Bundesliga,2324,Werder Bremen,Joel Imasuen,USA,FW,18,2004,0.0,0,0,0,,0.0,0.0,,,0,0
GER-Bundesliga,2324,Werder Bremen,Julián Malatini,ARG,DF,22,2001,6.7,1,3,1,33.3,0.45,0.15,0.33,1.0,0,0
GER-Bundesliga,2324,Werder Bremen,Justin Njinmah,GER,FW,22,2000,11.3,6,33,14,42.4,2.92,1.24,0.18,0.43,0,0
GER-Bundesliga,2324,Werder Bremen,Leon Opitz,GER,MF,18,2005,0.2,0,0,0,,0.0,0.0,,,0,0
GER-Bundesliga,2324,Werder Bremen,Leonardo Bittencourt,GER,MF,29,1993,17.5,1,31,5,16.1,1.77,0.29,0.03,0.2,0,0
GER-Bundesliga,2324,Werder Bremen,Marco Friedl,AUT,DF,25,1998,24.4,1,7,1,14.3,0.29,0.04,0.14,1.0,0,0
GER-Bundesliga,2324,Werder Bremen,Marvin Ducksch,GER,FW,29,1994,30.0,12,80,38,47.5,2.67,1.27,0.09,0.18,5,6
GER-Bundesliga,2324,Werder Bremen,Michael Zetterer,GER,GK,28,1995,27.0,0,1,0,0.0,0.04,0.0,0.0,,0,0
GER-Bundesliga,2324,Werder Bremen,Miloš Veljković,SRB,DF,27,1995,21.3,2,6,3,50.0,0.28,0.14,0.33,0.67,0,0
GER-Bundesliga,2324,Werder Bremen,Mitchell Weiser,GER,MF,29,1994,29.3,3,44,13,29.5,1.5,0.44,0.07,0.23,0,0
GER-Bundesliga,2324,Werder Bremen,Naby Keïta,GUI,MF,28,1995,1.2,0,2,0,0.0,1.65,0.0,0.0,,0,0
GER-Bundesliga,2324,Werder Bremen,Nick Woltemade,GER,"FW,MF",21,2002,13.2,2,22,6,27.3,1.67,0.45,0.09,0.33,0,0
GER-Bundesliga,2324,Werder Bremen,Niclas Füllkrug,GER,FW,30,1993,2.0,0,5,2,40.0,2.5,1.0,0.0,0.0,0,0
GER-Bundesliga,2324,Werder Bremen,Nicolai Rapp,GER,DF,26,1996,0.8,0,0,0,,0.0,0.0,,,0,0
GER-Bundesliga,2324,Werder Bremen,Niklas Stark,GER,DF,28,1995,12.1,2,4,2,50.0,0.33,0.17,0.5,1.0,0,0
GER-Bundesliga,2324,Werder Bremen,Oliver Burke,SCO,"FW,MF",26,1997,0.4,0,0,0,,0.0,0.0,,,0,0
GER-Bundesliga,2324,Werder Bremen,Olivier Deman,BEL,MF,23,2000,15.2,2,17,7,41.2,1.12,0.46,0.12,0.29,0,0
GER-Bundesliga,2324,Werder Bremen,Rafael Borré,COL,FW,27,1995,11.0,4,20,8,40.0,1.82,0.73,0.2,0.5,0,0
GER-Bundesliga,2324,Werder Bremen,Romano Schmid,AUT,"MF,FW",23,2000,28.9,4,38,9,23.7,1.31,0.31,0.11,0.44,0,0
GER-Bundesliga,2324,Werder Bremen,Senne Lynen,BEL,MF,24,1999,20.0,0,12,2,16.7,0.6,0.1,0.0,0.0,0,0
GER-Bundesliga,2324,Werder Bremen,Skelly Alvero,FRA,MF,21,2002,1.4,1,5,3,60.0,3.66,2.2,0.2,0.33,0,0
GER-Bundesliga,2324,Wolfsburg,Amin Sarr,SWE,"MF,FW",22,2001,4.3,0,6,2,33.3,1.4,0.47,0.0,0.0,0,0
GER-Bundesliga,2324,Wolfsburg,Aster Vranckx,BEL,MF,20,2002,12.8,0,4,2,50.0,0.31,0.16,0.0,0.0,0,0
GER-Bundesliga,2324,Wolfsburg,Bennit Bröger,GER,MF,17,2006,0.1,0,0,0,,0.0,0.0,,,0,0
GER-Bundesliga,2324,Wolfsburg,Cedric Zesiger,SUI,DF,25,1998,18.2,0,16,2,12.5,0.88,0.11,0.0,0.0,0,0
GER-Bundesliga,2324,Wolfsburg,Dženan Pejčinović,GER,FW,18,2005,0.4,0,2,0,0.0,4.86,0.0,0.0,,0,0
GER-Bundesliga,2324,Wolfsburg,Jakub Kamiński,POL,MF,21,2002,5.3,0,10,3,30.0,1.9,0.57,0.0,0.0,0,0
GER-Bundesliga,2324,Wolfsburg,Joakim Mæhle,DEN,"DF,MF",26,1997,27.2,2,20,6,30.0,0.73,0.22,0.1,0.33,0,0
GER-Bundesliga,2324,Wolfsburg,Jonas Wind,DEN,FW,24,1999,29.5,11,73,35,47.9,2.48,1.19,0.15,0.31,0,1
GER-Bundesliga,2324,Wolfsburg,Kevin Behrens,GER,FW,32,1991,6.8,1,11,6,54.5,1.61,0.88,0.09,0.17,0,0
GER-Bundesliga,2324,Wolfsburg,Kevin Paredes,USA,"MF,DF",20,2003,15.9,3,19,8,42.1,1.19,0.5,0.16,0.38,0,0
GER-Bundesliga,2324,Wolfsburg,Kilian Fischer,GER,"MF,DF",22,2000,3.2,0,4,0,0.0,1.24,0.0,0.0,,0,0
GER-Bundesliga,2324,Wolfsburg,Koen Casteels,BEL,GK,31,1992,25.0,0,0,0,,0.0,0.0,,,0,0
GER-Bundesliga,2324,Wolfsburg,Kofi Amoako,GER,MF,18,2005,0.0,0,0,0,,0.0,0.0,,,0,0
GER-Bundesliga,2324,Wolfsburg,Lovro Majer,CRO,"MF,FW",25,1998,23.4,5,37,12,32.4,1.58,0.51,0.08,0.25,2,2
GER-Bundesliga,2324,Wolfsburg,Lukas Nmecha,GER,FW,24,1998,0.5,1,1,1,100.0,2.14,2.14,1.0,1.0,0,0
GER-Bundesliga,2324,Wolfsburg,Mattias Svanberg,SWE,MF,24,1999,19.1,1,42,11,26.2,2.2,0.58,0.02,0.09,0,0
GER-Bundesliga,2324,Wolfsburg,Maxence Lacroix,FRA,DF,23,2000,26.2,4,12,8,66.7,0.46,0.3,0.33,0.5,0,0
GER-Bundesliga,2324,Wolfsburg,Maximilian Arnold,GER,MF,29,1994,27.8,2,32,12,37.5,1.15,0.43,0.06,0.17,0,0
GER-Bundesliga,2324,Wolfsburg,Moritz Jenz,GER,DF,24,1999,19.4,0,7,0,0.0,0.36,0.0,0.0,,0,0
GER-Bundesliga,2324,Wolfsburg,Nicolas Cozza,FRA,DF,24,1999,3.1,0,1,0,0.0,0.33,0.0,0.0,,0,0
GER-Bundesliga,2324,Wolfsburg,Patrick Wimmer,AUT,"MF,FW",22,2001,6.5,2,10,4,40.0,1.53,0.61,0.2,0.5,0,0
GER-Bundesliga,2324,Wolfsburg,Pavao Pervan,AUT,GK,35,1987,9.0,0,0,0,,0.0,0.0,,,0,0
GER-Bundesliga,2324,Wolfsburg,Ridle Baku,GER,"MF,DF",25,1998,22.4,1,27,9,33.3,1.21,0.4,0.04,0.11,0,0
GER-Bundesliga,2324,Wolfsburg,Rogério,BRA,"DF,MF",25,1998,10.1,1,4,2,50.0,0.4,0.2,0.25,0.5,0,0
GER-Bundesliga,2324,Wolfsburg,Sebastiaan Bornauw,BEL,DF,24,1999,15.9,0,10,4,40.0,0.63,0.25,0.0,0.0,0,0
GER-Bundesliga,2324,Wolfsburg,Tiago Tomás,POR,"FW,MF",21,2002,11.5,1,27,10,37.0,2.35,0.87,0.04,0.1,0,0
GER-Bundesliga,2324,Wolfsburg,Václav Černý,CZE,"MF,FW",25,1997,10.2,4,20,5,25.0,1.95,0.49,0.2,0.8,0,0
GER-Bundesliga,2324,Wolfsburg,Yannick Gerhardt,GER,MF,29,1994,18.1,2,19,9,47.4,1.05,0.5,0.11,0.22,0,0
ITA-Serie A,2324,Atalanta,Ademola Lookman,NGA,"FW,MF",25,1997,21.0,11,67,24,35.8,3.18,1.14,0.16,0.46,0,0
ITA-Serie A,2324,Atalanta,Aleksei Miranchuk,RUS,"MF,FW",27,1995,13.1,3,38,22,57.9,2.91,1.68,0.08,0.14,0,0
ITA-Serie A,2324,Atalanta,Berat Djimsiti,ALB,DF,30,1993,31.5,0,13,0,0.0,0.41,0.0,0.0,,0,0
ITA-Serie A,2324,Atalanta,Charles De Ketelaere,BEL,"FW,MF",22,2001,22.5,10,45,25,55.6,2.0,1.11,0.2,0.36,1,1
ITA-Serie A,2324,Atalanta,Davide Zappacosta,ITA,MF,31,1992,20.7,2,37,10,27.0,1.78,0.48,0.05,0.2,0,0
ITA-Serie A,2324,Atalanta,Duván Zapata,COL,FW,32,1991,1.2,1,5,3,60.0,4.02,2.41,0.2,0.33,0,0
ITA-Serie A,2324,Atalanta,El Bilal Touré,MLI,FW,21,2001,4.4,2,12,5,41.7,2.74,1.14,0.17,0.4,0,0
ITA-Serie A,2324,Atalanta,Emil Holm,SWE,MF,23,2000,10.5,1,26,8,30.8,2.47,0.76,0.04,0.13,0,0
ITA-Serie A,2324,Atalanta,Francesco Rossi,ITA,GK,32,1991,0.1,0,0,0,,0.0,0.0,,,0,0
ITA-Serie A,2324,Atalanta,Gianluca Scamacca,ITA,FW,24,1999,16.1,12,60,26,43.3,3.72,1.61,0.2,0.46,0,0
ITA-Serie A,2324,Atalanta,Giorgio Scalvini,ITA,DF,19,2003,28.3,1,19,6,31.6,0.67,0.21,0.05,0.17,0,0
ITA-Serie A,2324,Atalanta,Giovanni Bonfanti,ITA,DF,20,2003,1.0,0,1,0,0.0,1.01,0.0,0.0,,0,0
ITA-Serie A,2324,Atalanta,Hans Hateboer,NED,MF,29,1994,12.4,0,11,3,27.3,0.89,0.24,0.0,0.0,0,0
ITA-Serie A,2324,Atalanta,Isak Hien,SWE,DF,24,1999,10.4,0,4,2,50.0,0.38,0.19,0.0,0.0,0,0
ITA-Serie A,2324,Atalanta,José Luis Palomino,ARG,DF,33,1990,0.3,0,0,0,,0.0,0.0,,,0,0
ITA-Serie A,2324,Atalanta,Juan Musso,ARG,GK,29,1994,11.0,0,0,0,,0.0,0.0,,,0,0
ITA-Serie A,2324,Atalanta,Leonardo Mendicino,ITA,MF,17,2006,0.0,0,0,0,,0.0,0.0,,,0,0
ITA-Serie A,2324,Atalanta,Luis Muriel,COL,FW,32,1991,4.5,2,23,9,39.1,5.06,1.98,0.09,0.22,0,0
ITA-Serie A,2324,Atalanta,Marco Carnesecchi,ITA,GK,23,2000,26.9,0,0,0,,0.0,0.0,,,0,0
ITA-Serie A,2324,Atalanta,Mario Pašalić,CRO,MF,28,1995,22.8,6,40,18,45.0,1.76,0.79,0.1,0.22,2,2
ITA-Serie A,2324,Atalanta,Marten de Roon,NED,"MF,DF",32,1991,28.9,0,16,3,18.8,0.55,0.1,0.0,0.0,0,0
ITA-Serie A,2324,Atalanta,Matteo Ruggeri,ITA,MF,21,2002,27.2,0,12,4,33.3,0.44,0.15,0.0,0.0,0,0
ITA-Serie A,2324,Atalanta,Michel Ndary Adopo,FRA,MF,23,2000,1.2,0,1,1,100.0,0.83,0.83,0.0,0.0,0,0
ITA-Serie A,2324,Atalanta,Mitchel Bakker,NED,MF,23,2000,4.2,1,5,1,20.0,1.18,0.24,0.2,1.0,0,0
ITA-Serie A,2324,Atalanta,Nadir Zortea,ITA,"DF,MF",24,1999,1.7,1,2,1,50.0,1.21,0.6,0.5,1.0,0,0
ITA-Serie A,2324,Atalanta,Rafael Tolói,ITA,DF,32,1990,10.7,0,3,0,0.0,0.28,0.0,0.0,,0,0
ITA-Serie A,2324,Atalanta,Sead Kolašinac,BIH,DF,30,1993,24.2,1,13,5,38.5,0.54,0.21,0.08,0.2,0,0
ITA-Serie A,2324,Atalanta,Teun Koopmeiners,NED,MF,25,1998,29.2,12,54,20,37.0,1.85,0.69,0.19,0.5,2,2
ITA-Serie A,2324,Atalanta,Éderson Silva,BRA,MF,24,1999,31.9,6,38,11,28.9,1.19,0.35,0.16,0.55,0,0
ITA-Serie A,2324,Bologna,Alexis Saelemaekers,BEL,MF,24,1999,21.0,4,29,10,34.5,1.38,0.48,0.14,0.4,0,0
ITA-Serie A,2324,Bologna,Babis Lykogiannis,GRE,DF,29,1993,10.0,2,15,4,26.7,1.49,0.4,0.13,0.5,0,0
ITA-Serie A,2324,Bologna,Dan Ndoye,SUI,"MF,FW",22,2000,19.7,1,41,16,39.0,2.08,0.81,0.02,0.06,0,0
ITA-Serie A,2324,Bologna,Federico Ravaglia,ITA,GK,23,1999,5.9,0,0,0,,0.0,0.0,,,0,0
ITA-Serie A,2324,Bologna,Giovanni Fabbian,ITA,MF,20,2003,11.7,5,28,10,35.7,2.38,0.85,0.18,0.5,0,0
ITA-Serie A,2324,Bologna,Jens Odgaard,DEN,"MF,FW",24,1999,4.8,2,11,2,18.2,2.3,0.42,0.18,1.0,0,0
ITA-Serie A,2324,Bologna,Jesper Karlsson,SWE,MF,25,1998,3.8,0,6,4,66.7,1.57,1.05,0.0,0.0,0,0
ITA-Serie A,2324,Bologna,Jhon Lucumí,COL,DF,25,1998,24.6,0,11,2,18.2,0.45,0.08,0.0,0.0,0,0
ITA-Serie A,2324,Bologna,Joshua Zirkzee,NED,FW,22,2001,30.7,11,86,31,36.0,2.81,1.01,0.1,0.29,2,2
ITA-Serie A,2324,Bologna,Kacper Urbanski,POL,"MF,FW",18,2004,10.3,0,17,6,35.3,1.65,0.58,0.0,0.0,0,0
ITA-Serie A,2324,Bologna,Kevin Bonifazi,ITA,DF,27,1996,1.0,0,0,0,,0.0,0.0,,,0,0
ITA-Serie A,2324,Bologna,Lewis Ferguson,SCO,MF,23,1999,30.1,6,59,20,33.9,1.96,0.66,0.1,0.3,0,0
ITA-Serie A,2324,Bologna,Lorenzo De Silvestri,ITA,DF,35,1988,7.5,2,4,2,50.0,0.53,0.27,0.5,1.0,0,0
ITA-Serie A,2324,Bologna,Michel Aebischer,SUI,MF,26,1997,24.8,0,18,5,27.8,0.73,0.2,0.0,0.0,0,0
ITA-Serie A,2324,Bologna,Nicola Bagnolini,ITA,GK,19,2004,0.1,0,0,0,,0.0,0.0,,,0,0
ITA-Serie A,2324,Bologna,Nicolás Domínguez,ARG,MF,25,1998,1.1,0,0,0,,0.0,0.0,,,0,0
ITA-Serie A,2324,Bologna,Nikola Moro,CRO,"MF,FW",25,1998,9.3,1,11,1,9.1,1.18,0.11,0.09,1.0,0,0
ITA-Serie A,2324,Bologna,Oussama El Azzouzi,MAR,MF,22,2001,6.1,2,2,2,100.0,0.33,0.33,1.0,1.0,0,0
ITA-Serie A,2324,Bologna,Remo Freuler,SUI,MF,31,1992,29.2,1,14,4,28.6,0.48,0.14,0.07,0.25,0,0
ITA-Serie A,2324,Bologna,Riccardo Calafiori,ITA,DF,21,2002,26.1,2,17,6,35.3,0.65,0.23,0.12,0.33,0,0
ITA-Serie A,2324,Bologna,Riccardo Orsolini,ITA,MF,26,1997,19.9,10,59,25,42.4,2.96,1.26,0.14,0.32,2,3
ITA-Serie A,2324,Bologna,Sam Beukema,NED,DF,24,1998,28.3,1,12,4,33.3,0.42,0.14,0.08,0.25,0,0
ITA-Serie A,2324,Bologna,Santiago Castro,ARG,FW,18,2004,2.7,1,7,3,42.9,2.6,1.12,0.14,0.33,0,0
ITA-Serie A,2324,Bologna,Stefan Posch,AUT,DF,26,1997,26.8,1,18,4,22.2,0.67,0.15,0.06,0.25,0,0
ITA-Serie A,2324,Bologna,Sydney van Hooijdonk,NED,FW,23,2000,2.4,0,5,1,20.0,2.12,0.42,0.0,0.0,0,0
ITA-Serie A,2324,Bologna,Tommaso Corazza,ITA,DF,19,2004,2.2,0,1,0,0.0,0.46,0.0,0.0,,0,0
ITA-Serie A,2324,Bologna,Victor Bernth Kristiansen,DEN,DF,20,2002,25.6,0,6,2,33.3,0.23,0.08,0.0,0.0,0,0
ITA-Serie A,2324,Bologna,Łukasz Skorupski,POL,GK,32,1991,32.0,0,0,0,,0.0,0.0,,,0,0
ITA-Serie A,2324,Cagliari,Adam Obert,SVK,DF,20,2002,10.5,0,3,3,100.0,0.29,0.29,0.0,0.0,0,0
ITA-Serie A,2324,Cagliari,Alberto Dossena,ITA,DF,24,1998,33.1,2,24,6,25.0,0.73,0.18,0.08,0.33,0,0
ITA-Serie A,2324,Cagliari,Alessandro Deiola,ITA,MF,27,1995,17.9,1,25,6,24.0,1.4,0.34,0.04,0.17,0,0
ITA-Serie A,2324,Cagliari,Alessandro Di Pardo,ITA,"MF,DF",24,1999,4.0,0,3,0,0.0,0.75,0.0,0.0,,0,0
ITA-Serie A,2324,Cagliari,Andrea Petagna,ITA,FW,28,1995,11.1,1,19,8,42.1,1.72,0.72,0.05,0.13,0,0
ITA-Serie A,2324,Cagliari,Antoine Makoumbou,CGO,MF,25,1998,30.0,1,8,2,25.0,0.27,0.07,0.13,0.5,0,0
ITA-Serie A,2324,Cagliari,Boris Radunović,SRB,GK,27,1996,7.0,0,0,0,,0.0,0.0,,,0,0
ITA-Serie A,2324,Cagliari,Edoardo Goldaniga,ITA,DF,29,1993,11.2,0,4,3,75.0,0.36,0.27,0.0,0.0,0,0
ITA-Serie A,2324,Cagliari,Eldor Shomurodov,UZB,"MF,FW",28,1995,10.4,3,21,7,33.3,2.02,0.67,0.14,0.43,0,0
ITA-Serie A,2324,Cagliari,Gabriele Zappa,ITA,"DF,MF",23,1999,28.5,1,19,6,31.6,0.67,0.21,0.05,0.17,0,0
ITA-Serie A,2324,Cagliari,Gaetano Oristanio,ITA,"FW,MF",20,2002,12.3,2,23,5,21.7,1.87,0.41,0.09,0.4,0,0
ITA-Serie A,2324,Cagliari,Gianluca Gaetano,ITA,"MF,FW",23,2000,8.3,4,14,6,42.9,1.69,0.72,0.21,0.5,1,1
ITA-Serie A,2324,Cagliari,Gianluca Lapadula,PER,FW,33,1990,13.4,3,35,11,31.4,2.61,0.82,0.06,0.18,1,1
ITA-Serie A,2324,Cagliari,Ibrahim Sulemana,GHA,MF,20,2003,14.9,2,13,3,23.1,0.87,0.2,0.15,0.67,0,0
ITA-Serie A,2324,Cagliari,Jakub Jankto,CZE,MF,27,1996,9.7,1,12,6,50.0,1.24,0.62,0.08,0.17,0,0
ITA-Serie A,2324,Cagliari,Kingstone Mutandwa,ZAM,FW,20,2003,0.4,1,2,1,50.0,4.62,2.31,0.5,1.0,0,0
ITA-Serie A,2324,Cagliari,Leonardo Pavoletti,ITA,FW,34,1988,7.0,4,25,9,36.0,3.58,1.29,0.16,0.44,0,0
ITA-Serie A,2324,Cagliari,Marco Mancosu,ITA,"MF,FW",34,1988,1.7,0,7,0,0.0,4.04,0.0,0.0,,0,1
ITA-Serie A,2324,Cagliari,Mateusz Wieteska,POL,DF,26,1997,10.7,0,4,0,0.0,0.37,0.0,0.0,,0,0
ITA-Serie A,2324,Cagliari,Matteo Prati,ITA,MF,19,2003,21.9,1,35,11,31.4,1.6,0.5,0.03,0.09,0,0
ITA-Serie A,2324,Cagliari,Nahitan Nández,URU,"MF,DF",27,1995,26.0,2,23,7,30.4,0.88,0.27,0.04,0.14,1,1
ITA-Serie A,2324,Cagliari,Nicolas Viola,ITA,"MF,FW",33,1989,13.4,5,38,12,31.6,2.83,0.89,0.13,0.42,0,1
ITA-Serie A,2324,Cagliari,Pantelis Hatzidiakos,GRE,DF,26,1997,9.5,0,4,2,50.0,0.42,0.21,0.0,0.0,0,0
ITA-Serie A,2324,Cagliari,Paulo Azzi,BRA,"MF,DF",29,1994,10.6,0,22,2,9.1,2.08,0.19,0.0,0.0,0,0
ITA-Serie A,2324,Cagliari,Simone Aresti,ITA,GK,37,1986,0.0,0,0,0,,0.0,0.0,,,0,0
ITA-Serie A,2324,Cagliari,Simone Scuffet,ITA,GK,27,1996,31.0,0,0,0,,0.0,0.0,,,0,0
ITA-Serie A,2324,Cagliari,Tommaso Augello,ITA,"DF,MF",28,1994,26.9,1,10,3,30.0,0.37,0.11,0.1,0.33,0,0
ITA-Serie A,2324,Cagliari,Yerry Mina,COL,DF,28,1994,13.5,2,3,2,66.7,0.22,0.15,0.33,0.5,1,1
ITA-Serie A,2324,Cagliari,Zito Luvumbo,ANG,"MF,FW",21,2002,21.6,4,51,16,31.4,2.36,0.74,0.08,0.25,0,0
ITA-Serie A,2324,Empoli,Alberto Cerri,ITA,FW,27,1996,6.1,1,10,3,30.0,1.65,0.5,0.1,0.33,0,0
ITA-Serie A,2324,Empoli,Alberto Grassi,ITA,MF,28,1995,20.1,0,23,5,21.7,1.15,0.25,0.0,0.0,0,0
ITA-Serie A,2324,Empoli,Andrea Sodero,ITA,MF,18,2004,0.1,0,0,0,,0.0,0.0,,,0,0
ITA-Serie A,2324,Empoli,Ardian Ismajli,ALB,DF,26,1996,22.7,0,5,0,0.0,0.22,0.0,0.0,,0,0
ITA-Serie A,2324,Empoli,Bartosz Bereszyński,POL,DF,31,1992,19.6,0,3,1,33.3,0.15,0.05,0.0,0.0,0,0
ITA-Serie A,2324,Empoli,Daniel Maldini,ITA,"FW,MF",21,2001,2.9,0,9,2,22.2,3.08,0.68,0.0,0.0,0,0
ITA-Serie A,2324,Empoli,Elia Caprile,ITA,GK,21,2001,23.0,0,0,0,,0.0,0.0,,,0,0
ITA-Serie A,2324,Empoli,Emmanuel Ekong,SWE,FW,21,2002,0.1,0,0,0,,0.0,0.0,,,0,0
ITA-Serie A,2324,Empoli,Emmanuel Gyasi,GHA,MF,29,1994,20.9,1,16,6,37.5,0.77,0.29,0.06,0.17,0,0
ITA-Serie A,2324,Empoli,Etrit Berisha,ALB,GK,34,1989,14.0,0,0,0,,0.0,0.0,,,0,0
ITA-Serie A,2324,Empoli,Filippo Ranocchia,ITA,MF,22,2001,5.3,0,6,2,33.3,1.13,0.38,0.0,0.0,0,0
ITA-Serie A,2324,Empoli,Francesco Caputo,ITA,FW,35,1987,14.1,3,23,10,43.5,1.63,0.71,0.09,0.2,1,1
ITA-Serie A,2324,Empoli,Giacomo Corona,ITA,FW,19,2004,0.1,0,0,0,,0.0,0.0,,,0,0
ITA-Serie A,2324,Empoli,Giuseppe Pezzella,ITA,"MF,DF",25,1997,12.1,0,3,2,66.7,0.25,0.17,0.0,0.0,0,0
ITA-Serie A,2324,Empoli,Jacopo Fazzini,ITA,MF,20,2003,13.7,1,23,4,17.4,1.68,0.29,0.04,0.25,0,0
ITA-Serie A,2324,Empoli,Liam Henderson,SCO,MF,27,1996,0.1,0,0,0,,0.0,0.0,,,0,0
ITA-Serie A,2324,Empoli,Liberato Cacace,NZL,"DF,MF",22,2000,21.2,0,13,2,15.4,0.61,0.09,0.0,0.0,0,0
ITA-Serie A,2324,Empoli,M'Baye Niang,SEN,FW,28,1994,7.9,6,24,9,37.5,3.05,1.14,0.08,0.22,4,4
ITA-Serie A,2324,Empoli,Matteo Cancellieri,ITA,"FW,MF",21,2002,19.9,4,40,13,32.5,2.01,0.65,0.1,0.31,0,0
ITA-Serie A,2324,Empoli,Mattia Destro,ITA,FW,32,1991,4.1,0,11,4,36.4,2.7,0.98,0.0,0.0,0,0
ITA-Serie A,2324,Empoli,Nicolas Haas,SUI,MF,27,1996,1.0,0,1,1,100.0,1.0,1.0,0.0,0.0,0,0
ITA-Serie A,2324,Empoli,Nicolò Cambiaghi,ITA,"FW,MF",22,2000,28.4,1,71,17,23.9,2.5,0.6,0.01,0.06,0,0
ITA-Serie A,2324,Empoli,Roberto Piccoli,ITA,FW,22,2001,0.4,0,1,0,0.0,2.31,0.0,0.0,,0,0
ITA-Serie A,2324,Empoli,Răzvan Marin,ROU,MF,27,1996,20.2,0,35,9,25.7,1.73,0.45,0.0,0.0,0,0
ITA-Serie A,2324,Empoli,Samuele Perisan,ITA,GK,25,1997,1.0,0,0,0,,0.0,0.0,,,0,0
ITA-Serie A,2324,Empoli,Sebastian Walukiewicz,POL,DF,23,2000,22.8,0,4,2,50.0,0.18,0.09,0.0,0.0,0,0
ITA-Serie A,2324,Empoli,Sebastiano Luperto,ITA,DF,26,1996,37.8,1,19,3,15.8,0.5,0.08,0.05,0.33,0,0
ITA-Serie A,2324,Empoli,Simone Bastoni,ITA,"MF,DF",26,1996,8.3,1,7,1,14.3,0.85,0.12,0.14,1.0,0,0
ITA-Serie A,2324,Empoli,Steven Shpendi,ALB,FW,20,2003,4.6,0,7,3,42.9,1.53,0.66,0.0,0.0,0,0
ITA-Serie A,2324,Empoli,Szymon Żurkowski,POL,MF,25,1997,9.6,4,16,6,37.5,1.66,0.62,0.25,0.67,0,0
ITA-Serie A,2324,Empoli,Tommaso Baldanzi,ITA,"MF,FW",20,2003,8.3,2,14,6,42.9,1.69,0.72,0.14,0.33,0,0
ITA-Serie A,2324,Empoli,Tyronne Ebuehi,NGA,DF,27,1995,12.2,0,5,1,20.0,0.41,0.08,0.0,0.0,0,0
ITA-Serie A,2324,Empoli,Viktor Kovalenko,UKR,MF,27,1996,6.8,1,11,4,36.4,1.62,0.59,0.09,0.25,0,0
ITA-Serie A,2324,Empoli,Youssef Maleh,MAR,MF,24,1998,28.9,0,18,2,11.1,0.62,0.07,0.0,0.0,0,0
ITA-Serie A,2324,Fiorentina,Alfred Duncan,GHA,MF,30,1993,21.0,2,23,6,26.1,1.1,0.29,0.09,0.33,0,0
ITA-Serie A,2324,Fiorentina,Andrea Belotti,ITA,FW,29,1993,10.5,3,32,9,28.1,3.03,0.85,0.09,0.33,0,0
ITA-Serie A,2324,Fiorentina,Antonín Barák,CZE,"MF,FW",28,1994,9.0,2,20,8,40.0,2.23,0.89,0.1,0.25,0,0
ITA-Serie A,2324,Fiorentina,Arthur Melo,BRA,MF,26,1996,22.1,2,12,6,50.0,0.54,0.27,0.08,0.17,1,1
ITA-Serie A,2324,Fiorentina,Christian Kouamé,CIV,MF,25,1997,12.1,2,24,7,29.2,1.98,0.58,0.08,0.29,0,0
ITA-Serie A,2324,Fiorentina,Cristiano Biraghi,ITA,DF,30,1992,26.2,2,17,6,35.3,0.65,0.23,0.12,0.33,0,1
ITA-Serie A,2324,Fiorentina,Davide Faraoni,ITA,DF,31,1991,4.4,0,3,1,33.3,0.69,0.23,0.0,0.0,0,0
ITA-Serie A,2324,Fiorentina,Dodô,BRA,DF,24,1998,5.8,0,2,1,50.0,0.34,0.17,0.0,0.0,0,0
ITA-Serie A,2324,Fiorentina,Fabiano Parisi,ITA,DF,22,2000,16.2,0,12,2,16.7,0.74,0.12,0.0,0.0,0,0
ITA-Serie A,2324,Fiorentina,Gaetano Castrovilli,ITA,MF,26,1997,4.1,1,5,2,40.0,1.23,0.49,0.2,0.5,0,0
ITA-Serie A,2324,Fiorentina,Giacomo Bonaventura,ITA,MF,33,1989,25.3,8,52,16,30.8,2.06,0.63,0.15,0.5,0,1
ITA-Serie A,2324,Fiorentina,Gino Infantino,ARG,MF,20,2003,1.1,0,1,0,0.0,0.94,0.0,0.0,,0,0
ITA-Serie A,2324,Fiorentina,Jonathan Ikone,FRA,MF,25,1998,18.7,3,39,16,41.0,2.09,0.86,0.08,0.19,0,0
ITA-Serie A,2324,Fiorentina,Josip Brekalo,CRO,MF,25,1998,7.2,1,9,4,44.4,1.24,0.55,0.11,0.25,0,0
ITA-Serie A,2324,Fiorentina,Lorenzo Amatucci,ITA,MF,19,2004,0.2,0,1,0,0.0,4.09,0.0,0.0,,0,0
ITA-Serie A,2324,Fiorentina,Luca Ranieri,ITA,DF,24,1999,22.9,2,10,3,30.0,0.44,0.13,0.2,0.67,0,0
ITA-Serie A,2324,Fiorentina,Lucas Beltrán,ARG,"FW,MF",22,2001,18.8,6,32,9,28.1,1.7,0.48,0.16,0.56,1,1
ITA-Serie A,2324,Fiorentina,Lucas Martínez Quarta,ARG,DF,27,1996,25.5,5,24,7,29.2,0.94,0.27,0.21,0.71,0,0
ITA-Serie A,2324,Fiorentina,M'Bala Nzola,ANG,FW,26,1996,17.2,3,32,13,40.6,1.86,0.75,0.06,0.15,1,1
ITA-Serie A,2324,Fiorentina,Maxime Lopez,FRA,MF,25,1997,8.9,0,4,2,50.0,0.45,0.23,0.0,0.0,0,0
ITA-Serie A,2324,Fiorentina,Michael Kayode,ITA,DF,19,2004,22.9,1,7,2,28.6,0.31,0.09,0.14,0.5,0,0
ITA-Serie A,2324,Fiorentina,Nicolás González,ARG,MF,25,1998,21.3,12,87,35,40.2,4.09,1.65,0.13,0.31,1,3
ITA-Serie A,2324,Fiorentina,Nikola Milenković,SRB,DF,25,1997,27.9,0,10,3,30.0,0.36,0.11,0.0,0.0,0,0
ITA-Serie A,2324,Fiorentina,Oliver Christensen,DEN,GK,24,1999,4.0,0,0,0,,0.0,0.0,,,0,0
ITA-Serie A,2324,Fiorentina,Pietro Comuzzo,ITA,DF,18,2005,0.5,0,0,0,,0.0,0.0,,,0,0
ITA-Serie A,2324,Fiorentina,Pietro Terracciano,ITA,GK,33,1990,33.0,0,0,0,,0.0,0.0,,,0,0
ITA-Serie A,2324,Fiorentina,Riccardo Sottil,ITA,MF,24,1999,12.3,2,34,13,38.2,2.77,1.06,0.06,0.15,0,0
ITA-Serie A,2324,Fiorentina,Rolando Mandragora,ITA,MF,26,1997,17.6,3,30,11,36.7,1.7,0.62,0.1,0.27,0,0
ITA-Serie A,2324,Fiorentina,Tommaso Martinelli,ITA,GK,17,2006,1.0,0,0,0,,0.0,0.0,,,0,0
ITA-Serie A,2324,Fiorentina,Yerry Mina,COL,DF,28,1994,0.5,0,1,0,0.0,2.05,0.0,0.0,,0,0
ITA-Serie A,2324,Frosinone,Abdou Harroui,NED,MF,25,1998,11.3,3,33,12,36.4,2.91,1.06,0.06,0.17,1,1
ITA-Serie A,2324,Frosinone,Anthony Oyono,GAB,"DF,MF",22,2001,13.3,0,4,1,25.0,0.3,0.08,0.0,0.0,0,0
ITA-Serie A,2324,Frosinone,Arijon Ibrahimović,GER,"MF,FW",17,2005,5.3,1,12,4,33.3,2.28,0.76,0.08,0.25,0,0
ITA-Serie A,2324,Frosinone,Caleb Okoli,ITA,DF,22,2001,32.4,0,13,4,30.8,0.4,0.12,0.0,0.0,0,0
ITA-Serie A,2324,Frosinone,Demba Seck,SEN,"FW,MF",22,2001,3.3,0,7,2,28.6,2.11,0.6,0.0,0.0,0,0
ITA-Serie A,2324,Frosinone,Emanuele Valeri,ITA,"MF,DF",24,1998,13.1,0,20,3,15.0,1.53,0.23,0.0,0.0,0,0
ITA-Serie A,2324,Frosinone,Enzo Barrenechea,ARG,MF,22,2001,31.2,0,20,3,15.0,0.64,0.1,0.0,0.0,0,0
ITA-Serie A,2324,Frosinone,Farés Ghedjemis,ALG,FW,20,2002,2.0,0,3,2,66.7,1.48,0.99,0.0,0.0,0,0
ITA-Serie A,2324,Frosinone,Francesco Gelli,ITA,"MF,DF",26,1996,17.3,0,10,3,30.0,0.58,0.17,0.0,0.0,0,0
ITA-Serie A,2324,Frosinone,Gennaro Borrelli,ITA,FW,23,2000,0.3,0,0,0,,0.0,0.0,,,0,0
ITA-Serie A,2324,Frosinone,Giorgi Kvernadze,GEO,FW,20,2003,0.7,0,0,0,,0.0,0.0,,,0,0
ITA-Serie A,2324,Frosinone,Giuseppe Caso,ITA,FW,24,1998,4.6,0,7,4,57.1,1.51,0.86,0.0,0.0,0,0
ITA-Serie A,2324,Frosinone,Ilario Monterisi,ITA,DF,21,2001,16.3,2,5,3,60.0,0.31,0.18,0.4,0.67,0,0
ITA-Serie A,2324,Frosinone,Jaime Báez,URU,"MF,FW",28,1995,5.6,1,9,2,22.2,1.62,0.36,0.11,0.5,0,0
ITA-Serie A,2324,Frosinone,Kaio Jorge,BRA,FW,21,2002,9.0,3,27,13,48.1,2.99,1.44,0.07,0.15,1,2
ITA-Serie A,2324,Frosinone,Karlo Lulić,CRO,MF,27,1996,0.2,0,0,0,,0.0,0.0,,,0,0
ITA-Serie A,2324,Frosinone,Kevin Bonifazi,ITA,DF,27,1996,3.4,0,0,0,,0.0,0.0,,,0,0
ITA-Serie A,2324,Frosinone,Luca Garritano,ITA,MF,29,1994,5.4,0,12,3,25.0,2.23,0.56,0.0,0.0,0,0
ITA-Serie A,2324,Frosinone,Luca Mazzitelli,ITA,MF,27,1995,24.6,5,49,18,36.7,2.0,0.73,0.1,0.28,0,0
ITA-Serie A,2324,Frosinone,Luigi Canotto,ITA,"FW,MF",29,1994,0.2,0,0,0,,0.0,0.0,,,0,0
ITA-Serie A,2324,Frosinone,Marco Brescianini,ITA,MF,23,2000,25.8,4,31,11,35.5,1.2,0.43,0.13,0.36,0,0
ITA-Serie A,2324,Frosinone,Marvin Cuni,ALB,FW,22,2001,5.9,1,10,2,20.0,1.69,0.34,0.1,0.5,0,0
ITA-Serie A,2324,Frosinone,Mateus Lusuardi,BRA,DF,19,2004,2.4,0,1,0,0.0,0.41,0.0,0.0,,0,0
ITA-Serie A,2324,Frosinone,Matìas Soulé,ARG,"MF,FW",20,2003,34.7,11,84,25,29.8,2.42,0.72,0.07,0.24,5,6
ITA-Serie A,2324,Frosinone,Mehdi Bourabia,MAR,MF,31,1991,2.2,0,2,0,0.0,0.9,0.0,0.0,,0,0
ITA-Serie A,2324,Frosinone,Michele Cerofolini,ITA,GK,24,1999,7.5,0,0,0,,0.0,0.0,,,0,0
ITA-Serie A,2324,Frosinone,Nadir Zortea,ITA,"MF,DF",24,1999,14.0,1,10,5,50.0,0.72,0.36,0.1,0.2,0,0
ITA-Serie A,2324,Frosinone,Pol Lirola,ESP,"DF,MF",25,1997,17.1,2,9,3,33.3,0.53,0.18,0.22,0.67,0,0
ITA-Serie A,2324,Frosinone,Przemysław Szymiński,POL,DF,29,1994,0.1,0,0,0,,0.0,0.0,,,0,0
ITA-Serie A,2324,Frosinone,Reinier,BRA,"MF,FW",21,2002,11.8,2,14,6,42.9,1.19,0.51,0.14,0.33,0,0
ITA-Serie A,2324,Frosinone,Riccardo Marchizza,ITA,DF,25,1998,12.8,0,8,3,37.5,0.63,0.24,0.0,0.0,0,0
ITA-Serie A,2324,Frosinone,Simone Romagnoli,ITA,DF,33,1990,30.2,1,12,1,8.3,0.4,0.03,0.08,1.0,0,0
ITA-Serie A,2324,Frosinone,Stefano Turati,ITA,GK,21,2001,30.5,0,0,0,,0.0,0.0,,,0,0
ITA-Serie A,2324,Frosinone,Walid Cheddira,MAR,FW,25,1998,23.6,7,60,28,46.7,2.55,1.19,0.1,0.21,1,1
ITA-Serie A,2324,Genoa,Aarón Martín,ESP,"MF,DF",26,1997,15.3,0,5,0,0.0,0.33,0.0,0.0,,0,0
ITA-Serie A,2324,Genoa,Alan Matturro,URU,MF,18,2004,1.2,0,1,0,0.0,0.85,0.0,0.0,,0,0
ITA-Serie A,2324,Genoa,Albert Guðmundsson,ISL,"FW,MF",26,1997,33.5,14,56,23,41.1,1.67,0.69,0.18,0.43,4,5
ITA-Serie A,2324,Genoa,Alessandro Vogliacco,ITA,DF,24,1998,13.0,0,5,0,0.0,0.38,0.0,0.0,,0,0
ITA-Serie A,2324,Genoa,Berkan Kutlu,TUR,MF,25,1998,2.2,0,4,1,25.0,1.81,0.45,0.0,0.0,0,0
ITA-Serie A,2324,Genoa,Caleb Ekuban,GHA,FW,29,1994,12.6,4,27,12,44.4,2.15,0.95,0.15,0.33,0,0
ITA-Serie A,2324,Genoa,Christos Papadopoulos,GRE,MF,18,2004,0.0,0,0,0,,0.0,0.0,,,0,0
ITA-Serie A,2324,Genoa,Daniele Sommariva,ITA,GK,26,1997,0.1,0,0,0,,0.0,0.0,,,0,0
ITA-Serie A,2324,Genoa,David Akpan Ankeye,NGA,FW,21,2002,0.6,0,0,0,,0.0,0.0,,,0,0
ITA-Serie A,2324,Genoa,Davide Biraschi,ITA,DF,29,1994,1.0,1,1,1,100.0,1.0,1.0,1.0,1.0,0,0
ITA-Serie A,2324,Genoa,Djed Spence,ENG,MF,22,2000,9.5,0,2,1,50.0,0.21,0.1,0.0,0.0,0,0
ITA-Serie A,2324,Genoa,Emil Bohinen,NOR,MF,24,1999,0.6,0,0,0,,0.0,0.0,,,0,0
ITA-Serie A,2324,Genoa,Filip Jagiełło,POL,MF,25,1997,0.4,0,0,0,,0.0,0.0,,,0,0
ITA-Serie A,2324,Genoa,George Pușcaș,ROU,FW,27,1996,2.1,0,11,5,45.5,5.18,2.36,0.0,0.0,0,0
ITA-Serie A,2324,Genoa,Giorgio Cittadini,ITA,DF,21,2002,1.2,0,0,0,,0.0,0.0,,,0,0
ITA-Serie A,2324,Genoa,Johan Vásquez,MEX,DF,24,1998,31.7,1,34,10,29.4,1.07,0.32,0.03,0.1,0,0
ITA-Serie A,2324,Genoa,Josep Martinez,ESP,GK,25,1998,36.0,0,0,0,,0.0,0.0,,,0,0
ITA-Serie A,2324,Genoa,Junior Messias,BRA,"MF,FW",32,1991,11.7,1,22,3,13.6,1.88,0.26,0.05,0.33,0,0
ITA-Serie A,2324,Genoa,Kevin Strootman,NED,MF,33,1990,13.4,0,1,0,0.0,0.07,0.0,0.0,,0,0
ITA-Serie A,2324,Genoa,Koni De Winter,BEL,DF,21,2002,26.4,0,11,2,18.2,0.42,0.08,0.0,0.0,0,0
ITA-Serie A,2324,Genoa,Mateo Retegui,ITA,FW,24,1999,24.6,7,63,23,36.5,2.56,0.93,0.1,0.26,1,1
ITA-Serie A,2324,Genoa,Mattia Bani,ITA,DF,29,1993,25.6,2,9,5,55.6,0.35,0.2,0.22,0.4,0,0
ITA-Serie A,2324,Genoa,Milan Badelj,CRO,MF,34,1989,28.2,1,21,5,23.8,0.75,0.18,0.05,0.2,0,0
ITA-Serie A,2324,Genoa,Morten Frendrup,DEN,MF,22,2001,34.9,2,30,4,13.3,0.86,0.11,0.07,0.5,0,0
ITA-Serie A,2324,Genoa,Morten Thorsby,NOR,MF,27,1996,12.9,2,13,7,53.8,1.01,0.54,0.15,0.29,0,0
ITA-Serie A,2324,Genoa,Nicola Leali,ITA,GK,30,1993,2.0,0,0,0,,0.0,0.0,,,0,0
ITA-Serie A,2324,Genoa,Pablo Galdames Millán,CHI,MF,26,1996,0.1,0,1,1,100.0,8.18,8.18,0.0,0.0,0,0
ITA-Serie A,2324,Genoa,Radu Drăgușin,ROU,DF,21,2002,19.0,2,17,4,23.5,0.89,0.21,0.12,0.5,0,0
ITA-Serie A,2324,Genoa,Ridgeciano Haps,SUR,MF,30,1993,8.6,0,4,0,0.0,0.47,0.0,0.0,,0,0
ITA-Serie A,2324,Genoa,Ruslan Malinovskyi,UKR,"MF,FW",30,1993,17.2,4,39,13,33.3,2.27,0.76,0.1,0.31,0,0
ITA-Serie A,2324,Genoa,Seydou Fini,ITA,FW,17,2006,0.4,0,2,0,0.0,5.14,0.0,0.0,,0,0
ITA-Serie A,2324,Genoa,Silvan Hefti,SUI,MF,25,1997,1.3,0,0,0,,0.0,0.0,,,0,0
ITA-Serie A,2324,Genoa,Stefano Sabelli,ITA,"MF,DF",30,1993,27.0,0,9,3,33.3,0.33,0.11,0.0,0.0,0,0
ITA-Serie A,2324,Genoa,Vitinha,POR,"MF,FW",23,2000,3.2,2,14,5,35.7,4.42,1.58,0.14,0.4,0,0
ITA-Serie A,2324,Hellas Verona,Alphadjo Cissè,ITA,MF,16,2006,0.1,0,0,0,,0.0,0.0,,,0,0
ITA-Serie A,2324,Hellas Verona,Bruno Amione,ARG,DF,21,2002,6.4,0,5,3,60.0,0.78,0.47,0.0,0.0,0,0
ITA-Serie A,2324,Hellas Verona,Charlys,BRA,MF,19,2004,0.3,0,0,0,,0.0,0.0,,,0,0
ITA-Serie A,2324,Hellas Verona,Cyril Ngonge,BEL,"MF,FW",23,2000,15.9,6,42,14,33.3,2.64,0.88,0.14,0.43,0,0
ITA-Serie A,2324,Hellas Verona,Daniel Bandeira,POR,MF,23,2000,5.0,0,3,0,0.0,0.61,0.0,0.0,,0,0
ITA-Serie A,2324,Hellas Verona,Darko Lazović,SRB,MF,32,1990,21.4,3,34,14,41.2,1.59,0.65,0.06,0.14,1,1
ITA-Serie A,2324,Hellas Verona,Davide Faraoni,ITA,MF,31,1991,6.7,0,7,1,14.3,1.05,0.15,0.0,0.0,0,0
ITA-Serie A,2324,Hellas Verona,Diego Coppola,ITA,DF,19,2003,18.2,2,13,3,23.1,0.72,0.17,0.15,0.67,0,0
ITA-Serie A,2324,Hellas Verona,Elayis Tavsan,NED,"FW,MF",22,2001,0.6,0,3,1,33.3,5.4,1.8,0.0,0.0,0,0
ITA-Serie A,2324,Hellas Verona,Fabien Centonze,FRA,DF,27,1996,7.5,0,1,0,0.0,0.13,0.0,0.0,,0,0
ITA-Serie A,2324,Hellas Verona,Federico Bonazzoli,ITA,FW,26,1997,11.3,3,27,13,48.1,2.39,1.15,0.11,0.23,0,0
ITA-Serie A,2324,Hellas Verona,Filippo Terracciano,ITA,"MF,DF",20,2003,14.4,0,8,3,37.5,0.56,0.21,0.0,0.0,0,0
ITA-Serie A,2324,Hellas Verona,Giangiacomo Magnani,ITA,DF,27,1995,27.2,0,11,2,18.2,0.41,0.07,0.0,0.0,0,0
ITA-Serie A,2324,Hellas Verona,Isak Hien,SWE,DF,24,1999,9.6,0,4,1,25.0,0.42,0.1,0.0,0.0,0,0
ITA-Serie A,2324,Hellas Verona,Jackson Tchatchoua,CMR,DF,21,2001,19.2,0,0,0,,0.0,0.0,,,0,0
ITA-Serie A,2324,Hellas Verona,Jordi Mboula,ESP,"MF,FW",24,1999,3.4,0,4,1,25.0,1.17,0.29,0.0,0.0,0,0
ITA-Serie A,2324,Hellas Verona,Josh Doig,SCO,"MF,DF",21,2002,9.2,0,5,1,20.0,0.54,0.11,0.0,0.0,0,0
ITA-Serie A,2324,Hellas Verona,Juan Cruz,ARG,FW,24,1999,1.2,0,1,0,0.0,0.83,0.0,0.0,,0,0
ITA-Serie A,2324,Hellas Verona,Juan David Cabal,COL,DF,22,2001,16.6,0,12,3,25.0,0.72,0.18,0.0,0.0,0,0
ITA-Serie A,2324,Hellas Verona,Karol Świderski,POL,"FW,MF",26,1997,5.6,2,15,6,40.0,2.68,1.07,0.13,0.33,0,0
ITA-Serie A,2324,Hellas Verona,Lorenzo Montipò,ITA,GK,27,1996,37.0,0,0,0,,0.0,0.0,,,0,0
ITA-Serie A,2324,Hellas Verona,Martin Hongla,CMR,MF,25,1998,12.0,0,3,0,0.0,0.25,0.0,0.0,,0,0
ITA-Serie A,2324,Hellas Verona,Michael Folorunsho,ITA,MF,25,1998,30.9,5,47,14,29.8,1.52,0.45,0.11,0.36,0,0
ITA-Serie A,2324,Hellas Verona,Milan Đurić,BIH,FW,33,1990,13.4,5,25,15,60.0,1.87,1.12,0.16,0.27,1,3
ITA-Serie A,2324,Hellas Verona,Ondrej Duda,SVK,MF,28,1994,27.3,1,24,7,29.2,0.88,0.26,0.04,0.14,0,1
ITA-Serie A,2324,Hellas Verona,Paweł Dawidowicz,POL,DF,28,1995,23.8,0,9,1,11.1,0.38,0.04,0.0,0.0,0,0
ITA-Serie A,2324,Hellas Verona,Reda Belahyane,MAR,MF,19,2004,1.0,0,1,1,100.0,1.0,1.0,0.0,0.0,0,0
ITA-Serie A,2324,Hellas Verona,Riccardo Saponara,ITA,"MF,FW",31,1991,3.8,0,5,1,20.0,1.32,0.26,0.0,0.0,0,0
ITA-Serie A,2324,Hellas Verona,Rúben Vinagre,POR,DF,24,1999,3.1,0,2,0,0.0,0.64,0.0,0.0,,0,0
ITA-Serie A,2324,Hellas Verona,Simone Perilli,ITA,GK,28,1995,1.0,0,0,0,,0.0,0.0,,,0,0
ITA-Serie A,2324,Hellas Verona,Stefan Mitrović,SRB,MF,20,2002,4.3,0,7,1,14.3,1.61,0.23,0.0,0.0,0,0
ITA-Serie A,2324,Hellas Verona,Suat Serdar,GER,MF,26,1997,18.4,0,22,7,31.8,1.19,0.38,0.0,0.0,0,0
ITA-Serie A,2324,Hellas Verona,Thomas Henry,FRA,FW,28,1994,3.7,3,14,7,50.0,3.77,1.89,0.21,0.43,0,1
ITA-Serie A,2324,Hellas Verona,Tijjani Noslin,NED,"FW,MF",24,1999,14.9,5,36,15,41.7,2.42,1.01,0.14,0.33,0,0
ITA-Serie A,2324,Hellas Verona,Tomáš Suslov,SVK,MF,21,2002,23.2,3,52,16,30.8,2.24,0.69,0.04,0.13,1,1
ITA-Serie A,2324,Hellas Verona,Yayah Kallon,SLE,FW,22,2001,0.0,0,0,0,,0.0,0.0,,,0,0
ITA-Serie A,2324,Inter,Alessandro Bastoni,ITA,DF,24,1999,25.2,1,15,6,40.0,0.6,0.24,0.07,0.17,0,0
ITA-Serie A,2324,Inter,Alexis Sánchez,CHI,FW,34,1988,8.5,2,18,6,33.3,2.12,0.71,0.06,0.17,1,1
ITA-Serie A,2324,Inter,Benjamin Pavard,FRA,DF,27,1996,18.6,0,15,5,33.3,0.81,0.27,0.0,0.0,0,0
ITA-Serie A,2324,Inter,Carlos Augusto,BRA,"MF,DF",24,1999,19.2,0,22,6,27.3,1.15,0.31,0.0,0.0,0,0
ITA-Serie A,2324,Inter,Davide Frattesi,ITA,MF,23,1999,10.6,6,32,14,43.8,3.02,1.32,0.19,0.43,0,0
ITA-Serie A,2324,Inter,Davy Klaassen,NED,MF,30,1993,2.3,0,1,0,0.0,0.44,0.0,0.0,,0,0
ITA-Serie A,2324,Inter,Denzel Dumfries,NED,MF,27,1996,18.2,4,24,6,25.0,1.32,0.33,0.17,0.67,0,0
ITA-Serie A,2324,Inter,Ebenezer Akinsanmiro,NGA,MF,18,2004,0.2,0,0,0,,0.0,0.0,,,0,0
ITA-Serie A,2324,Inter,Emil Audero,IDN,GK,26,1997,3.7,0,0,0,,0.0,0.0,,,0,0
ITA-Serie A,2324,Inter,Federico Dimarco,ITA,MF,25,1997,23.1,5,50,19,38.0,2.17,0.82,0.1,0.26,0,0
ITA-Serie A,2324,Inter,Francesco Acerbi,ITA,DF,35,1988,26.5,3,15,6,40.0,0.57,0.23,0.2,0.5,0,0
ITA-Serie A,2324,Inter,Hakan Çalhanoğlu,TUR,MF,29,1994,28.4,13,62,23,37.1,2.18,0.81,0.05,0.13,10,10
ITA-Serie A,2324,Inter,Henrikh Mkhitaryan,ARM,MF,34,1989,30.9,2,39,6,15.4,1.26,0.19,0.05,0.33,0,0
ITA-Serie A,2324,Inter,Juan Cuadrado,COL,"DF,FW",35,1988,3.0,0,5,0,0.0,1.69,0.0,0.0,,0,0
ITA-Serie A,2324,Inter,Kristjan Asllani,ALB,MF,21,2002,8.7,1,15,4,26.7,1.72,0.46,0.07,0.25,0,0
ITA-Serie A,2324,Inter,Lautaro Martínez,ARG,FW,25,1997,29.5,24,109,47,43.1,3.69,1.59,0.2,0.47,2,3
ITA-Serie A,2324,Inter,Lucien Agoume,FRA,MF,21,2002,0.1,0,0,0,,0.0,0.0,,,0,0
ITA-Serie A,2324,Inter,Marcus Thuram,FRA,FW,25,1997,29.9,13,77,29,37.7,2.58,0.97,0.17,0.45,0,0
ITA-Serie A,2324,Inter,Marko Arnautović,AUT,FW,34,1989,8.9,5,17,9,52.9,1.91,1.01,0.29,0.56,0,0
ITA-Serie A,2324,Inter,Matteo Darmian,ITA,"MF,DF",33,1989,26.7,2,10,6,60.0,0.37,0.22,0.2,0.33,0,0
ITA-Serie A,2324,Inter,Nicolò Barella,ITA,MF,26,1997,31.6,2,41,12,29.3,1.3,0.38,0.05,0.17,0,0
ITA-Serie A,2324,Inter,Raffaele Di Gennaro,ITA,GK,29,1993,0.3,0,0,0,,0.0,0.0,,,0,0
ITA-Serie A,2324,Inter,Stefan de Vrij,NED,DF,31,1992,17.6,1,10,3,30.0,0.57,0.17,0.1,0.33,0,0
ITA-Serie A,2324,Inter,Stefano Sensi,ITA,MF,27,1995,0.5,0,2,0,0.0,3.91,0.0,0.0,,0,0
ITA-Serie A,2324,Inter,Tajon Buchanan,CAN,"DF,MF",24,1999,1.8,1,4,1,25.0,2.24,0.56,0.25,1.0,0,0
ITA-Serie A,2324,Inter,Yann Aurel Bisseck,GER,DF,22,2000,10.0,2,12,4,33.3,1.19,0.4,0.17,0.5,0,0
ITA-Serie A,2324,Inter,Yann Sommer,SUI,GK,34,1988,34.0,0,0,0,,0.0,0.0,,,0,0
ITA-Serie A,2324,Juventus,Adrien Rabiot,FRA,MF,28,1995,29.5,5,38,17,44.7,1.29,0.58,0.13,0.29,0,0
ITA-Serie A,2324,Juventus,Alex Sandro,BRA,DF,32,1991,8.0,1,5,1,20.0,0.62,0.12,0.2,1.0,0,0
ITA-Serie A,2324,Juventus,Andrea Cambiaso,ITA,MF,23,2000,26.4,2,29,8,27.6,1.1,0.3,0.07,0.25,0,0
ITA-Serie A,2324,Juventus,Arkadiusz Milik,POL,FW,29,1994,10.2,4,36,13,36.1,3.53,1.27,0.11,0.31,0,0
ITA-Serie A,2324,Juventus,Carlo Pinsoglio,ITA,GK,33,1990,0.5,0,0,0,,0.0,0.0,,,0,0
ITA-Serie A,2324,Juventus,Carlos Alcaraz,ARG,MF,20,2002,4.2,0,11,2,18.2,2.61,0.47,0.0,0.0,0,0
ITA-Serie A,2324,Juventus,Daniele Rugani,ITA,DF,29,1994,13.2,2,8,2,25.0,0.61,0.15,0.25,1.0,0,0
ITA-Serie A,2324,Juventus,Danilo,BRA,DF,32,1991,27.2,1,17,2,11.8,0.62,0.07,0.06,0.5,0,0
ITA-Serie A,2324,Juventus,Dean Huijsen,ESP,DF,18,2005,0.1,0,0,0,,0.0,0.0,,,0,0
ITA-Serie A,2324,Juventus,Dušan Vlahović,SRB,FW,23,2000,25.6,16,110,39,35.5,4.29,1.52,0.13,0.36,2,4
ITA-Serie A,2324,Juventus,Fabio Miretti,ITA,MF,19,2003,12.3,1,20,3,15.0,1.63,0.24,0.05,0.33,0,0
ITA-Serie A,2324,Juventus,Federico Chiesa,ITA,FW,25,1997,24.4,9,74,27,36.5,3.03,1.11,0.11,0.3,1,1
ITA-Serie A,2324,Juventus,Federico Gatti,ITA,DF,25,1998,29.3,4,35,7,20.0,1.19,0.24,0.11,0.57,0,0
ITA-Serie A,2324,Juventus,Filip Kostić,SRB,MF,30,1992,20.2,0,21,3,14.3,1.04,0.15,0.0,0.0,0,0
ITA-Serie A,2324,Juventus,Gleison Bremer,BRA,DF,26,1997,35.9,3,18,4,22.2,0.5,0.11,0.17,0.75,0,0
ITA-Serie A,2324,Juventus,Hans Nicolussi Caviglia,ITA,MF,23,2000,3.0,0,3,0,0.0,1.01,0.0,0.0,,0,0
ITA-Serie A,2324,Juventus,Joseph Nonge,BEL,MF,18,2005,0.3,0,0,0,,0.0,0.0,,,0,0
ITA-Serie A,2324,Juventus,Kenan Yıldız,TUR,FW,18,2005,10.6,2,19,7,36.8,1.8,0.66,0.11,0.29,0,0
ITA-Serie A,2324,Juventus,Leonardo Cerri,ITA,FW,20,2003,0.1,0,0,0,,0.0,0.0,,,0,0
ITA-Serie A,2324,Juventus,Manuel Locatelli,ITA,MF,25,1998,33.4,1,25,3,12.0,0.75,0.09,0.04,0.33,0,0
ITA-Serie A,2324,Juventus,Mattia De Sciglio,ITA,DF,30,1992,0.5,0,0,0,,0.0,0.0,,,0,0
ITA-Serie A,2324,Juventus,Mattia Perin,ITA,GK,30,1992,2.5,0,0,0,,0.0,0.0,,,0,0
ITA-Serie A,2324,Juventus,Moise Kean,ITA,FW,23,2000,7.3,0,16,4,25.0,2.2,0.55,0.0,0.0,0,0
ITA-Serie A,2324,Juventus,Nicolò Fagioli,ITA,MF,22,2001,4.9,0,6,2,33.3,1.24,0.41,0.0,0.0,0,0
ITA-Serie A,2324,Juventus,Nikola Sekulov,ITA,MF,21,2002,0.1,0,0,0,,0.0,0.0,,,0,0
ITA-Serie A,2324,Juventus,Paul Pogba,FRA,MF,30,1993,0.6,0,0,0,,0.0,0.0,,,0,0
ITA-Serie A,2324,Juventus,Samuel Iling-Junior,ENG,MF,19,2003,9.0,1,9,4,44.4,1.0,0.44,0.11,0.25,0,0
ITA-Serie A,2324,Juventus,Tiago Djaló,POR,DF,23,2000,0.2,0,0,0,,0.0,0.0,,,0,0
ITA-Serie A,2324,Juventus,Timothy Weah,USA,MF,23,2000,14.0,0,12,2,16.7,0.86,0.14,0.0,0.0,0,0
ITA-Serie A,2324,Juventus,Weston McKennie,USA,MF,24,1998,28.8,0,23,7,30.4,0.8,0.24,0.0,0.0,0,0
ITA-Serie A,2324,Juventus,Wojciech Szczęsny,POL,GK,33,1990,35.0,0,0,0,,0.0,0.0,,,0,0
ITA-Serie A,2324,Lazio,Adam Marušić,MNE,"DF,MF",30,1992,34.4,1,8,3,37.5,0.23,0.09,0.13,0.33,0,0
ITA-Serie A,2324,Lazio,Alessio Romagnoli,ITA,DF,28,1995,26.8,0,11,5,45.5,0.41,0.19,0.0,0.0,0,0
ITA-Serie A,2324,Lazio,Christos Mandas,GRE,GK,21,2001,8.0,0,0,0,,0.0,0.0,,,0,0
ITA-Serie A,2324,Lazio,Ciro Immobile,ITA,FW,33,1990,18.4,7,49,23,46.9,2.67,1.25,0.06,0.13,4,4
ITA-Serie A,2324,Lazio,Daichi Kamada,JPN,MF,26,1996,17.2,2,29,8,27.6,1.69,0.47,0.07,0.25,0,0
ITA-Serie A,2324,Lazio,Danilo Cataldi,ITA,MF,28,1994,15.1,1,12,2,16.7,0.79,0.13,0.08,0.5,0,0
ITA-Serie A,2324,Lazio,Elseid Hysaj,ALB,DF,29,1994,13.3,0,2,1,50.0,0.15,0.08,0.0,0.0,0,0
ITA-Serie A,2324,Lazio,Felipe Anderson,BRA,"FW,MF",30,1993,30.8,5,43,11,25.6,1.4,0.36,0.12,0.45,0,0
ITA-Serie A,2324,Lazio,Gustav Isaksen,DEN,"FW,MF",22,2001,11.9,3,23,9,39.1,1.93,0.75,0.13,0.33,0,0
ITA-Serie A,2324,Lazio,Ivan Provedel,ITA,GK,29,1994,30.0,0,0,0,,0.0,0.0,,,0,0
ITA-Serie A,2324,Lazio,Luca Pellegrini,ITA,"DF,MF",24,1999,8.7,1,7,1,14.3,0.8,0.11,0.14,1.0,0,0
ITA-Serie A,2324,Lazio,Luis Alberto,ESP,MF,30,1992,25.7,5,56,15,26.8,2.18,0.58,0.09,0.33,0,0
ITA-Serie A,2324,Lazio,Manuel Lazzari,ITA,"DF,MF",29,1993,18.6,0,8,2,25.0,0.43,0.11,0.0,0.0,0,0
ITA-Serie A,2324,Lazio,Mario Gila,ESP,DF,22,2000,20.1,0,8,2,25.0,0.4,0.1,0.0,0.0,0,0
ITA-Serie A,2324,Lazio,Mattia Zaccagni,ITA,"FW,MF",28,1995,21.7,6,42,13,31.0,1.93,0.6,0.14,0.46,0,0
ITA-Serie A,2324,Lazio,Mattéo Guendouzi,FRA,MF,24,1999,26.3,2,26,7,26.9,0.99,0.27,0.08,0.29,0,0
ITA-Serie A,2324,Lazio,Matías Vecino,URU,MF,31,1991,12.8,6,33,11,33.3,2.58,0.86,0.18,0.55,0,0
ITA-Serie A,2324,Lazio,Nicolò Casale,ITA,DF,25,1998,17.3,0,7,1,14.3,0.4,0.06,0.0,0.0,0,0
ITA-Serie A,2324,Lazio,Nicolò Rovella,ITA,MF,21,2001,14.6,0,5,1,20.0,0.34,0.07,0.0,0.0,0,0
ITA-Serie A,2324,Lazio,Patric,ESP,DF,30,1993,17.9,2,6,2,33.3,0.34,0.11,0.33,1.0,0,0
ITA-Serie A,2324,Lazio,Pedro,ESP,FW,36,1987,9.1,1,11,4,36.4,1.21,0.44,0.09,0.25,0,0
ITA-Serie A,2324,Lazio,Valentín Castellanos,ARG,FW,24,1998,18.7,4,54,20,37.0,2.89,1.07,0.07,0.2,0,0
ITA-Serie A,2324,Lecce,Ahmed Touba,ALG,DF,25,1998,3.1,0,1,0,0.0,0.32,0.0,0.0,,0,0
ITA-Serie A,2324,Lecce,Alexis Blin,FRA,MF,26,1996,18.2,0,13,2,15.4,0.71,0.11,0.0,0.0,0,0
ITA-Serie A,2324,Lecce,Antonino Gallo,ITA,DF,23,2000,27.7,0,15,3,20.0,0.54,0.11,0.0,0.0,0,0
ITA-Serie A,2324,Lecce,Federico Baschirotto,ITA,DF,26,1996,36.6,0,18,6,33.3,0.49,0.16,0.0,0.0,0,0
ITA-Serie A,2324,Lecce,Federico Di Francesco,ITA,"FW,MF",29,1994,0.2,1,2,1,50.0,12.0,6.0,0.5,1.0,0,0
ITA-Serie A,2324,Lecce,Gabriel Strefezza,BRA,"FW,MF",26,1997,12.4,1,28,6,21.4,2.27,0.49,0.0,0.0,1,1
ITA-Serie A,2324,Lecce,Hamza Rafia,TUN,MF,24,1999,13.4,1,16,3,18.8,1.2,0.22,0.06,0.33,0,0
ITA-Serie A,2324,Lecce,Jeppe Corfitzen,DEN,FW,18,2004,0.1,0,0,0,,0.0,0.0,,,0,0
ITA-Serie A,2324,Lecce,Joan Gonzàlez,ESP,MF,21,2002,14.3,1,13,5,38.5,0.91,0.35,0.08,0.2,0,0
ITA-Serie A,2324,Lecce,Lameck Banda,ZAM,"FW,MF",22,2001,15.0,2,50,23,46.0,3.33,1.53,0.04,0.09,0,0
ITA-Serie A,2324,Lecce,Lorenzo Venuti,ITA,DF,28,1995,4.0,0,3,1,33.3,0.74,0.25,0.0,0.0,0,0
ITA-Serie A,2324,Lecce,Marcin Listkowski,POL,"FW,MF",25,1998,0.1,0,1,0,0.0,11.25,0.0,0.0,,0,0
ITA-Serie A,2324,Lecce,Marin Pongračić,CRO,DF,25,1997,35.8,0,13,3,23.1,0.36,0.08,0.0,0.0,0,0
ITA-Serie A,2324,Lecce,Medon Berisha,ALB,MF,19,2003,2.3,0,2,0,0.0,0.88,0.0,0.0,,0,0
ITA-Serie A,2324,Lecce,Mohamed Kaba,GUI,MF,21,2001,15.3,0,14,6,42.9,0.91,0.39,0.0,0.0,0,0
ITA-Serie A,2324,Lecce,Nicola Sansone,ITA,"MF,FW",31,1991,8.5,2,23,5,21.7,2.7,0.59,0.09,0.4,0,0
ITA-Serie A,2324,Lecce,Nikola Krstović,MNE,FW,23,2000,26.4,7,92,22,23.9,3.49,0.83,0.07,0.27,1,3
ITA-Serie A,2324,Lecce,Patrick Dorgu,DEN,"MF,DF",18,2004,17.4,2,19,9,47.4,1.09,0.52,0.11,0.22,0,0
ITA-Serie A,2324,Lecce,Pontus Almqvist,SWE,"FW,MF",24,1999,23.4,2,40,15,37.5,1.71,0.64,0.05,0.13,0,0
ITA-Serie A,2324,Lecce,Rareș-Cătălin Burnete,ROU,FW,19,2004,0.1,0,0,0,,0.0,0.0,,,0,0
ITA-Serie A,2324,Lecce,Remi Oudin,FRA,"MF,FW",26,1996,20.2,3,34,8,23.5,1.68,0.4,0.09,0.38,0,0
ITA-Serie A,2324,Lecce,Roberto Piccoli,ITA,FW,22,2001,15.3,5,57,22,38.6,3.72,1.44,0.07,0.18,1,1
ITA-Serie A,2324,Lecce,Santiago Pierotti,ARG,"FW,MF",22,2001,2.2,0,7,3,42.9,3.15,1.35,0.0,0.0,0,0
ITA-Serie A,2324,Lecce,Valentin Gendrey,FRA,DF,23,2000,33.8,2,17,4,23.5,0.5,0.12,0.12,0.5,0,0
ITA-Serie A,2324,Lecce,Wladimiro Falcone,ITA,GK,28,1995,38.0,0,0,0,,0.0,0.0,,,0,0
ITA-Serie A,2324,Lecce,Ylber Ramadani,ALB,MF,27,1996,33.0,1,31,6,19.4,0.94,0.18,0.03,0.17,0,0
ITA-Serie A,2324,Milan,Alessandro Florenzi,ITA,"DF,MF",32,1991,19.2,1,32,11,34.4,1.66,0.57,0.03,0.09,0,0
ITA-Serie A,2324,Milan,Antonio Mirante,ITA,GK,40,1983,2.0,0,0,0,,0.0,0.0,,,0,0
ITA-Serie A,2324,Milan,Chaka Traorè,CIV,FW,18,2004,0.2,1,1,1,100.0,4.5,4.5,1.0,1.0,0,0
ITA-Serie A,2324,Milan,Christian Pulisic,USA,"MF,FW",24,1998,28.9,12,65,31,47.7,2.25,1.07,0.18,0.39,0,0
ITA-Serie A,2324,Milan,Davide Bartesaghi,ITA,MF,17,2005,0.9,0,0,0,,0.0,0.0,,,0,0
ITA-Serie A,2324,Milan,Davide Calabria,ITA,DF,26,1996,24.3,1,21,8,38.1,0.86,0.33,0.05,0.13,0,0
ITA-Serie A,2324,Milan,Fikayo Tomori,ENG,DF,25,1997,23.6,4,17,8,47.1,0.72,0.34,0.24,0.5,0,0
ITA-Serie A,2324,Milan,Filippo Terracciano,ITA,DF,20,2003,0.8,0,0,0,,0.0,0.0,,,0,0
ITA-Serie A,2324,Milan,Francesco Camarda,ITA,FW,15,2008,0.2,0,0,0,,0.0,0.0,,,0,0
ITA-Serie A,2324,Milan,Ismaël Bennacer,ALG,MF,25,1997,12.8,2,12,2,16.7,0.94,0.16,0.08,0.5,1,1
ITA-Serie A,2324,Milan,Jan-Carlo Simic,SRB,DF,18,2005,1.6,1,2,1,50.0,1.23,0.62,0.5,1.0,0,0
ITA-Serie A,2324,Milan,Kevin Zeroli,ITA,MF,18,2005,0.3,0,0,0,,0.0,0.0,,,0,0
ITA-Serie A,2324,Milan,Lapo Nava,ITA,GK,19,2004,0.0,0,0,0,,0.0,0.0,,,0,0
ITA-Serie A,2324,Milan,Luka Jović,SRB,FW,25,1997,9.7,6,22,13,59.1,2.26,1.33,0.27,0.46,0,0
ITA-Serie A,2324,Milan,Luka Romero,ARG,MF,18,2004,1.0,0,1,0,0.0,1.02,0.0,0.0,,0,0
ITA-Serie A,2324,Milan,Malick Thiaw,GER,DF,21,2001,18.0,0,5,1,20.0,0.28,0.06,0.0,0.0,0,0
ITA-Serie A,2324,Milan,Marco Pellegrino,ARG,DF,21,2002,0.8,0,1,1,100.0,1.32,1.32,0.0,0.0,0,0
ITA-Serie A,2324,Milan,Marco Sportiello,ITA,GK,31,1992,7.0,0,0,0,,0.0,0.0,,,0,0
ITA-Serie A,2324,Milan,Matteo Gabbia,ITA,DF,23,1999,14.2,2,11,5,45.5,0.78,0.35,0.18,0.4,0,0
ITA-Serie A,2324,Milan,Mattia Caldara,ITA,DF,29,1994,0.4,0,1,0,0.0,2.73,0.0,0.0,,0,0
ITA-Serie A,2324,Milan,Mike Maignan,FRA,GK,28,1995,29.0,0,0,0,,0.0,0.0,,,0,0
ITA-Serie A,2324,Milan,Noah Okafor,SUI,"FW,MF",23,2000,9.9,6,22,14,63.6,2.23,1.42,0.27,0.43,0,0
ITA-Serie A,2324,Milan,Olivier Giroud,FRA,FW,36,1986,26.3,15,77,36,46.8,2.93,1.37,0.14,0.31,4,5
ITA-Serie A,2324,Milan,Pierre Kalulu,FRA,DF,23,2000,4.2,0,2,0,0.0,0.48,0.0,0.0,,0,0
ITA-Serie A,2324,Milan,Rade Krunić,BIH,MF,29,1993,7.6,0,2,0,0.0,0.26,0.0,0.0,,0,0
ITA-Serie A,2324,Milan,Rafael Leão,POR,"MF,FW",24,1999,27.9,9,70,25,35.7,2.51,0.9,0.13,0.36,0,0
ITA-Serie A,2324,Milan,Ruben Loftus-Cheek,ENG,MF,27,1996,23.0,6,41,14,34.1,1.78,0.61,0.15,0.43,0,0
ITA-Serie A,2324,Milan,Samuel Chukwueze,NGA,"MF,FW",24,1999,11.3,1,28,8,28.6,2.48,0.71,0.04,0.13,0,0
ITA-Serie A,2324,Milan,Simon Kjær,DEN,DF,34,1989,13.0,0,6,0,0.0,0.46,0.0,0.0,,0,0
ITA-Serie A,2324,Milan,Theo Hernández,FRA,DF,25,1997,31.0,5,57,17,29.8,1.84,0.55,0.07,0.24,1,2
ITA-Serie A,2324,Milan,Tijjani Reijnders,NED,MF,25,1998,31.3,3,44,9,20.5,1.4,0.29,0.07,0.33,0,0
ITA-Serie A,2324,Milan,Tommaso Pobega,ITA,"MF,DF",24,1999,3.5,0,5,4,80.0,1.41,1.13,0.0,0.0,0,0
ITA-Serie A,2324,Milan,Yacine Adli,FRA,MF,23,2000,15.6,1,4,1,25.0,0.26,0.06,0.25,1.0,0,0
ITA-Serie A,2324,Milan,Yunus Musah,USA,MF,20,2002,16.4,0,14,5,35.7,0.85,0.3,0.0,0.0,0,0
ITA-Serie A,2324,Milan,Álex Jiménez,ESP,DF,18,2005,0.8,0,0,0,,0.0,0.0,,,0,0
ITA-Serie A,2324,Monza,Alessandro Sorrentino,ITA,GK,21,2002,6.1,0,0,0,,0.0,0.0,,,0,0
ITA-Serie A,2324,Monza,Alessio Zerbin,ITA,MF,24,1999,7.6,0,6,2,33.3,0.79,0.26,0.0,0.0,0,0
ITA-Serie A,2324,Monza,Andrea Carboni,ITA,DF,22,2001,16.5,1,18,4,22.2,1.09,0.24,0.06,0.25,0,0
ITA-Serie A,2324,Monza,Andrea Colpani,ITA,MF,24,1999,29.5,8,65,19,29.2,2.2,0.64,0.12,0.42,0,0
ITA-Serie A,2324,Monza,Andrea Ferraris,ITA,FW,20,2003,0.1,0,0,0,,0.0,0.0,,,0,0
ITA-Serie A,2324,Monza,Armando Izzo,ITA,DF,31,1992,18.3,0,5,3,60.0,0.27,0.16,0.0,0.0,0,0
ITA-Serie A,2324,Monza,Daniel Maldini,ITA,MF,21,2001,3.7,4,12,5,41.7,3.24,1.35,0.33,0.8,0,0
ITA-Serie A,2324,Monza,Danilo D'Ambrosio,ITA,DF,34,1988,17.1,0,14,4,28.6,0.82,0.23,0.0,0.0,0,0
ITA-Serie A,2324,Monza,Dany Mota,POR,"MF,FW",25,1998,22.8,4,38,12,31.6,1.67,0.53,0.11,0.33,0,0
ITA-Serie A,2324,Monza,Davide Bettella,ITA,DF,23,2000,0.0,0,0,0,,0.0,0.0,,,0,0
ITA-Serie A,2324,Monza,Gianluca Caprari,ITA,"MF,FW",30,1993,3.2,0,8,0,0.0,2.53,0.0,0.0,,0,0
ITA-Serie A,2324,Monza,Giorgio Cittadini,ITA,DF,21,2002,0.2,0,0,0,,0.0,0.0,,,0,0
ITA-Serie A,2324,Monza,Giorgos Kyriakopoulos,GRE,"MF,DF",27,1996,19.0,0,24,2,8.3,1.26,0.11,0.0,0.0,0,0
ITA-Serie A,2324,Monza,Giulio Donati,ITA,DF,33,1990,0.4,0,1,1,100.0,2.5,2.5,0.0,0.0,0,0
ITA-Serie A,2324,Monza,Jean-Daniel Akpa-Akpro,CIV,"MF,DF",30,1992,7.8,0,7,3,42.9,0.89,0.38,0.0,0.0,0,0
ITA-Serie A,2324,Monza,Lorenzo Colombo,ITA,FW,21,2002,15.1,4,37,10,27.0,2.45,0.66,0.11,0.4,0,0
ITA-Serie A,2324,Monza,Luca Caldirola,ITA,DF,32,1991,23.8,1,9,2,22.2,0.38,0.08,0.11,0.5,0,0
ITA-Serie A,2324,Monza,Matteo Pessina,ITA,MF,26,1997,35.8,6,27,13,48.1,0.75,0.36,0.07,0.15,4,5
ITA-Serie A,2324,Monza,Michele Di Gregorio,ITA,GK,26,1997,31.9,0,0,0,,0.0,0.0,,,0,0
ITA-Serie A,2324,Monza,Milan Đurić,BIH,FW,33,1990,14.0,4,26,6,23.1,1.86,0.43,0.15,0.67,0,0
ITA-Serie A,2324,Monza,Mirko Marić,CRO,FW,28,1995,3.2,1,7,2,28.6,2.2,0.63,0.14,0.5,0,0
ITA-Serie A,2324,Monza,Pablo Marí,ESP,DF,29,1993,29.1,0,8,2,25.0,0.28,0.07,0.0,0.0,0,0
ITA-Serie A,2324,Monza,Papu Gómez,ARG,"FW,MF",35,1988,0.5,0,0,0,,0.0,0.0,,,0,0
ITA-Serie A,2324,Monza,Patrick Ciurria,ITA,MF,28,1995,17.8,0,28,7,25.0,1.58,0.39,0.0,0.0,0,0
ITA-Serie A,2324,Monza,Pedro Pereira,POR,"MF,DF",25,1998,9.3,0,3,0,0.0,0.32,0.0,0.0,,0,0
ITA-Serie A,2324,Monza,Pepín,EQG,MF,26,1996,2.7,0,5,0,0.0,1.87,0.0,0.0,,0,0
ITA-Serie A,2324,Monza,Roberto Gagliardini,ITA,"MF,DF",29,1994,26.2,1,36,9,25.0,1.37,0.34,0.03,0.11,0,0
ITA-Serie A,2324,Monza,Samuele Birindelli,ITA,"MF,DF",24,1999,22.4,0,25,9,36.0,1.12,0.4,0.0,0.0,0,0
ITA-Serie A,2324,Monza,Samuele Vignato,ITA,MF,19,2004,3.8,1,7,4,57.1,1.84,1.05,0.14,0.25,0,0
ITA-Serie A,2324,Monza,Valentin Carboni,ARG,MF,18,2005,13.0,2,23,7,30.4,1.77,0.54,0.09,0.29,0,0
ITA-Serie A,2324,Monza,Warren Bondo,FRA,MF,19,2003,16.4,1,17,4,23.5,1.04,0.24,0.06,0.25,0,0
ITA-Serie A,2324,Napoli,Alessandro Zanoli,ITA,MF,22,2000,0.6,0,0,0,,0.0,0.0,,,0,0
ITA-Serie A,2324,Napoli,Alessio Zerbin,ITA,FW,24,1999,1.7,0,3,1,33.3,1.8,0.6,0.0,0.0,0,0
ITA-Serie A,2324,Napoli,Alex Meret,ITA,GK,26,1997,30.8,0,0,0,,0.0,0.0,,,0,0
ITA-Serie A,2324,Napoli,Amir Rrahmani,KVX,DF,29,1994,28.9,3,25,8,32.0,0.87,0.28,0.12,0.38,0,0
ITA-Serie A,2324,Napoli,Cyril Ngonge,BEL,FW,23,2000,3.5,1,17,5,29.4,4.86,1.43,0.06,0.2,0,0
ITA-Serie A,2324,Napoli,Diego Demme,GER,MF,31,1991,0.8,0,0,0,,0.0,0.0,,,0,0
ITA-Serie A,2324,Napoli,Elif Elmas,MKD,"MF,FW",23,1999,3.8,2,6,6,100.0,1.59,1.59,0.33,0.33,0,0
ITA-Serie A,2324,Napoli,Frank Anguissa,CMR,MF,27,1995,31.0,0,33,6,18.2,1.07,0.19,0.0,0.0,0,0
ITA-Serie A,2324,Napoli,Giacomo Raspadori,ITA,FW,23,2000,17.6,5,61,24,39.3,3.47,1.36,0.08,0.21,0,1
ITA-Serie A,2324,Napoli,Gianluca Gaetano,ITA,MF,23,2000,1.8,1,8,4,50.0,4.47,2.24,0.13,0.25,0,0
ITA-Serie A,2324,Napoli,Giovanni Di Lorenzo,ITA,DF,29,1993,35.9,1,38,7,18.4,1.06,0.19,0.03,0.14,0,0
ITA-Serie A,2324,Napoli,Giovanni Simeone,ARG,FW,28,1995,8.9,1,35,12,34.3,3.94,1.35,0.03,0.08,0,0
ITA-Serie A,2324,Napoli,Hamed Junior Traorè,CIV,MF,23,2000,4.2,0,10,3,30.0,2.36,0.71,0.0,0.0,0,0
ITA-Serie A,2324,Napoli,Jens Cajuste,SWE,MF,23,1999,11.3,0,16,3,18.8,1.42,0.27,0.0,0.0,0,0
ITA-Serie A,2324,Napoli,Jesper Lindstrøm,DEN,FW,23,2000,4.8,0,14,2,14.3,2.93,0.42,0.0,0.0,0,0
ITA-Serie A,2324,Napoli,Juan Jesus,BRA,DF,32,1991,23.5,1,8,2,25.0,0.34,0.09,0.13,0.5,0,0
ITA-Serie A,2324,Napoli,Khvicha Kvaratskhelia,GEO,FW,22,2001,30.4,11,129,45,34.9,4.24,1.48,0.09,0.24,0,0
ITA-Serie A,2324,Napoli,Leander Dendoncker,BEL,"DF,MF",28,1995,0.3,0,1,0,0.0,3.75,0.0,0.0,,0,0
ITA-Serie A,2324,Napoli,Leo Østigård,NOR,DF,23,1999,18.1,1,7,1,14.3,0.39,0.06,0.14,1.0,0,0
ITA-Serie A,2324,Napoli,Mathías Olivera,URU,DF,25,1997,17.4,1,12,1,8.3,0.69,0.06,0.08,1.0,0,0
ITA-Serie A,2324,Napoli,Matteo Politano,ITA,FW,29,1993,26.2,8,75,19,25.3,2.86,0.72,0.08,0.32,2,3
ITA-Serie A,2324,Napoli,Mário Rui,POR,DF,32,1991,13.4,0,5,2,40.0,0.37,0.15,0.0,0.0,0,0
ITA-Serie A,2324,Napoli,Natan,BRA,DF,22,2001,10.6,0,6,1,16.7,0.57,0.09,0.0,0.0,0,0
ITA-Serie A,2324,Napoli,Nikita Contini,ITA,GK,27,1996,0.2,0,0,0,,0.0,0.0,,,0,0
ITA-Serie A,2324,Napoli,Pasquale Mazzocchi,ITA,"DF,MF",28,1995,4.8,0,5,1,20.0,1.05,0.21,0.0,0.0,0,0
ITA-Serie A,2324,Napoli,Pierluigi Gollini,ITA,GK,28,1995,7.0,0,1,0,0.0,0.14,0.0,0.0,,0,0
ITA-Serie A,2324,Napoli,Piotr Zieliński,POL,MF,29,1994,21.4,3,30,9,30.0,1.4,0.42,0.07,0.22,1,1
ITA-Serie A,2324,Napoli,Stanislav Lobotka,SVK,MF,28,1994,36.5,0,14,4,28.6,0.38,0.11,0.0,0.0,0,0
ITA-Serie A,2324,Napoli,Victor Osimhen,NGA,FW,24,1998,22.0,15,90,41,45.6,4.09,1.86,0.13,0.29,3,5
ITA-Serie A,2324,Roma,Andrea Belotti,ITA,FW,29,1993,7.5,3,15,8,53.3,1.99,1.06,0.2,0.38,0,0
ITA-Serie A,2324,Roma,Angeliño,ESP,"DF,MF",26,1997,12.7,0,8,2,25.0,0.63,0.16,0.0,0.0,0,0
ITA-Serie A,2324,Roma,Bryan Cristante,ITA,MF,28,1995,36.5,3,54,9,16.7,1.48,0.25,0.06,0.33,0,0
ITA-Serie A,2324,Roma,Chris Smalling,ENG,DF,33,1989,4.3,0,1,1,100.0,0.23,0.23,0.0,0.0,0,0
ITA-Serie A,2324,Roma,Dean Huijsen,ESP,DF,18,2005,5.7,2,6,2,33.3,1.06,0.35,0.33,1.0,0,0
ITA-Serie A,2324,Roma,Diego Llorente,ESP,DF,29,1993,24.1,1,9,4,44.4,0.37,0.17,0.11,0.25,0,0
ITA-Serie A,2324,Roma,Edoardo Bove,ITA,MF,21,2002,19.8,0,19,6,31.6,0.96,0.3,0.0,0.0,0,0
ITA-Serie A,2324,Roma,Gianluca Mancini,ITA,DF,27,1996,31.9,4,19,7,36.8,0.6,0.22,0.21,0.57,0,0
ITA-Serie A,2324,Roma,Houssem Aouar,ALG,"MF,FW",25,1998,8.4,4,12,7,58.3,1.43,0.83,0.33,0.57,0,0
ITA-Serie A,2324,Roma,João Costa,BRA,FW,18,2005,0.2,0,0,0,,0.0,0.0,,,0,0
ITA-Serie A,2324,Roma,Leandro Paredes,ARG,MF,29,1994,29.3,3,32,6,18.8,1.09,0.21,0.0,0.0,3,3
ITA-Serie A,2324,Roma,Leonardo Spinazzola,ITA,"MF,DF",30,1993,14.6,1,8,3,37.5,0.55,0.21,0.13,0.33,0,0
ITA-Serie A,2324,Roma,Lorenzo Pellegrini,ITA,MF,27,1996,20.7,8,47,20,42.6,2.28,0.97,0.15,0.35,1,1
ITA-Serie A,2324,Roma,Mile Svilar,SRB,GK,23,1999,15.0,0,0,0,,0.0,0.0,,,0,0
ITA-Serie A,2324,Roma,Niccolò Pisilli,ITA,MF,18,2004,0.1,0,0,0,,0.0,0.0,,,0,0
ITA-Serie A,2324,Roma,Nicola Zalewski,POL,"MF,FW",21,2002,10.8,0,16,1,6.3,1.49,0.09,0.0,0.0,0,0
ITA-Serie A,2324,Roma,Obite N'Dicka,CIV,DF,23,1999,24.1,0,9,1,11.1,0.37,0.04,0.0,0.0,0,0
ITA-Serie A,2324,Roma,Ola Solbakken,NOR,FW,24,1998,0.3,0,0,0,,0.0,0.0,,,0,0
ITA-Serie A,2324,Roma,Paulo Dybala,ARG,"FW,MF",29,1993,21.8,13,59,23,39.0,2.71,1.06,0.1,0.26,7,7
ITA-Serie A,2324,Roma,Rasmus Kristensen,DEN,"MF,DF",26,1997,19.4,1,9,3,33.3,0.46,0.15,0.11,0.33,0,0
ITA-Serie A,2324,Roma,Renato Sanches,POR,MF,25,1997,1.6,1,2,1,50.0,1.23,0.62,0.5,1.0,0,0
ITA-Serie A,2324,Roma,Riccardo Pagano,ITA,MF,18,2004,0.6,0,1,0,0.0,1.76,0.0,0.0,,0,0
ITA-Serie A,2324,Roma,Rick Karsdorp,NED,"MF,DF",28,1995,13.2,0,8,1,12.5,0.6,0.08,0.0,0.0,0,0
ITA-Serie A,2324,Roma,Romelu Lukaku,BEL,FW,30,1993,29.3,13,65,28,43.1,2.22,0.95,0.2,0.46,0,1
ITA-Serie A,2324,Roma,Rui Patrício,POR,GK,35,1988,23.0,0,0,0,,0.0,0.0,,,0,0
ITA-Serie A,2324,Roma,Sardar Azmoun,IRN,"FW,MF",28,1995,6.5,3,16,7,43.8,2.46,1.08,0.19,0.43,0,0
ITA-Serie A,2324,Roma,Stephan El Shaarawy,ITA,"FW,MF",30,1992,19.3,3,40,11,27.5,2.07,0.57,0.08,0.27,0,0
ITA-Serie A,2324,Roma,Tammy Abraham,ENG,FW,25,1997,2.7,1,4,2,50.0,1.49,0.74,0.25,0.5,0,0
ITA-Serie A,2324,Roma,Tommaso Baldanzi,ITA,"MF,FW",20,2003,5.8,0,15,3,20.0,2.61,0.52,0.0,0.0,0,0
ITA-Serie A,2324,Roma,Zeki Çelik,TUR,"DF,MF",26,1997,7.5,0,2,1,50.0,0.27,0.13,0.0,0.0,0,0
ITA-Serie A,2324,Salernitana,Agustín Martegani,ARG,MF,23,2000,8.1,1,15,4,26.7,1.85,0.49,0.07,0.25,0,0
ITA-Serie A,2324,Salernitana,Alessandro Zanoli,ITA,"MF,DF",22,2000,10.2,0,3,1,33.3,0.29,0.1,0.0,0.0,0,0
ITA-Serie A,2324,Salernitana,Andres Sfait,ROU,MF,18,2004,0.3,0,0,0,,0.0,0.0,,,0,0
ITA-Serie A,2324,Salernitana,Antonio Candreva,ITA,MF,36,1987,30.6,6,65,21,32.3,2.13,0.69,0.08,0.24,1,1
ITA-Serie A,2324,Salernitana,Benoît Costil,FRA,GK,36,1987,13.0,0,0,0,,0.0,0.0,,,0,0
ITA-Serie A,2324,Salernitana,Boulaye Dia,SEN,"FW,MF",26,1996,12.7,4,29,10,34.5,2.28,0.79,0.1,0.3,1,1
ITA-Serie A,2324,Salernitana,Chukwubuikem Ikwuemesi,NGA,FW,21,2001,11.8,1,22,8,36.4,1.87,0.68,0.05,0.13,0,0
ITA-Serie A,2324,Salernitana,Domagoj Bradarić,CRO,"MF,DF",23,1999,30.5,0,19,4,21.1,0.62,0.13,0.0,0.0,0,0
ITA-Serie A,2324,Salernitana,Dylan Bronn,TUN,DF,28,1995,0.6,0,1,0,0.0,1.73,0.0,0.0,,0,0
ITA-Serie A,2324,Salernitana,Emanuel Vignato,ITA,"MF,FW",22,2000,3.5,0,1,0,0.0,0.29,0.0,0.0,,0,0
ITA-Serie A,2324,Salernitana,Emil Bohinen,NOR,MF,24,1999,5.9,0,4,0,0.0,0.67,0.0,0.0,,0,0
ITA-Serie A,2324,Salernitana,Erik Botheim,NOR,"FW,MF",23,2000,3.5,0,1,0,0.0,0.28,0.0,0.0,,0,0
ITA-Serie A,2324,Salernitana,Federico Fazio,ARG,DF,36,1987,15.1,1,8,2,25.0,0.53,0.13,0.13,0.5,0,0
ITA-Serie A,2324,Salernitana,Flavius Daniliuc,AUT,DF,22,2001,8.3,0,2,0,0.0,0.24,0.0,0.0,,0,0
ITA-Serie A,2324,Salernitana,Gerardo Fusco,ITA,FW,18,2005,0.2,0,0,0,,0.0,0.0,,,0,0
ITA-Serie A,2324,Salernitana,Giulio Maggiore,ITA,MF,25,1998,20.0,4,23,10,43.5,1.15,0.5,0.17,0.4,0,0
ITA-Serie A,2324,Salernitana,Grigoris Kastanos,CYP,MF,25,1998,16.4,3,30,10,33.3,1.82,0.61,0.1,0.3,0,0
ITA-Serie A,2324,Salernitana,Guillermo Ochoa,MEX,GK,38,1985,21.0,0,0,0,,0.0,0.0,,,0,0
ITA-Serie A,2324,Salernitana,Iron Gomis,FRA,MF,23,1999,1.5,0,3,1,33.3,2.01,0.67,0.0,0.0,0,0
ITA-Serie A,2324,Salernitana,Jovane Cabral,CPV,"MF,FW",25,1998,7.5,1,25,9,36.0,3.32,1.19,0.04,0.11,0,0
ITA-Serie A,2324,Salernitana,Junior Sambia,CTA,MF,26,1996,11.5,1,12,4,33.3,1.05,0.35,0.08,0.25,0,0
ITA-Serie A,2324,Salernitana,Jérôme Boateng,GER,DF,34,1988,2.6,0,0,0,,0.0,0.0,,,0,0
ITA-Serie A,2324,Salernitana,Kostas Manolas,GRE,DF,32,1991,5.4,0,2,0,0.0,0.37,0.0,0.0,,0,0
ITA-Serie A,2324,Salernitana,Lassana Coulibaly,MLI,MF,27,1996,23.1,0,13,3,23.1,0.56,0.13,0.0,0.0,0,0
ITA-Serie A,2324,Salernitana,Lorenzo Pirola,ITA,DF,21,2002,22.1,1,15,4,26.7,0.68,0.18,0.07,0.25,0,0
ITA-Serie A,2324,Salernitana,Loum Tchaouna,FRA,"MF,FW",19,2003,23.3,4,44,15,34.1,1.89,0.64,0.09,0.27,0,0
ITA-Serie A,2324,Salernitana,Mamadou Coulibaly,SEN,MF,24,1999,0.0,0,0,0,,0.0,0.0,,,0,0
ITA-Serie A,2324,Salernitana,Marco Pellegrino,ARG,DF,21,2002,6.1,0,2,0,0.0,0.33,0.0,0.0,,0,0
ITA-Serie A,2324,Salernitana,Mateusz Łęgowski,POL,MF,20,2003,12.7,0,7,1,14.3,0.55,0.08,0.0,0.0,0,0
ITA-Serie A,2324,Salernitana,Matteo Lovato,ITA,DF,23,2000,10.5,0,1,0,0.0,0.1,0.0,0.0,,0,0
ITA-Serie A,2324,Salernitana,Niccolò Pierozzi,ITA,DF,21,2001,9.7,1,8,2,25.0,0.83,0.21,0.13,0.5,0,0
ITA-Serie A,2324,Salernitana,Norbert Gyömbér,SVK,DF,31,1992,19.6,0,4,0,0.0,0.2,0.0,0.0,,0,0
ITA-Serie A,2324,Salernitana,Pasquale Mazzocchi,ITA,"MF,DF",28,1995,14.1,0,8,1,12.5,0.57,0.07,0.0,0.0,0,0
ITA-Serie A,2324,Salernitana,Shon Weissman,ISR,FW,27,1996,5.5,1,6,1,16.7,1.09,0.18,0.17,1.0,0,0
ITA-Serie A,2324,Salernitana,Simeon Nwankwo,NGA,FW,31,1992,7.6,3,13,7,53.8,1.71,0.92,0.23,0.43,0,0
ITA-Serie A,2324,Salernitana,Toma Bašić,CRO,MF,26,1996,12.9,0,12,1,8.3,0.93,0.08,0.0,0.0,0,0
ITA-Serie A,2324,Salernitana,Triantafyllos Pasaridīs,GRE,DF,27,1996,5.0,0,0,0,,0.0,0.0,,,0,0
ITA-Serie A,2324,Salernitana,Trivante Stewart,JAM,FW,23,2000,1.1,0,2,1,50.0,1.8,0.9,0.0,0.0,0,0
ITA-Serie A,2324,Salernitana,Vincenzo Fiorillo,ITA,GK,33,1990,4.0,0,0,0,,0.0,0.0,,,0,0
ITA-Serie A,2324,Sassuolo,Alessio Cragno,ITA,GK,29,1994,3.0,0,0,0,,0.0,0.0,,,0,0
ITA-Serie A,2324,Sassuolo,Andrea Consigli,ITA,GK,36,1987,35.0,0,0,0,,0.0,0.0,,,0,0
ITA-Serie A,2324,Sassuolo,Andrea Pinamonti,ITA,FW,24,1999,34.2,11,84,22,26.2,2.46,0.64,0.11,0.41,2,3
ITA-Serie A,2324,Sassuolo,Armand Lauriente,FRA,"MF,FW",24,1998,32.3,5,84,30,35.7,2.6,0.93,0.06,0.17,0,0
ITA-Serie A,2324,Sassuolo,Cristian Volpato,AUS,"MF,FW",19,2003,7.2,1,12,7,58.3,1.67,0.98,0.08,0.14,0,0
ITA-Serie A,2324,Sassuolo,Daniel Boloca,ROU,MF,24,1998,22.5,1,13,4,30.8,0.58,0.18,0.08,0.25,0,0
ITA-Serie A,2324,Sassuolo,Domenico Berardi,ITA,"MF,FW",28,1994,15.9,9,51,24,47.1,3.21,1.51,0.08,0.17,5,5
ITA-Serie A,2324,Sassuolo,Emil Ceide,NOR,"FW,MF",21,2001,2.0,0,2,0,0.0,1.02,0.0,0.0,,0,0
ITA-Serie A,2324,Sassuolo,Filippo Missori,ITA,MF,19,2004,3.0,0,4,1,25.0,1.35,0.34,0.0,0.0,0,0
ITA-Serie A,2324,Sassuolo,Gian Marco Ferrari,ITA,DF,31,1992,25.2,1,16,6,37.5,0.63,0.24,0.06,0.17,0,0
ITA-Serie A,2324,Sassuolo,Grégoire Defrel,MTQ,"MF,FW",32,1991,8.4,1,12,3,25.0,1.43,0.36,0.08,0.33,0,0
ITA-Serie A,2324,Sassuolo,Jeremy Toljan,GER,DF,28,1994,23.1,0,12,3,25.0,0.52,0.13,0.0,0.0,0,0
ITA-Serie A,2324,Sassuolo,Josh Doig,SCO,"DF,MF",21,2002,14.9,0,8,2,25.0,0.54,0.13,0.0,0.0,0,0
ITA-Serie A,2324,Sassuolo,Justin Kumi,ITA,MF,19,2004,0.0,0,0,0,,0.0,0.0,,,0,0
ITA-Serie A,2324,Sassuolo,Kevin Miranda,ITA,DF,20,2003,0.2,0,0,0,,0.0,0.0,,,0,0
ITA-Serie A,2324,Sassuolo,Kristian Thorstvedt,NOR,MF,24,1999,26.6,6,42,15,35.7,1.58,0.56,0.14,0.4,0,0
ITA-Serie A,2324,Sassuolo,Luca Lipani,ITA,MF,18,2005,4.3,0,3,1,33.3,0.7,0.23,0.0,0.0,0,0
ITA-Serie A,2324,Sassuolo,Marash Kumbulla,ALB,DF,23,2000,4.0,0,0,0,,0.0,0.0,,,0,0
ITA-Serie A,2324,Sassuolo,Marcus Pedersen,NOR,DF,23,2000,17.9,0,3,0,0.0,0.17,0.0,0.0,,0,0
ITA-Serie A,2324,Sassuolo,Martin Erlić,CRO,DF,25,1998,29.1,1,8,3,37.5,0.28,0.1,0.13,0.33,0,0
ITA-Serie A,2324,Sassuolo,Matheus Henrique,BRA,MF,25,1997,27.8,2,19,7,36.8,0.68,0.25,0.11,0.29,0,0
ITA-Serie A,2324,Sassuolo,Mattia Viti,ITA,DF,21,2002,10.9,1,4,1,25.0,0.37,0.09,0.25,1.0,0,0
ITA-Serie A,2324,Sassuolo,Matías Viña,URU,DF,25,1997,11.3,0,8,2,25.0,0.71,0.18,0.0,0.0,0,0
ITA-Serie A,2324,Sassuolo,Maxime Lopez,FRA,MF,25,1997,1.6,0,0,0,,0.0,0.0,,,0,0
ITA-Serie A,2324,Sassuolo,Nedim Bajrami,ALB,"MF,FW",24,1999,14.6,2,32,9,28.1,2.2,0.62,0.06,0.22,0,0
ITA-Serie A,2324,Sassuolo,Pedro Obiang,EQG,MF,31,1992,5.0,0,2,0,0.0,0.4,0.0,0.0,,0,0
ITA-Serie A,2324,Sassuolo,Ruan,BRA,DF,24,1999,16.8,0,7,2,28.6,0.42,0.12,0.0,0.0,0,0
ITA-Serie A,2324,Sassuolo,Samu Castillejo,ESP,"MF,FW",28,1995,6.0,0,6,2,33.3,1.01,0.34,0.0,0.0,0,0
ITA-Serie A,2324,Sassuolo,Samuele Mulattieri,ITA,FW,22,2000,5.1,0,13,5,38.5,2.53,0.97,0.0,0.0,0,0
ITA-Serie A,2324,Sassuolo,Uroš Račić,SRB,MF,25,1998,9.1,1,17,4,23.5,1.87,0.44,0.06,0.25,0,0
ITA-Serie A,2324,Torino,Adam Masina,MAR,DF,29,1994,11.4,0,5,1,20.0,0.44,0.09,0.0,0.0,0,0
ITA-Serie A,2324,Torino,Adrien Tameze,CMR,"DF,MF",29,1994,23.8,0,9,0,0.0,0.38,0.0,0.0,,0,0
ITA-Serie A,2324,Torino,Alessandro Buongiorno,ITA,DF,24,1999,28.1,3,13,6,46.2,0.46,0.21,0.23,0.5,0,0
ITA-Serie A,2324,Torino,Alessandro Dellavalle,ITA,DF,19,2004,0.2,0,0,0,,0.0,0.0,,,0,0
ITA-Serie A,2324,Torino,Antonio Sanabria,PAR,FW,27,1996,23.7,5,54,16,29.6,2.28,0.68,0.06,0.19,2,2
ITA-Serie A,2324,Torino,Brandon Soppy,FRA,MF,21,2002,2.0,0,1,0,0.0,0.51,0.0,0.0,,0,0
ITA-Serie A,2324,Torino,David Okereke,NGA,"FW,MF",25,1997,2.8,0,8,5,62.5,2.86,1.79,0.0,0.0,0,0
ITA-Serie A,2324,Torino,David Zima,CZE,DF,22,2000,1.0,0,0,0,,0.0,0.0,,,0,0
ITA-Serie A,2324,Torino,Demba Seck,SEN,MF,22,2001,4.7,0,9,2,22.2,1.91,0.42,0.0,0.0,0,0
ITA-Serie A,2324,Torino,Duván Zapata,COL,FW,32,1991,32.0,12,99,38,38.4,3.09,1.19,0.12,0.32,0,0
ITA-Serie A,2324,Torino,Gvidas Gineitis,LTU,MF,19,2004,6.0,0,9,2,22.2,1.51,0.33,0.0,0.0,0,0
ITA-Serie A,2324,Torino,Ivan Ilić,SRB,MF,22,2001,23.3,3,27,11,40.7,1.16,0.47,0.11,0.27,0,0
ITA-Serie A,2324,Torino,Karol Linetty,POL,MF,28,1995,20.6,0,16,1,6.3,0.78,0.05,0.0,0.0,0,0
ITA-Serie A,2324,Torino,Koffi Djidji,CIV,DF,30,1992,8.4,0,2,0,0.0,0.24,0.0,0.0,,0,0
ITA-Serie A,2324,Torino,Luca Gemello,ITA,GK,23,2000,2.0,0,0,0,,0.0,0.0,,,0,0
ITA-Serie A,2324,Torino,Matteo Lovato,ITA,DF,23,2000,6.0,0,1,0,0.0,0.17,0.0,0.0,,0,0
ITA-Serie A,2324,Torino,Mërgim Vojvoda,KVX,"MF,DF",28,1995,15.3,0,9,4,44.4,0.59,0.26,0.0,0.0,0,0
ITA-Serie A,2324,Torino,Nemanja Radonjić,SRB,MF,27,1996,4.2,3,12,5,41.7,2.89,1.2,0.25,0.6,0,0
ITA-Serie A,2324,Torino,Nikola Vlašić,CRO,MF,25,1997,29.0,3,46,11,23.9,1.59,0.38,0.07,0.27,0,0
ITA-Serie A,2324,Torino,Perr Schuurs,NED,DF,23,1999,8.6,1,7,1,14.3,0.82,0.12,0.14,1.0,0,0
ITA-Serie A,2324,Torino,Pietro Pellegri,ITA,"FW,MF",22,2001,8.4,1,13,4,30.8,1.55,0.48,0.08,0.25,0,0
ITA-Serie A,2324,Torino,Raoul Bellanova,ITA,MF,23,2000,33.8,1,32,3,9.4,0.95,0.09,0.03,0.33,0,0
ITA-Serie A,2324,Torino,Ricardo Rodríguez,SUI,"DF,MF",30,1992,30.8,1,11,2,18.2,0.36,0.06,0.09,0.5,0,0
ITA-Serie A,2324,Torino,Saba Sazonov,GEO,DF,21,2002,4.0,0,1,0,0.0,0.25,0.0,0.0,,0,0
ITA-Serie A,2324,Torino,Samuele Ricci,ITA,MF,21,2001,26.6,1,30,5,16.7,1.13,0.19,0.03,0.2,0,0
ITA-Serie A,2324,Torino,Simone Verdi,ITA,"FW,MF",31,1992,0.0,0,0,0,,0.0,0.0,,,0,0
ITA-Serie A,2324,Torino,Valentino Lazaro,AUT,MF,27,1996,22.2,0,18,4,22.2,0.81,0.18,0.0,0.0,0,0
ITA-Serie A,2324,Torino,Vanja Milinković-Savić,SRB,GK,26,1997,36.0,0,0,0,,0.0,0.0,,,0,0
ITA-Serie A,2324,Torino,Yann Karamoh,FRA,MF,25,1998,1.8,0,2,1,50.0,1.11,0.56,0.0,0.0,0,0
ITA-Serie A,2324,Torino,Zanos Savva,CYP,FW,17,2005,0.3,1,1,1,100.0,3.21,3.21,1.0,1.0,0,0
ITA-Serie A,2324,Udinese,Adam Masina,MAR,MF,29,1994,0.7,0,1,1,100.0,1.41,1.41,0.0,0.0,0,0
ITA-Serie A,2324,Udinese,Antonio Tikvić,CRO,DF,19,2004,0.0,0,0,0,,0.0,0.0,,,0,0
ITA-Serie A,2324,Udinese,Axel Guessand,FRA,DF,18,2004,0.5,0,1,0,0.0,2.0,0.0,0.0,,0,0
ITA-Serie A,2324,Udinese,Beto,GNB,FW,25,1998,0.8,0,0,0,,0.0,0.0,,,0,0
ITA-Serie A,2324,Udinese,Brenner,BRA,"MF,FW",23,2000,2.1,0,4,2,50.0,1.9,0.95,0.0,0.0,0,0
ITA-Serie A,2324,Udinese,Christian Kabasele,BEL,DF,32,1991,9.6,1,6,2,33.3,0.63,0.21,0.17,0.5,0,0
ITA-Serie A,2324,Udinese,Domingos Quina,POR,MF,23,1999,0.1,0,0,0,,0.0,0.0,,,0,0
ITA-Serie A,2324,Udinese,Enzo Ebosse,CMR,DF,24,1999,0.1,0,0,0,,0.0,0.0,,,0,0
ITA-Serie A,2324,Udinese,Festy Ebosele,IRL,MF,20,2002,18.9,0,16,5,31.3,0.85,0.26,0.0,0.0,0,0
ITA-Serie A,2324,Udinese,Florian Thauvin,FRA,FW,30,1993,19.0,5,48,15,31.3,2.53,0.79,0.08,0.27,1,1
ITA-Serie A,2324,Udinese,Hassane Kamara,CIV,MF,29,1994,24.7,1,26,8,30.8,1.05,0.32,0.04,0.13,0,0
ITA-Serie A,2324,Udinese,Isaac Success,NGA,"FW,MF",27,1996,9.8,1,19,5,26.3,1.94,0.51,0.05,0.2,0,1
ITA-Serie A,2324,Udinese,Jaka Bijol,SVN,DF,24,1999,23.2,0,15,2,13.3,0.65,0.09,0.0,0.0,0,0
ITA-Serie A,2324,Udinese,Jordan Zemura,ZIM,MF,23,1999,11.5,1,5,3,60.0,0.43,0.26,0.2,0.33,0,0
ITA-Serie A,2324,Udinese,João Ferreira,POR,"DF,MF",22,2001,20.2,0,3,0,0.0,0.15,0.0,0.0,,0,0
ITA-Serie A,2324,Udinese,Keinan Davis,ENG,FW,25,1998,2.1,1,6,3,50.0,2.9,1.45,0.17,0.33,0,0
ITA-Serie A,2324,Udinese,Kingsley Ehizibue,NED,MF,28,1995,10.6,0,18,3,16.7,1.7,0.28,0.0,0.0,0,0
ITA-Serie A,2324,Udinese,Lautaro Gianetti,ARG,DF,29,1993,7.0,1,3,2,66.7,0.43,0.29,0.33,0.5,0,0
ITA-Serie A,2324,Udinese,Lazar Samardzic,SRB,MF,21,2002,26.4,6,57,17,29.8,2.16,0.65,0.09,0.29,1,1
ITA-Serie A,2324,Udinese,Lorenzo Lucca,ITA,FW,22,2000,28.8,8,61,26,42.6,2.12,0.9,0.13,0.31,0,0
ITA-Serie A,2324,Udinese,Maduka Okoye,NGA,GK,23,1999,21.0,0,0,0,,0.0,0.0,,,0,0
ITA-Serie A,2324,Udinese,Marco Silvestri,ITA,GK,32,1991,17.0,0,0,0,,0.0,0.0,,,0,0
ITA-Serie A,2324,Udinese,Marley Aké,FRA,"FW,MF",22,2001,0.1,0,0,0,,0.0,0.0,,,0,0
ITA-Serie A,2324,Udinese,Martín Payero,ARG,MF,24,1998,20.0,2,38,8,21.1,1.9,0.4,0.05,0.25,0,0
ITA-Serie A,2324,Udinese,Nehuén Pérez,ARG,DF,23,2000,36.0,0,20,2,10.0,0.56,0.06,0.0,0.0,0,0
ITA-Serie A,2324,Udinese,Oier Zarraga,ESP,MF,24,1999,4.5,2,6,2,33.3,1.34,0.45,0.33,1.0,0,0
ITA-Serie A,2324,Udinese,Roberto Pereyra,ARG,"FW,MF",32,1991,20.6,4,28,9,32.1,1.36,0.44,0.11,0.33,1,1
ITA-Serie A,2324,Udinese,Sandi Lovrić,SVN,MF,25,1998,22.1,1,43,12,27.9,1.95,0.54,0.02,0.08,0,0
ITA-Serie A,2324,Udinese,Simone Pafundi,ITA,FW,17,2006,0.1,0,0,0,,0.0,0.0,,,0,0
ITA-Serie A,2324,Udinese,Thomas Kristensen,DEN,DF,21,2002,23.3,0,10,3,30.0,0.43,0.13,0.0,0.0,0,0
ITA-Serie A,2324,Udinese,Vivaldo Semedo,POR,FW,18,2005,0.1,0,0,0,,0.0,0.0,,,0,0
ITA-Serie A,2324,Udinese,Walace,BRA,MF,28,1995,36.0,2,27,9,33.3,0.75,0.25,0.07,0.22,0,0
FRA-Ligue 1,2324,Brest,Achraf Dari,MAR,DF,24,1999,1.3,0,1,1,100.0,0.74,0.74,0.0,0.0,0,0
FRA-Ligue 1,2324,Brest,Adrien Lebeau,FRA,MF,24,1999,0.6,0,1,0,0.0,1.67,0.0,0.0,,0,0
FRA-Ligue 1,2324,Brest,Axel Camblan,FRA,FW,19,2003,1.0,0,2,0,0.0,2.0,0.0,0.0,,0,0
FRA-Ligue 1,2324,Brest,Bilal Brahimi,ALG,FW,23,2000,2.5,0,4,2,50.0,1.63,0.81,0.0,0.0,0,0
FRA-Ligue 1,2324,Brest,Bradley Locko,FRA,DF,21,2002,32.9,0,12,2,16.7,0.36,0.06,0.0,0.0,0,0
FRA-Ligue 1,2324,Brest,Brendan Chardonnet,FRA,DF,28,1994,33.0,1,19,3,15.8,0.58,0.09,0.05,0.33,0,0
FRA-Ligue 1,2324,Brest,Grégoire Coudert,FRA,GK,24,1999,2.0,0,0,0,,0.0,0.0,,,0,0
FRA-Ligue 1,2324,Brest,Hianga'a Mbock,FRA,MF,23,1999,0.1,0,1,0,0.0,10.0,0.0,0.0,,0,0
FRA-Ligue 1,2324,Brest,Hugo Magnetti,FRA,MF,25,1998,26.0,2,36,11,30.6,1.38,0.42,0.06,0.18,0,0
FRA-Ligue 1,2324,Brest,Jonas Martin,FRA,MF,33,1990,13.4,0,10,3,30.0,0.75,0.22,0.0,0.0,0,0
FRA-Ligue 1,2324,Brest,Jordan Amavi,FRA,DF,29,1994,1.0,1,1,1,100.0,0.99,0.99,1.0,1.0,0,0
FRA-Ligue 1,2324,Brest,Julien Le Cardinal,FRA,DF,25,1997,5.3,0,4,2,50.0,0.76,0.38,0.0,0.0,0,0
FRA-Ligue 1,2324,Brest,Jérémy Le Douaron,FRA,"FW,MF",25,1998,18.0,4,50,21,42.0,2.78,1.17,0.08,0.19,0,0
FRA-Ligue 1,2324,Brest,Kamory Doumbia,MLI,MF,20,2003,9.8,6,25,11,44.0,2.56,1.13,0.24,0.55,0,0
FRA-Ligue 1,2324,Brest,Karamoko Dembélé,ENG,"FW,MF",20,2003,0.2,0,0,0,,0.0,0.0,,,0,0
FRA-Ligue 1,2324,Brest,Kenny Lala,MAD,DF,31,1991,33.0,2,14,7,50.0,0.42,0.21,0.14,0.29,0,0
FRA-Ligue 1,2324,Brest,Lilian Brassier,FRA,DF,23,1999,29.7,3,12,4,33.3,0.4,0.13,0.25,0.75,0,0
FRA-Ligue 1,2324,Brest,Luck Zogbé,CIV,DF,18,2005,0.1,0,0,0,,0.0,0.0,,,0,0
FRA-Ligue 1,2324,Brest,Mahdi Camara,FRA,MF,25,1998,22.4,7,42,15,35.7,1.87,0.67,0.14,0.4,1,1
FRA-Ligue 1,2324,Brest,Marco Bizot,NED,GK,32,1991,32.0,0,0,0,,0.0,0.0,,,0,0
FRA-Ligue 1,2324,Brest,Martin Satriano,URU,"FW,MF",22,2001,20.7,4,63,20,31.7,3.04,0.97,0.06,0.2,0,0
FRA-Ligue 1,2324,Brest,Mathias Pereira Lage,POR,"MF,FW",26,1996,13.2,3,36,16,44.4,2.73,1.21,0.08,0.19,0,0
FRA-Ligue 1,2324,Brest,Pierre Lees-Melou,FRA,MF,30,1993,28.0,4,52,13,25.0,1.86,0.46,0.08,0.31,0,0
FRA-Ligue 1,2324,Brest,Romain Del Castillo,FRA,"MF,FW",27,1996,27.7,8,39,17,43.6,1.41,0.61,0.13,0.29,3,3
FRA-Ligue 1,2324,Brest,Steve Mounié,BEN,FW,28,1994,19.7,6,59,24,40.7,3.0,1.22,0.1,0.25,0,0
FRA-Ligue 1,2324,Clermont Foot,Abdellah Baallal,MAR,MF,18,2004,0.0,0,0,0,,0.0,0.0,,,0,0
FRA-Ligue 1,2324,Clermont Foot,Alan Virginius,FRA,"MF,FW",20,2003,10.4,0,10,6,60.0,0.96,0.58,0.0,0.0,0,0
FRA-Ligue 1,2324,Clermont Foot,Alidu Seidu,GHA,DF,23,2000,12.6,0,6,1,16.7,0.48,0.08,0.0,0.0,0,0
FRA-Ligue 1,2324,Clermont Foot,Andy Pelmard,MAD,DF,23,2000,33.2,0,2,1,50.0,0.06,0.03,0.0,0.0,0,0
FRA-Ligue 1,2324,Clermont Foot,Aïman Maurer,MAR,MF,18,2004,0.6,0,3,1,33.3,4.82,1.61,0.0,0.0,0,0
FRA-Ligue 1,2324,Clermont Foot,Bilal Boutobba,FRA,"MF,FW",24,1998,10.3,1,25,9,36.0,2.43,0.87,0.04,0.11,0,0
FRA-Ligue 1,2324,Clermont Foot,Cheick Konaté,MLI,"MF,DF",19,2004,11.9,1,14,4,28.6,1.18,0.34,0.07,0.25,0,0
FRA-Ligue 1,2324,Clermont Foot,Chrislain Matsima,FRA,DF,21,2002,13.1,1,5,2,40.0,0.38,0.15,0.2,0.5,0,0
FRA-Ligue 1,2324,Clermont Foot,Elba Rashani,KVX,"MF,FW",30,1993,13.1,2,16,5,31.3,1.23,0.38,0.13,0.4,0,0
FRA-Ligue 1,2324,Clermont Foot,Florent Ogier,FRA,DF,34,1989,10.5,1,7,2,28.6,0.67,0.19,0.14,0.5,0,0
FRA-Ligue 1,2324,Clermont Foot,Grejohn Kyei,FRA,FW,27,1995,11.4,2,31,8,25.8,2.72,0.7,0.03,0.13,1,1
FRA-Ligue 1,2324,Clermont Foot,Habib Keita,MLI,MF,21,2002,14.2,1,20,5,25.0,1.41,0.35,0.05,0.2,0,0
FRA-Ligue 1,2324,Clermont Foot,Ilhan Fakili,FRA,MF,17,2006,1.0,0,4,2,50.0,3.83,1.91,0.0,0.0,0,0
FRA-Ligue 1,2324,Clermont Foot,Jim Allevinah,GAB,MF,28,1995,20.7,2,37,11,29.7,1.79,0.53,0.05,0.18,0,0
FRA-Ligue 1,2324,Clermont Foot,Johan Gastien,FRA,MF,35,1988,25.1,0,11,5,45.5,0.44,0.2,0.0,0.0,0,0
FRA-Ligue 1,2324,Clermont Foot,Joshua M'Bahia,CIV,DF,18,2005,0.2,0,0,0,,0.0,0.0,,,0,0
FRA-Ligue 1,2324,Clermont Foot,Jérémie Bela,ANG,MF,30,1993,2.3,0,6,2,33.3,2.66,0.89,0.0,0.0,0,0
FRA-Ligue 1,2324,Clermont Foot,Jérémy Jacquet,FRA,DF,18,2005,2.8,0,1,0,0.0,0.36,0.0,0.0,,0,0
FRA-Ligue 1,2324,Clermont Foot,Komnen Andrić,SRB,FW,28,1995,1.9,0,3,0,0.0,1.6,0.0,0.0,,0,0
FRA-Ligue 1,2324,Clermont Foot,Massamba Ndiaye,SEN,GK,21,2001,4.0,0,0,0,,0.0,0.0,,,0,0
FRA-Ligue 1,2324,Clermont Foot,Mateusz Wieteska,POL,DF,26,1997,1.9,1,3,2,66.7,1.55,1.03,0.33,0.5,0,0
FRA-Ligue 1,2324,Clermont Foot,Maxime Gonalons,FRA,MF,34,1989,14.4,1,13,3,23.1,0.9,0.21,0.08,0.33,0,0
FRA-Ligue 1,2324,Clermont Foot,Maximiliano Caufriez,BEL,DF,26,1997,18.4,0,6,1,16.7,0.33,0.05,0.0,0.0,0,0
FRA-Ligue 1,2324,Clermont Foot,Mehdi Zeffane,ALG,"MF,DF",31,1992,13.7,0,19,1,5.3,1.39,0.07,0.0,0.0,0,0
FRA-Ligue 1,2324,Clermont Foot,Mohamed Bouchenna,FRA,FW,17,2006,0.3,0,1,0,0.0,3.1,0.0,0.0,,0,0
FRA-Ligue 1,2324,Clermont Foot,Mory Diaw,SEN,GK,30,1993,30.0,0,0,0,,0.0,0.0,,,0,0
FRA-Ligue 1,2324,Clermont Foot,Muhammed Cham,AUT,"MF,FW",22,2000,28.4,8,74,30,40.5,2.61,1.06,0.05,0.13,4,5
FRA-Ligue 1,2324,Clermont Foot,Neto Borges,BRA,"MF,DF",26,1996,28.0,0,16,2,12.5,0.57,0.07,0.0,0.0,0,0
FRA-Ligue 1,2324,Clermont Foot,Shamar Nicholson,JAM,FW,26,1997,16.5,4,40,20,50.0,2.43,1.21,0.08,0.15,1,2
FRA-Ligue 1,2324,Clermont Foot,Yohann Magnin,FRA,MF,26,1997,18.7,1,14,6,42.9,0.75,0.32,0.07,0.17,0,0
FRA-Ligue 1,2324,Clermont Foot,Yoël Armougom,FRA,"MF,DF",25,1998,2.6,0,2,0,0.0,0.77,0.0,0.0,,0,0
FRA-Ligue 1,2324,Le Havre,Abdoulaye Touré,GUI,MF,29,1994,25.4,2,33,10,30.3,1.3,0.39,0.0,0.0,2,2
FRA-Ligue 1,2324,Le Havre,Alois Confais,FRA,"DF,MF",26,1996,0.1,0,0,0,,0.0,0.0,,,0,0
FRA-Ligue 1,2324,Le Havre,André Ayew,GHA,"FW,MF",33,1989,12.3,5,33,13,39.4,2.69,1.06,0.15,0.38,0,0
FRA-Ligue 1,2324,Le Havre,Antoine Joujou,FRA,"MF,FW",20,2003,8.7,0,20,3,15.0,2.31,0.35,0.0,0.0,0,0
FRA-Ligue 1,2324,Le Havre,Arouna Sangante,SEN,DF,21,2002,29.9,0,16,3,18.8,0.54,0.1,0.0,0.0,0,0
FRA-Ligue 1,2324,Le Havre,Arthur Desmas,FRA,GK,29,1994,33.0,0,0,0,,0.0,0.0,,,0,0
FRA-Ligue 1,2324,Le Havre,Christopher Opéri,CIV,"DF,MF",26,1997,27.2,3,23,10,43.5,0.85,0.37,0.13,0.3,0,0
FRA-Ligue 1,2324,Le Havre,Daler Kuzyaev,RUS,MF,30,1993,23.2,2,16,5,31.3,0.69,0.22,0.13,0.4,0,0
FRA-Ligue 1,2324,Le Havre,Elysée Logbo,FRA,FW,19,2004,2.8,0,4,0,0.0,1.45,0.0,0.0,,0,0
FRA-Ligue 1,2324,Le Havre,Emmanuel Sabbi,USA,"MF,FW",25,1997,17.6,5,31,11,35.5,1.76,0.62,0.1,0.27,2,2
FRA-Ligue 1,2324,Le Havre,Etienne Youte Kinkoue,FRA,DF,21,2002,21.6,0,6,0,0.0,0.28,0.0,0.0,,0,0
FRA-Ligue 1,2324,Le Havre,Gautier Lloris,FRA,DF,28,1995,30.9,2,16,5,31.3,0.52,0.16,0.13,0.4,0,0
FRA-Ligue 1,2324,Le Havre,Issa Soumaré,SEN,"FW,MF",22,2000,2.6,0,5,1,20.0,1.9,0.38,0.0,0.0,0,0
FRA-Ligue 1,2324,Le Havre,Josué Casimir,HAI,"MF,FW",21,2001,22.4,0,21,3,14.3,0.94,0.13,0.0,0.0,0,0
FRA-Ligue 1,2324,Le Havre,Loïc Nego,HUN,"MF,DF",32,1991,17.3,0,18,4,22.2,1.04,0.23,0.0,0.0,0,0
FRA-Ligue 1,2324,Le Havre,Mathieu Gorgelin,FRA,GK,32,1990,1.0,0,0,0,,0.0,0.0,,,0,0
FRA-Ligue 1,2324,Le Havre,Mohamed Lamine Bayo,GUI,FW,25,1998,15.4,5,47,19,40.4,3.05,1.23,0.06,0.16,2,2
FRA-Ligue 1,2324,Le Havre,Nabil Alioui,FRA,"MF,FW",24,1999,11.2,4,28,9,32.1,2.5,0.8,0.14,0.44,0,0
FRA-Ligue 1,2324,Le Havre,Nolan Mbemba,CGO,MF,28,1995,0.2,1,2,1,50.0,8.18,4.09,0.5,1.0,0,0
FRA-Ligue 1,2324,Le Havre,Oualid El Hajjam,MAR,"DF,MF",32,1991,4.4,0,8,3,37.5,1.83,0.69,0.0,0.0,0,0
FRA-Ligue 1,2324,Le Havre,Oussama Targhalline,MAR,MF,21,2002,11.4,0,6,0,0.0,0.53,0.0,0.0,,0,0
FRA-Ligue 1,2324,Le Havre,Rassoul Ndiaye,SEN,MF,21,2001,5.8,0,5,1,20.0,0.86,0.17,0.0,0.0,0,0
FRA-Ligue 1,2324,Le Havre,Samuel Grandsir,FRA,MF,26,1996,6.7,1,15,6,40.0,2.23,0.89,0.07,0.17,0,1
FRA-Ligue 1,2324,Le Havre,Simon Ebonog,CMR,MF,18,2004,0.2,0,0,0,,0.0,0.0,,,0,0
FRA-Ligue 1,2324,Le Havre,Steve Ngoura,FRA,FW,18,2005,2.5,0,7,2,28.6,2.83,0.81,0.0,0.0,0,0
FRA-Ligue 1,2324,Le Havre,Yassine Kechta,MAR,MF,21,2002,20.5,2,20,9,45.0,0.97,0.44,0.1,0.22,0,0
FRA-Ligue 1,2324,Le Havre,Yoann Salmier,GUF,DF,30,1992,17.4,1,10,4,40.0,0.57,0.23,0.1,0.25,0,0
FRA-Ligue 1,2324,Lens,Abdukodir Khusanov,UZB,DF,19,2004,9.0,0,5,2,40.0,0.56,0.22,0.0,0.0,0,0
FRA-Ligue 1,2324,Lens,Adrien Thomasson,FRA,MF,29,1993,13.3,1,31,6,19.4,2.34,0.45,0.03,0.17,0,0
FRA-Ligue 1,2324,Lens,Andy Diouf,FRA,MF,20,2003,14.6,1,28,8,28.6,1.92,0.55,0.04,0.13,0,0
FRA-Ligue 1,2324,Lens,Angelo Fulgini,NCL,MF,26,1996,15.3,1,46,10,21.7,3.01,0.65,0.02,0.1,0,0
FRA-Ligue 1,2324,Lens,Ayanda Sishuba,BEL,MF,18,2005,0.7,0,12,2,16.7,17.42,2.9,0.0,0.0,0,0
FRA-Ligue 1,2324,Lens,Brice Samba,FRA,GK,29,1994,33.0,0,0,0,,0.0,0.0,,,0,0
FRA-Ligue 1,2324,Lens,David Costa,POR,MF,22,2001,16.6,4,30,14,46.7,1.81,0.84,0.13,0.29,0,0
FRA-Ligue 1,2324,Lens,Deiver Machado,COL,MF,29,1993,12.5,4,16,8,50.0,1.28,0.64,0.25,0.5,0,0
FRA-Ligue 1,2324,Lens,Elye Wahi,CIV,FW,20,2003,18.8,9,60,32,53.3,3.19,1.7,0.13,0.25,1,1
FRA-Ligue 1,2324,Lens,Facundo Medina,ARG,DF,24,1999,30.2,1,21,12,57.1,0.7,0.4,0.05,0.08,0,0
FRA-Ligue 1,2324,Lens,Faitout Maouassa,FRA,MF,25,1998,0.8,0,3,2,66.7,3.55,2.37,0.0,0.0,0,0
FRA-Ligue 1,2324,Lens,Florian Sotoca,FRA,"MF,FW",32,1990,28.9,7,69,22,31.9,2.39,0.76,0.04,0.14,4,4
FRA-Ligue 1,2324,Lens,Jean-Louis Leca,FRA,GK,37,1985,1.0,0,0,0,,0.0,0.0,,,0,0
FRA-Ligue 1,2324,Lens,Jhoanner Chávez,ECU,"MF,DF",21,2002,5.3,0,3,0,0.0,0.56,0.0,0.0,,0,0
FRA-Ligue 1,2324,Lens,Jonathan Gradit,FRA,DF,30,1992,23.5,1,4,1,25.0,0.17,0.04,0.25,1.0,0,0
FRA-Ligue 1,2324,Lens,Julien Le Cardinal,FRA,DF,25,1997,0.6,0,0,0,,0.0,0.0,,,0,0
FRA-Ligue 1,2324,Lens,Kevin Danso,AUT,DF,24,1998,29.5,1,21,5,23.8,0.71,0.17,0.05,0.2,0,0
FRA-Ligue 1,2324,Lens,Massadio Haïdara,MLI,"DF,MF",30,1992,8.2,0,3,0,0.0,0.36,0.0,0.0,,0,0
FRA-Ligue 1,2324,Lens,Morgan Guilavogui,GUI,FW,25,1998,6.3,2,21,8,38.1,3.34,1.27,0.1,0.25,0,0
FRA-Ligue 1,2324,Lens,Nampalys Mendy,SEN,MF,31,1992,11.7,0,7,2,28.6,0.6,0.17,0.0,0.0,0,0
FRA-Ligue 1,2324,Lens,Neil El Aynaoui,MAR,MF,22,2001,17.4,1,22,8,36.4,1.26,0.46,0.05,0.13,0,0
FRA-Ligue 1,2324,Lens,Oscar Cortés,COL,MF,19,2003,0.5,1,1,1,100.0,2.05,2.05,1.0,1.0,0,0
FRA-Ligue 1,2324,Lens,Przemysław Frankowski,POL,MF,28,1995,24.4,3,31,10,32.3,1.27,0.41,0.06,0.2,1,2
FRA-Ligue 1,2324,Lens,Ruben Aguilar,FRA,"MF,DF",30,1993,21.4,1,12,4,33.3,0.56,0.19,0.08,0.25,0,0
FRA-Ligue 1,2324,Lens,Salis Abdul Samed,GHA,MF,23,2000,16.9,0,5,0,0.0,0.3,0.0,0.0,,0,0
FRA-Ligue 1,2324,Lens,Stijn Spierings,NED,MF,27,1996,1.3,0,0,0,,0.0,0.0,,,0,0
FRA-Ligue 1,2324,Lens,Wesley Saïd,FRA,FW,28,1995,11.3,7,45,19,42.2,3.97,1.68,0.16,0.37,0,0
FRA-Ligue 1,2324,Lille,Aaron Malouda,FRA,FW,17,2005,0.0,0,0,0,,0.0,0.0,,,0,0
FRA-Ligue 1,2324,Lille,Adam Ounas,ALG,MF,26,1996,4.6,1,9,4,44.4,1.94,0.86,0.11,0.25,0,0
FRA-Ligue 1,2324,Lille,Alan Virginius,FRA,MF,20,2003,0.8,0,0,0,,0.0,0.0,,,0,0
FRA-Ligue 1,2324,Lille,Alexsandro Ribeiro,BRA,DF,23,1999,24.7,0,17,2,11.8,0.69,0.08,0.0,0.0,0,0
FRA-Ligue 1,2324,Lille,Andrej Ilic,SRB,FW,23,2000,0.1,0,0,0,,0.0,0.0,,,0,0
FRA-Ligue 1,2324,Lille,Angel Gomes,ENG,MF,22,2000,28.6,0,34,7,20.6,1.19,0.25,0.0,0.0,0,0
FRA-Ligue 1,2324,Lille,Ayyoub Bouaddi,MAR,MF,15,2007,1.5,0,0,0,,0.0,0.0,,,0,0
FRA-Ligue 1,2324,Lille,Bafodé Diakité,FRA,DF,22,2001,18.8,5,16,7,43.8,0.85,0.37,0.31,0.71,0,0
FRA-Ligue 1,2324,Lille,Benjamin André,FRA,MF,32,1990,28.6,4,23,9,39.1,0.81,0.32,0.17,0.44,0,0
FRA-Ligue 1,2324,Lille,Carlos Baleba,CMR,MF,19,2004,0.7,0,2,1,50.0,2.95,1.48,0.0,0.0,0,0
FRA-Ligue 1,2324,Lille,Edon Zhegrova,KVX,"MF,FW",24,1999,25.4,6,82,29,35.4,3.23,1.14,0.07,0.21,0,0
FRA-Ligue 1,2324,Lille,Gabriel Gudmundsson,SWE,"MF,DF",24,1999,14.1,1,15,5,33.3,1.07,0.36,0.07,0.2,0,0
FRA-Ligue 1,2324,Lille,Hákon Haraldsson,ISL,"MF,FW",20,2003,14.3,2,12,6,50.0,0.84,0.42,0.17,0.33,0,0
FRA-Ligue 1,2324,Lille,Ichem Ferrah,FRA,FW,17,2005,0.0,0,0,0,,0.0,0.0,,,0,0
FRA-Ligue 1,2324,Lille,Ignacio Miramon,ARG,MF,20,2003,0.4,0,2,1,50.0,4.62,2.31,0.0,0.0,0,0
FRA-Ligue 1,2324,Lille,Ismaily,BRA,DF,33,1990,27.4,1,7,4,57.1,0.26,0.15,0.14,0.25,0,0
FRA-Ligue 1,2324,Lille,Ivan Cavaleiro,POR,"MF,FW",29,1993,8.6,1,11,3,27.3,1.29,0.35,0.09,0.33,0,0
FRA-Ligue 1,2324,Lille,Jonathan David,CAN,FW,23,2000,29.2,19,79,47,59.5,2.7,1.61,0.22,0.36,2,3
FRA-Ligue 1,2324,Lille,Leny Yoro,FRA,DF,17,2005,29.7,2,14,8,57.1,0.47,0.27,0.14,0.25,0,0
FRA-Ligue 1,2324,Lille,Lucas Chevalier,FRA,GK,21,2001,33.0,0,0,0,,0.0,0.0,,,0,0
FRA-Ligue 1,2324,Lille,Nabil Bentaleb,ALG,MF,28,1994,21.9,0,10,2,20.0,0.46,0.09,0.0,0.0,0,0
FRA-Ligue 1,2324,Lille,Rémy Cabella,FRA,"MF,FW",33,1990,16.4,2,33,14,42.4,2.01,0.85,0.06,0.14,0,0
FRA-Ligue 1,2324,Lille,Samuel Umtiti,FRA,DF,29,1993,2.1,0,0,0,,0.0,0.0,,,0,0
FRA-Ligue 1,2324,Lille,Tiago Fonseca Morais,POR,"FW,MF",19,2003,0.5,0,1,0,0.0,1.96,0.0,0.0,,0,0
FRA-Ligue 1,2324,Lille,Tiago Santos,POR,DF,21,2002,26.3,1,33,7,21.2,1.26,0.27,0.03,0.14,0,0
FRA-Ligue 1,2324,Lille,Trévis Dago,CIV,FW,18,2005,0.3,0,1,0,0.0,3.91,0.0,0.0,,0,0
FRA-Ligue 1,2324,Lille,Vito Mannone,ITA,GK,35,1988,1.0,0,0,0,,0.0,0.0,,,0,0
FRA-Ligue 1,2324,Lille,Yusuf Yazıcı,TUR,"MF,FW",26,1997,14.6,5,40,14,35.0,2.74,0.96,0.13,0.36,0,0
FRA-Ligue 1,2324,Lorient,Adrian Grbić,AUT,"FW,MF",26,1996,0.3,0,2,0,0.0,5.81,0.0,0.0,,0,0
FRA-Ligue 1,2324,Lorient,Aurélien Pelon,FRA,DF,19,2004,1.0,0,0,0,,0.0,0.0,,,0,0
FRA-Ligue 1,2324,Lorient,Ayman Kari,FRA,MF,18,2004,9.9,1,7,3,42.9,0.71,0.3,0.14,0.33,0,0
FRA-Ligue 1,2324,Lorient,Badredine Bouanani,ALG,MF,18,2004,4.9,1,15,5,33.3,3.05,1.02,0.07,0.2,0,0
FRA-Ligue 1,2324,Lorient,Bamba Dieng,SEN,FW,23,2000,6.1,4,17,9,52.9,2.79,1.48,0.24,0.44,0,0
FRA-Ligue 1,2324,Lorient,Bamo Meïté,CIV,DF,21,2001,1.6,0,0,0,,0.0,0.0,,,0,0
FRA-Ligue 1,2324,Lorient,Bassirou Ndiaye,SEN,FW,21,2002,1.7,0,0,0,,0.0,0.0,,,0,0
FRA-Ligue 1,2324,Lorient,Benjamin Mendy,FRA,"MF,DF",29,1994,7.9,2,13,4,30.8,1.65,0.51,0.15,0.5,0,0
FRA-Ligue 1,2324,Lorient,Bonke Innocent,NGA,MF,27,1996,2.3,0,2,1,50.0,0.86,0.43,0.0,0.0,0,0
FRA-Ligue 1,2324,Lorient,Darlin Yongwa,CMR,"MF,DF",22,2000,12.9,1,15,5,33.3,1.16,0.39,0.07,0.2,0,0
FRA-Ligue 1,2324,Lorient,Dembo Sylla,GUI,"DF,MF",20,2002,0.5,0,1,0,0.0,2.0,0.0,0.0,,0,0
FRA-Ligue 1,2324,Lorient,Eli Junior Kroupi,FRA,FW,17,2006,12.0,5,22,12,54.5,1.83,1.0,0.23,0.42,0,0
FRA-Ligue 1,2324,Lorient,Formose Mendy,SEN,DF,22,2001,14.0,0,7,2,28.6,0.5,0.14,0.0,0.0,0,0
FRA-Ligue 1,2324,Lorient,Gino Caoki,FRA,FW,19,2004,0.1,0,0,0,,0.0,0.0,,,0,0
FRA-Ligue 1,2324,Lorient,Gédéon Kalulu,COD,"MF,DF",25,1997,10.8,0,6,1,16.7,0.56,0.09,0.0,0.0,0,0
FRA-Ligue 1,2324,Lorient,Ibrahima Koné,MLI,FW,24,1999,0.4,0,0,0,,0.0,0.0,,,0,0
FRA-Ligue 1,2324,Lorient,Igor Carioca,BRA,"MF,DF",26,1996,2.9,0,1,0,0.0,0.34,0.0,0.0,,0,0
FRA-Ligue 1,2324,Lorient,Imran Louza,MAR,MF,24,1999,9.6,1,22,5,22.7,2.29,0.52,0.05,0.2,0,0
FRA-Ligue 1,2324,Lorient,Jean-Victor Makengo,FRA,"MF,FW",25,1998,5.3,0,5,2,40.0,0.94,0.38,0.0,0.0,0,0
FRA-Ligue 1,2324,Lorient,Joel Mvuka,NOR,MF,20,2002,2.2,0,1,0,0.0,0.46,0.0,0.0,,0,0
FRA-Ligue 1,2324,Lorient,Julien Laporte,FRA,DF,29,1993,20.2,0,13,1,7.7,0.64,0.05,0.0,0.0,0,0
FRA-Ligue 1,2324,Lorient,Julien Ponceau,FRA,MF,22,2000,24.9,3,33,13,39.4,1.32,0.52,0.09,0.23,0,0
FRA-Ligue 1,2324,Lorient,Laurent Abergel,FRA,MF,30,1993,31.8,2,26,11,42.3,0.82,0.35,0.08,0.18,0,0
FRA-Ligue 1,2324,Lorient,Loris Mouyokolo,FRA,DF,22,2001,1.0,0,0,0,,0.0,0.0,,,0,0
FRA-Ligue 1,2324,Lorient,Mohamed Bamba,CIV,FW,21,2001,12.6,8,38,18,47.4,3.01,1.42,0.18,0.39,1,1
FRA-Ligue 1,2324,Lorient,Montassar Talbi,TUN,DF,25,1998,24.5,0,5,2,40.0,0.2,0.08,0.0,0.0,0,0
FRA-Ligue 1,2324,Lorient,Nathaniel Adjei,GHA,DF,20,2002,13.8,0,4,0,0.0,0.29,0.0,0.0,,0,0
FRA-Ligue 1,2324,Lorient,Pablo Pagis,FRA,MF,20,2002,1.8,0,3,1,33.3,1.64,0.55,0.0,0.0,0,0
FRA-Ligue 1,2324,Lorient,Panos Katseris,GRE,MF,22,2001,11.6,1,17,6,35.3,1.47,0.52,0.06,0.17,0,0
FRA-Ligue 1,2324,Lorient,Romain Faivre,FRA,MF,25,1998,16.1,5,27,10,37.0,1.67,0.62,0.19,0.5,0,0
FRA-Ligue 1,2324,Lorient,Royce Openda,GAB,FW,21,2002,0.2,0,0,0,,0.0,0.0,,,0,0
FRA-Ligue 1,2324,Lorient,Siriné Doucouré,MLI,FW,21,2002,4.7,1,9,5,55.6,1.91,1.06,0.11,0.2,0,0
FRA-Ligue 1,2324,Lorient,Souleymane Touré,FRA,DF,20,2003,22.8,1,18,9,50.0,0.79,0.39,0.06,0.11,0,0
FRA-Ligue 1,2324,Lorient,Théo Le Bris,FRA,MF,20,2002,16.8,0,13,2,15.4,0.77,0.12,0.0,0.0,0,0
FRA-Ligue 1,2324,Lorient,Tiemoué Bakayoko,FRA,MF,28,1994,14.6,2,12,7,58.3,0.82,0.48,0.17,0.29,0,0
FRA-Ligue 1,2324,Lorient,Tosin Aiyegun,BEN,"MF,FW",25,1998,10.0,2,11,3,27.3,1.1,0.3,0.18,0.67,0,0
FRA-Ligue 1,2324,Lorient,Vincent Le Goff,FRA,"MF,DF",33,1989,6.0,1,4,1,25.0,0.67,0.17,0.25,1.0,0,0
FRA-Ligue 1,2324,Lorient,Yvon Mvogo,SUI,GK,29,1994,34.0,0,0,0,,0.0,0.0,,,0,0
FRA-Ligue 1,2324,Lyon,Adryelson,BRA,DF,25,1998,0.1,0,0,0,,0.0,0.0,,,0,0
FRA-Ligue 1,2324,Lyon,Ainsley Maitland-Niles,ENG,"DF,MF",25,1997,15.9,1,18,6,33.3,1.13,0.38,0.0,0.0,1,1
FRA-Ligue 1,2324,Lyon,Alexandre Lacazette,FRA,FW,32,1991,25.5,19,62,36,58.1,2.43,1.41,0.27,0.47,2,2
FRA-Ligue 1,2324,Lyon,Amin Sarr,SWE,FW,22,2001,1.1,0,5,2,40.0,4.59,1.84,0.0,0.0,0,0
FRA-Ligue 1,2324,Lyon,Anthony Lopes,POR,GK,32,1990,31.0,0,0,0,,0.0,0.0,,,0,0
FRA-Ligue 1,2324,Lyon,Bradley Barcola,FRA,MF,20,2002,3.0,0,2,0,0.0,0.67,0.0,0.0,,0,0
FRA-Ligue 1,2324,Lyon,Chaim El Djebali,TUN,MF,19,2004,0.1,0,0,0,,0.0,0.0,,,0,0
FRA-Ligue 1,2324,Lyon,Clinton Mata,ANG,"DF,MF",30,1992,24.7,0,14,0,0.0,0.57,0.0,0.0,,0,0
FRA-Ligue 1,2324,Lyon,Corentin Tolisso,FRA,MF,28,1994,19.3,3,39,14,35.9,2.02,0.72,0.05,0.14,1,1
FRA-Ligue 1,2324,Lyon,Dejan Lovren,CRO,DF,34,1989,8.0,0,6,4,66.7,0.75,0.5,0.0,0.0,0,0
FRA-Ligue 1,2324,Lyon,Diego Moreira,BEL,MF,18,2004,3.0,0,5,2,40.0,1.67,0.67,0.0,0.0,0,0
FRA-Ligue 1,2324,Lyon,Duje Ćaleta-Car,CRO,DF,26,1996,22.1,0,7,1,14.3,0.32,0.05,0.0,0.0,0,0
FRA-Ligue 1,2324,Lyon,Ernest Nuamah,GHA,"FW,MF",19,2003,20.4,3,43,20,46.5,2.11,0.98,0.07,0.15,0,0
FRA-Ligue 1,2324,Lyon,Gift Orban,NGA,FW,21,2002,5.3,1,8,2,25.0,1.52,0.38,0.13,0.5,0,0
FRA-Ligue 1,2324,Lyon,Henrique,BRA,"DF,MF",29,1994,6.7,1,8,3,37.5,1.19,0.44,0.13,0.33,0,0
FRA-Ligue 1,2324,Lyon,Jake O'Brien,IRL,DF,22,2001,26.3,4,18,8,44.4,0.68,0.3,0.22,0.5,0,0
FRA-Ligue 1,2324,Lyon,Jeffinho,BRA,"MF,FW",23,1999,3.4,1,11,3,27.3,3.21,0.88,0.09,0.33,0,0
FRA-Ligue 1,2324,Lyon,Johann Lepenant,FRA,MF,20,2002,2.8,0,4,2,50.0,1.42,0.71,0.0,0.0,0,0
FRA-Ligue 1,2324,Lyon,Mahamadou Diawara,FRA,MF,18,2005,4.0,0,6,0,0.0,1.51,0.0,0.0,,0,0
FRA-Ligue 1,2324,Lyon,Malick Fofana,BEL,"FW,MF",18,2005,6.2,3,9,7,77.8,1.45,1.13,0.33,0.43,0,0
FRA-Ligue 1,2324,Lyon,Mama Samba Baldé,GNB,FW,27,1995,6.1,2,17,9,52.9,2.78,1.47,0.12,0.22,0,0
FRA-Ligue 1,2324,Lyon,Mamadou Sarr,SEN,DF,17,2005,0.1,0,0,0,,0.0,0.0,,,0,0
FRA-Ligue 1,2324,Lyon,Maxence Caqueret,FRA,MF,23,2000,33.6,1,24,9,37.5,0.71,0.27,0.04,0.11,0,0
FRA-Ligue 1,2324,Lyon,Mohamed El Arouch,FRA,MF,19,2004,0.0,0,0,0,,0.0,0.0,,,0,0
FRA-Ligue 1,2324,Lyon,Nemanja Matić,SRB,MF,34,1988,13.9,0,6,2,33.3,0.43,0.14,0.0,0.0,0,0
FRA-Ligue 1,2324,Lyon,Nicolás Tagliafico,ARG,"DF,MF",30,1992,23.6,3,15,6,40.0,0.64,0.25,0.2,0.5,0,0
FRA-Ligue 1,2324,Lyon,Orel Mangala,BEL,MF,25,1998,4.4,2,5,2,40.0,1.13,0.45,0.4,1.0,0,0
FRA-Ligue 1,2324,Lyon,Paul Akouokou,CIV,MF,25,1997,3.4,0,2,0,0.0,0.59,0.0,0.0,,0,0
FRA-Ligue 1,2324,Lyon,Rayan Cherki,FRA,"MF,FW",19,2003,19.1,1,57,17,29.8,2.98,0.89,0.02,0.06,0,0
FRA-Ligue 1,2324,Lyon,Rémy Riou,FRA,GK,35,1987,3.0,0,0,0,,0.0,0.0,,,0,0
FRA-Ligue 1,2324,Lyon,Sael Kumbedi,FRA,"DF,MF",18,2005,10.3,0,6,4,66.7,0.58,0.39,0.0,0.0,0,0
FRA-Ligue 1,2324,Lyon,Saïd Benrahma,ALG,"FW,MF",27,1995,8.6,3,25,9,36.0,2.92,1.05,0.12,0.33,0,0
FRA-Ligue 1,2324,Lyon,Sinaly Diomande,CIV,DF,22,2001,9.9,0,6,1,16.7,0.61,0.1,0.0,0.0,0,0
FRA-Ligue 1,2324,Lyon,Skelly Alvero,FRA,MF,21,2002,4.7,1,9,3,33.3,1.9,0.63,0.11,0.33,0,0
FRA-Ligue 1,2324,Lyon,Tino Kadewere,ZIM,FW,27,1996,3.3,0,6,1,16.7,1.82,0.3,0.0,0.0,0,0
FRA-Ligue 1,2324,Marseille,Amine Harit,MAR,MF,26,1997,20.2,1,33,8,24.2,1.63,0.4,0.03,0.13,0,0
FRA-Ligue 1,2324,Marseille,Azzedine Ounahi,MAR,MF,23,2000,13.4,2,16,4,25.0,1.19,0.3,0.13,0.5,0,0
FRA-Ligue 1,2324,Marseille,Bamo Meïté,CIV,DF,21,2001,7.1,0,1,0,0.0,0.14,0.0,0.0,,0,0
FRA-Ligue 1,2324,Marseille,Bilal Nadir,MAR,MF,19,2003,1.3,0,1,0,0.0,0.8,0.0,0.0,,0,0
FRA-Ligue 1,2324,Marseille,Chancel Mbemba,COD,DF,28,1994,24.5,2,19,2,10.5,0.77,0.08,0.11,1.0,0,0
FRA-Ligue 1,2324,Marseille,Emran Soglo,FRA,MF,18,2005,1.2,1,1,1,100.0,0.83,0.83,1.0,1.0,0,0
FRA-Ligue 1,2324,Marseille,Faris Pemi Moumbagna,CMR,FW,23,2000,6.1,3,16,5,31.3,2.63,0.82,0.19,0.6,0,0
FRA-Ligue 1,2324,Marseille,François Mughe,CMR,MF,19,2004,2.0,0,3,0,0.0,1.53,0.0,0.0,,0,0
FRA-Ligue 1,2324,Marseille,Geoffrey Kondogbia,CTA,MF,30,1993,16.3,0,8,1,12.5,0.49,0.06,0.0,0.0,0,0
FRA-Ligue 1,2324,Marseille,Iliman Ndiaye,SEN,"FW,MF",23,2000,18.0,3,35,9,25.7,1.95,0.5,0.09,0.33,0,0
FRA-Ligue 1,2324,Marseille,Ismaila Sarr,SEN,"MF,FW",25,1998,16.1,3,25,10,40.0,1.55,0.62,0.12,0.3,0,0
FRA-Ligue 1,2324,Marseille,Jean Onana,CMR,MF,23,2000,6.3,1,8,3,37.5,1.27,0.48,0.13,0.33,0,0
FRA-Ligue 1,2324,Marseille,Joaquín Correa,ARG,"MF,FW",28,1994,4.8,0,4,2,50.0,0.84,0.42,0.0,0.0,0,0
FRA-Ligue 1,2324,Marseille,Jonathan Clauss,FRA,"DF,MF",30,1992,23.0,3,28,8,28.6,1.22,0.35,0.11,0.38,0,0
FRA-Ligue 1,2324,Marseille,Jordan Veretout,FRA,MF,30,1993,24.3,1,36,9,25.0,1.48,0.37,0.03,0.11,0,0
FRA-Ligue 1,2324,Marseille,Keyliane Abdallah,FRA,FW,17,2006,0.0,0,0,0,,0.0,0.0,,,0,0
FRA-Ligue 1,2324,Marseille,Leonardo Balerdi,ARG,DF,24,1999,25.2,2,14,4,28.6,0.55,0.16,0.14,0.5,0,0
FRA-Ligue 1,2324,Marseille,Luis Henrique,BRA,"FW,MF",21,2001,8.7,1,12,3,25.0,1.38,0.34,0.08,0.33,0,0
FRA-Ligue 1,2324,Marseille,Mattéo Guendouzi,FRA,MF,24,1999,0.2,0,2,2,100.0,9.47,9.47,0.0,0.0,0,0
FRA-Ligue 1,2324,Marseille,Michael Amir Murillo,PAN,"DF,MF",27,1996,11.1,3,5,4,80.0,0.45,0.36,0.6,0.75,0,0
FRA-Ligue 1,2324,Marseille,Noam Mayoka-Tika,BEL,MF,19,2003,0.0,0,0,0,,0.0,0.0,,,0,0
FRA-Ligue 1,2324,Marseille,Pape Gueye,SEN,"MF,DF",24,1999,8.5,1,8,2,25.0,0.94,0.24,0.13,0.5,0,0
FRA-Ligue 1,2324,Marseille,Pau López,ESP,GK,28,1994,32.7,0,0,0,,0.0,0.0,,,0,0
FRA-Ligue 1,2324,Marseille,Pierre-Emerick Aubameyang,GAB,FW,34,1989,29.1,17,116,51,44.0,3.98,1.75,0.11,0.25,4,4
FRA-Ligue 1,2324,Marseille,Quentin Merlin,FRA,"DF,MF",21,2002,7.8,0,5,1,20.0,0.64,0.13,0.0,0.0,0,0
FRA-Ligue 1,2324,Marseille,Raimane Daou,COM,DF,18,2004,0.3,0,0,0,,0.0,0.0,,,0,0
FRA-Ligue 1,2324,Marseille,Renan Lodi,BRA,"DF,MF",25,1998,13.7,0,6,2,33.3,0.44,0.15,0.0,0.0,0,0
FRA-Ligue 1,2324,Marseille,Rubén Blanco,ESP,GK,28,1995,1.3,0,0,0,,0.0,0.0,,,0,0
FRA-Ligue 1,2324,Marseille,Samuel Gigot,FRA,DF,29,1993,19.2,3,19,9,47.4,0.99,0.47,0.16,0.33,0,0
FRA-Ligue 1,2324,Marseille,Sofiane Sidi Ali,FRA,FW,28,1995,0.2,0,1,0,0.0,5.0,0.0,0.0,,0,0
FRA-Ligue 1,2324,Marseille,Ulisses Garcia,SUI,"DF,MF",27,1996,10.1,0,11,5,45.5,1.09,0.5,0.0,0.0,0,0
FRA-Ligue 1,2324,Marseille,Valentin Rongier,FRA,MF,28,1994,9.5,0,10,3,30.0,1.06,0.32,0.0,0.0,0,0
FRA-Ligue 1,2324,Marseille,Vitinha,POR,FW,23,2000,10.3,3,37,9,24.3,3.61,0.88,0.08,0.33,0,0
FRA-Ligue 1,2324,Metz,Ablie Jallow,GAM,"MF,FW",24,1998,10.2,3,18,7,38.9,1.76,0.69,0.11,0.29,1,1
FRA-Ligue 1,2324,Metz,Abou Lô,SEN,"MF,DF",23,2000,2.2,0,1,0,0.0,0.46,0.0,0.0,,0,0
FRA-Ligue 1,2324,Metz,Alexandre Oukidja,ALG,GK,35,1988,33.2,0,0,0,,0.0,0.0,,,0,0
FRA-Ligue 1,2324,Metz,Arthur Atta,FRA,MF,20,2003,10.3,1,9,4,44.4,0.88,0.39,0.11,0.25,0,0
FRA-Ligue 1,2324,Metz,Benjamin Tetteh,GHA,FW,26,1997,3.1,0,3,1,33.3,0.97,0.32,0.0,0.0,0,0
FRA-Ligue 1,2324,Metz,Cheikh Tidiane Sabaly,SEN,"MF,FW",24,1999,15.3,3,21,9,42.9,1.37,0.59,0.14,0.33,0,0
FRA-Ligue 1,2324,Metz,Christophe Hérelle,MTQ,DF,30,1992,18.0,0,4,0,0.0,0.22,0.0,0.0,,0,0
FRA-Ligue 1,2324,Metz,Danley Jean-Jacques,HAI,MF,23,2000,29.8,0,34,5,14.7,1.14,0.17,0.0,0.0,0,0
FRA-Ligue 1,2324,Metz,Didier Lamkel Zé,CMR,"FW,MF",26,1996,6.1,1,11,3,27.3,1.8,0.49,0.09,0.33,0,0
FRA-Ligue 1,2324,Metz,Fali Candé,GNB,DF,25,1998,20.5,0,13,7,53.8,0.63,0.34,0.0,0.0,0,0
FRA-Ligue 1,2324,Metz,Georges Mikautadze,GEO,FW,22,2000,19.4,13,57,27,47.4,2.94,1.39,0.18,0.37,3,3
FRA-Ligue 1,2324,Metz,Guillaume Dietsch,FRA,GK,22,2001,0.8,0,0,0,,0.0,0.0,,,0,0
FRA-Ligue 1,2324,Metz,Habib Maïga,CIV,MF,27,1996,1.6,0,2,0,0.0,1.22,0.0,0.0,,0,0
FRA-Ligue 1,2324,Metz,Ibou Sané,SEN,FW,18,2005,1.4,1,2,1,50.0,1.41,0.7,0.5,1.0,0,0
FRA-Ligue 1,2324,Metz,Ismaël Traoré,CIV,DF,36,1986,24.7,2,10,4,40.0,0.41,0.16,0.2,0.5,0,0
FRA-Ligue 1,2324,Metz,Joel Asoro,SWE,"MF,FW",24,1999,9.4,2,6,3,50.0,0.64,0.32,0.33,0.67,0,0
FRA-Ligue 1,2324,Metz,Joseph Nduquidi,FRA,"MF,DF",18,2004,8.3,0,4,1,25.0,0.48,0.12,0.0,0.0,0,0
FRA-Ligue 1,2324,Metz,Koffi Kouao,CIV,DF,25,1998,9.6,0,5,1,20.0,0.52,0.1,0.0,0.0,0,0
FRA-Ligue 1,2324,Metz,Kévin N'Doram,FRA,MF,27,1996,17.8,0,7,1,14.3,0.39,0.06,0.0,0.0,0,0
FRA-Ligue 1,2324,Metz,Kévin Van Den Kerkhof,ALG,"MF,FW",27,1996,21.3,1,20,7,35.0,0.94,0.33,0.05,0.14,0,0
FRA-Ligue 1,2324,Metz,Lamine Camara,SEN,MF,19,2004,25.1,1,30,9,30.0,1.2,0.36,0.03,0.11,0,1
FRA-Ligue 1,2324,Metz,Malick Mbaye,SEN,MF,19,2004,1.7,0,4,0,0.0,2.35,0.0,0.0,,0,0
FRA-Ligue 1,2324,Metz,Matthieu Udol,FRA,DF,27,1996,30.0,3,19,8,42.1,0.63,0.27,0.16,0.38,0,0
FRA-Ligue 1,2324,Metz,Maxime Colin,FRA,DF,31,1991,20.4,0,6,0,0.0,0.29,0.0,0.0,,0,0
FRA-Ligue 1,2324,Metz,N'Guessan Kouadio,CIV,MF,20,2003,1.2,0,3,1,33.3,2.45,0.82,0.0,0.0,0,0
FRA-Ligue 1,2324,Metz,Oscar Estupiñan,COL,FW,26,1996,2.9,0,6,1,16.7,2.08,0.35,0.0,0.0,0,0
FRA-Ligue 1,2324,Metz,Papa Amadou Diallo,SEN,"MF,FW",19,2004,9.9,2,13,6,46.2,1.32,0.61,0.15,0.33,0,0
FRA-Ligue 1,2324,Metz,Sadibou Sané,SEN,DF,19,2004,9.4,0,5,1,20.0,0.53,0.11,0.0,0.0,0,0
FRA-Ligue 1,2324,Metz,Simon Elisor,FRA,FW,24,1999,8.5,1,14,7,50.0,1.64,0.82,0.07,0.14,0,1
FRA-Ligue 1,2324,Metz,Youssef Maziz,FRA,MF,25,1998,1.4,1,4,2,50.0,2.9,1.45,0.25,0.5,0,0
FRA-Ligue 1,2324,Monaco,Aleksandr Golovin,RUS,MF,27,1996,23.9,6,45,20,44.4,1.89,0.84,0.13,0.3,0,0
FRA-Ligue 1,2324,Monaco,Antonin Cartillier,FRA,DF,19,2004,0.1,0,0,0,,0.0,0.0,,,0,0
FRA-Ligue 1,2324,Monaco,Breel Embolo,SUI,FW,26,1997,2.0,1,6,3,50.0,2.97,1.48,0.17,0.33,0,0
FRA-Ligue 1,2324,Monaco,Caio Henrique,BRA,"MF,DF",26,1997,6.9,0,6,1,16.7,0.87,0.14,0.0,0.0,0,0
FRA-Ligue 1,2324,Monaco,Chrislain Matsima,FRA,DF,21,2002,3.3,0,2,0,0.0,0.6,0.0,0.0,,0,0
FRA-Ligue 1,2324,Monaco,Denis Zakaria,SUI,"MF,DF",26,1996,23.7,4,26,10,38.5,1.09,0.42,0.15,0.4,0,0
FRA-Ligue 1,2324,Monaco,Edan Diop,FRA,MF,18,2004,1.8,0,0,0,,0.0,0.0,,,0,0
FRA-Ligue 1,2324,Monaco,Eliesse Ben Seghir,MAR,"MF,FW",18,2005,4.8,2,14,4,28.6,2.94,0.84,0.14,0.5,0,0
FRA-Ligue 1,2324,Monaco,Eliot Matazo,BEL,MF,21,2002,1.1,0,1,1,100.0,0.88,0.88,0.0,0.0,0,0
FRA-Ligue 1,2324,Monaco,Folarin Balogun,USA,FW,22,2001,18.8,7,66,29,43.9,3.51,1.54,0.11,0.24,0,3
FRA-Ligue 1,2324,Monaco,Guillermo Maripán,CHI,DF,29,1994,19.6,1,11,5,45.5,0.56,0.25,0.09,0.2,0,0
FRA-Ligue 1,2324,Monaco,Ismail Jakobs,SEN,"MF,DF",23,1999,16.3,1,21,7,33.3,1.29,0.43,0.05,0.14,0,0
FRA-Ligue 1,2324,Monaco,Kassoum Ouattara,FRA,"DF,MF",18,2004,7.1,1,8,5,62.5,1.13,0.71,0.13,0.2,0,0
FRA-Ligue 1,2324,Monaco,Krépin Diatta,SEN,"MF,DF",24,1999,13.4,0,9,0,0.0,0.67,0.0,0.0,,0,0
FRA-Ligue 1,2324,Monaco,Lucas Michal,FRA,FW,18,2005,0.1,0,0,0,,0.0,0.0,,,0,0
FRA-Ligue 1,2324,Monaco,Maghnes Akliouche,FRA,MF,21,2002,17.9,7,35,21,60.0,1.95,1.17,0.2,0.33,0,0
FRA-Ligue 1,2324,Monaco,Mamadou Coulibaly,FRA,MF,19,2004,1.3,0,2,0,0.0,1.53,0.0,0.0,,0,0
FRA-Ligue 1,2324,Monaco,Mohamed Camara,MLI,MF,23,2000,11.5,1,14,4,28.6,1.22,0.35,0.0,0.0,1,1
FRA-Ligue 1,2324,Monaco,Mohammed Salisu,GHA,DF,24,1999,11.5,0,4,1,25.0,0.35,0.09,0.0,0.0,0,0
FRA-Ligue 1,2324,Monaco,Myron Boadu,NED,FW,22,2001,0.9,1,2,2,100.0,2.12,2.12,0.5,0.5,0,0
FRA-Ligue 1,2324,Monaco,Philipp Köhn,SUI,GK,25,1998,22.0,0,0,0,,0.0,0.0,,,0,0
FRA-Ligue 1,2324,Monaco,Radosław Majecki,POL,GK,23,1999,12.0,0,0,0,,0.0,0.0,,,0,0
FRA-Ligue 1,2324,Monaco,Saïmon Bouabré,FRA,MF,17,2006,0.5,0,0,0,,0.0,0.0,,,0,0
FRA-Ligue 1,2324,Monaco,Soungoutou Magassa,FRA,DF,19,2003,15.0,0,8,3,37.5,0.53,0.2,0.0,0.0,0,0
FRA-Ligue 1,2324,Monaco,Takumi Minamino,JPN,MF,28,1995,23.5,9,61,29,47.5,2.59,1.23,0.15,0.31,0,0
FRA-Ligue 1,2324,Monaco,Thilo Kehrer,GER,DF,26,1996,14.7,1,12,4,33.3,0.82,0.27,0.08,0.25,0,0
FRA-Ligue 1,2324,Monaco,Vanderson,BRA,"MF,DF",22,2001,18.2,3,30,10,33.3,1.65,0.55,0.1,0.3,0,0
FRA-Ligue 1,2324,Monaco,Wilfried Singo,CIV,DF,22,2000,24.3,1,19,7,36.8,0.78,0.29,0.05,0.14,0,0
FRA-Ligue 1,2324,Monaco,Wissam Ben Yedder,FRA,FW,32,1990,25.7,16,64,31,48.4,2.49,1.2,0.23,0.48,1,1
FRA-Ligue 1,2324,Monaco,Youssouf Fofana,FRA,MF,24,1999,30.0,4,52,14,26.9,1.74,0.47,0.08,0.29,0,0
FRA-Ligue 1,2324,Montpellier,Akor Adams,NGA,FW,23,2000,25.0,8,79,33,41.8,3.16,1.32,0.1,0.24,0,0
FRA-Ligue 1,2324,Montpellier,Arnaud Nordin,FRA,"MF,FW",25,1998,13.8,5,31,14,45.2,2.24,1.01,0.16,0.36,0,0
FRA-Ligue 1,2324,Montpellier,Axel Gueguin,FRA,DF,18,2005,1.5,0,0,0,,0.0,0.0,,,0,0
FRA-Ligue 1,2324,Montpellier,Becir Omeragic,SUI,"DF,MF",21,2002,25.7,0,9,3,33.3,0.35,0.12,0.0,0.0,0,0
FRA-Ligue 1,2324,Montpellier,Benjamin Lecomte,FRA,GK,32,1991,30.0,0,0,0,,0.0,0.0,,,0,0
FRA-Ligue 1,2324,Montpellier,Boubakar Kouyaté,MLI,DF,26,1997,21.4,0,13,2,15.4,0.61,0.09,0.0,0.0,0,0
FRA-Ligue 1,2324,Montpellier,Christopher Jullien,FRA,DF,30,1993,13.7,1,7,1,14.3,0.51,0.07,0.14,1.0,0,0
FRA-Ligue 1,2324,Montpellier,Dimitry Bertaud,COD,GK,25,1998,4.0,0,0,0,,0.0,0.0,,,0,0
FRA-Ligue 1,2324,Montpellier,Elye Wahi,CIV,FW,20,2003,0.2,0,0,0,,0.0,0.0,,,0,0
FRA-Ligue 1,2324,Montpellier,Enzo Tchato,CMR,DF,20,2002,12.5,0,5,1,20.0,0.4,0.08,0.0,0.0,0,0
FRA-Ligue 1,2324,Montpellier,Falaye Sacko,MLI,DF,28,1995,15.4,0,1,0,0.0,0.07,0.0,0.0,,0,0
FRA-Ligue 1,2324,Montpellier,Issiaga Sylla,GUI,"DF,MF",29,1994,16.2,1,12,5,41.7,0.74,0.31,0.08,0.2,0,0
FRA-Ligue 1,2324,Montpellier,Jordan Ferri,FRA,MF,31,1992,22.6,1,9,1,11.1,0.4,0.04,0.11,1.0,0,0
FRA-Ligue 1,2324,Montpellier,Joris Chotard,FRA,MF,21,2001,28.7,0,21,7,33.3,0.73,0.24,0.0,0.0,0,0
FRA-Ligue 1,2324,Montpellier,Kelvin Yeboah,ITA,FW,23,2000,3.1,0,7,4,57.1,2.28,1.3,0.0,0.0,0,0
FRA-Ligue 1,2324,Montpellier,Khalil Fayad,FRA,MF,19,2004,11.4,3,17,7,41.2,1.49,0.61,0.18,0.43,0,0
FRA-Ligue 1,2324,Montpellier,Lucas Mincarelli,FRA,"DF,MF",19,2004,10.9,1,6,3,50.0,0.55,0.28,0.17,0.33,0,0
FRA-Ligue 1,2324,Montpellier,Léo Leroy,FRA,MF,23,2000,5.5,0,7,1,14.3,1.26,0.18,0.0,0.0,0,0
FRA-Ligue 1,2324,Montpellier,Mamadou Sakho,FRA,DF,33,1990,0.1,0,0,0,,0.0,0.0,,,0,0
FRA-Ligue 1,2324,Montpellier,Maxime Estève,FRA,DF,21,2002,11.1,1,6,2,33.3,0.54,0.18,0.17,0.5,0,0
FRA-Ligue 1,2324,Montpellier,Modibo Sagnan,MLI,DF,24,1999,11.7,2,10,3,30.0,0.85,0.26,0.2,0.67,0,0
FRA-Ligue 1,2324,Montpellier,Musa Al-Taamari,JOR,"MF,FW",26,1997,21.4,5,47,20,42.6,2.19,0.93,0.11,0.25,0,0
FRA-Ligue 1,2324,Montpellier,Othmane Maamma,MAR,FW,17,2005,1.0,1,3,1,33.3,3.07,1.02,0.33,1.0,0,0
FRA-Ligue 1,2324,Montpellier,Sacha Delaye,FRA,MF,21,2002,1.4,0,5,2,40.0,3.46,1.38,0.0,0.0,0,0
FRA-Ligue 1,2324,Montpellier,Silvan Hefti,SUI,"DF,MF",25,1997,7.9,0,4,1,25.0,0.51,0.13,0.0,0.0,0,0
FRA-Ligue 1,2324,Montpellier,Tanguy Coulibaly,FRA,"MF,FW",22,2001,6.9,1,16,8,50.0,2.31,1.16,0.06,0.13,0,0
FRA-Ligue 1,2324,Montpellier,Théo Sainte-Luce,FRA,DF,24,1998,3.8,0,3,1,33.3,0.78,0.26,0.0,0.0,0,0
FRA-Ligue 1,2324,Montpellier,Téji Savanier,FRA,MF,31,1991,30.7,9,82,29,35.4,2.67,0.94,0.02,0.07,7,7
FRA-Ligue 1,2324,Montpellier,Wahbi Khazri,TUN,"MF,FW",32,1991,12.6,1,44,16,36.4,3.5,1.27,0.02,0.06,0,0
FRA-Ligue 1,2324,Montpellier,Yanis Issoufou,FRA,FW,16,2006,0.1,0,0,0,,0.0,0.0,,,0,0
FRA-Ligue 1,2324,Montpellier,Yann Karamoh,FRA,FW,25,1998,3.2,1,5,3,60.0,1.58,0.95,0.2,0.33,0,0
FRA-Ligue 1,2324,Nantes,Abdoul Kader Bamba,FRA,MF,29,1994,6.8,2,14,5,35.7,2.06,0.74,0.14,0.4,0,0
FRA-Ligue 1,2324,Nantes,Adel Mahamoud,COM,FW,20,2003,0.1,0,0,0,,0.0,0.0,,,0,0
FRA-Ligue 1,2324,Nantes,Adson,BRA,MF,22,2000,2.6,0,5,0,0.0,1.89,0.0,0.0,,0,0
FRA-Ligue 1,2324,Nantes,Alban Lafont,CIV,GK,24,1999,27.7,0,0,0,,0.0,0.0,,,0,0
FRA-Ligue 1,2324,Nantes,Bastien Meupiyou,FRA,DF,17,2006,0.1,0,0,0,,0.0,0.0,,,0,0
FRA-Ligue 1,2324,Nantes,Bénie Traoré,CIV,FW,20,2002,5.6,0,7,4,57.1,1.25,0.71,0.0,0.0,0,0
FRA-Ligue 1,2324,Nantes,Denis Petrić,SRB,GK,35,1988,0.3,0,0,0,,0.0,0.0,,,0,0
FRA-Ligue 1,2324,Nantes,Douglas,BRA,MF,26,1997,19.7,0,16,5,31.3,0.81,0.25,0.0,0.0,0,0
FRA-Ligue 1,2324,Nantes,Enzo Mongo,FRA,DF,18,2005,0.1,0,0,0,,0.0,0.0,,,0,0
FRA-Ligue 1,2324,Nantes,Eray Cömert,SUI,DF,25,1998,22.2,2,9,3,33.3,0.41,0.14,0.22,0.67,0,0
FRA-Ligue 1,2324,Nantes,Fabien Centonze,FRA,MF,27,1996,1.0,0,0,0,,0.0,0.0,,,0,0
FRA-Ligue 1,2324,Nantes,Florent Mollet,FRA,"MF,FW",31,1991,23.1,4,63,25,39.7,2.72,1.08,0.06,0.16,0,0
FRA-Ligue 1,2324,Nantes,Hugo Boutsingkham,FRA,DF,20,2003,0.1,0,0,0,,0.0,0.0,,,0,0
FRA-Ligue 1,2324,Nantes,Ignatius Ganago,CMR,"MF,FW",24,1999,2.0,0,6,0,0.0,2.93,0.0,0.0,,0,0
FRA-Ligue 1,2324,Nantes,Jaouen Hadjam,ALG,DF,20,2003,1.2,0,1,0,0.0,0.8,0.0,0.0,,0,0
FRA-Ligue 1,2324,Nantes,Jean-Charles Castelletto,CMR,DF,28,1995,27.4,2,10,6,60.0,0.37,0.22,0.2,0.33,0,0
FRA-Ligue 1,2324,Nantes,Jean-Kevin Duverne,HAI,DF,26,1997,15.0,0,4,1,25.0,0.27,0.07,0.0,0.0,0,0
FRA-Ligue 1,2324,Nantes,Kelvin Amian,FRA,DF,25,1998,8.9,0,1,0,0.0,0.11,0.0,0.0,,0,0
FRA-Ligue 1,2324,Nantes,Lamine Diack,SEN,MF,22,2000,0.0,0,0,0,,0.0,0.0,,,0,0
FRA-Ligue 1,2324,Nantes,Marcus Coco,FRA,"MF,DF",27,1996,16.5,1,9,3,33.3,0.55,0.18,0.11,0.33,0,0
FRA-Ligue 1,2324,Nantes,Marquinhos,BRA,MF,20,2003,1.7,0,5,1,20.0,2.92,0.58,0.0,0.0,0,0
FRA-Ligue 1,2324,Nantes,Matthis Abline,FRA,"FW,MF",20,2003,11.6,5,42,19,45.2,3.62,1.64,0.12,0.26,0,0
FRA-Ligue 1,2324,Nantes,Moses Simon,NGA,"MF,FW",28,1995,19.9,3,34,13,38.2,1.71,0.65,0.06,0.15,1,1
FRA-Ligue 1,2324,Nantes,Mostafa Mohamed,EGY,FW,25,1997,22.2,8,65,26,40.0,2.92,1.17,0.08,0.19,3,3
FRA-Ligue 1,2324,Nantes,Moussa Sissoko,FRA,MF,33,1989,20.2,0,10,3,30.0,0.49,0.15,0.0,0.0,0,0
FRA-Ligue 1,2324,Nantes,Nathan Zeze,FRA,DF,18,2005,11.4,0,3,0,0.0,0.26,0.0,0.0,,0,0
FRA-Ligue 1,2324,Nantes,Nicolas Cozza,FRA,"DF,MF",24,1999,9.9,0,5,1,20.0,0.5,0.1,0.0,0.0,0,0
FRA-Ligue 1,2324,Nantes,Nicolas Pallois,FRA,DF,35,1987,17.7,0,4,1,25.0,0.23,0.06,0.0,0.0,0,0
FRA-Ligue 1,2324,Nantes,Pedro Chirivella,ESP,MF,26,1997,28.8,1,17,6,35.3,0.59,0.21,0.06,0.17,0,0
FRA-Ligue 1,2324,Nantes,Quentin Merlin,FRA,"MF,DF",21,2002,14.3,0,14,3,21.4,0.98,0.21,0.0,0.0,0,0
FRA-Ligue 1,2324,Nantes,Ronaël Pierre-Gabriel,FRA,"DF,MF",25,1998,6.6,0,7,0,0.0,1.05,0.0,0.0,,0,0
FRA-Ligue 1,2324,Nantes,Rémy Descamps,FRA,GK,27,1996,6.0,0,0,0,,0.0,0.0,,,0,0
FRA-Ligue 1,2324,Nantes,Samuel Moutoussamy,COD,MF,26,1996,12.3,1,15,5,33.3,1.22,0.41,0.07,0.2,0,0
FRA-Ligue 1,2324,Nantes,Stredair Appuah,FRA,FW,19,2004,0.9,0,4,0,0.0,4.29,0.0,0.0,,0,0
FRA-Ligue 1,2324,Nantes,Tino Kadewere,ZIM,"FW,MF",27,1996,8.7,1,10,5,50.0,1.15,0.58,0.1,0.2,0,1
FRA-Ligue 1,2324,Nice,Alexis Claude-Maurice,FRA,MF,25,1998,5.6,0,18,6,33.3,3.21,1.07,0.0,0.0,0,0
FRA-Ligue 1,2324,Nice,Aliou Badara Baldé,GUI,FW,20,2002,0.8,0,3,2,66.7,3.91,2.61,0.0,0.0,0,0
FRA-Ligue 1,2324,Nice,Antoine Mendy,SEN,DF,19,2004,4.6,0,2,1,50.0,0.43,0.22,0.0,0.0,0,0
FRA-Ligue 1,2324,Nice,Badredine Bouanani,ALG,FW,18,2004,1.8,0,4,1,25.0,2.24,0.56,0.0,0.0,0,0
FRA-Ligue 1,2324,Nice,Bilal Brahimi,ALG,"FW,MF",23,2000,0.1,0,0,0,,0.0,0.0,,,0,0
FRA-Ligue 1,2324,Nice,Dante,BRA,DF,39,1983,31.6,1,15,5,33.3,0.47,0.16,0.07,0.2,0,0
FRA-Ligue 1,2324,Nice,Daouda Traoré,FRA,MF,17,2006,0.2,0,1,0,0.0,5.63,0.0,0.0,,0,0
FRA-Ligue 1,2324,Nice,Evann Guessand,CIV,FW,22,2001,17.3,6,48,23,47.9,2.78,1.33,0.08,0.17,2,2
FRA-Ligue 1,2324,Nice,Gaëtan Laborde,FRA,"FW,MF",29,1994,21.2,5,64,23,35.9,3.02,1.09,0.06,0.17,1,2
FRA-Ligue 1,2324,Nice,Hicham Boudaoui,ALG,MF,23,1999,17.9,2,29,6,20.7,1.62,0.33,0.07,0.33,0,0
FRA-Ligue 1,2324,Nice,Jean-Clair Todibo,FRA,DF,23,1999,29.5,0,9,1,11.1,0.31,0.03,0.0,0.0,0,0
FRA-Ligue 1,2324,Nice,Jeremie Boga,CIV,"FW,MF",26,1997,22.2,6,39,19,48.7,1.76,0.86,0.15,0.32,0,0
FRA-Ligue 1,2324,Nice,Jordan Lotomba,SUI,"DF,MF",24,1998,20.0,1,11,2,18.2,0.55,0.1,0.09,0.5,0,0
FRA-Ligue 1,2324,Nice,Khéphren Thuram,FRA,MF,22,2001,23.4,1,39,11,28.2,1.67,0.47,0.03,0.09,0,0
FRA-Ligue 1,2324,Nice,Marcin Bułka,POL,GK,23,1999,34.0,0,1,0,0.0,0.03,0.0,0.0,,0,0
FRA-Ligue 1,2324,Nice,Melvin Bard,FRA,DF,22,2000,29.5,1,15,5,33.3,0.51,0.17,0.07,0.2,0,0
FRA-Ligue 1,2324,Nice,Mohamed Ali Cho,FRA,FW,19,2004,9.6,1,18,6,33.3,1.88,0.63,0.06,0.17,0,0
FRA-Ligue 1,2324,Nice,Morgan Sanson,FRA,MF,28,1994,21.8,2,41,9,22.0,1.88,0.41,0.05,0.22,0,0
FRA-Ligue 1,2324,Nice,Pablo Rosario,DOM,"MF,DF",26,1997,22.3,0,16,3,18.8,0.72,0.13,0.0,0.0,0,0
FRA-Ligue 1,2324,Nice,Reda Belahyane,MAR,MF,19,2004,0.3,0,0,0,,0.0,0.0,,,0,0
FRA-Ligue 1,2324,Nice,Romain Perraud,FRA,DF,25,1997,4.1,0,2,0,0.0,0.49,0.0,0.0,,0,0
FRA-Ligue 1,2324,Nice,Sofiane Diop,MAR,"FW,MF",23,2000,5.5,0,14,6,42.9,2.53,1.08,0.0,0.0,0,0
FRA-Ligue 1,2324,Nice,Terem Moffi,NGA,FW,24,1999,21.7,11,49,25,51.0,2.26,1.15,0.16,0.32,3,3
FRA-Ligue 1,2324,Nice,Tom Louchet,FRA,"MF,FW",20,2003,4.5,1,2,1,50.0,0.44,0.22,0.5,1.0,0,0
FRA-Ligue 1,2324,Nice,Valentin Rosier,FRA,"DF,MF",26,1996,0.6,0,1,0,0.0,1.7,0.0,0.0,,0,0
FRA-Ligue 1,2324,Nice,Youcef Atal,ALG,DF,27,1996,4.0,1,4,1,25.0,1.0,0.25,0.25,1.0,0,0
FRA-Ligue 1,2324,Nice,Youssouf Ndayishimiye,BDI,"MF,DF",24,1998,19.0,0,14,3,21.4,0.74,0.16,0.0,0.0,0,0
FRA-Ligue 1,2324,PSG,Achraf Hakimi,MAR,"DF,MF",24,1998,21.5,4,42,12,28.6,1.96,0.56,0.1,0.33,0,0
FRA-Ligue 1,2324,PSG,Arnau Tenas,ESP,GK,22,2001,5.9,0,0,0,,0.0,0.0,,,0,0
FRA-Ligue 1,2324,PSG,Bradley Barcola,FRA,"FW,MF",20,2002,15.2,4,31,11,35.5,2.04,0.72,0.13,0.36,0,0
FRA-Ligue 1,2324,PSG,Carlos Soler,ESP,"MF,DF",26,1997,12.1,2,14,5,35.7,1.16,0.41,0.14,0.4,0,0
FRA-Ligue 1,2324,PSG,Cher Ndour,ITA,MF,19,2004,0.3,0,0,0,,0.0,0.0,,,0,0
FRA-Ligue 1,2324,PSG,Danilo Pereira,POR,DF,31,1991,22.2,0,10,1,10.0,0.45,0.05,0.0,0.0,0,0
FRA-Ligue 1,2324,PSG,Ethan Mbappé,FRA,MF,16,2006,0.5,0,2,1,50.0,3.75,1.87,0.0,0.0,0,0
FRA-Ligue 1,2324,PSG,Fabián Ruiz Peña,ESP,MF,27,1996,13.3,1,19,6,31.6,1.43,0.45,0.05,0.17,0,0
FRA-Ligue 1,2324,PSG,Gianluigi Donnarumma,ITA,GK,24,1999,24.1,0,0,0,,0.0,0.0,,,0,0
FRA-Ligue 1,2324,PSG,Gonçalo Ramos,POR,FW,22,2001,15.8,11,55,21,38.2,3.49,1.33,0.18,0.48,1,1
FRA-Ligue 1,2324,PSG,Hugo Ekitike,FRA,FW,21,2002,0.1,0,0,0,,0.0,0.0,,,0,0
FRA-Ligue 1,2324,PSG,Keylor Navas,CRC,GK,36,1986,4.0,0,0,0,,0.0,0.0,,,0,0
FRA-Ligue 1,2324,PSG,Kylian Mbappé,FRA,FW,24,1998,24.0,27,120,59,49.2,5.0,2.46,0.18,0.36,6,8
FRA-Ligue 1,2324,PSG,Layvin Kurzawa,FRA,DF,30,1992,0.1,0,0,0,,0.0,0.0,,,0,0
FRA-Ligue 1,2324,PSG,Lee Kang-in,KOR,"MF,FW",22,2001,16.3,3,23,9,39.1,1.41,0.55,0.13,0.33,0,0
FRA-Ligue 1,2324,PSG,Lucas Beraldo,BRA,DF,19,2003,11.2,1,5,2,40.0,0.45,0.18,0.2,0.5,0,0
FRA-Ligue 1,2324,PSG,Lucas Hernández,FRA,DF,27,1996,21.2,1,6,2,33.3,0.28,0.09,0.17,0.5,0,0
FRA-Ligue 1,2324,PSG,Manuel Ugarte,URU,MF,22,2001,21.5,0,10,1,10.0,0.47,0.05,0.0,0.0,0,0
FRA-Ligue 1,2324,PSG,Marco Asensio,ESP,"MF,FW",27,1996,12.4,4,27,10,37.0,2.18,0.81,0.15,0.4,0,0
FRA-Ligue 1,2324,PSG,Marquinhos,BRA,DF,29,1994,17.1,0,4,0,0.0,0.23,0.0,0.0,,0,0
FRA-Ligue 1,2324,PSG,Milan Škriniar,SVK,DF,28,1995,18.1,0,3,1,33.3,0.17,0.06,0.0,0.0,0,0
FRA-Ligue 1,2324,PSG,Nordi Mukiele,FRA,DF,25,1997,8.8,0,9,6,66.7,1.02,0.68,0.0,0.0,0,0
FRA-Ligue 1,2324,PSG,Nuno Mendes,POR,DF,21,2002,3.0,1,4,1,25.0,1.35,0.34,0.25,1.0,0,0
FRA-Ligue 1,2324,PSG,Ousmane Dembélé,FRA,"FW,MF",26,1997,16.7,3,43,14,32.6,2.57,0.84,0.07,0.21,0,0
FRA-Ligue 1,2324,PSG,Randal Kolo Muani,FRA,"FW,MF",24,1998,14.1,6,22,13,59.1,1.56,0.92,0.27,0.46,0,0
FRA-Ligue 1,2324,PSG,Senny Mayulu,FRA,"MF,FW",17,2006,3.6,0,3,0,0.0,0.83,0.0,0.0,,0,0
FRA-Ligue 1,2324,PSG,Vitinha,POR,MF,23,2000,23.6,7,45,19,42.2,1.9,0.8,0.16,0.37,0,0
FRA-Ligue 1,2324,PSG,Warren Zaïre-Emery,FRA,"MF,DF",17,2006,21.8,2,14,4,28.6,0.64,0.18,0.14,0.5,0,0
FRA-Ligue 1,2324,PSG,Yoram Zague,FRA,DF,17,2006,4.1,1,2,1,50.0,0.48,0.24,0.5,1.0,0,0
FRA-Ligue 1,2324,Reims,Abdoul Koné,FRA,DF,18,2005,2.1,0,0,0,,0.0,0.0,,,0,0
FRA-Ligue 1,2324,Reims,Adama Bojang,GAM,FW,19,2004,0.9,0,4,1,25.0,4.34,1.08,0.0,0.0,0,0
FRA-Ligue 1,2324,Reims,Amadou Koné,MLI,MF,18,2005,5.3,0,6,1,16.7,1.14,0.19,0.0,0.0,0,0
FRA-Ligue 1,2324,Reims,Amine Salama,FRA,FW,23,2000,3.5,0,6,2,33.3,1.73,0.58,0.0,0.0,0,0
FRA-Ligue 1,2324,Reims,Amir Richardson,MAR,MF,21,2002,15.0,3,17,8,47.1,1.13,0.53,0.18,0.38,0,0
FRA-Ligue 1,2324,Reims,Azor Matusiwa,NED,MF,25,1998,15.4,1,12,2,16.7,0.78,0.13,0.08,0.5,0,0
FRA-Ligue 1,2324,Reims,Benjamin Stambouli,FRA,MF,32,1990,3.2,0,2,0,0.0,0.63,0.0,0.0,,0,0
FRA-Ligue 1,2324,Reims,Christ Mbondi,FRA,FW,18,2004,0.0,0,0,0,,0.0,0.0,,,0,0
FRA-Ligue 1,2324,Reims,Emmanuel Agbadou,CIV,DF,26,1997,28.8,1,33,7,21.2,1.14,0.24,0.03,0.14,0,0
FRA-Ligue 1,2324,Reims,Ibrahim Diakité,GUI,DF,19,2003,1.2,0,0,0,,0.0,0.0,,,0,0
FRA-Ligue 1,2324,Reims,Joseph Okumu,KEN,DF,26,1997,19.4,1,11,3,27.3,0.57,0.15,0.09,0.33,0,0
FRA-Ligue 1,2324,Reims,Josh Wilson-Esbrand,ENG,"DF,MF",20,2002,5.1,1,4,1,25.0,0.78,0.2,0.25,1.0,0,0
FRA-Ligue 1,2324,Reims,Junya Itō,JPN,"FW,MF",30,1993,30.2,3,46,15,32.6,1.53,0.5,0.07,0.2,0,0
FRA-Ligue 1,2324,Reims,Keito Nakamura,JPN,"FW,MF",23,2000,15.3,4,41,13,31.7,2.67,0.85,0.1,0.31,0,0
FRA-Ligue 1,2324,Reims,Mamadou Diakhon,SEN,FW,17,2005,2.3,0,1,1,100.0,0.43,0.43,0.0,0.0,0,0
FRA-Ligue 1,2324,Reims,Marshall Munetsi,ZIM,MF,27,1996,24.1,4,44,16,36.4,1.82,0.66,0.09,0.25,0,0
FRA-Ligue 1,2324,Reims,Maxime Busi,BEL,MF,23,1999,1.8,0,1,1,100.0,0.56,0.56,0.0,0.0,0,0
FRA-Ligue 1,2324,Reims,Mohamed Daramy,DEN,"FW,MF",21,2002,18.3,4,32,12,37.5,1.75,0.66,0.09,0.25,1,1
FRA-Ligue 1,2324,Reims,Oumar Diakité,CIV,FW,19,2003,17.6,5,36,12,33.3,2.04,0.68,0.14,0.42,0,1
FRA-Ligue 1,2324,Reims,Reda Khadra,GER,"MF,FW",22,2001,15.2,1,23,12,52.2,1.51,0.79,0.04,0.08,0,0
FRA-Ligue 1,2324,Reims,Sergio Akieme,ESP,"DF,MF",25,1997,9.1,2,11,2,18.2,1.21,0.22,0.18,1.0,0,0
FRA-Ligue 1,2324,Reims,Teddy Teuma,MLT,MF,29,1993,23.5,6,44,15,34.1,1.87,0.64,0.11,0.33,1,1
FRA-Ligue 1,2324,Reims,Therence Koudou,FRA,DF,18,2004,3.5,0,2,1,50.0,0.57,0.29,0.0,0.0,0,0
FRA-Ligue 1,2324,Reims,Thibault De Smet,BEL,"DF,MF",25,1998,20.3,0,4,0,0.0,0.2,0.0,0.0,,0,0
FRA-Ligue 1,2324,Reims,Thomas Foket,BEL,"DF,MF",28,1994,20.4,0,3,0,0.0,0.15,0.0,0.0,,0,0
FRA-Ligue 1,2324,Reims,Valentin Atangana Edoa,FRA,MF,17,2005,6.2,0,9,2,22.2,1.46,0.32,0.0,0.0,0,0
FRA-Ligue 1,2324,Reims,Yaya Kader Fofana,MLI,MF,19,2004,0.4,0,3,1,33.3,8.44,2.81,0.0,0.0,0,0
FRA-Ligue 1,2324,Reims,Yehvann Diouf,SEN,GK,23,1999,34.0,0,0,0,,0.0,0.0,,,0,0
FRA-Ligue 1,2324,Reims,Yunis Abdelhamid,MAR,DF,35,1987,30.9,4,22,8,36.4,0.71,0.26,0.14,0.38,1,1
FRA-Ligue 1,2324,Rennes,Adrien Truffert,FRA,"DF,MF",21,2001,23.8,1,20,7,35.0,0.84,0.29,0.05,0.14,0,0
FRA-Ligue 1,2324,Rennes,Alidu Seidu,GHA,DF,23,2000,6.6,0,2,0,0.0,0.3,0.0,0.0,,0,0
FRA-Ligue 1,2324,Rennes,Amine Gouiri,ALG,"FW,MF",23,2000,23.0,7,78,27,34.6,3.4,1.18,0.09,0.26,0,0
FRA-Ligue 1,2324,Rennes,Arnaud Kalimuendo,FRA,FW,21,2002,23.8,10,61,24,39.3,2.57,1.01,0.13,0.33,2,2
FRA-Ligue 1,2324,Rennes,Arthur Theate,BEL,DF,23,2000,25.5,2,22,5,22.7,0.86,0.2,0.09,0.4,0,0
FRA-Ligue 1,2324,Rennes,Azor Matusiwa,NED,MF,25,1998,8.8,0,6,1,16.7,0.68,0.11,0.0,0.0,0,0
FRA-Ligue 1,2324,Rennes,Baptiste Santamaria,FRA,MF,28,1995,21.4,0,28,9,32.1,1.31,0.42,0.0,0.0,0,0
FRA-Ligue 1,2324,Rennes,Benjamin Bourigeaud,FRA,MF,29,1994,26.9,9,51,17,33.3,1.89,0.63,0.04,0.12,7,7
FRA-Ligue 1,2324,Rennes,Bertuğ Yıldırım,TUR,FW,21,2002,5.2,0,10,4,40.0,1.92,0.77,0.0,0.0,0,0
FRA-Ligue 1,2324,Rennes,Birger Meling,NOR,DF,28,1994,0.2,0,1,1,100.0,5.63,5.63,0.0,0.0,0,0
FRA-Ligue 1,2324,Rennes,Christopher Wooh,CMR,DF,21,2001,15.4,1,10,2,20.0,0.65,0.13,0.1,0.5,0,0
FRA-Ligue 1,2324,Rennes,Djaoui Cissé,FRA,MF,19,2004,0.0,0,0,0,,0.0,0.0,,,0,0
FRA-Ligue 1,2324,Rennes,Désiré Doué,FRA,MF,18,2005,18.1,4,34,13,38.2,1.88,0.72,0.12,0.31,0,0
FRA-Ligue 1,2324,Rennes,Enzo Le Fée,FRA,MF,23,2000,17.0,0,12,0,0.0,0.71,0.0,0.0,,0,0
FRA-Ligue 1,2324,Rennes,Fabian Rieder,SUI,MF,21,2002,4.1,1,5,2,40.0,1.23,0.49,0.2,0.5,0,0
FRA-Ligue 1,2324,Rennes,Guéla Doué,CIV,DF,20,2002,13.7,0,15,3,20.0,1.09,0.22,0.0,0.0,0,0
FRA-Ligue 1,2324,Rennes,Ibrahim Salah,MAR,"MF,FW",21,2001,5.8,4,17,9,52.9,2.92,1.55,0.24,0.44,0,0
FRA-Ligue 1,2324,Rennes,Jeanuël Belocian,FRA,DF,18,2005,16.1,0,3,0,0.0,0.19,0.0,0.0,,0,0
FRA-Ligue 1,2324,Rennes,Jeremy Doku,BEL,FW,21,2002,1.2,1,6,4,66.7,4.86,3.24,0.17,0.25,0,0
FRA-Ligue 1,2324,Rennes,Jérémy Jacquet,FRA,DF,18,2005,0.1,0,0,0,,0.0,0.0,,,0,0
FRA-Ligue 1,2324,Rennes,Lorenz Assignon,TOG,DF,23,2000,11.2,1,11,4,36.4,0.98,0.36,0.09,0.25,0,0
FRA-Ligue 1,2324,Rennes,Lovro Majer,CRO,"FW,MF",25,1998,0.2,0,1,0,0.0,5.63,0.0,0.0,,0,0
FRA-Ligue 1,2324,Rennes,Ludovic Blas,FRA,"MF,FW",25,1997,17.4,4,44,17,38.6,2.53,0.98,0.07,0.18,1,2
FRA-Ligue 1,2324,Rennes,Mahamadou Nagida,CMR,MF,18,2005,1.2,0,3,2,66.7,2.55,1.7,0.0,0.0,0,0
FRA-Ligue 1,2324,Rennes,Martin Terrier,FRA,"FW,MF",26,1997,17.0,7,38,16,42.1,2.24,0.94,0.18,0.44,0,0
FRA-Ligue 1,2324,Rennes,Mathis Lambourde,FRA,FW,17,2006,0.1,0,0,0,,0.0,0.0,,,0,0
FRA-Ligue 1,2324,Rennes,Nemanja Matić,SRB,MF,34,1988,11.4,0,5,1,20.0,0.44,0.09,0.0,0.0,0,0
FRA-Ligue 1,2324,Rennes,Steve Mandanda,FRA,GK,38,1985,34.0,0,0,0,,0.0,0.0,,,0,0
FRA-Ligue 1,2324,Rennes,Warmed Omari,COM,DF,23,2000,23.0,1,4,1,25.0,0.17,0.04,0.25,1.0,0,0
FRA-Ligue 1,2324,Strasbourg,Abakar Sylla,CIV,DF,20,2002,19.9,2,11,5,45.5,0.55,0.25,0.18,0.4,0,0
FRA-Ligue 1,2324,Strasbourg,Aboubacar Ali,COM,FW,17,2006,1.4,0,4,2,50.0,2.77,1.38,0.0,0.0,0,0
FRA-Ligue 1,2324,Strasbourg,Alaa Bellaarouch,MAR,GK,21,2002,15.0,0,0,0,,0.0,0.0,,,0,0
FRA-Ligue 1,2324,Strasbourg,Andrey Santos,BRA,MF,19,2004,9.2,1,12,4,33.3,1.3,0.43,0.08,0.25,0,0
FRA-Ligue 1,2324,Strasbourg,Dilane Bakwa,FRA,"MF,FW",20,2002,24.2,3,44,12,27.3,1.82,0.5,0.07,0.25,0,0
FRA-Ligue 1,2324,Strasbourg,Eduard Sobol,UKR,"DF,MF",28,1995,0.3,0,0,0,,0.0,0.0,,,0,0
FRA-Ligue 1,2324,Strasbourg,Emanuel Emegha,NED,FW,20,2003,23.1,8,48,21,43.8,2.08,0.91,0.17,0.38,0,1
FRA-Ligue 1,2324,Strasbourg,Frederic Guilbert,FRA,"DF,MF",28,1994,27.7,2,21,5,23.8,0.76,0.18,0.1,0.4,0,0
FRA-Ligue 1,2324,Strasbourg,Gerzino Nyamsi,CMR,DF,26,1997,12.1,0,7,3,42.9,0.58,0.25,0.0,0.0,0,0
FRA-Ligue 1,2324,Strasbourg,Habib Diarra,SEN,"MF,FW",19,2004,25.6,3,39,15,38.5,1.52,0.59,0.05,0.13,1,1
FRA-Ligue 1,2324,Strasbourg,Ibrahima Sissoko,MLI,MF,25,1997,18.2,0,14,3,21.4,0.77,0.16,0.0,0.0,0,0
FRA-Ligue 1,2324,Strasbourg,Ismaël Doukouré,FRA,"MF,DF",20,2003,18.4,0,9,0,0.0,0.49,0.0,0.0,,0,0
FRA-Ligue 1,2324,Strasbourg,Jean-Ricner Bellegarde,HAI,"MF,FW",25,1998,3.0,2,5,3,60.0,1.67,1.0,0.4,0.67,0,0
FRA-Ligue 1,2324,Strasbourg,Jessy Deminguet,FRA,"MF,FW",25,1998,7.7,0,3,1,33.3,0.39,0.13,0.0,0.0,0,0
FRA-Ligue 1,2324,Strasbourg,Junior Mwanga,FRA,"MF,FW",20,2003,16.1,1,20,4,20.0,1.24,0.25,0.05,0.25,0,0
FRA-Ligue 1,2324,Strasbourg,Jérémy Sebas,MTQ,"MF,FW",20,2003,4.4,2,7,4,57.1,1.58,0.9,0.29,0.5,0,0
FRA-Ligue 1,2324,Strasbourg,Kévin Gameiro,FRA,"FW,MF",36,1987,15.0,4,29,12,41.4,1.94,0.8,0.07,0.17,2,2
FRA-Ligue 1,2324,Strasbourg,Lebo Mothiba,RSA,FW,27,1996,6.9,3,16,7,43.8,2.33,1.02,0.19,0.43,0,0
FRA-Ligue 1,2324,Strasbourg,Lucas Perrin,FRA,DF,24,1998,30.3,0,12,3,25.0,0.4,0.1,0.0,0.0,0,0
FRA-Ligue 1,2324,Strasbourg,Marvin Senaya,GHA,"DF,MF",22,2001,23.8,1,16,3,18.8,0.67,0.13,0.06,0.33,0,0
FRA-Ligue 1,2324,Strasbourg,Matz Sels,BEL,GK,31,1992,19.0,0,0,0,,0.0,0.0,,,0,0
FRA-Ligue 1,2324,Strasbourg,Mohamed Bechikh,FRA,FW,18,2005,0.2,0,0,0,,0.0,0.0,,,0,0
FRA-Ligue 1,2324,Strasbourg,Moïse Sahi Dion,CIV,"MF,FW",21,2001,7.0,3,24,7,29.2,3.44,1.0,0.13,0.43,0,0
FRA-Ligue 1,2324,Strasbourg,Patrick Ouotro,CIV,FW,17,2005,0.1,0,0,0,,0.0,0.0,,,0,0
FRA-Ligue 1,2324,Strasbourg,Rabby Nzingoula,FRA,MF,17,2005,1.5,0,1,1,100.0,0.68,0.68,0.0,0.0,0,0
FRA-Ligue 1,2324,Strasbourg,Saidou Sow,GUI,DF,21,2002,8.0,0,3,2,66.7,0.38,0.25,0.0,0.0,0,0
FRA-Ligue 1,2324,Strasbourg,Sanjin Prcić,BIH,MF,29,1993,1.0,0,1,0,0.0,1.02,0.0,0.0,,0,0
FRA-Ligue 1,2324,Strasbourg,Steven Baseya,FRA,DF,18,2005,0.1,0,0,0,,0.0,0.0,,,0,0
FRA-Ligue 1,2324,Strasbourg,Thomas Delaine,FRA,"MF,DF",31,1992,22.7,1,12,2,16.7,0.53,0.09,0.08,0.5,0,0
FRA-Ligue 1,2324,Strasbourg,Ângelo,BRA,"MF,FW",18,2004,12.2,0,9,4,44.4,0.74,0.33,0.0,0.0,0,0
FRA-Ligue 1,2324,Toulouse,Aron Dønnum,NOR,"MF,FW",25,1998,17.7,0,21,9,42.9,1.18,0.51,0.0,0.0,0,0
FRA-Ligue 1,2324,Toulouse,Christian Mawissa,FRA,"DF,MF",18,2005,12.4,2,5,2,40.0,0.4,0.16,0.4,1.0,0,0
FRA-Ligue 1,2324,Toulouse,Cristian Cásseres Jr.,VEN,MF,23,2000,21.6,1,15,4,26.7,0.69,0.18,0.07,0.25,0,0
FRA-Ligue 1,2324,Toulouse,Denis Genreau,AUS,MF,24,1999,5.2,0,3,1,33.3,0.58,0.19,0.0,0.0,0,0
FRA-Ligue 1,2324,Toulouse,Fares Chaïbi,ALG,"FW,MF",20,2002,0.6,0,0,0,,0.0,0.0,,,0,0
FRA-Ligue 1,2324,Toulouse,Frank Magri,CMR,"FW,MF",23,1999,16.0,5,41,14,34.1,2.57,0.88,0.12,0.36,0,0
FRA-Ligue 1,2324,Toulouse,Gabriel Suazo,CHI,"DF,MF",25,1997,26.2,0,10,3,30.0,0.38,0.11,0.0,0.0,0,0
FRA-Ligue 1,2324,Toulouse,Gelabert,ESP,"MF,FW",22,2000,8.4,1,14,4,28.6,1.67,0.48,0.07,0.25,0,0
FRA-Ligue 1,2324,Toulouse,Guillaume Restes,FRA,GK,18,2005,34.0,0,0,0,,0.0,0.0,,,0,0
FRA-Ligue 1,2324,Toulouse,Ibrahim Cissoko,NED,MF,20,2003,2.7,1,8,5,62.5,2.99,1.87,0.13,0.2,0,0
FRA-Ligue 1,2324,Toulouse,Kévin Keben,CMR,"DF,MF",19,2004,5.8,0,1,0,0.0,0.17,0.0,0.0,,0,0
FRA-Ligue 1,2324,Toulouse,Logan Costa,CPV,DF,22,2001,29.4,1,14,4,28.6,0.48,0.14,0.07,0.25,0,0
FRA-Ligue 1,2324,Toulouse,Mamady Bangré,BFA,MF,22,2001,1.1,0,3,0,0.0,2.67,0.0,0.0,,0,0
FRA-Ligue 1,2324,Toulouse,Mikkel Desler,DEN,"DF,MF",28,1995,17.2,0,16,0,0.0,0.93,0.0,0.0,,0,0
FRA-Ligue 1,2324,Toulouse,Moussa Diarra,MLI,DF,22,2000,15.5,1,5,2,40.0,0.32,0.13,0.2,0.5,0,0
FRA-Ligue 1,2324,Toulouse,Naatan Skyttä,FIN,MF,21,2002,1.3,0,5,2,40.0,3.75,1.5,0.0,0.0,0,0
FRA-Ligue 1,2324,Toulouse,Niklas Schmidt,GER,MF,25,1998,14.1,1,20,13,65.0,1.42,0.92,0.05,0.08,0,0
FRA-Ligue 1,2324,Toulouse,Rasmus Nicolaisen,DEN,DF,26,1997,32.5,2,19,5,26.3,0.58,0.15,0.11,0.4,0,0
FRA-Ligue 1,2324,Toulouse,Shavy Babicka,GAB,"MF,FW",23,2000,4.1,1,8,4,50.0,1.93,0.97,0.13,0.25,0,0
FRA-Ligue 1,2324,Toulouse,Stijn Spierings,NED,MF,27,1996,16.8,0,11,1,9.1,0.65,0.06,0.0,0.0,0,0
FRA-Ligue 1,2324,Toulouse,Thijs Dallinga,NED,FW,22,2000,27.9,14,84,34,40.5,3.01,1.22,0.15,0.38,1,3
FRA-Ligue 1,2324,Toulouse,Vincent Sierro,SUI,MF,27,1995,25.1,6,36,11,30.6,1.43,0.44,0.06,0.18,4,5
FRA-Ligue 1,2324,Toulouse,Warren Kamanzi,NOR,"MF,DF",22,2000,13.2,0,6,0,0.0,0.45,0.0,0.0,,0,0
FRA-Ligue 1,2324,Toulouse,Yanis Begraoui,MAR,"FW,MF",22,2001,3.3,0,7,4,57.1,2.1,1.2,0.0,0.0,0,0
FRA-Ligue 1,2324,Toulouse,Yann Gboho,FRA,"MF,FW",22,2001,13.3,3,23,8,34.8,1.74,0.6,0.13,0.38,0,0
FRA-Ligue 1,2324,Toulouse,Zakaria Aboukhlal,MAR,"FW,MF",23,2000,8.4,3,28,8,28.6,3.34,0.95,0.07,0.25,1,1
