league,season,team,player,nation,pos,age,born,Playing Time_MP,Playing Time_Starts,Playing Time_Min,Playing Time_90s,Performance_Gls,Performance_Ast,Performance_G+A,Performance_G-PK,Performance_PK,Performance_PKatt,Performance_CrdY,Performance_CrdR,Per 90 Minutes_Gls,Per 90 Minutes_Ast,Per 90 Minutes_G+A,Per 90 Minutes_G-PK,Per 90 Minutes_G+A-PK
ENG-Premier League,2324,Arsenal,Aaron Ramsdale,ENG,GK,25,1998,6,6,540,6.0,0,0,0,0,0,0,0,0,0.0,0.0,0.0,0.0,0.0
ENG-Premier League,2324,Arsenal,Ben White,ENG,DF,25,1997,37,35,2988,33.2,4,4,8,4,0,0,8,0,0.12,0.12,0.24,0.12,0.24
ENG-Premier League,2324,Arsenal,Bukayo Saka,ENG,FW,21,2001,35,35,2919,32.4,16,9,25,10,6,6,4,0,0.49,0.28,0.77,0.31,0.59
ENG-Premier League,2324,Arsenal,Cédric Soares,POR,"DF,MF",31,1991,3,0,62,0.7,0,0,0,0,0,0,0,0,0.0,0.0,0.0,0.0,0.0
ENG-Premier League,2324,Arsenal,David Raya,ESP,GK,27,1995,32,32,2880,32.0,0,0,0,0,0,0,2,0,0.0,0.0,0.0,0.0,0.0
ENG-Premier League,2324,Arsenal,Declan Rice,ENG,MF,24,1999,38,37,3225,35.8,7,8,15,7,0,0,5,0,0.2,0.22,0.42,0.2,0.42
ENG-Premier League,2324,Arsenal,Eddie Nketiah,ENG,FW,24,1999,27,10,1082,12.0,5,2,7,5,0,0,3,0,0.42,0.17,0.58,0.42,0.58
ENG-Premier League,2324,Arsenal,Emile Smith Rowe,ENG,MF,23,2000,13,3,353,3.9,0,1,1,0,0,0,0,0,0.0,0.25,0.25,0.0,0.25
ENG-Premier League,2324,Arsenal,Ethan Nwaneri,ENG,MF,16,2007,1,0,14,0.2,0,0,0,0,0,0,0,0,0.0,0.0,0.0,0.0,0.0
ENG-Premier League,2324,Arsenal,Fabio Vieira,POR,MF,23,2000,11,2,297,3.3,1,2,3,0,1,1,0,1,0.3,0.61,0.91,0.0,0.61
ENG-Premier League,2324,Arsenal,Gabriel Jesus,BRA,FW,26,1997,27,17,1478,16.4,4,5,9,4,0,0,6,0,0.24,0.3,0.55,0.24,0.55
ENG-Premier League,2324,Arsenal,Gabriel Magalhães,BRA,DF,25,1997,36,34,3044,33.8,4,0,4,4,0,0,4,0,0.12,0.0,0.12,0.12,0.12
ENG-Premier League,2324,Arsenal,Gabriel Martinelli,BRA,FW,22,2001,35,24,2019,22.4,6,4,10,6,0,0,1,0,0.27,0.18,0.45,0.27,0.45
ENG-Premier League,2324,Arsenal,Jakub Kiwior,POL,DF,23,2000,20,11,946,10.5,1,3,4,1,0,0,1,0,0.1,0.29,0.38,0.1,0.38
ENG-Premier League,2324,Arsenal,Jorginho,ITA,MF,31,1991,24,10,921,10.2,0,2,2,0,0,0,1,0,0.0,0.2,0.2,0.0,0.2
ENG-Premier League,2324,Arsenal,Jurriën Timber,NED,DF,22,2001,2,1,71,0.8,0,0,0,0,0,0,2,0,0.0,0.0,0.0,0.0,0.0
ENG-Premier League,2324,Arsenal,Kai Havertz,GER,"MF,FW",24,1999,37,30,2634,29.3,13,7,20,12,1,1,11,0,0.44,0.24,0.68,0.41,0.65
ENG-Premier League,2324,Arsenal,Leandro Trossard,BEL,"FW,MF",28,1994,34,18,1649,18.3,12,1,13,12,0,0,2,0,0.65,0.05,0.71,0.65,0.71
ENG-Premier League,2324,Arsenal,Martin Ødegaard,NOR,MF,24,1998,35,35,3091,34.3,8,10,18,6,2,2,2,0,0.23,0.29,0.52,0.17,0.47
ENG-Premier League,2324,Arsenal,Mohamed Elneny,EGY,MF,31,1992,3,0,28,0.3,0,0,0,0,0,0,0,0,0.0,0.0,0.0,0.0,0.0
ENG-Premier League,2324,Arsenal,Oleksandr Zinchenko,UKR,DF,26,1996,27,20,1722,19.1,1,2,3,1,0,0,2,0,0.05,0.1,0.16,0.05,0.16
ENG-Premier League,2324,Arsenal,Reiss Nelson,ENG,FW,23,1999,15,1,268,3.0,0,0,0,0,0,0,1,0,0.0,0.0,0.0,0.0,0.0
ENG-Premier League,2324,Arsenal,Takehiro Tomiyasu,JPN,DF,24,1998,22,10,1149,12.8,2,1,3,2,0,0,2,1,0.16,0.08,0.23,0.16,0.23
ENG-Premier League,2324,Arsenal,Thomas Partey,GHA,"MF,DF",30,1993,14,9,788,8.8,0,0,0,0,0,0,3,0,0.0,0.0,0.0,0.0,0.0
ENG-Premier League,2324,Arsenal,William Saliba,FRA,DF,22,2001,38,38,3420,38.0,2,1,3,2,0,0,4,0,0.05,0.03,0.08,0.05,0.08
ENG-Premier League,2324,Aston Villa,Bertrand Traoré,BFA,"FW,MF",27,1995,2,0,11,0.1,0,0,0,0,0,0,0,0,0.0,0.0,0.0,0.0,0.0
ENG-Premier League,2324,Aston Villa,Boubacar Kamara,FRA,MF,23,1999,20,20,1652,18.4,0,1,1,0,0,0,7,1,0.0,0.05,0.05,0.0,0.05
ENG-Premier League,2324,Aston Villa,Calum Chambers,ENG,MF,28,1995,5,1,152,1.7,0,1,1,0,0,0,1,0,0.0,0.59,0.59,0.0,0.59
ENG-Premier League,2324,Aston Villa,Cameron Archer,ENG,"FW,MF",22,2001,1,0,6,0.1,0,0,0,0,0,0,1,0,0.0,0.0,0.0,0.0,0.0
ENG-Premier League,2324,Aston Villa,Clément Lenglet,FRA,DF,28,1995,14,14,1153,12.8,0,1,1,0,0,0,3,0,0.0,0.08,0.08,0.0,0.08
ENG-Premier League,2324,Aston Villa,Diego Carlos,BRA,DF,30,1993,27,20,1816,20.2,0,0,0,0,0,0,4,0,0.0,0.0,0.0,0.0,0.0
ENG-Premier League,2324,Aston Villa,Douglas Luiz,BRA,MF,25,1998,35,35,2993,33.3,9,5,14,5,4,4,12,0,0.27,0.15,0.42,0.15,0.3
ENG-Premier League,2324,Aston Villa,Emiliano Martínez,ARG,GK,30,1992,34,34,3015,33.5,0,0,0,0,0,0,4,0,0.0,0.0,0.0,0.0,0.0
ENG-Premier League,2324,Aston Villa,Ezri Konsa,ENG,DF,25,1997,35,35,3069,34.1,1,0,1,1,0,0,5,0,0.03,0.0,0.03,0.03,0.03
ENG-Premier League,2324,Aston Villa,Finley Munroe,ENG,DF,18,2005,1,0,4,0.0,0,0,0,0,0,0,0,0,0.0,0.0,0.0,0.0,0.0
ENG-Premier League,2324,Aston Villa,Jacob Ramsey,ENG,MF,22,2001,16,8,853,9.5,1,1,2,1,0,0,2,0,0.11,0.11,0.21,0.11,0.21
ENG-Premier League,2324,Aston Villa,Jaden Philogene Bidace,ENG,"FW,MF",21,2002,1,0,4,0.0,0,0,0,0,0,0,0,0,0.0,0.0,0.0,0.0,0.0
ENG-Premier League,2324,Aston Villa,John McGinn,SCO,MF,28,1994,35,35,2999,33.3,6,4,10,6,0,0,9,1,0.18,0.12,0.3,0.18,0.3
ENG-Premier League,2324,Aston Villa,Jáder Durán,COL,FW,19,2003,23,3,475,5.3,5,0,5,5,0,0,5,0,0.95,0.0,0.95,0.95,0.95
ENG-Premier League,2324,Aston Villa,Kaine Kesler-Hayden,ENG,"DF,MF",20,2002,3,0,6,0.1,0,0,0,0,0,0,0,0,0.0,0.0,0.0,0.0,0.0
ENG-Premier League,2324,Aston Villa,Leander Dendoncker,BEL,MF,28,1995,8,1,119,1.3,1,0,1,1,0,0,0,0,0.76,0.0,0.76,0.76,0.76
ENG-Premier League,2324,Aston Villa,Leon Bailey,JAM,MF,25,1997,35,22,2068,23.0,10,9,19,10,0,0,5,0,0.44,0.39,0.83,0.44,0.83
ENG-Premier League,2324,Aston Villa,Lucas Digne,FRA,DF,30,1993,33,27,2410,26.8,1,3,4,1,0,0,7,0,0.04,0.11,0.15,0.04,0.15
ENG-Premier League,2324,Aston Villa,Matty Cash,POL,"DF,MF",25,1997,29,23,2142,23.8,2,2,4,2,0,0,8,0,0.08,0.08,0.17,0.08,0.17
ENG-Premier League,2324,Aston Villa,Morgan Rogers,ENG,MF,21,2002,11,8,638,7.1,3,1,4,3,0,0,3,0,0.42,0.14,0.56,0.42,0.56
ENG-Premier League,2324,Aston Villa,Moussa Diaby,FRA,"MF,FW",24,1999,38,25,2174,24.2,6,8,14,6,0,0,1,0,0.25,0.33,0.58,0.25,0.58
ENG-Premier League,2324,Aston Villa,Nicolò Zaniolo,ITA,"MF,FW",24,1999,25,9,839,9.3,2,0,2,2,0,0,7,0,0.21,0.0,0.21,0.21,0.21
ENG-Premier League,2324,Aston Villa,Ollie Watkins,ENG,FW,27,1995,37,37,3217,35.7,19,13,32,19,0,0,4,0,0.53,0.36,0.9,0.53,0.9
ENG-Premier League,2324,Aston Villa,Omari Kellyman,ENG,"FW,MF",17,2005,2,0,37,0.4,0,0,0,0,0,0,0,0,0.0,0.0,0.0,0.0,0.0
ENG-Premier League,2324,Aston Villa,Pau Torres,ESP,DF,26,1997,29,27,2464,27.4,2,0,2,2,0,0,1,0,0.07,0.0,0.07,0.07,0.07
ENG-Premier League,2324,Aston Villa,Philippe Coutinho,BRA,"FW,MF",31,1992,2,0,25,0.3,0,0,0,0,0,0,0,0,0.0,0.0,0.0,0.0,0.0
ENG-Premier League,2324,Aston Villa,Robin Olsen,SWE,GK,33,1990,5,4,405,4.5,0,0,0,0,0,0,0,0,0.0,0.0,0.0,0.0,0.0
ENG-Premier League,2324,Aston Villa,Tim Iroegbunam,ENG,MF,20,2003,9,1,164,1.8,0,0,0,0,0,0,0,0,0.0,0.0,0.0,0.0,0.0
ENG-Premier League,2324,Aston Villa,Tyrone Mings,ENG,DF,30,1993,1,1,30,0.3,0,0,0,0,0,0,0,0,0.0,0.0,0.0,0.0,0.0
ENG-Premier League,2324,Aston Villa,Youri Tielemans,BEL,"MF,FW",26,1997,32,17,1622,18.0,2,6,8,2,0,0,3,0,0.11,0.33,0.44,0.11,0.44
ENG-Premier League,2324,Aston Villa,Álex Moreno,ESP,DF,30,1993,21,11,1031,11.5,2,0,2,2,0,0,2,0,0.17,0.0,0.17,0.17,0.17
ENG-Premier League,2324,Bournemouth,Adam Smith,ENG,DF,32,1991,28,25,2150,23.9,0,2,2,0,0,0,6,0,0.0,0.08,0.08,0.0,0.08
ENG-Premier League,2324,Bournemouth,Alex Scott,ENG,MF,19,2003,23,11,1014,11.3,1,1,2,1,0,0,3,0,0.09,0.09,0.18,0.09,0.18
ENG-Premier League,2324,Bournemouth,Antoine Semenyo,GHA,MF,23,2000,33,25,2105,23.4,8,2,10,8,0,0,6,0,0.34,0.09,0.43,0.34,0.43
ENG-Premier League,2324,Bournemouth,Chris Mepham,WAL,DF,25,1997,10,6,617,6.9,0,1,1,0,0,0,2,0,0.0,0.15,0.15,0.0,0.15
ENG-Premier League,2324,Bournemouth,Dango Ouattara,BFA,"DF,MF",21,2002,30,12,1229,13.7,1,2,3,1,0,0,3,0,0.07,0.15,0.22,0.07,0.22
ENG-Premier League,2324,Bournemouth,David Brooks,WAL,MF,26,1997,13,2,282,3.1,1,1,2,1,0,0,1,0,0.32,0.32,0.64,0.32,0.64
ENG-Premier League,2324,Bournemouth,Dominic Sadi,ENG,MF,19,2003,1,0,1,0.0,0,0,0,0,0,0,0,0,0.0,0.0,0.0,0.0,0.0
ENG-Premier League,2324,Bournemouth,Dominic Solanke,ENG,FW,25,1997,38,37,3325,36.9,19,3,22,17,2,3,3,0,0.51,0.08,0.6,0.46,0.54
ENG-Premier League,2324,Bournemouth,Enes Ünal,TUR,FW,26,1997,16,2,328,3.6,2,2,4,2,0,0,1,0,0.55,0.55,1.1,0.55,1.1
ENG-Premier League,2324,Bournemouth,Hamed Junior Traorè,CIV,MF,23,2000,3,0,47,0.5,0,0,0,0,0,0,0,0,0.0,0.0,0.0,0.0,0.0
ENG-Premier League,2324,Bournemouth,Illia Zabarnyi,UKR,DF,20,2002,37,37,3330,37.0,1,0,1,1,0,0,5,0,0.03,0.0,0.03,0.03,0.03
ENG-Premier League,2324,Bournemouth,Ionuț Radu,ROU,GK,26,1997,2,2,180,2.0,0,0,0,0,0,0,0,0,0.0,0.0,0.0,0.0,0.0
ENG-Premier League,2324,Bournemouth,Jaidon Anthony,ENG,MF,23,1999,3,2,152,1.7,0,0,0,0,0,0,1,0,0.0,0.0,0.0,0.0,0.0
ENG-Premier League,2324,Bournemouth,James Hill,ENG,DF,21,2002,5,1,76,0.8,0,0,0,0,0,0,0,0,0.0,0.0,0.0,0.0,0.0
ENG-Premier League,2324,Bournemouth,Joe Rothwell,ENG,MF,28,1995,11,3,386,4.3,0,0,0,0,0,0,0,0,0.0,0.0,0.0,0.0,0.0
ENG-Premier League,2324,Bournemouth,Justin Kluivert,NED,MF,24,1999,32,26,1916,21.3,7,1,8,7,0,0,5,0,0.33,0.05,0.38,0.33,0.38
ENG-Premier League,2324,Bournemouth,Kieffer Moore,WAL,"DF,FW",30,1992,8,0,108,1.2,1,0,1,1,0,0,0,0,0.83,0.0,0.83,0.83,0.83
ENG-Premier League,2324,Bournemouth,Lewis Cook,ENG,MF,26,1997,33,32,2786,31.0,0,3,3,0,0,0,5,1,0.0,0.1,0.1,0.0,0.1
ENG-Premier League,2324,Bournemouth,Lloyd Kelly,ENG,DF,24,1998,23,17,1559,17.3,0,1,1,0,0,0,2,0,0.0,0.06,0.06,0.0,0.06
ENG-Premier League,2324,Bournemouth,Luis Sinisterra,COL,MF,24,1999,20,7,699,7.8,2,2,4,2,0,0,0,0,0.26,0.26,0.52,0.26,0.52
ENG-Premier League,2324,Bournemouth,Marcos Senesi,ARG,DF,26,1997,31,26,2242,24.9,4,5,9,4,0,0,13,0,0.16,0.2,0.36,0.16,0.36
ENG-Premier League,2324,Bournemouth,Marcus Tavernier,ENG,MF,24,1999,30,25,2118,23.5,3,4,7,3,0,0,3,0,0.13,0.17,0.3,0.13,0.3
ENG-Premier League,2324,Bournemouth,Mark Travers,IRL,GK,24,1999,4,4,360,4.0,0,0,0,0,0,0,0,0,0.0,0.0,0.0,0.0,0.0
ENG-Premier League,2324,Bournemouth,Max Aarons,ENG,DF,23,2000,20,13,1237,13.7,0,1,1,0,0,0,1,0,0.0,0.07,0.07,0.0,0.07
ENG-Premier League,2324,Bournemouth,Milos Kerkez,HUN,DF,19,2003,28,22,1970,21.9,0,1,1,0,0,0,4,1,0.0,0.05,0.05,0.0,0.05
ENG-Premier League,2324,Bournemouth,Neto,BRA,GK,34,1989,32,32,2880,32.0,0,0,0,0,0,0,5,0,0.0,0.0,0.0,0.0,0.0
ENG-Premier League,2324,Bournemouth,Philip Billing,DEN,MF,27,1996,29,13,1398,15.5,2,2,4,2,0,0,3,1,0.13,0.13,0.26,0.13,0.26
ENG-Premier League,2324,Bournemouth,Romain Faivre,FRA,MF,25,1998,5,0,41,0.5,0,0,0,0,0,0,1,0,0.0,0.0,0.0,0.0,0.0
ENG-Premier League,2324,Bournemouth,Ryan Christie,SCO,MF,28,1995,37,35,2907,32.3,0,5,5,0,0,0,6,0,0.0,0.15,0.15,0.0,0.15
ENG-Premier League,2324,Bournemouth,Tyler Adams,USA,MF,24,1999,3,1,121,1.3,0,0,0,0,0,0,0,0,0.0,0.0,0.0,0.0,0.0
ENG-Premier League,2324,Brentford,Aaron Hickey,SCO,"DF,MF",21,2002,9,9,713,7.9,0,0,0,0,0,0,5,0,0.0,0.0,0.0,0.0,0.0
ENG-Premier League,2324,Brentford,Ben Mee,ENG,DF,33,1989,16,15,1272,14.1,2,0,2,2,0,0,1,1,0.14,0.0,0.14,0.14,0.14
ENG-Premier League,2324,Brentford,Bryan Mbeumo,CMR,FW,23,1999,25,22,1960,21.8,9,6,15,6,3,3,2,0,0.41,0.28,0.69,0.28,0.55
ENG-Premier League,2324,Brentford,Christian Nørgaard,DEN,MF,29,1994,31,30,2505,27.8,2,1,3,2,0,0,8,0,0.07,0.04,0.11,0.07,0.11
ENG-Premier League,2324,Brentford,Ethan Pinnock,JAM,DF,30,1993,29,28,2521,28.0,2,0,2,2,0,0,1,0,0.07,0.0,0.07,0.07,0.07
ENG-Premier League,2324,Brentford,Frank Onyeka,NGA,MF,25,1998,26,11,1161,12.9,1,2,3,1,0,0,8,0,0.08,0.16,0.23,0.08,0.23
ENG-Premier League,2324,Brentford,Ivan Toney,ENG,FW,27,1996,17,16,1450,16.1,4,2,6,4,0,0,5,0,0.25,0.12,0.37,0.25,0.37
ENG-Premier League,2324,Brentford,Josh Dasilva,ENG,MF,24,1998,3,0,24,0.3,0,0,0,0,0,0,0,0,0.0,0.0,0.0,0.0,0.0
ENG-Premier League,2324,Brentford,Keane Lewis-Potter,ENG,"FW,MF",22,2001,30,15,1441,16.0,3,1,4,3,0,0,0,0,0.19,0.06,0.25,0.19,0.25
ENG-Premier League,2324,Brentford,Kevin Schade,GER,FW,21,2001,11,3,333,3.7,2,1,3,2,0,0,0,0,0.54,0.27,0.81,0.54,0.81
ENG-Premier League,2324,Brentford,Kristoffer Ajer,NOR,DF,25,1998,28,21,1832,20.4,2,1,3,2,0,0,5,0,0.1,0.05,0.15,0.1,0.15
ENG-Premier League,2324,Brentford,Mads Roerslev,DEN,"MF,DF",24,1999,34,22,1985,22.1,1,2,3,1,0,0,1,0,0.05,0.09,0.14,0.05,0.14
ENG-Premier League,2324,Brentford,Mark Flekken,NED,GK,30,1993,37,37,3285,36.5,0,1,1,0,0,0,3,0,0.0,0.03,0.03,0.0,0.03
ENG-Premier League,2324,Brentford,Mathias Jensen,DEN,MF,27,1996,32,27,2204,24.5,3,3,6,3,0,0,5,0,0.12,0.12,0.25,0.12,0.25
ENG-Premier League,2324,Brentford,Mathias Jørgensen,DEN,DF,33,1990,14,12,1087,12.1,1,0,1,1,0,0,4,0,0.08,0.0,0.08,0.08,0.08
ENG-Premier League,2324,Brentford,Michael Olakigbe,ENG,MF,19,2004,8,0,59,0.7,0,0,0,0,0,0,0,0,0.0,0.0,0.0,0.0,0.0
ENG-Premier League,2324,Brentford,Mikkel Damsgaard,DEN,MF,23,2000,23,7,842,9.4,0,2,2,0,0,0,2,0,0.0,0.21,0.21,0.0,0.21
ENG-Premier League,2324,Brentford,Myles Peart-Harris,ENG,MF,20,2002,3,0,13,0.1,0,0,0,0,0,0,0,0,0.0,0.0,0.0,0.0,0.0
ENG-Premier League,2324,Brentford,Nathan Collins,IRL,DF,22,2001,32,29,2652,29.5,1,1,2,1,0,0,3,0,0.03,0.03,0.07,0.03,0.07
ENG-Premier League,2324,Brentford,Neal Maupay,FRA,FW,26,1996,29,13,1321,14.7,6,3,9,6,0,0,8,0,0.41,0.2,0.61,0.41,0.61
ENG-Premier League,2324,Brentford,Rico Henry,JAM,DF,26,1997,5,5,401,4.5,0,1,1,0,0,0,1,0,0.0,0.22,0.22,0.0,0.22
ENG-Premier League,2324,Brentford,Saman Ghoddos,IRN,"DF,MF",29,1993,19,7,739,8.2,1,0,1,1,0,0,5,0,0.12,0.0,0.12,0.12,0.12
ENG-Premier League,2324,Brentford,Sergio Reguilón,ESP,"MF,DF",26,1996,16,14,1118,12.4,0,4,4,0,0,0,4,1,0.0,0.32,0.32,0.0,0.32
ENG-Premier League,2324,Brentford,Shandon Baptiste,GRN,MF,25,1998,10,2,229,2.5,1,1,2,1,0,0,1,0,0.39,0.39,0.79,0.39,0.79
ENG-Premier League,2324,Brentford,Thomas Strakosha,ALB,GK,28,1995,2,1,135,1.5,0,0,0,0,0,0,0,0,0.0,0.0,0.0,0.0,0.0
ENG-Premier League,2324,Brentford,Vitaly Janelt,GER,"MF,DF",25,1998,38,37,3054,33.9,1,3,4,1,0,0,8,0,0.03,0.09,0.12,0.03,0.12
ENG-Premier League,2324,Brentford,Yehor Yarmoliuk,UKR,MF,19,2004,27,6,688,7.6,0,0,0,0,0,0,2,0,0.0,0.0,0.0,0.0,0.0
ENG-Premier League,2324,Brentford,Yoane Wissa,COD,FW,26,1996,34,29,2493,27.7,12,3,15,12,0,0,7,0,0.43,0.11,0.54,0.43,0.54
ENG-Premier League,2324,Brighton,Adam Lallana,ENG,MF,35,1988,25,13,850,9.4,0,1,1,0,0,0,2,0,0.0,0.11,0.11,0.0,0.11
ENG-Premier League,2324,Brighton,Adam Webster,ENG,DF,28,1995,15,13,1144,12.7,0,0,0,0,0,0,2,0,0.0,0.0,0.0,0.0,0.0
ENG-Premier League,2324,Brighton,Ansu Fati,ESP,"MF,FW",20,2002,19,3,521,5.8,2,0,2,2,0,0,2,0,0.35,0.0,0.35,0.35,0.35
ENG-Premier League,2324,Brighton,Bart Verbruggen,NED,GK,20,2002,21,21,1890,21.0,0,0,0,0,0,0,3,0,0.0,0.0,0.0,0.0,0.0
ENG-Premier League,2324,Brighton,Benicio Boaitey,ENG,FW,19,2004,5,0,40,0.4,0,0,0,0,0,0,1,0,0.0,0.0,0.0,0.0,0.0
ENG-Premier League,2324,Brighton,Billy Gilmour,SCO,MF,22,2001,30,24,2120,23.6,0,1,1,0,0,0,8,1,0.0,0.04,0.04,0.0,0.04
ENG-Premier League,2324,Brighton,Carlos Baleba,CMR,MF,19,2004,27,15,1325,14.7,0,0,0,0,0,0,7,0,0.0,0.0,0.0,0.0,0.0
ENG-Premier League,2324,Brighton,Danny Welbeck,ENG,"FW,MF",32,1990,29,21,1693,18.8,5,1,6,5,0,0,4,0,0.27,0.05,0.32,0.27,0.32
ENG-Premier League,2324,Brighton,Evan Ferguson,IRL,FW,18,2004,27,15,1367,15.2,6,0,6,6,0,0,1,0,0.4,0.0,0.4,0.4,0.4
ENG-Premier League,2324,Brighton,Facundo Buonanotte,ARG,"MF,FW",18,2004,27,17,1364,15.2,3,1,4,3,0,0,7,0,0.2,0.07,0.26,0.2,0.26
ENG-Premier League,2324,Brighton,Igor,BRA,DF,25,1998,24,17,1637,18.2,0,0,0,0,0,0,4,0,0.0,0.0,0.0,0.0,0.0
ENG-Premier League,2324,Brighton,Jack Hinshelwood,ENG,"DF,MF",18,2005,12,8,869,9.7,3,0,3,3,0,0,1,0,0.31,0.0,0.31,0.31,0.31
ENG-Premier League,2324,Brighton,Jakub Moder,POL,"MF,DF",24,1999,17,6,618,6.9,0,0,0,0,0,0,2,0,0.0,0.0,0.0,0.0,0.0
ENG-Premier League,2324,Brighton,James Milner,ENG,"DF,MF",37,1986,15,11,773,8.6,0,2,2,0,0,0,3,0,0.0,0.23,0.23,0.0,0.23
ENG-Premier League,2324,Brighton,Jan Paul van Hecke,NED,DF,23,2000,28,26,2369,26.3,0,0,0,0,0,0,4,0,0.0,0.0,0.0,0.0,0.0
ENG-Premier League,2324,Brighton,Jason Steele,ENG,GK,32,1990,17,17,1530,17.0,0,0,0,0,0,0,0,0,0.0,0.0,0.0,0.0,0.0
ENG-Premier League,2324,Brighton,João Pedro,BRA,"MF,FW",21,2001,31,19,2045,22.7,9,3,12,5,4,5,2,0,0.4,0.13,0.53,0.22,0.35
ENG-Premier League,2324,Brighton,Joël Veltman,NED,DF,31,1992,27,17,1588,17.6,1,1,2,1,0,0,4,0,0.06,0.06,0.11,0.06,0.11
ENG-Premier League,2324,Brighton,Julio Enciso,PAR,MF,19,2004,12,5,475,5.3,0,2,2,0,0,0,2,0,0.0,0.38,0.38,0.0,0.38
ENG-Premier League,2324,Brighton,Kaoru Mitoma,JPN,"MF,FW",26,1997,19,15,1486,16.5,3,4,7,3,0,0,4,0,0.18,0.24,0.42,0.18,0.42
ENG-Premier League,2324,Brighton,Lewis Dunk,ENG,DF,31,1991,33,33,2869,31.9,3,1,4,3,0,0,7,1,0.09,0.03,0.13,0.09,0.13
ENG-Premier League,2324,Brighton,Mahmoud Dahoud,GER,MF,27,1996,9,6,452,5.0,0,1,1,0,0,0,1,1,0.0,0.2,0.2,0.0,0.2
ENG-Premier League,2324,Brighton,Mark O'Mahony,IRL,FW,18,2005,3,1,63,0.7,0,0,0,0,0,0,1,0,0.0,0.0,0.0,0.0,0.0
ENG-Premier League,2324,Brighton,Odeluga Offiah,ENG,DF,20,2002,4,1,128,1.4,0,0,0,0,0,0,0,0,0.0,0.0,0.0,0.0,0.0
ENG-Premier League,2324,Brighton,Pascal Groß,GER,"MF,DF",32,1991,36,34,3114,34.6,4,10,14,3,1,1,6,0,0.12,0.29,0.4,0.09,0.38
ENG-Premier League,2324,Brighton,Pervis Estupiñán,ECU,"DF,MF",25,1998,19,15,1243,13.8,2,3,5,2,0,0,4,0,0.14,0.22,0.36,0.14,0.36
ENG-Premier League,2324,Brighton,Simon Adingra,CIV,MF,21,2002,31,25,2222,24.7,6,1,7,6,0,0,3,0,0.24,0.04,0.28,0.24,0.28
ENG-Premier League,2324,Brighton,Solly March,ENG,"MF,DF",29,1994,7,7,554,6.2,3,1,4,3,0,0,1,0,0.49,0.16,0.65,0.49,0.65
ENG-Premier League,2324,Brighton,Tariq Lamptey,GHA,"DF,MF",22,2000,19,10,914,10.2,0,3,3,0,0,0,3,0,0.0,0.3,0.3,0.0,0.3
ENG-Premier League,2324,Brighton,Valentín Barco,ARG,DF,19,2004,6,3,307,3.4,0,0,0,0,0,0,1,0,0.0,0.0,0.0,0.0,0.0
ENG-Premier League,2324,Burnley,Aaron Ramsey,ENG,MF,20,2003,14,5,527,5.9,0,0,0,0,0,0,1,0,0.0,0.0,0.0,0.0,0.0
ENG-Premier League,2324,Burnley,Ameen Al-Dakhil,BEL,DF,21,2002,13,12,1056,11.7,1,0,1,1,0,0,1,0,0.09,0.0,0.09,0.09,0.09
ENG-Premier League,2324,Burnley,Anass Zaroury,MAR,FW,22,2000,6,1,152,1.7,0,0,0,0,0,0,0,1,0.0,0.0,0.0,0.0,0.0
ENG-Premier League,2324,Burnley,Arijanet Muric,KVX,GK,24,1998,10,10,900,10.0,0,0,0,0,0,0,0,0,0.0,0.0,0.0,0.0,0.0
ENG-Premier League,2324,Burnley,Benson Manuel,ANG,MF,26,1997,8,1,116,1.3,0,0,0,0,0,0,0,0,0.0,0.0,0.0,0.0,0.0
ENG-Premier League,2324,Burnley,Charlie Taylor,ENG,DF,29,1993,28,25,2331,25.9,1,1,2,1,0,0,8,0,0.04,0.04,0.08,0.04,0.08
ENG-Premier League,2324,Burnley,Connor Roberts,WAL,DF,27,1995,14,8,823,9.1,0,1,1,0,0,0,5,1,0.0,0.11,0.11,0.0,0.11
ENG-Premier League,2324,Burnley,Dara O'Shea,IRL,DF,24,1999,33,32,2892,32.1,3,4,7,3,0,0,5,1,0.09,0.12,0.22,0.09,0.22
ENG-Premier League,2324,Burnley,David Datro Fofana,CIV,FW,20,2002,15,10,879,9.8,4,1,5,4,0,0,1,0,0.41,0.1,0.51,0.41,0.51
ENG-Premier League,2324,Burnley,Han-Noah Massengo,FRA,MF,22,2001,3,0,16,0.2,0,0,0,0,0,0,0,0,0.0,0.0,0.0,0.0,0.0
ENG-Premier League,2324,Burnley,Hannes Delcroix,HAI,DF,24,1999,12,5,589,6.5,0,0,0,0,0,0,2,0,0.0,0.0,0.0,0.0,0.0
ENG-Premier League,2324,Burnley,Hjalmar Ekdal,SWE,DF,24,1998,8,5,437,4.9,0,0,0,0,0,0,2,0,0.0,0.0,0.0,0.0,0.0
ENG-Premier League,2324,Burnley,Jack Cork,ENG,"DF,MF",34,1989,4,0,27,0.3,0,0,0,0,0,0,0,0,0.0,0.0,0.0,0.0,0.0
ENG-Premier League,2324,Burnley,Jacob Bruun Larsen,DEN,MF,24,1998,32,16,1249,13.9,6,0,6,5,1,1,1,0,0.43,0.0,0.43,0.36,0.36
ENG-Premier League,2324,Burnley,James Trafford,ENG,GK,20,2002,28,28,2520,28.0,0,0,0,0,0,0,2,0,0.0,0.0,0.0,0.0,0.0
ENG-Premier League,2324,Burnley,Jay Rodriguez,ENG,FW,34,1989,21,7,822,9.1,2,1,3,1,1,1,0,0,0.22,0.11,0.33,0.11,0.22
ENG-Premier League,2324,Burnley,Jordan Beyer,GER,DF,23,2000,15,15,1234,13.7,0,1,1,0,0,0,6,0,0.0,0.07,0.07,0.0,0.07
ENG-Premier League,2324,Burnley,Josh Brownhill,ENG,MF,27,1995,33,23,2252,25.0,4,2,6,4,0,0,4,1,0.16,0.08,0.24,0.16,0.24
ENG-Premier League,2324,Burnley,Josh Cullen,IRL,MF,27,1996,25,23,2057,22.9,2,3,5,2,0,0,9,0,0.09,0.13,0.22,0.09,0.22
ENG-Premier League,2324,Burnley,Jóhann Berg Guðmundsson,ISL,MF,32,1990,26,12,1192,13.2,1,3,4,1,0,0,2,0,0.08,0.23,0.3,0.08,0.3
ENG-Premier League,2324,Burnley,Lorenz Assignon,TOG,DF,23,2000,15,15,1234,13.7,1,2,3,1,0,0,5,1,0.07,0.15,0.22,0.07,0.22
ENG-Premier League,2324,Burnley,Luca Koleosho,ITA,"MF,FW",18,2004,15,13,974,10.8,1,1,2,1,0,0,0,0,0.09,0.09,0.18,0.09,0.18
ENG-Premier League,2324,Burnley,Lyle Foster,RSA,"FW,MF",22,2000,24,22,1899,21.1,5,3,8,5,0,0,0,1,0.24,0.14,0.38,0.24,0.38
ENG-Premier League,2324,Burnley,Maxime Estève,FRA,DF,21,2002,16,15,1309,14.5,0,0,0,0,0,0,6,0,0.0,0.0,0.0,0.0,0.0
ENG-Premier League,2324,Burnley,Michael Obafemi,IRL,FW,23,2000,2,0,20,0.2,0,0,0,0,0,0,0,0,0.0,0.0,0.0,0.0,0.0
ENG-Premier League,2324,Burnley,Mike Trésor,BEL,"MF,FW",24,1999,16,3,420,4.7,0,0,0,0,0,0,0,0,0.0,0.0,0.0,0.0,0.0
ENG-Premier League,2324,Burnley,Nathan Redmond,ENG,"FW,MF",29,1994,12,0,142,1.6,0,0,0,0,0,0,1,0,0.0,0.0,0.0,0.0,0.0
ENG-Premier League,2324,Burnley,Sander Berge,NOR,MF,25,1998,37,34,3005,33.4,1,2,3,1,0,0,10,1,0.03,0.06,0.09,0.03,0.09
ENG-Premier League,2324,Burnley,Vitinho,BRA,"DF,MF",24,1999,32,26,2314,25.7,0,2,2,0,0,0,1,0,0.0,0.08,0.08,0.0,0.08
ENG-Premier League,2324,Burnley,Wilson Odobert,FRA,"MF,FW",18,2004,29,25,2098,23.3,3,2,5,3,0,0,3,0,0.13,0.09,0.21,0.13,0.21
ENG-Premier League,2324,Burnley,Zeki Amdouni,SUI,FW,22,2000,34,27,1953,21.7,5,1,6,4,1,1,2,0,0.23,0.05,0.28,0.18,0.23
ENG-Premier League,2324,Chelsea,Alex Matos,ENG,MF,18,2004,1,0,1,0.0,0,0,0,0,0,0,0,0,0.0,0.0,0.0,0.0,0.0
ENG-Premier League,2324,Chelsea,Alfie Gilchrist,ENG,DF,19,2003,11,2,207,2.3,1,0,1,1,0,0,1,0,0.43,0.0,0.43,0.43,0.43
ENG-Premier League,2324,Chelsea,Armando Broja,ALB,FW,21,2001,13,6,454,5.0,1,0,1,1,0,0,0,0,0.2,0.0,0.2,0.2,0.2
ENG-Premier League,2324,Chelsea,Axel Disasi,FRA,DF,25,1998,31,29,2579,28.7,2,0,2,2,0,0,6,0,0.07,0.0,0.07,0.07,0.07
ENG-Premier League,2324,Chelsea,Ben Chilwell,ENG,"MF,DF",26,1996,13,9,756,8.4,0,1,1,0,0,0,5,0,0.0,0.12,0.12,0.0,0.12
ENG-Premier League,2324,Chelsea,Benoît Badiashile,FRA,DF,22,2001,18,15,1338,14.9,0,1,1,0,0,0,3,0,0.0,0.07,0.07,0.0,0.07
ENG-Premier League,2324,Chelsea,Carney Chukwuemeka,AUT,MF,19,2003,9,2,227,2.5,1,1,2,1,0,0,2,0,0.4,0.4,0.79,0.4,0.79
ENG-Premier League,2324,Chelsea,Cesare Casadei,ITA,MF,20,2003,11,0,79,0.9,0,0,0,0,0,0,0,0,0.0,0.0,0.0,0.0,0.0
ENG-Premier League,2324,Chelsea,Christopher Nkunku,FRA,"MF,FW",25,1997,11,2,443,4.9,3,0,3,3,0,0,0,0,0.61,0.0,0.61,0.61,0.61
ENG-Premier League,2324,Chelsea,Cole Palmer,ENG,"MF,FW",21,2002,33,29,2607,29.0,22,11,33,13,9,9,7,0,0.76,0.38,1.14,0.45,0.83
ENG-Premier League,2324,Chelsea,Conor Gallagher,ENG,MF,23,2000,37,37,3128,34.8,5,7,12,5,0,0,9,1,0.14,0.2,0.35,0.14,0.35
ENG-Premier League,2324,Chelsea,Deivid Washington,BRA,FW,18,2005,2,0,13,0.1,0,0,0,0,0,0,0,0,0.0,0.0,0.0,0.0,0.0
ENG-Premier League,2324,Chelsea,Enzo Fernández,ARG,MF,22,2001,28,26,2209,24.5,3,2,5,2,1,2,7,0,0.12,0.08,0.2,0.08,0.16
ENG-Premier League,2324,Chelsea,Ian Maatsen,NED,MF,21,2002,12,1,209,2.3,0,0,0,0,0,0,1,0,0.0,0.0,0.0,0.0,0.0
ENG-Premier League,2324,Chelsea,Jimi Tauriainen,ENG,FW,19,2004,1,0,1,0.0,0,0,0,0,0,0,0,0,0.0,0.0,0.0,0.0,0.0
ENG-Premier League,2324,Chelsea,Joshua Acheampong,ENG,DF,17,2006,1,0,6,0.1,0,0,0,0,0,0,0,0,0.0,0.0,0.0,0.0,0.0
ENG-Premier League,2324,Chelsea,Lesley Ugochukwu,FRA,MF,19,2004,12,3,301,3.3,0,0,0,0,0,0,2,0,0.0,0.0,0.0,0.0,0.0
ENG-Premier League,2324,Chelsea,Levi Colwill,ENG,DF,20,2003,23,20,1797,20.0,1,1,2,1,0,0,2,0,0.05,0.05,0.1,0.05,0.1
ENG-Premier League,2324,Chelsea,Malo Gusto,FRA,"DF,MF",20,2003,27,19,1751,19.5,0,6,6,0,0,0,7,1,0.0,0.31,0.31,0.0,0.31
ENG-Premier League,2324,Chelsea,Marc Cucurella,ESP,DF,25,1998,21,20,1782,19.8,0,2,2,0,0,0,10,0,0.0,0.1,0.1,0.0,0.1
ENG-Premier League,2324,Chelsea,Mason Burstow,ENG,FW,19,2003,2,0,9,0.1,0,0,0,0,0,0,0,0,0.0,0.0,0.0,0.0,0.0
ENG-Premier League,2324,Chelsea,Moisés Caicedo,ECU,MF,21,2001,35,33,2866,31.8,1,3,4,1,0,0,11,0,0.03,0.09,0.13,0.03,0.13
ENG-Premier League,2324,Chelsea,Mykhailo Mudryk,UKR,MF,22,2001,31,18,1576,17.5,5,2,7,5,0,0,5,0,0.29,0.11,0.4,0.29,0.4
ENG-Premier League,2324,Chelsea,Nicolas Jackson,SEN,FW,22,2001,35,31,2799,31.1,14,5,19,14,0,0,10,0,0.45,0.16,0.61,0.45,0.61
ENG-Premier League,2324,Chelsea,Noni Madueke,ENG,MF,21,2002,23,13,1053,11.7,5,2,7,4,1,1,2,0,0.43,0.17,0.6,0.34,0.51
ENG-Premier League,2324,Chelsea,Raheem Sterling,ENG,MF,28,1994,31,22,1978,22.0,8,4,12,8,0,0,7,0,0.36,0.18,0.55,0.36,0.55
ENG-Premier League,2324,Chelsea,Reece James,ENG,"DF,MF",23,1999,10,5,419,4.7,0,2,2,0,0,0,2,2,0.0,0.43,0.43,0.0,0.43
ENG-Premier League,2324,Chelsea,Robert Sánchez,ESP,GK,25,1997,16,16,1433,15.9,0,0,0,0,0,0,2,0,0.0,0.0,0.0,0.0,0.0
ENG-Premier League,2324,Chelsea,Roméo Lavia,BEL,MF,19,2004,1,0,33,0.4,0,0,0,0,0,0,0,0,0.0,0.0,0.0,0.0,0.0
ENG-Premier League,2324,Chelsea,Thiago Silva,BRA,DF,38,1984,31,28,2527,28.1,3,1,4,3,0,0,4,0,0.11,0.04,0.14,0.11,0.14
ENG-Premier League,2324,Chelsea,Trevoh Chalobah,ENG,DF,24,1999,13,10,952,10.6,1,0,1,1,0,0,1,0,0.09,0.0,0.09,0.09,0.09
ENG-Premier League,2324,Chelsea,Đorđe Petrović,SRB,GK,23,1999,23,22,1987,22.1,0,0,0,0,0,0,2,0,0.0,0.0,0.0,0.0,0.0
ENG-Premier League,2324,Crystal Palace,Adam Wharton,ENG,MF,19,2004,16,15,1297,14.4,0,3,3,0,0,0,2,0,0.0,0.21,0.21,0.0,0.21
ENG-Premier League,2324,Crystal Palace,Cheick Doucouré,MLI,MF,23,2000,11,11,919,10.2,0,0,0,0,0,0,2,0,0.0,0.0,0.0,0.0,0.0
ENG-Premier League,2324,Crystal Palace,Chris Richards,USA,"DF,MF",23,2000,26,23,2094,23.3,1,1,2,1,0,0,3,0,0.04,0.04,0.09,0.04,0.09
ENG-Premier League,2324,Crystal Palace,Daniel Muñoz,COL,"MF,DF",27,1996,16,16,1439,16.0,0,4,4,0,0,0,4,0,0.0,0.25,0.25,0.0,0.25
ENG-Premier League,2324,Crystal Palace,David Ozoh,ENG,MF,18,2005,9,0,156,1.7,0,0,0,0,0,0,1,0,0.0,0.0,0.0,0.0,0.0
ENG-Premier League,2324,Crystal Palace,Dean Henderson,ENG,GK,26,1997,18,18,1620,18.0,0,0,0,0,0,0,2,0,0.0,0.0,0.0,0.0,0.0
ENG-Premier League,2324,Crystal Palace,Eberechi Eze,ENG,"MF,FW",25,1998,27,24,2055,22.8,11,4,15,10,1,1,3,0,0.48,0.18,0.66,0.44,0.61
ENG-Premier League,2324,Crystal Palace,James Tomkins,ENG,"DF,MF",34,1989,4,0,10,0.1,0,0,0,0,0,0,0,0,0.0,0.0,0.0,0.0,0.0
ENG-Premier League,2324,Crystal Palace,Jaïro Riedewald,NED,MF,26,1996,9,2,235,2.6,0,0,0,0,0,0,0,0,0.0,0.0,0.0,0.0,0.0
ENG-Premier League,2324,Crystal Palace,Jean-Philippe Mateta,FRA,FW,26,1997,35,25,2282,25.4,16,5,21,14,2,2,3,0,0.63,0.2,0.83,0.55,0.75
ENG-Premier League,2324,Crystal Palace,Jefferson Lerma,COL,"MF,DF",28,1994,28,27,2400,26.7,1,1,2,1,0,0,8,0,0.04,0.04,0.07,0.04,0.07
ENG-Premier League,2324,Crystal Palace,Jeffrey Schlupp,GHA,"MF,FW",30,1992,29,17,1352,15.0,2,2,4,2,0,0,1,0,0.13,0.13,0.27,0.13,0.27
ENG-Premier League,2324,Crystal Palace,Jesurun Rak Sakyi,GHA,"FW,MF",20,2002,6,0,136,1.5,0,0,0,0,0,0,0,0,0.0,0.0,0.0,0.0,0.0
ENG-Premier League,2324,Crystal Palace,Joachim Andersen,DEN,DF,27,1996,38,38,3415,37.9,2,3,5,2,0,0,7,0,0.05,0.08,0.13,0.05,0.13
ENG-Premier League,2324,Crystal Palace,Joel Ward,ENG,DF,33,1989,26,23,1980,22.0,0,1,1,0,0,0,4,0,0.0,0.05,0.05,0.0,0.05
ENG-Premier League,2324,Crystal Palace,Jordan Ayew,GHA,"MF,FW",31,1991,35,30,2543,28.3,4,7,11,4,0,0,9,1,0.14,0.25,0.39,0.14,0.39
ENG-Premier League,2324,Crystal Palace,Marc Guéhi,ENG,DF,23,2000,25,23,2021,22.5,0,1,1,0,0,0,2,0,0.0,0.04,0.04,0.0,0.04
ENG-Premier League,2324,Crystal Palace,Matheus França,BRA,MF,19,2004,10,1,232,2.6,0,1,1,0,0,0,1,0,0.0,0.39,0.39,0.0,0.39
ENG-Premier League,2324,Crystal Palace,Michael Olise,FRA,"MF,FW",21,2001,19,14,1275,14.2,10,6,16,9,1,1,0,0,0.71,0.42,1.13,0.64,1.06
ENG-Premier League,2324,Crystal Palace,Naouirou Ahamada,FRA,MF,21,2002,20,0,349,3.9,0,0,0,0,0,0,4,1,0.0,0.0,0.0,0.0,0.0
ENG-Premier League,2324,Crystal Palace,Nathaniel Clyne,ENG,DF,32,1991,19,14,1338,14.9,0,0,0,0,0,0,0,0,0.0,0.0,0.0,0.0,0.0
ENG-Premier League,2324,Crystal Palace,Odsonne Édouard,FRA,"FW,MF",25,1998,30,17,1555,17.3,7,0,7,7,0,0,4,0,0.41,0.0,0.41,0.41,0.41
ENG-Premier League,2324,Crystal Palace,Remi Matthews,ENG,GK,29,1994,1,0,4,0.0,0,0,0,0,0,0,0,0,0.0,0.0,0.0,0.0,0.0
ENG-Premier League,2324,Crystal Palace,Sam Johnstone,ENG,GK,30,1993,20,20,1796,20.0,0,0,0,0,0,0,1,0,0.0,0.0,0.0,0.0,0.0
ENG-Premier League,2324,Crystal Palace,Tyrick Mitchell,ENG,"DF,MF",23,1999,37,37,3204,35.6,2,3,5,2,0,0,6,0,0.06,0.08,0.14,0.06,0.14
ENG-Premier League,2324,Crystal Palace,Will Hughes,ENG,MF,28,1995,30,23,1891,21.0,0,1,1,0,0,0,6,0,0.0,0.05,0.05,0.0,0.05
ENG-Premier League,2324,Everton,Abdoulaye Doucouré,MLI,MF,30,1993,32,32,2629,29.2,7,1,8,7,0,0,7,0,0.24,0.03,0.27,0.24,0.27
ENG-Premier League,2324,Everton,Alex Iwobi,NGA,MF,27,1996,2,2,140,1.6,0,0,0,0,0,0,0,0,0.0,0.0,0.0,0.0,0.0
ENG-Premier League,2324,Everton,Amadou Onana,BEL,MF,21,2001,30,23,2091,23.2,2,0,2,2,0,0,5,0,0.09,0.0,0.09,0.09,0.09
ENG-Premier League,2324,Everton,André Gomes,POR,MF,30,1993,12,3,508,5.6,1,0,1,1,0,0,4,0,0.18,0.0,0.18,0.18,0.18
ENG-Premier League,2324,Everton,Arnaut Danjuma,NED,"MF,FW",26,1997,14,5,595,6.6,1,0,1,1,0,0,0,0,0.15,0.0,0.15,0.15,0.15
ENG-Premier League,2324,Everton,Ashley Young,ENG,"DF,MF",38,1985,31,27,2280,25.3,0,0,0,0,0,0,7,1,0.0,0.0,0.0,0.0,0.0
ENG-Premier League,2324,Everton,Ben Godfrey,ENG,DF,25,1998,15,13,1120,12.4,0,0,0,0,0,0,2,0,0.0,0.0,0.0,0.0,0.0
ENG-Premier League,2324,Everton,Beto,GNB,FW,25,1998,30,9,951,10.6,3,0,3,3,0,1,2,0,0.28,0.0,0.28,0.28,0.28
ENG-Premier League,2324,Everton,Dominic Calvert-Lewin,ENG,FW,26,1997,32,26,2171,24.1,7,2,9,5,2,2,2,0,0.29,0.08,0.37,0.21,0.29
ENG-Premier League,2324,Everton,Dwight McNeil,ENG,MF,23,1999,35,33,2892,32.1,3,6,9,3,0,0,2,0,0.09,0.19,0.28,0.09,0.28
ENG-Premier League,2324,Everton,Idrissa Gueye,SEN,MF,33,1989,25,24,1884,20.9,4,0,4,4,0,0,8,0,0.19,0.0,0.19,0.19,0.19
ENG-Premier League,2324,Everton,Jack Harrison,ENG,MF,26,1996,29,25,2214,24.6,3,3,6,3,0,0,1,0,0.12,0.12,0.24,0.12,0.24
ENG-Premier League,2324,Everton,James Garner,ENG,MF,22,2001,37,34,3004,33.4,1,2,3,1,0,0,7,0,0.03,0.06,0.09,0.03,0.09
ENG-Premier League,2324,Everton,James Tarkowski,ENG,DF,30,1992,38,38,3419,38.0,1,1,2,1,0,0,11,0,0.03,0.03,0.05,0.03,0.05
ENG-Premier League,2324,Everton,Jarrad Branthwaite,ENG,DF,21,2002,35,35,3116,34.6,3,0,3,3,0,0,8,0,0.09,0.0,0.09,0.09,0.09
ENG-Premier League,2324,Everton,Jordan Pickford,ENG,GK,29,1994,38,38,3420,38.0,0,0,0,0,0,0,5,0,0.0,0.0,0.0,0.0,0.0
ENG-Premier League,2324,Everton,Lewis Dobbin,ENG,MF,20,2003,12,1,232,2.6,1,0,1,1,0,0,1,0,0.39,0.0,0.39,0.39,0.39
ENG-Premier League,2324,Everton,Lewis Warrington,ENG,MF,20,2002,1,0,1,0.0,0,0,0,0,0,0,0,0,0.0,0.0,0.0,0.0,0.0
ENG-Premier League,2324,Everton,Michael Keane,ENG,DF,30,1993,9,4,439,4.9,1,0,1,1,0,0,2,0,0.21,0.0,0.21,0.21,0.21
ENG-Premier League,2324,Everton,Nathan Patterson,SCO,DF,21,2001,20,9,1005,11.2,0,2,2,0,0,0,4,0,0.0,0.18,0.18,0.0,0.18
ENG-Premier League,2324,Everton,Neal Maupay,FRA,FW,26,1996,2,1,111,1.2,0,0,0,0,0,0,0,0,0.0,0.0,0.0,0.0,0.0
ENG-Premier League,2324,Everton,Séamus Coleman,IRL,DF,34,1988,12,7,665,7.4,0,0,0,0,0,0,0,0,0.0,0.0,0.0,0.0,0.0
ENG-Premier League,2324,Everton,Tom Cannon,IRL,FW,20,2002,1,0,1,0.0,0,0,0,0,0,0,0,0,0.0,0.0,0.0,0.0,0.0
ENG-Premier League,2324,Everton,Tyler Onyango,ENG,MF,20,2003,1,0,1,0.0,0,0,0,0,0,0,0,0,0.0,0.0,0.0,0.0,0.0
ENG-Premier League,2324,Everton,Vitaliy Mykolenko,UKR,DF,24,1999,28,28,2469,27.4,2,0,2,2,0,0,1,0,0.07,0.0,0.07,0.07,0.07
ENG-Premier League,2324,Everton,Youssef Chermiti,POR,FW,19,2004,18,1,208,2.3,0,0,0,0,0,0,3,0,0.0,0.0,0.0,0.0,0.0
ENG-Premier League,2324,Fulham,Adama Traoré,ESP,MF,27,1996,17,1,377,4.2,2,3,5,2,0,0,2,0,0.48,0.72,1.19,0.48,1.19
ENG-Premier League,2324,Fulham,Aleksandar Mitrović,SRB,FW,28,1994,1,0,33,0.4,0,0,0,0,0,0,0,0,0.0,0.0,0.0,0.0,0.0
ENG-Premier League,2324,Fulham,Alex Iwobi,NGA,MF,27,1996,30,25,2192,24.4,5,2,7,5,0,0,2,0,0.21,0.08,0.29,0.21,0.29
ENG-Premier League,2324,Fulham,Andreas Pereira,BRA,MF,27,1996,37,34,2613,29.0,3,7,10,3,0,0,6,0,0.1,0.24,0.34,0.1,0.34
ENG-Premier League,2324,Fulham,Antonee Robinson,USA,DF,25,1997,37,37,3265,36.3,0,6,6,0,0,0,6,0,0.0,0.17,0.17,0.0,0.17
ENG-Premier League,2324,Fulham,Armando Broja,ALB,FW,21,2001,8,0,88,1.0,0,1,1,0,0,0,0,0,0.0,1.02,1.02,0.0,1.02
ENG-Premier League,2324,Fulham,Bernd Leno,GER,GK,31,1992,38,38,3420,38.0,0,0,0,0,0,0,3,0,0.0,0.0,0.0,0.0,0.0
ENG-Premier League,2324,Fulham,Bobby De Cordova-Reid,JAM,"MF,FW",30,1993,33,17,1423,15.8,6,2,8,6,0,0,4,0,0.38,0.13,0.51,0.38,0.51
ENG-Premier League,2324,Fulham,Calvin Bassey,NGA,DF,23,1999,29,25,2303,25.6,1,0,1,1,0,0,6,1,0.04,0.0,0.04,0.04,0.04
ENG-Premier League,2324,Fulham,Carlos Vinícius,BRA,FW,28,1995,13,2,315,3.5,2,0,2,2,0,0,2,0,0.57,0.0,0.57,0.57,0.57
ENG-Premier League,2324,Fulham,Fodé Ballo-Touré,SEN,"DF,MF",26,1997,6,0,71,0.8,0,0,0,0,0,0,1,0,0.0,0.0,0.0,0.0,0.0
ENG-Premier League,2324,Fulham,Harrison Reed,ENG,MF,28,1995,27,15,1325,14.7,0,2,2,0,0,0,6,0,0.0,0.14,0.14,0.0,0.14
ENG-Premier League,2324,Fulham,Harry Wilson,WAL,"MF,FW",26,1997,35,16,1620,18.0,4,6,10,4,0,0,6,0,0.22,0.33,0.56,0.22,0.56
ENG-Premier League,2324,Fulham,Issa Diop,MAR,DF,26,1997,18,16,1424,15.8,0,0,0,0,0,0,4,1,0.0,0.0,0.0,0.0,0.0
ENG-Premier League,2324,Fulham,João Palhinha,POR,MF,28,1995,33,31,2699,30.0,4,1,5,4,0,0,13,0,0.13,0.03,0.17,0.13,0.17
ENG-Premier League,2324,Fulham,Kenny Tete,NED,DF,27,1995,14,10,867,9.6,1,0,1,1,0,0,2,0,0.1,0.0,0.1,0.1,0.1
ENG-Premier League,2324,Fulham,Luke Harris,WAL,MF,18,2005,1,0,75,0.8,0,0,0,0,0,0,0,0,0.0,0.0,0.0,0.0,0.0
ENG-Premier League,2324,Fulham,Raúl Jiménez,MEX,FW,32,1991,24,18,1395,15.5,7,0,7,7,0,0,3,1,0.45,0.0,0.45,0.45,0.45
ENG-Premier League,2324,Fulham,Rodrigo Muniz,BRA,FW,22,2001,26,18,1593,17.7,9,1,10,9,0,0,1,0,0.51,0.06,0.56,0.51,0.56
ENG-Premier League,2324,Fulham,Saša Lukić,SRB,MF,26,1996,24,13,1122,12.5,1,0,1,1,0,0,3,0,0.08,0.0,0.08,0.08,0.08
ENG-Premier League,2324,Fulham,Tim Ream,USA,DF,35,1987,18,17,1503,16.7,1,0,1,1,0,0,4,1,0.06,0.0,0.06,0.06,0.06
ENG-Premier League,2324,Fulham,Timothy Castagne,BEL,DF,27,1995,34,29,2634,29.3,1,3,4,1,0,0,3,0,0.03,0.1,0.14,0.03,0.14
ENG-Premier League,2324,Fulham,Tom Cairney,SCO,MF,32,1991,34,14,1488,16.5,1,4,5,1,0,0,3,0,0.06,0.24,0.3,0.06,0.3
ENG-Premier League,2324,Fulham,Tosin Adarabioyo,ENG,DF,25,1997,20,18,1617,18.0,2,0,2,2,0,0,2,0,0.11,0.0,0.11,0.11,0.11
ENG-Premier League,2324,Fulham,Willian,BRA,"MF,FW",34,1988,31,24,2053,22.8,4,2,6,2,2,2,1,0,0.18,0.09,0.26,0.09,0.18
ENG-Premier League,2324,Liverpool,Alexis Mac Allister,ARG,MF,24,1998,33,31,2599,28.9,5,5,10,4,1,1,7,1,0.17,0.17,0.35,0.14,0.31
ENG-Premier League,2324,Liverpool,Alisson,BRA,GK,30,1992,28,28,2520,28.0,0,0,0,0,0,0,1,0,0.0,0.0,0.0,0.0,0.0
ENG-Premier League,2324,Liverpool,Andy Robertson,SCO,DF,29,1994,23,18,1693,18.8,3,2,5,3,0,0,2,0,0.16,0.11,0.27,0.16,0.27
ENG-Premier League,2324,Liverpool,Ben Gannon-Doak,SCO,MF,17,2005,1,0,14,0.2,0,0,0,0,0,0,0,0,0.0,0.0,0.0,0.0,0.0
ENG-Premier League,2324,Liverpool,Bobby Clark,ENG,MF,18,2005,5,1,89,1.0,0,0,0,0,0,0,0,0,0.0,0.0,0.0,0.0,0.0
ENG-Premier League,2324,Liverpool,Caoimhín Kelleher,IRL,GK,24,1998,10,10,900,10.0,0,0,0,0,0,0,0,0,0.0,0.0,0.0,0.0,0.0
ENG-Premier League,2324,Liverpool,Cody Gakpo,NED,"FW,MF",24,1999,35,17,1649,18.3,8,5,13,8,0,0,1,0,0.44,0.27,0.71,0.44,0.71
ENG-Premier League,2324,Liverpool,Conor Bradley,NIR,DF,20,2003,11,10,753,8.4,1,3,4,1,0,0,2,0,0.12,0.36,0.48,0.12,0.48
ENG-Premier League,2324,Liverpool,Curtis Jones,ENG,MF,22,2001,23,14,1167,13.0,1,1,2,1,0,0,3,1,0.08,0.08,0.15,0.08,0.15
ENG-Premier League,2324,Liverpool,Darwin Núñez,URU,FW,24,1999,36,22,2047,22.7,11,8,19,11,0,1,9,0,0.48,0.35,0.84,0.48,0.84
ENG-Premier League,2324,Liverpool,Diogo Jota,POR,FW,26,1996,21,14,1145,12.7,10,3,13,10,0,0,3,1,0.79,0.24,1.02,0.79,1.02
ENG-Premier League,2324,Liverpool,Dominik Szoboszlai,HUN,MF,22,2000,33,25,2104,23.4,3,2,5,3,0,0,1,0,0.13,0.09,0.21,0.13,0.21
ENG-Premier League,2324,Liverpool,Harvey Elliott,ENG,"MF,FW",20,2003,34,11,1352,15.0,3,6,9,3,0,0,2,0,0.2,0.4,0.6,0.2,0.6
ENG-Premier League,2324,Liverpool,Ibrahima Konaté,FRA,DF,24,1999,22,17,1574,17.5,0,0,0,0,0,0,5,1,0.0,0.0,0.0,0.0,0.0
ENG-Premier League,2324,Liverpool,James McConnell,ENG,MF,18,2004,3,0,4,0.0,0,0,0,0,0,0,0,0,0.0,0.0,0.0,0.0,0.0
ENG-Premier League,2324,Liverpool,Jarell Quansah,ENG,DF,20,2003,17,13,1190,13.2,2,0,2,2,0,0,1,0,0.15,0.0,0.15,0.15,0.15
ENG-Premier League,2324,Liverpool,Jayden Danns,ENG,FW,17,2006,2,0,9,0.1,0,0,0,0,0,0,1,0,0.0,0.0,0.0,0.0,0.0
ENG-Premier League,2324,Liverpool,Joe Gomez,ENG,DF,26,1997,32,17,1786,19.8,0,1,1,0,0,0,5,0,0.0,0.05,0.05,0.0,0.05
ENG-Premier League,2324,Liverpool,Joël Matip,CMR,DF,31,1991,10,9,781,8.7,0,0,0,0,0,0,2,0,0.0,0.0,0.0,0.0,0.0
ENG-Premier League,2324,Liverpool,Kaide Gordon,ENG,FW,18,2004,1,0,1,0.0,0,0,0,0,0,0,0,0,0.0,0.0,0.0,0.0,0.0
ENG-Premier League,2324,Liverpool,Kostas Tsimikas,GRE,DF,27,1996,13,8,679,7.5,0,3,3,0,0,0,0,0,0.0,0.4,0.4,0.0,0.4
ENG-Premier League,2324,Liverpool,Luis Díaz,COL,FW,26,1997,37,32,2629,29.2,8,5,13,8,0,0,3,0,0.27,0.17,0.45,0.27,0.45
ENG-Premier League,2324,Liverpool,Mohamed Salah,EGY,FW,31,1992,32,28,2534,28.2,18,10,28,13,5,7,2,0,0.64,0.36,0.99,0.46,0.82
ENG-Premier League,2324,Liverpool,Owen Beck,WAL,"DF,MF",20,2002,1,0,8,0.1,0,0,0,0,0,0,0,0,0.0,0.0,0.0,0.0,0.0
ENG-Premier League,2324,Liverpool,Ryan Gravenberch,NED,MF,21,2002,26,12,1121,12.5,1,0,1,1,0,0,0,0,0.08,0.0,0.08,0.08,0.08
ENG-Premier League,2324,Liverpool,Stefan Bajcetic,ESP,MF,18,2004,1,0,26,0.3,0,0,0,0,0,0,0,0,0.0,0.0,0.0,0.0,0.0
ENG-Premier League,2324,Liverpool,Thiago Alcántara,ESP,MF,32,1991,1,0,6,0.1,0,0,0,0,0,0,0,0,0.0,0.0,0.0,0.0,0.0
ENG-Premier League,2324,Liverpool,Trent Alexander-Arnold,ENG,DF,24,1998,28,25,2155,23.9,3,4,7,3,0,0,6,0,0.13,0.17,0.29,0.13,0.29
ENG-Premier League,2324,Liverpool,Virgil van Dijk,NED,DF,32,1991,36,36,3177,35.3,2,2,4,2,0,0,3,1,0.06,0.06,0.11,0.06,0.11
ENG-Premier League,2324,Liverpool,Wataru Endo,JPN,MF,30,1993,29,20,1722,19.1,1,0,1,1,0,0,10,0,0.05,0.0,0.05,0.05,0.05
ENG-Premier League,2324,Luton Town,Albert Sambi Lokonga,BEL,MF,23,1999,17,16,1303,14.5,1,3,4,1,0,0,4,0,0.07,0.21,0.28,0.07,0.28
ENG-Premier League,2324,Luton Town,Alfie Doughty,ENG,"MF,DF",23,1999,37,34,2925,32.5,2,8,10,2,0,0,5,0,0.06,0.25,0.31,0.06,0.31
ENG-Premier League,2324,Luton Town,Amari'i Bell,JAM,DF,29,1994,21,21,1720,19.1,0,0,0,0,0,0,0,0,0.0,0.0,0.0,0.0,0.0
ENG-Premier League,2324,Luton Town,Andros Townsend,ENG,"MF,FW",32,1991,27,14,1210,13.4,1,3,4,1,0,0,1,0,0.07,0.22,0.3,0.07,0.3
ENG-Premier League,2324,Luton Town,Carlton Morris,ENG,"FW,MF",27,1995,38,32,2862,31.8,11,4,15,6,5,5,4,0,0.35,0.13,0.47,0.19,0.31
ENG-Premier League,2324,Luton Town,Cauley Woodrow,ENG,FW,28,1994,24,2,427,4.7,1,1,2,1,0,0,2,0,0.21,0.21,0.42,0.21,0.42
ENG-Premier League,2324,Luton Town,Chiedozie Ogbene,IRL,MF,26,1997,30,20,1995,22.2,4,1,5,4,0,0,1,0,0.18,0.05,0.23,0.18,0.23
ENG-Premier League,2324,Luton Town,Daiki Hashioka,JPN,"DF,MF",24,1999,10,6,595,6.6,0,0,0,0,0,0,0,0,0.0,0.0,0.0,0.0,0.0
ENG-Premier League,2324,Luton Town,Elijah Adebayo,ENG,FW,25,1998,27,16,1419,15.8,10,0,10,10,0,0,1,0,0.63,0.0,0.63,0.63,0.63
ENG-Premier League,2324,Luton Town,Fred Onyedinma,ENG,MF,26,1996,8,4,407,4.5,0,0,0,0,0,0,1,0,0.0,0.0,0.0,0.0,0.0
ENG-Premier League,2324,Luton Town,Gabriel Osho,NGA,DF,24,1998,21,21,1846,20.5,2,0,2,2,0,0,3,0,0.1,0.0,0.1,0.1,0.1
ENG-Premier League,2324,Luton Town,Issa Kaboré,BFA,"MF,DF",22,2001,24,21,1729,19.2,0,2,2,0,0,0,7,0,0.0,0.1,0.1,0.0,0.1
ENG-Premier League,2324,Luton Town,Jacob Brown,SCO,"MF,FW",25,1998,19,12,1019,11.3,2,0,2,2,0,0,4,0,0.18,0.0,0.18,0.18,0.18
ENG-Premier League,2324,Luton Town,James Shea,ENG,GK,32,1991,1,0,15,0.2,0,0,0,0,0,0,0,0,0.0,0.0,0.0,0.0,0.0
ENG-Premier League,2324,Luton Town,Jordan Clark,ENG,MF,29,1993,23,14,1304,14.5,1,1,2,1,0,0,4,0,0.07,0.07,0.14,0.07,0.14
ENG-Premier League,2324,Luton Town,Joseph Johnson,ENG,DF,17,2006,2,0,77,0.9,0,0,0,0,0,0,1,0,0.0,0.0,0.0,0.0,0.0
ENG-Premier League,2324,Luton Town,Luke Berry,ENG,MF,31,1992,17,2,323,3.6,2,1,3,2,0,0,1,0,0.56,0.28,0.84,0.56,0.84
ENG-Premier League,2324,Luton Town,Mads Juel Andersen,DEN,DF,25,1997,8,4,400,4.4,1,0,1,1,0,0,1,0,0.23,0.0,0.23,0.23,0.23
ENG-Premier League,2324,Luton Town,Marvelous Nakamba,ZIM,MF,29,1994,13,13,1130,12.6,0,0,0,0,0,0,5,0,0.0,0.0,0.0,0.0,0.0
ENG-Premier League,2324,Luton Town,Pelly Ruddock Mpanzu,COD,MF,30,1993,27,11,1101,12.2,0,0,0,0,0,0,1,0,0.0,0.0,0.0,0.0,0.0
ENG-Premier League,2324,Luton Town,Reece Burke,ENG,DF,26,1996,22,20,1660,18.4,0,4,4,0,0,0,5,0,0.0,0.22,0.22,0.0,0.22
ENG-Premier League,2324,Luton Town,Ross Barkley,ENG,MF,29,1993,32,30,2618,29.1,5,4,9,5,0,0,6,0,0.17,0.14,0.31,0.17,0.31
ENG-Premier League,2324,Luton Town,Ryan Giles,ENG,"MF,DF",23,2000,11,5,503,5.6,0,0,0,0,0,0,0,0,0.0,0.0,0.0,0.0,0.0
ENG-Premier League,2324,Luton Town,Tahith Chong,CUW,"MF,FW",23,1999,33,20,1982,22.0,4,0,4,4,0,0,4,0,0.18,0.0,0.18,0.18,0.18
ENG-Premier League,2324,Luton Town,Teden Mengi,ENG,DF,21,2002,30,28,2469,27.4,1,0,1,1,0,0,3,0,0.04,0.0,0.04,0.04,0.04
ENG-Premier League,2324,Luton Town,Thomas Kaminski,BEL,GK,30,1992,38,38,3405,37.8,0,0,0,0,0,0,3,0,0.0,0.0,0.0,0.0,0.0
ENG-Premier League,2324,Luton Town,Tom Lockyer,WAL,DF,28,1994,14,14,1169,13.0,1,1,2,1,0,0,4,0,0.08,0.08,0.15,0.08,0.15
ENG-Premier League,2324,Luton Town,Zack Nelson,ENG,MF,18,2005,2,0,7,0.1,0,0,0,0,0,0,0,0,0.0,0.0,0.0,0.0,0.0
ENG-Premier League,2324,Manchester City,Aymeric Laporte,ESP,DF,29,1994,1,0,12,0.1,0,0,0,0,0,0,0,0,0.0,0.0,0.0,0.0,0.0
ENG-Premier League,2324,Manchester City,Bernardo Silva,POR,MF,28,1994,33,29,2578,28.6,6,9,15,6,0,0,8,0,0.21,0.31,0.52,0.21,0.52
ENG-Premier League,2324,Manchester City,Cole Palmer,ENG,"FW,MF",21,2002,1,0,11,0.1,0,0,0,0,0,0,0,0,0.0,0.0,0.0,0.0,0.0
ENG-Premier League,2324,Manchester City,Ederson Moraes,BRA,GK,29,1993,33,33,2785,30.9,0,0,0,0,0,0,5,0,0.0,0.0,0.0,0.0,0.0
ENG-Premier League,2324,Manchester City,Erling Haaland,NOR,"FW,MF",23,2000,31,29,2552,28.4,27,5,32,20,7,8,1,0,0.95,0.18,1.13,0.71,0.88
ENG-Premier League,2324,Manchester City,Jack Grealish,ENG,"MF,FW",27,1995,20,10,1009,11.2,3,1,4,3,0,0,6,0,0.27,0.09,0.36,0.27,0.36
ENG-Premier League,2324,Manchester City,James Mcatee,ENG,MF,20,2002,1,0,1,0.0,0,0,0,0,0,0,0,0,0.0,0.0,0.0,0.0,0.0
ENG-Premier League,2324,Manchester City,Jeremy Doku,BEL,"MF,FW",21,2002,29,18,1595,17.7,3,8,11,3,0,0,3,0,0.17,0.45,0.62,0.17,0.62
ENG-Premier League,2324,Manchester City,John Stones,ENG,DF,29,1994,16,12,1064,11.8,1,0,1,1,0,0,2,0,0.08,0.0,0.08,0.08,0.08
ENG-Premier League,2324,Manchester City,Joško Gvardiol,CRO,DF,21,2002,28,26,2328,25.9,4,1,5,4,0,0,3,0,0.15,0.04,0.19,0.15,0.19
ENG-Premier League,2324,Manchester City,Julián Álvarez,ARG,"MF,FW",23,2000,36,31,2647,29.4,11,8,19,9,2,2,2,0,0.37,0.27,0.65,0.31,0.58
ENG-Premier League,2324,Manchester City,Kalvin Phillips,ENG,"DF,MF",27,1995,4,0,93,1.0,0,0,0,0,0,0,0,0,0.0,0.0,0.0,0.0,0.0
ENG-Premier League,2324,Manchester City,Kevin De Bruyne,BEL,MF,32,1991,18,15,1221,13.6,4,10,14,4,0,0,2,0,0.29,0.74,1.03,0.29,1.03
ENG-Premier League,2324,Manchester City,Kyle Walker,ENG,"DF,MF",33,1990,32,30,2767,30.7,0,4,4,0,0,0,2,0,0.0,0.13,0.13,0.0,0.13
ENG-Premier League,2324,Manchester City,Manuel Akanji,SUI,"DF,MF",28,1995,30,28,2511,27.9,2,0,2,2,0,0,4,1,0.07,0.0,0.07,0.07,0.07
ENG-Premier League,2324,Manchester City,Mateo Kovačić,CRO,MF,29,1994,30,16,1551,17.2,1,0,1,1,0,0,4,0,0.06,0.0,0.06,0.06,0.06
ENG-Premier League,2324,Manchester City,Matheus Nunes,POR,"MF,FW",24,1998,17,7,661,7.3,0,2,2,0,0,0,0,0,0.0,0.27,0.27,0.0,0.27
ENG-Premier League,2324,Manchester City,Nathan Aké,NED,DF,28,1995,29,24,2042,22.7,2,2,4,2,0,0,0,0,0.09,0.09,0.18,0.09,0.18
ENG-Premier League,2324,Manchester City,Oscar Bobb,NOR,MF,20,2003,14,2,302,3.4,1,1,2,1,0,0,0,0,0.3,0.3,0.6,0.3,0.6
ENG-Premier League,2324,Manchester City,Phil Foden,ENG,MF,23,2000,35,33,2857,31.7,19,8,27,19,0,0,2,0,0.6,0.25,0.85,0.6,0.85
ENG-Premier League,2324,Manchester City,Rico Lewis,ENG,"DF,MF",18,2004,16,8,809,9.0,2,0,2,2,0,0,1,0,0.22,0.0,0.22,0.22,0.22
ENG-Premier League,2324,Manchester City,Rodri,ESP,"MF,DF",27,1996,34,34,2931,32.6,8,9,17,8,0,0,8,1,0.25,0.28,0.52,0.25,0.52
ENG-Premier League,2324,Manchester City,Rúben Dias,POR,"DF,MF",26,1997,30,28,2559,28.4,0,0,0,0,0,0,0,0,0.0,0.0,0.0,0.0,0.0
ENG-Premier League,2324,Manchester City,Sergio Gómez,ESP,"DF,MF",22,2000,6,0,53,0.6,0,1,1,0,0,0,0,0,0.0,1.7,1.7,0.0,1.7
ENG-Premier League,2324,Manchester City,Stefan Ortega,GER,GK,30,1992,9,5,635,7.1,0,0,0,0,0,0,0,0,0.0,0.0,0.0,0.0,0.0
ENG-Premier League,2324,Manchester Utd,Aaron Wan-Bissaka,COD,DF,25,1997,22,20,1780,19.8,0,2,2,0,0,0,4,0,0.0,0.1,0.1,0.0,0.1
ENG-Premier League,2324,Manchester Utd,Alejandro Garnacho,ARG,MF,19,2004,36,30,2565,28.5,7,4,11,7,0,0,4,0,0.25,0.14,0.39,0.25,0.39
ENG-Premier League,2324,Manchester Utd,Amad Diallo,CIV,MF,21,2002,9,3,390,4.3,1,1,2,1,0,0,1,0,0.23,0.23,0.46,0.23,0.46
ENG-Premier League,2324,Manchester Utd,André Onana,CMR,GK,27,1996,38,38,3420,38.0,0,0,0,0,0,0,5,0,0.0,0.0,0.0,0.0,0.0
ENG-Premier League,2324,Manchester Utd,Anthony Martial,FRA,FW,27,1995,13,5,448,5.0,1,0,1,1,0,0,0,0,0.2,0.0,0.2,0.2,0.2
ENG-Premier League,2324,Manchester Utd,Antony,BRA,MF,23,2000,29,15,1324,14.7,1,1,2,1,0,0,5,0,0.07,0.07,0.14,0.07,0.14
ENG-Premier League,2324,Manchester Utd,Bruno Fernandes,POR,MF,28,1994,35,35,3118,34.6,10,8,18,6,4,5,9,0,0.29,0.23,0.52,0.17,0.4
ENG-Premier League,2324,Manchester Utd,Casemiro,BRA,"MF,DF",31,1992,25,24,1982,22.0,1,2,3,1,0,0,7,0,0.05,0.09,0.14,0.05,0.14
ENG-Premier League,2324,Manchester Utd,Christian Eriksen,DEN,MF,31,1992,22,12,1141,12.7,1,2,3,1,0,0,1,0,0.08,0.16,0.24,0.08,0.24
ENG-Premier League,2324,Manchester Utd,Daniel Gore,ENG,MF,18,2004,1,0,1,0.0,0,0,0,0,0,0,0,0,0.0,0.0,0.0,0.0,0.0
ENG-Premier League,2324,Manchester Utd,Diogo Dalot,POR,DF,24,1999,36,35,3174,35.3,2,3,5,2,0,0,6,1,0.06,0.09,0.14,0.06,0.14
ENG-Premier League,2324,Manchester Utd,Donny van de Beek,NED,MF,26,1997,1,0,3,0.0,0,0,0,0,0,0,0,0,0.0,0.0,0.0,0.0,0.0
ENG-Premier League,2324,Manchester Utd,Ethan Wheatley,ENG,FW,17,2006,3,0,16,0.2,0,0,0,0,0,0,0,0,0.0,0.0,0.0,0.0,0.0
ENG-Premier League,2324,Manchester Utd,Facundo Pellistri,URU,MF,21,2001,9,1,172,1.9,0,1,1,0,0,0,0,0,0.0,0.52,0.52,0.0,0.52
ENG-Premier League,2324,Manchester Utd,Hannibal Mejbri,TUN,MF,20,2003,5,1,133,1.5,1,0,1,1,0,0,1,0,0.68,0.0,0.68,0.68,0.68
ENG-Premier League,2324,Manchester Utd,Harry Maguire,ENG,DF,30,1993,22,18,1653,18.4,2,2,4,2,0,0,4,0,0.11,0.11,0.22,0.11,0.22
ENG-Premier League,2324,Manchester Utd,Jadon Sancho,ENG,"FW,MF",23,2000,3,0,79,0.9,0,0,0,0,0,0,0,0,0.0,0.0,0.0,0.0,0.0
ENG-Premier League,2324,Manchester Utd,Jonny Evans,NIR,DF,35,1988,23,15,1392,15.5,0,1,1,0,0,0,2,0,0.0,0.06,0.06,0.0,0.06
ENG-Premier League,2324,Manchester Utd,Kobbie Mainoo,ENG,MF,18,2005,24,24,1924,21.4,3,1,4,3,0,0,3,0,0.14,0.05,0.19,0.14,0.19
ENG-Premier League,2324,Manchester Utd,Lisandro Martínez,ARG,DF,25,1998,11,8,646,7.2,0,1,1,0,0,0,3,0,0.0,0.14,0.14,0.0,0.14
ENG-Premier League,2324,Manchester Utd,Luke Shaw,ENG,DF,28,1995,12,12,959,10.7,0,0,0,0,0,0,6,0,0.0,0.0,0.0,0.0,0.0
ENG-Premier League,2324,Manchester Utd,Marcus Rashford,ENG,"MF,FW",25,1997,33,26,2271,25.2,7,2,9,5,2,2,2,0,0.28,0.08,0.36,0.2,0.28
ENG-Premier League,2324,Manchester Utd,Mason Mount,ENG,MF,24,1999,14,5,516,5.7,1,0,1,1,0,0,2,0,0.17,0.0,0.17,0.17,0.17
ENG-Premier League,2324,Manchester Utd,Omari Forson,ENG,MF,19,2004,4,1,70,0.8,0,1,1,0,0,0,0,0,0.0,1.29,1.29,0.0,1.29
ENG-Premier League,2324,Manchester Utd,Raphaël Varane,FRA,DF,30,1993,22,16,1375,15.3,1,0,1,1,0,0,2,0,0.07,0.0,0.07,0.07,0.07
ENG-Premier League,2324,Manchester Utd,Rasmus Højlund,DEN,FW,20,2003,30,25,2158,24.0,10,2,12,10,0,0,2,0,0.42,0.08,0.5,0.42,0.5
ENG-Premier League,2324,Manchester Utd,Scott McTominay,SCO,"MF,FW",26,1996,32,18,1901,21.1,7,1,8,7,0,0,2,0,0.33,0.05,0.38,0.33,0.38
ENG-Premier League,2324,Manchester Utd,Sergio Reguilón,ESP,DF,26,1996,9,4,412,4.6,0,0,0,0,0,0,3,0,0.0,0.0,0.0,0.0,0.0
ENG-Premier League,2324,Manchester Utd,Sofyan Amrabat,MAR,"MF,DF",26,1996,21,10,938,10.4,0,0,0,0,0,0,6,0,0.0,0.0,0.0,0.0,0.0
ENG-Premier League,2324,Manchester Utd,Victor Lindelöf,SWE,DF,29,1994,19,14,1328,14.8,1,1,2,1,0,0,2,0,0.07,0.07,0.14,0.07,0.14
ENG-Premier League,2324,Manchester Utd,Willy Kambwala,FRA,DF,18,2004,8,3,330,3.7,0,0,0,0,0,0,1,0,0.0,0.0,0.0,0.0,0.0
ENG-Premier League,2324,Newcastle,Alex Murphy,IRL,DF,19,2004,2,0,13,0.1,0,0,0,0,0,0,0,0,0.0,0.0,0.0,0.0,0.0
ENG-Premier League,2324,Newcastle,Alexander Isak,SWE,FW,23,1999,30,27,2255,25.1,21,2,23,16,5,6,1,0,0.84,0.08,0.92,0.64,0.72
ENG-Premier League,2324,Newcastle,Amadou Diallo,ENG,FW,20,2003,1,0,1,0.0,0,0,0,0,0,0,0,0,0.0,0.0,0.0,0.0,0.0
ENG-Premier League,2324,Newcastle,Anthony Gordon,ENG,FW,22,2001,35,34,2890,32.1,11,10,21,10,1,1,12,1,0.34,0.31,0.65,0.31,0.62
ENG-Premier League,2324,Newcastle,Ben Parkinson,ENG,FW,18,2005,1,0,25,0.3,0,0,0,0,0,0,0,0,0.0,0.0,0.0,0.0,0.0
ENG-Premier League,2324,Newcastle,Bruno Guimarães,BRA,MF,25,1997,37,37,3263,36.3,7,8,15,7,0,0,9,0,0.19,0.22,0.41,0.19,0.41
ENG-Premier League,2324,Newcastle,Callum Wilson,ENG,FW,31,1992,20,9,991,11.0,9,1,10,7,2,2,3,0,0.82,0.09,0.91,0.64,0.73
ENG-Premier League,2324,Newcastle,Dan Burn,ENG,DF,31,1992,33,32,2726,30.3,2,2,4,2,0,0,4,0,0.07,0.07,0.13,0.07,0.13
ENG-Premier League,2324,Newcastle,Elliot Anderson,ENG,"MF,FW",20,2002,21,10,1027,11.4,0,2,2,0,0,0,3,0,0.0,0.18,0.18,0.0,0.18
ENG-Premier League,2324,Newcastle,Emil Krafth,SWE,DF,28,1994,17,8,913,10.1,0,0,0,0,0,0,2,0,0.0,0.0,0.0,0.0,0.0
ENG-Premier League,2324,Newcastle,Fabian Schär,SUI,DF,31,1991,36,35,3054,33.9,4,1,5,4,0,0,5,0,0.12,0.03,0.15,0.12,0.15
ENG-Premier League,2324,Newcastle,Harvey Barnes,ENG,"FW,MF",25,1997,21,7,802,8.9,5,3,8,5,0,0,2,0,0.56,0.34,0.9,0.56,0.9
ENG-Premier League,2324,Newcastle,Jacob Murphy,ENG,"FW,MF",28,1995,21,14,1189,13.2,3,7,10,3,0,0,1,0,0.23,0.53,0.76,0.23,0.76
ENG-Premier League,2324,Newcastle,Jamaal Lascelles,ENG,DF,29,1993,16,13,1080,12.0,1,0,1,1,0,0,4,0,0.08,0.0,0.08,0.08,0.08
ENG-Premier League,2324,Newcastle,Joe White,ENG,MF,20,2002,4,0,13,0.1,0,0,0,0,0,0,1,0,0.0,0.0,0.0,0.0,0.0
ENG-Premier League,2324,Newcastle,Joe Willock,ENG,MF,23,1999,9,5,419,4.7,1,0,1,1,0,0,0,0,0.21,0.0,0.21,0.21,0.21
ENG-Premier League,2324,Newcastle,Joelinton,BRA,"MF,FW",26,1996,20,15,1279,14.2,2,1,3,2,0,0,6,0,0.14,0.07,0.21,0.14,0.21
ENG-Premier League,2324,Newcastle,Kieran Trippier,ENG,DF,32,1990,28,26,2236,24.8,1,10,11,1,0,0,5,0,0.04,0.4,0.44,0.04,0.44
ENG-Premier League,2324,Newcastle,Lewis Hall,ENG,DF,18,2004,18,8,781,8.7,1,0,1,1,0,0,2,0,0.12,0.0,0.12,0.12,0.12
ENG-Premier League,2324,Newcastle,Lewis Miley,ENG,MF,17,2006,17,14,1202,13.4,1,3,4,1,0,0,1,0,0.07,0.22,0.3,0.07,0.3
ENG-Premier League,2324,Newcastle,Loris Karius,GER,GK,30,1993,1,1,90,1.0,0,0,0,0,0,0,0,0,0.0,0.0,0.0,0.0,0.0
ENG-Premier League,2324,Newcastle,Martin Dúbravka,SVK,GK,34,1989,23,22,1985,22.1,0,0,0,0,0,0,1,0,0.0,0.0,0.0,0.0,0.0
ENG-Premier League,2324,Newcastle,Matt Ritchie,SCO,"DF,MF",33,1989,13,0,128,1.4,1,0,1,1,0,0,1,0,0.7,0.0,0.7,0.7,0.7
ENG-Premier League,2324,Newcastle,Matt Targett,ENG,DF,27,1995,3,1,78,0.9,0,0,0,0,0,0,1,0,0.0,0.0,0.0,0.0,0.0
ENG-Premier League,2324,Newcastle,Michael Ndiweni,ENG,MF,19,2003,1,0,1,0.0,0,0,0,0,0,0,0,0,0.0,0.0,0.0,0.0,0.0
ENG-Premier League,2324,Newcastle,Miguel Almirón,PAR,FW,29,1994,33,23,1937,21.5,3,1,4,3,0,0,2,0,0.14,0.05,0.19,0.14,0.19
ENG-Premier League,2324,Newcastle,Nick Pope,ENG,GK,31,1992,15,15,1345,14.9,0,0,0,0,0,0,1,0,0.0,0.0,0.0,0.0,0.0
ENG-Premier League,2324,Newcastle,Paul Dummett,WAL,DF,31,1991,5,0,20,0.2,0,0,0,0,0,0,0,0,0.0,0.0,0.0,0.0,0.0
ENG-Premier League,2324,Newcastle,Sandro Tonali,ITA,MF,23,2000,8,5,438,4.9,1,0,1,1,0,0,2,0,0.21,0.0,0.21,0.21,0.21
ENG-Premier League,2324,Newcastle,Sean Longstaff,ENG,MF,25,1997,35,30,2747,30.5,6,2,8,6,0,0,7,0,0.2,0.07,0.26,0.2,0.26
ENG-Premier League,2324,Newcastle,Sven Botman,NED,DF,23,2000,17,15,1377,15.3,2,2,4,2,0,0,2,0,0.13,0.13,0.26,0.13,0.26
ENG-Premier League,2324,Newcastle,Tino Livramento,ENG,DF,20,2002,26,12,1314,14.6,1,0,1,1,0,0,1,0,0.07,0.0,0.07,0.07,0.07
ENG-Premier League,2324,Nottingham,Andrew Omobamidele,IRL,DF,21,2002,11,8,783,8.7,0,0,0,0,0,0,2,0,0.0,0.0,0.0,0.0,0.0
ENG-Premier League,2324,Nottingham,Andrey Santos,BRA,MF,19,2004,1,0,8,0.1,0,0,0,0,0,0,0,0,0.0,0.0,0.0,0.0,0.0
ENG-Premier League,2324,Nottingham,Anthony Elanga,SWE,"MF,FW",21,2002,36,25,2433,27.0,5,9,14,5,0,0,1,0,0.18,0.33,0.52,0.18,0.52
ENG-Premier League,2324,Nottingham,Brandon Aguilera,CRC,MF,20,2003,1,0,5,0.1,0,0,0,0,0,0,0,0,0.0,0.0,0.0,0.0,0.0
ENG-Premier League,2324,Nottingham,Brennan Johnson,WAL,"FW,MF",22,2001,3,3,237,2.6,0,0,0,0,0,0,0,0,0.0,0.0,0.0,0.0,0.0
ENG-Premier League,2324,Nottingham,Callum Hudson-Odoi,ENG,"MF,FW",22,2000,29,20,1854,20.6,8,1,9,8,0,0,0,0,0.39,0.05,0.44,0.39,0.44
ENG-Premier League,2324,Nottingham,Cheikhou Kouyaté,SEN,MF,33,1989,12,2,212,2.4,0,0,0,0,0,0,2,0,0.0,0.0,0.0,0.0,0.0
ENG-Premier League,2324,Nottingham,Chris Wood,NZL,FW,31,1991,31,20,1812,20.1,14,1,15,14,0,0,0,0,0.7,0.05,0.75,0.7,0.75
ENG-Premier League,2324,Nottingham,Danilo Santos,BRA,MF,22,2001,29,20,1792,19.9,2,2,4,2,0,0,4,0,0.1,0.1,0.2,0.1,0.2
ENG-Premier League,2324,Nottingham,Divock Origi,BEL,"MF,FW",28,1995,20,6,606,6.7,0,1,1,0,0,0,1,0,0.0,0.15,0.15,0.0,0.15
ENG-Premier League,2324,Nottingham,Felipe,BRA,DF,34,1989,7,4,375,4.2,0,0,0,0,0,0,4,0,0.0,0.0,0.0,0.0,0.0
ENG-Premier League,2324,Nottingham,Gio Reyna,USA,MF,20,2002,9,2,235,2.6,0,1,1,0,0,0,0,0,0.0,0.38,0.38,0.0,0.38
ENG-Premier League,2324,Nottingham,Gonzalo Montiel,ARG,DF,26,1997,14,8,801,8.9,0,2,2,0,0,0,5,0,0.0,0.22,0.22,0.0,0.22
ENG-Premier League,2324,Nottingham,Harry Toffolo,ENG,"DF,MF",27,1995,23,15,1459,16.2,1,3,4,1,0,0,3,0,0.06,0.19,0.25,0.06,0.25
ENG-Premier League,2324,Nottingham,Ibrahim Sangaré,CIV,MF,25,1997,17,13,1035,11.5,0,0,0,0,0,0,6,0,0.0,0.0,0.0,0.0,0.0
ENG-Premier League,2324,Nottingham,Joe Worrall,ENG,DF,26,1997,7,5,439,4.9,0,0,0,0,0,0,0,1,0.0,0.0,0.0,0.0,0.0
ENG-Premier League,2324,Nottingham,Matt Turner,USA,GK,29,1994,17,17,1530,17.0,0,0,0,0,0,0,2,0,0.0,0.0,0.0,0.0,0.0
ENG-Premier League,2324,Nottingham,Matz Sels,BEL,GK,31,1992,16,16,1440,16.0,0,0,0,0,0,0,1,0,0.0,0.0,0.0,0.0,0.0
ENG-Premier League,2324,Nottingham,Morgan Gibbs-White,ENG,"MF,FW",23,2000,37,35,3156,35.1,5,10,15,4,1,1,9,0,0.14,0.29,0.43,0.11,0.4
ENG-Premier League,2324,Nottingham,Moussa Niakhaté,SEN,DF,27,1996,21,15,1460,16.2,1,0,1,1,0,0,5,1,0.06,0.0,0.06,0.06,0.06
ENG-Premier League,2324,Nottingham,Murillo,BRA,DF,21,2002,32,32,2789,31.0,0,2,2,0,0,0,5,0,0.0,0.06,0.06,0.0,0.06
ENG-Premier League,2324,Nottingham,Neco Williams,WAL,"DF,MF",22,2001,26,18,1637,18.2,0,1,1,0,0,0,4,0,0.0,0.05,0.05,0.0,0.05
ENG-Premier League,2324,Nottingham,Nicolás Domínguez,ARG,MF,25,1998,26,19,1495,16.6,2,2,4,2,0,0,4,0,0.12,0.12,0.24,0.12,0.24
ENG-Premier League,2324,Nottingham,Nuno Tavares,POR,DF,23,2000,8,5,457,5.1,0,0,0,0,0,0,2,0,0.0,0.0,0.0,0.0,0.0
ENG-Premier League,2324,Nottingham,Odysseas Vlachodimos,GRE,GK,29,1994,5,5,450,5.0,0,0,0,0,0,0,0,0,0.0,0.0,0.0,0.0,0.0
ENG-Premier League,2324,Nottingham,Ola Aina,NGA,"DF,MF",26,1996,22,20,1692,18.8,1,1,2,1,0,0,3,0,0.05,0.05,0.11,0.05,0.11
ENG-Premier League,2324,Nottingham,Orel Mangala,BEL,MF,25,1998,20,19,1563,17.4,1,0,1,1,0,0,6,0,0.06,0.0,0.06,0.06,0.06
ENG-Premier League,2324,Nottingham,Rodrigo Ribeiro,POR,FW,18,2005,4,0,17,0.2,0,0,0,0,0,0,0,0,0.0,0.0,0.0,0.0,0.0
ENG-Premier League,2324,Nottingham,Ryan Yates,ENG,MF,25,1997,35,21,1992,22.1,1,1,2,1,0,0,6,0,0.05,0.05,0.09,0.05,0.09
ENG-Premier League,2324,Nottingham,Scott McKenna,SCO,DF,26,1996,5,5,416,4.6,0,0,0,0,0,0,0,0,0.0,0.0,0.0,0.0,0.0
ENG-Premier League,2324,Nottingham,Serge Aurier,CIV,"DF,MF",30,1992,12,10,833,9.3,0,2,2,0,0,0,2,0,0.0,0.22,0.22,0.0,0.22
ENG-Premier League,2324,Nottingham,Taiwo Awoniyi,NGA,FW,25,1997,20,12,1042,11.6,6,3,9,6,0,0,2,0,0.52,0.26,0.78,0.52,0.78
ENG-Premier League,2324,Nottingham,Willy Boly,CIV,DF,32,1991,20,18,1438,16.0,2,1,3,2,0,0,3,1,0.13,0.06,0.19,0.13,0.19
ENG-Premier League,2324,Sheffield United,Andre Brooks,JAM,MF,19,2003,20,12,938,10.4,0,0,0,0,0,0,1,0,0.0,0.0,0.0,0.0,0.0
ENG-Premier League,2324,Sheffield United,Anel Ahmedhodžić,BIH,DF,24,1999,31,29,2649,29.4,2,0,2,2,0,0,11,1,0.07,0.0,0.07,0.07,0.07
ENG-Premier League,2324,Sheffield United,Anis Ben Slimane,TUN,MF,22,2001,15,4,419,4.7,0,0,0,0,0,0,2,0,0.0,0.0,0.0,0.0,0.0
ENG-Premier League,2324,Sheffield United,Antwoine Hackford,ENG,FW,19,2004,2,0,13,0.1,0,0,0,0,0,0,0,0,0.0,0.0,0.0,0.0,0.0
ENG-Premier League,2324,Sheffield United,Auston Trusty,USA,DF,24,1998,32,28,2572,28.6,0,0,0,0,0,0,4,0,0.0,0.0,0.0,0.0,0.0
ENG-Premier League,2324,Sheffield United,Ben Brereton,CHI,"FW,MF",24,1999,14,14,1105,12.3,6,1,7,5,1,1,3,0,0.49,0.08,0.57,0.41,0.49
ENG-Premier League,2324,Sheffield United,Ben Osborn,ENG,MF,28,1994,24,14,1367,15.2,0,2,2,0,0,0,3,0,0.0,0.13,0.13,0.0,0.13
ENG-Premier League,2324,Sheffield United,Bénie Traoré,CIV,"FW,MF",20,2002,8,3,387,4.3,0,0,0,0,0,0,0,0,0.0,0.0,0.0,0.0,0.0
ENG-Premier League,2324,Sheffield United,Cameron Archer,ENG,"FW,MF",22,2001,29,21,1832,20.4,4,1,5,4,0,0,1,0,0.2,0.05,0.25,0.2,0.25
ENG-Premier League,2324,Sheffield United,Chris Basham,ENG,"DF,MF",35,1988,8,3,321,3.6,0,0,0,0,0,0,1,0,0.0,0.0,0.0,0.0,0.0
ENG-Premier League,2324,Sheffield United,Daniel Jebbison,CAN,FW,19,2003,1,0,21,0.2,0,0,0,0,0,0,0,0,0.0,0.0,0.0,0.0,0.0
ENG-Premier League,2324,Sheffield United,George Baldock,GRE,"DF,MF",30,1993,13,11,969,10.8,0,1,1,0,0,0,4,0,0.0,0.09,0.09,0.0,0.09
ENG-Premier League,2324,Sheffield United,Gustavo Hamer,NED,MF,26,1997,36,34,2910,32.3,4,6,10,4,0,0,9,0,0.12,0.19,0.31,0.12,0.31
ENG-Premier League,2324,Sheffield United,Ivo Grbić,CRO,GK,27,1996,9,9,771,8.6,0,0,0,0,0,0,1,0,0.0,0.0,0.0,0.0,0.0
ENG-Premier League,2324,Sheffield United,Jack Robinson,ENG,DF,29,1993,34,31,2885,32.1,1,1,2,1,0,0,10,0,0.03,0.03,0.06,0.03,0.06
ENG-Premier League,2324,Sheffield United,James Mcatee,ENG,"MF,FW",20,2002,30,20,1822,20.2,3,3,6,2,1,1,2,0,0.15,0.15,0.3,0.1,0.25
ENG-Premier League,2324,Sheffield United,Jayden Bogle,ENG,"MF,DF",23,2000,34,32,2788,31.0,3,0,3,3,0,0,9,0,0.1,0.0,0.1,0.1,0.1
ENG-Premier League,2324,Sheffield United,John Egan,IRL,DF,30,1992,6,6,482,5.4,0,0,0,0,0,0,2,0,0.0,0.0,0.0,0.0,0.0
ENG-Premier League,2324,Sheffield United,John Fleck,SCO,MF,31,1991,4,1,92,1.0,0,0,0,0,0,0,1,0,0.0,0.0,0.0,0.0,0.0
ENG-Premier League,2324,Sheffield United,Luke Thomas,ENG,"MF,DF",22,2001,12,11,917,10.2,0,0,0,0,0,0,3,0,0.0,0.0,0.0,0.0,0.0
ENG-Premier League,2324,Sheffield United,Mason Holgate,JAM,DF,26,1996,10,9,710,7.9,0,0,0,0,0,0,3,1,0.0,0.0,0.0,0.0,0.0
ENG-Premier League,2324,Sheffield United,Max Lowe,ENG,"MF,DF",26,1997,10,4,503,5.6,0,0,0,0,0,0,1,0,0.0,0.0,0.0,0.0,0.0
ENG-Premier League,2324,Sheffield United,Oliver Arblaster,ENG,MF,19,2004,12,11,943,10.5,0,0,0,0,0,0,2,0,0.0,0.0,0.0,0.0,0.0
ENG-Premier League,2324,Sheffield United,Oliver McBurnie,SCO,FW,27,1996,21,15,1280,14.2,6,3,9,4,2,2,7,2,0.42,0.21,0.63,0.28,0.49
ENG-Premier League,2324,Sheffield United,Oliver Norwood,NIR,MF,32,1991,27,16,1440,16.0,1,0,1,0,1,1,8,0,0.06,0.0,0.06,0.0,0.0
ENG-Premier League,2324,Sheffield United,Rhian Brewster,ENG,FW,23,2000,13,3,346,3.8,0,0,0,0,0,0,0,1,0.0,0.0,0.0,0.0,0.0
ENG-Premier League,2324,Sheffield United,Rhys Norrington-Davies,WAL,DF,24,1999,5,2,110,1.2,0,0,0,0,0,0,1,0,0.0,0.0,0.0,0.0,0.0
ENG-Premier League,2324,Sheffield United,Ryan One,SCO,MF,17,2006,1,0,8,0.1,0,0,0,0,0,0,0,0,0.0,0.0,0.0,0.0,0.0
ENG-Premier League,2324,Sheffield United,Sam Curtis,IRL,DF,17,2005,1,0,28,0.3,0,0,0,0,0,0,0,0,0.0,0.0,0.0,0.0,0.0
ENG-Premier League,2324,Sheffield United,Sydie Peck,ENG,MF,18,2004,1,0,10,0.1,0,0,0,0,0,0,0,0,0.0,0.0,0.0,0.0,0.0
ENG-Premier League,2324,Sheffield United,Tom Davies,ENG,MF,25,1998,9,2,221,2.5,0,0,0,0,0,0,2,0,0.0,0.0,0.0,0.0,0.0
ENG-Premier League,2324,Sheffield United,Vinicius Souza,BRA,MF,24,1999,36,29,2668,29.6,1,0,1,1,0,0,3,0,0.03,0.0,0.03,0.03,0.03
ENG-Premier League,2324,Sheffield United,Wes Foderingham,ENG,GK,32,1991,30,29,2649,29.4,0,0,0,0,0,0,2,0,0.0,0.0,0.0,0.0,0.0
ENG-Premier League,2324,Sheffield United,William Osula,DEN,FW,19,2003,21,9,786,8.7,0,0,0,0,0,0,4,0,0.0,0.0,0.0,0.0,0.0
ENG-Premier League,2324,Sheffield United,Yasser Larouci,ALG,MF,22,2001,11,6,531,5.9,0,0,0,0,0,0,1,0,0.0,0.0,0.0,0.0,0.0
ENG-Premier League,2324,Tottenham,Alejo Véliz,ARG,FW,19,2003,8,0,50,0.6,1,0,1,1,0,0,1,0,1.8,0.0,1.8,1.8,1.8
ENG-Premier League,2324,Tottenham,Ben Davies,WAL,DF,30,1993,17,12,1090,12.1,1,0,1,1,0,0,2,0,0.08,0.0,0.08,0.08,0.08
ENG-Premier League,2324,Tottenham,Brennan Johnson,WAL,"MF,FW",22,2001,32,23,2085,23.2,5,10,15,5,0,0,3,0,0.22,0.43,0.65,0.22,0.65
ENG-Premier League,2324,Tottenham,Bryan Gil,ESP,MF,22,2001,11,2,209,2.3,0,0,0,0,0,0,0,0,0.0,0.0,0.0,0.0,0.0
ENG-Premier League,2324,Tottenham,Cristian Romero,ARG,DF,25,1998,33,33,2790,31.0,5,0,5,5,0,0,7,1,0.16,0.0,0.16,0.16,0.16
ENG-Premier League,2324,Tottenham,Dane Scarlett,ENG,FW,19,2004,4,0,22,0.2,0,0,0,0,0,0,0,0,0.0,0.0,0.0,0.0,0.0
ENG-Premier League,2324,Tottenham,Davinson Sánchez,COL,DF,27,1996,1,0,77,0.9,0,0,0,0,0,0,1,0,0.0,0.0,0.0,0.0,0.0
ENG-Premier League,2324,Tottenham,Dejan Kulusevski,SWE,"MF,FW",23,2000,36,31,2762,30.7,8,3,11,8,0,0,7,0,0.26,0.1,0.36,0.26,0.36
ENG-Premier League,2324,Tottenham,Destiny Udogie,ITA,DF,20,2002,28,28,2391,26.6,2,3,5,2,0,0,7,1,0.08,0.11,0.19,0.08,0.19
ENG-Premier League,2324,Tottenham,Emerson,BRA,DF,24,1999,22,11,1161,12.9,1,0,1,1,0,0,4,0,0.08,0.0,0.08,0.08,0.08
ENG-Premier League,2324,Tottenham,Eric Dier,ENG,DF,29,1994,4,1,201,2.2,0,0,0,0,0,0,0,0,0.0,0.0,0.0,0.0,0.0
ENG-Premier League,2324,Tottenham,Giovani Lo Celso,ARG,MF,27,1996,22,4,506,5.6,2,2,4,2,0,0,2,0,0.36,0.36,0.71,0.36,0.71
ENG-Premier League,2324,Tottenham,Guglielmo Vicario,ITA,GK,26,1996,38,38,3420,38.0,0,0,0,0,0,0,2,0,0.0,0.0,0.0,0.0,0.0
ENG-Premier League,2324,Tottenham,Ivan Perišić,CRO,"FW,MF",34,1989,5,0,103,1.1,0,1,1,0,0,0,2,0,0.0,0.87,0.87,0.0,0.87
ENG-Premier League,2324,Tottenham,James Maddison,ENG,MF,26,1996,28,26,2135,23.7,4,9,13,4,0,0,5,0,0.17,0.38,0.55,0.17,0.55
ENG-Premier League,2324,Tottenham,Jamie Donley,NIR,MF,18,2005,3,0,3,0.0,0,0,0,0,0,0,1,0,0.0,0.0,0.0,0.0,0.0
ENG-Premier League,2324,Tottenham,Manor Solomon,ISR,MF,24,1999,5,2,199,2.2,0,2,2,0,0,0,1,0,0.0,0.9,0.9,0.0,0.9
ENG-Premier League,2324,Tottenham,Micky van de Ven,NED,DF,22,2001,27,27,2339,26.0,3,0,3,3,0,0,5,0,0.12,0.0,0.12,0.12,0.12
ENG-Premier League,2324,Tottenham,Mikey Moore,ENG,MF,15,2007,2,0,4,0.0,0,0,0,0,0,0,0,0,0.0,0.0,0.0,0.0,0.0
ENG-Premier League,2324,Tottenham,Oliver Skipp,ENG,"MF,DF",22,2000,21,5,707,7.9,0,0,0,0,0,0,3,0,0.0,0.0,0.0,0.0,0.0
ENG-Premier League,2324,Tottenham,Pape Matar Sarr,SEN,MF,20,2002,34,27,2069,23.0,3,3,6,3,0,0,9,0,0.13,0.13,0.26,0.13,0.26
ENG-Premier League,2324,Tottenham,Pedro Porro,ESP,DF,23,1999,35,35,3089,34.3,3,7,10,3,0,0,3,0,0.09,0.2,0.29,0.09,0.29
ENG-Premier League,2324,Tottenham,Pierre Højbjerg,DEN,MF,27,1995,36,8,1311,14.6,0,0,0,0,0,0,4,0,0.0,0.0,0.0,0.0,0.0
ENG-Premier League,2324,Tottenham,Radu Drăgușin,ROU,DF,21,2002,9,4,429,4.8,0,0,0,0,0,0,1,0,0.0,0.0,0.0,0.0,0.0
ENG-Premier League,2324,Tottenham,Richarlison,BRA,"FW,MF",26,1997,28,18,1491,16.6,11,4,15,11,0,0,3,0,0.66,0.24,0.91,0.66,0.91
ENG-Premier League,2324,Tottenham,Rodrigo Bentancur,URU,MF,26,1997,23,13,1005,11.2,1,1,2,1,0,0,7,0,0.09,0.09,0.18,0.09,0.18
ENG-Premier League,2324,Tottenham,Son Heung-min,KOR,"FW,MF",31,1992,35,34,2934,32.6,17,10,27,15,2,2,1,0,0.52,0.31,0.83,0.46,0.77
ENG-Premier League,2324,Tottenham,Timo Werner,GER,"MF,FW",27,1996,13,10,809,9.0,2,3,5,2,0,0,1,0,0.22,0.33,0.56,0.22,0.56
ENG-Premier League,2324,Tottenham,Yves Bissouma,MLI,MF,26,1996,28,26,2068,23.0,0,0,0,0,0,0,10,2,0.0,0.0,0.0,0.0,0.0
ENG-Premier League,2324,West Ham,Aaron Cresswell,ENG,DF,33,1989,11,4,436,4.8,0,0,0,0,0,0,1,0,0.0,0.0,0.0,0.0,0.0
ENG-Premier League,2324,West Ham,Alphonse Areola,FRA,GK,30,1993,31,31,2699,30.0,0,0,0,0,0,0,1,0,0.0,0.0,0.0,0.0,0.0
ENG-Premier League,2324,West Ham,Angelo Ogbonna,ITA,DF,35,1988,11,7,635,7.1,0,0,0,0,0,0,1,0,0.0,0.0,0.0,0.0,0.0
ENG-Premier League,2324,West Ham,Ben Johnson,ENG,"MF,DF",23,2000,14,4,544,6.0,0,0,0,0,0,0,1,0,0.0,0.0,0.0,0.0,0.0
ENG-Premier League,2324,West Ham,Danny Ings,ENG,"FW,MF",31,1992,20,3,404,4.5,1,0,1,1,0,0,1,0,0.22,0.0,0.22,0.22,0.22
ENG-Premier League,2324,West Ham,Divin Mubama,ENG,FW,18,2004,5,0,80,0.9,0,0,0,0,0,0,0,0,0.0,0.0,0.0,0.0,0.0
ENG-Premier League,2324,West Ham,Edson Álvarez,MEX,MF,25,1997,31,28,2377,26.4,1,1,2,1,0,0,11,0,0.04,0.04,0.08,0.04,0.08
ENG-Premier League,2324,West Ham,Emerson Palmieri,ITA,DF,28,1994,36,35,3137,34.9,1,2,3,1,0,0,10,0,0.03,0.06,0.09,0.03,0.09
ENG-Premier League,2324,West Ham,George Earthy,ENG,MF,18,2004,3,0,34,0.4,1,0,1,1,0,0,0,0,2.65,0.0,2.65,2.65,2.65
ENG-Premier League,2324,West Ham,James Ward-Prowse,ENG,MF,28,1994,37,34,3001,33.3,7,7,14,5,2,2,4,0,0.21,0.21,0.42,0.15,0.36
ENG-Premier League,2324,West Ham,Jarrod Bowen,ENG,"MF,FW",26,1996,34,34,3019,33.5,16,6,22,16,0,0,2,0,0.48,0.18,0.66,0.48,0.66
ENG-Premier League,2324,West Ham,Kaelan Casey,ENG,DF,18,2004,1,0,1,0.0,0,0,0,0,0,0,0,0,0.0,0.0,0.0,0.0,0.0
ENG-Premier League,2324,West Ham,Kalvin Phillips,ENG,MF,27,1995,8,3,309,3.4,0,0,0,0,0,0,3,1,0.0,0.0,0.0,0.0,0.0
ENG-Premier League,2324,West Ham,Konstantinos Mavropanos,GRE,DF,25,1997,19,16,1500,16.7,1,0,1,1,0,0,2,0,0.06,0.0,0.06,0.06,0.06
ENG-Premier League,2324,West Ham,Kurt Zouma,FRA,DF,28,1994,33,32,2838,31.5,3,0,3,3,0,0,3,0,0.1,0.0,0.1,0.1,0.1
ENG-Premier League,2324,West Ham,Lucas Paquetá,BRA,MF,25,1997,31,31,2622,29.1,4,6,10,2,2,2,10,0,0.14,0.21,0.34,0.07,0.27
ENG-Premier League,2324,West Ham,Maxwel Cornet,CIV,MF,26,1996,7,1,112,1.2,1,0,1,1,0,0,0,0,0.8,0.0,0.8,0.8,0.8
ENG-Premier League,2324,West Ham,Michail Antonio,JAM,FW,33,1990,26,21,1695,18.8,6,2,8,6,0,0,6,0,0.32,0.11,0.42,0.32,0.42
ENG-Premier League,2324,West Ham,Mohammed Kudus,GHA,MF,22,2000,33,27,2484,27.6,8,6,14,8,0,0,6,0,0.29,0.22,0.51,0.29,0.51
ENG-Premier League,2324,West Ham,Nayef Aguerd,MAR,DF,27,1996,21,21,1857,20.6,1,0,1,1,0,0,3,1,0.05,0.0,0.05,0.05,0.05
ENG-Premier League,2324,West Ham,Pablo Fornals,ESP,MF,27,1996,15,4,426,4.7,0,0,0,0,0,0,0,0,0.0,0.0,0.0,0.0,0.0
ENG-Premier League,2324,West Ham,Saïd Benrahma,ALG,MF,27,1995,13,5,620,6.9,0,1,1,0,0,1,1,0,0.0,0.15,0.15,0.0,0.15
ENG-Premier League,2324,West Ham,Thilo Kehrer,GER,DF,26,1996,4,0,22,0.2,0,0,0,0,0,0,2,0,0.0,0.0,0.0,0.0,0.0
ENG-Premier League,2324,West Ham,Tomáš Souček,CZE,MF,28,1995,37,34,2870,31.9,7,2,9,7,0,0,7,0,0.22,0.06,0.28,0.22,0.28
ENG-Premier League,2324,West Ham,Vladimír Coufal,CZE,DF,30,1992,36,36,3132,34.8,0,7,7,0,0,0,7,1,0.0,0.2,0.2,0.0,0.2
ENG-Premier League,2324,West Ham,Łukasz Fabiański,POL,GK,38,1985,10,7,721,8.0,0,0,0,0,0,0,0,0,0.0,0.0,0.0,0.0,0.0
ENG-Premier League,2324,Wolves,Boubacar Traoré,MLI,MF,21,2001,24,7,819,9.1,0,0,0,0,0,0,4,0,0.0,0.0,0.0,0.0,0.0
ENG-Premier League,2324,Wolves,Craig Dawson,ENG,DF,33,1990,25,25,2209,24.5,1,1,2,1,0,0,7,0,0.04,0.04,0.08,0.04,0.08
ENG-Premier League,2324,Wolves,Daniel Bentley,ENG,GK,30,1993,5,3,383,4.3,0,0,0,0,0,0,0,0,0.0,0.0,0.0,0.0,0.0
ENG-Premier League,2324,Wolves,Enso Gonzalez,PAR,FW,18,2005,1,0,1,0.0,0,0,0,0,0,0,0,0,0.0,0.0,0.0,0.0,0.0
ENG-Premier League,2324,Wolves,Fábio Silva,POR,FW,21,2002,8,3,264,2.9,0,0,0,0,0,0,2,0,0.0,0.0,0.0,0.0,0.0
ENG-Premier League,2324,Wolves,Hugo Bueno,ESP,"MF,DF",20,2002,22,7,741,8.2,0,0,0,0,0,0,1,0,0.0,0.0,0.0,0.0,0.0
ENG-Premier League,2324,Wolves,Hwang Hee-chan,KOR,"FW,MF",27,1996,29,25,2119,23.5,12,3,15,11,1,1,6,0,0.51,0.13,0.64,0.47,0.59
ENG-Premier League,2324,Wolves,Jean-Ricner Bellegarde,HAI,"MF,FW",25,1998,22,10,958,10.6,2,1,3,2,0,0,0,1,0.19,0.09,0.28,0.19,0.28
ENG-Premier League,2324,Wolves,Jonny Castro,ESP,"DF,MF",29,1994,1,0,5,0.1,0,0,0,0,0,0,0,0,0.0,0.0,0.0,0.0,0.0
ENG-Premier League,2324,Wolves,José Sá,POR,GK,30,1993,35,35,3037,33.7,0,1,1,0,0,0,1,0,0.0,0.03,0.03,0.0,0.03
ENG-Premier League,2324,Wolves,João Gomes,BRA,MF,22,2001,34,32,2649,29.4,2,1,3,2,0,0,11,0,0.07,0.03,0.1,0.07,0.1
ENG-Premier League,2324,Wolves,Leon Chiwome,ENG,FW,17,2006,3,2,174,1.9,0,0,0,0,0,0,0,0,0.0,0.0,0.0,0.0,0.0
ENG-Premier League,2324,Wolves,Mario Lemina,GAB,MF,29,1993,35,34,2968,33.0,4,1,5,4,0,0,12,1,0.12,0.03,0.15,0.12,0.15
ENG-Premier League,2324,Wolves,Matheus Cunha,BRA,"FW,MF",24,1999,32,29,2440,27.1,12,7,19,11,1,1,9,0,0.44,0.26,0.7,0.41,0.66
ENG-Premier League,2324,Wolves,Matheus Nunes,POR,MF,24,1998,2,2,179,2.0,0,0,0,0,0,0,2,1,0.0,0.0,0.0,0.0,0.0
ENG-Premier League,2324,Wolves,Matt Doherty,IRL,"MF,DF",31,1992,30,9,1150,12.8,1,0,1,1,0,0,2,0,0.08,0.0,0.08,0.08,0.08
ENG-Premier League,2324,Wolves,Max Kilman,ENG,DF,26,1997,38,38,3420,38.0,2,0,2,2,0,0,7,0,0.05,0.0,0.05,0.05,0.05
ENG-Premier League,2324,Wolves,Nathan Fraser,IRL,FW,18,2005,7,1,186,2.1,0,0,0,0,0,0,1,0,0.0,0.0,0.0,0.0,0.0
ENG-Premier League,2324,Wolves,Nélson Semedo,POR,"MF,DF",29,1993,36,36,3084,34.3,0,1,1,0,0,0,10,1,0.0,0.03,0.03,0.0,0.03
ENG-Premier League,2324,Wolves,Pablo Sarabia,ESP,"MF,FW",31,1992,30,20,1745,19.4,4,7,11,2,2,2,5,0,0.21,0.36,0.57,0.1,0.46
ENG-Premier League,2324,Wolves,Pedro Neto,POR,"MF,FW",23,2000,20,18,1516,16.8,2,9,11,2,0,0,4,0,0.12,0.53,0.65,0.12,0.65
ENG-Premier League,2324,Wolves,Rayan Aït-Nouri,ALG,"MF,DF",22,2001,33,29,2329,25.9,2,1,3,2,0,0,7,0,0.08,0.04,0.12,0.08,0.12
ENG-Premier League,2324,Wolves,Santiago Bueno,URU,DF,24,1998,12,9,822,9.1,0,0,0,0,0,0,1,0,0.0,0.0,0.0,0.0,0.0
ENG-Premier League,2324,Wolves,Saša Kalajdžić,AUT,FW,26,1997,11,1,166,1.8,2,0,2,2,0,0,0,0,1.08,0.0,1.08,1.08,1.08
ENG-Premier League,2324,Wolves,Tawanda Chirewa,ZIM,FW,19,2003,8,1,145,1.6,0,0,0,0,0,0,1,0,0.0,0.0,0.0,0.0,0.0
ENG-Premier League,2324,Wolves,Tommy Doyle,ENG,MF,21,2001,26,11,1222,13.6,0,0,0,0,0,0,2,0,0.0,0.0,0.0,0.0,0.0
ENG-Premier League,2324,Wolves,Toti Gomes,POR,DF,24,1999,35,31,2772,30.8,1,3,4,1,0,0,7,0,0.03,0.1,0.13,0.03,0.13
ESP-La Liga,2324,Alavés,Abde Rebbach,ALG,MF,24,1998,23,6,722,8.0,1,0,1,1,0,0,1,0,0.12,0.0,0.12,0.12,0.12
ESP-La Liga,2324,Alavés,Abdel Abqar,MAR,DF,24,1999,27,27,2312,25.7,0,0,0,0,0,0,10,0,0.0,0.0,0.0,0.0,0.0
ESP-La Liga,2324,Alavés,Aleksandar Sedlar,SRB,DF,31,1991,11,11,946,10.5,1,0,1,1,0,0,2,0,0.1,0.0,0.1,0.1,0.1
ESP-La Liga,2324,Alavés,Alex Sola,ESP,MF,24,1999,29,14,1262,14.0,0,3,3,0,0,0,2,0,0.0,0.21,0.21,0.0,0.21
ESP-La Liga,2324,Alavés,Ander Guevara,ESP,MF,26,1997,37,33,2932,32.6,1,0,1,1,0,0,7,0,0.03,0.0,0.03,0.03,0.03
ESP-La Liga,2324,Alavés,Andoni Gorosabel,ESP,DF,26,1996,36,33,2854,31.7,1,0,1,1,0,0,6,0,0.03,0.0,0.03,0.03,0.03
ESP-La Liga,2324,Alavés,Antonio Blanco,ESP,MF,23,2000,33,29,2426,27.0,0,1,1,0,0,0,5,1,0.0,0.04,0.04,0.0,0.04
ESP-La Liga,2324,Alavés,Antonio Sivera,ESP,GK,26,1996,34,34,3060,34.0,0,0,0,0,0,0,3,0,0.0,0.0,0.0,0.0,0.0
ESP-La Liga,2324,Alavés,Carlos Benavídez,URU,MF,25,1998,29,10,1136,12.6,3,1,4,3,0,0,5,0,0.24,0.08,0.32,0.24,0.32
ESP-La Liga,2324,Alavés,Carlos Vicente,ESP,MF,24,1999,18,12,1114,12.4,2,4,6,2,0,0,1,0,0.16,0.32,0.48,0.16,0.48
ESP-La Liga,2324,Alavés,Eneko Ortiz,ESP,MF,20,2003,1,0,14,0.2,0,0,0,0,0,0,0,0,0.0,0.0,0.0,0.0,0.0
ESP-La Liga,2324,Alavés,Giuliano Simeone,ARG,MF,20,2002,14,6,630,7.0,1,2,3,1,0,1,1,0,0.14,0.29,0.43,0.14,0.43
ESP-La Liga,2324,Alavés,Ianis Hagi,ROU,MF,24,1998,22,8,804,8.9,0,2,2,0,0,1,3,0,0.0,0.22,0.22,0.0,0.22
ESP-La Liga,2324,Alavés,Javi López,ESP,DF,21,2002,32,25,2386,26.5,1,3,4,1,0,0,3,0,0.04,0.11,0.15,0.04,0.15
ESP-La Liga,2324,Alavés,Jesús Owono,EQG,GK,22,2001,4,4,360,4.0,0,0,0,0,0,0,1,0,0.0,0.0,0.0,0.0,0.0
ESP-La Liga,2324,Alavés,Joaquín Panichelli,ARG,"MF,FW",20,2002,8,2,226,2.5,0,0,0,0,0,0,0,0,0.0,0.0,0.0,0.0,0.0
ESP-La Liga,2324,Alavés,Jon Guridi,ESP,MF,28,1995,36,34,2678,29.8,3,4,7,3,0,0,2,0,0.1,0.13,0.24,0.1,0.24
ESP-La Liga,2324,Alavés,Jon Karrikaburu,ESP,FW,20,2002,2,0,16,0.2,0,0,0,0,0,0,0,0,0.0,0.0,0.0,0.0,0.0
ESP-La Liga,2324,Alavés,Kiké,ESP,FW,33,1989,33,15,1423,15.8,3,2,5,3,0,1,3,0,0.19,0.13,0.32,0.19,0.32
ESP-La Liga,2324,Alavés,Luis Rioja,ESP,MF,29,1993,37,31,2498,27.8,5,4,9,2,3,4,4,0,0.18,0.14,0.32,0.07,0.22
ESP-La Liga,2324,Alavés,Mamadou Sylla,SEN,FW,29,1994,2,0,18,0.2,0,0,0,0,0,0,0,0,0.0,0.0,0.0,0.0,0.0
ESP-La Liga,2324,Alavés,Miguel,ESP,FW,23,1999,3,1,65,0.7,0,0,0,0,0,0,0,0,0.0,0.0,0.0,0.0,0.0
ESP-La Liga,2324,Alavés,Nahuel Tenaglia,ARG,DF,27,1996,25,11,1141,12.7,1,0,1,1,0,0,5,0,0.08,0.0,0.08,0.08,0.08
ESP-La Liga,2324,Alavés,Rafa Marín,ESP,DF,21,2002,33,27,2443,27.1,0,0,0,0,0,0,6,0,0.0,0.0,0.0,0.0,0.0
ESP-La Liga,2324,Alavés,Rubén Duarte,ESP,DF,27,1995,28,21,1878,20.9,2,1,3,2,0,0,7,0,0.1,0.05,0.14,0.1,0.14
ESP-La Liga,2324,Alavés,Samu Omorodion,ESP,FW,19,2004,34,21,1918,21.3,8,1,9,8,0,0,6,0,0.38,0.05,0.42,0.38,0.42
ESP-La Liga,2324,Alavés,Tomás Mendes,ESP,MF,18,2004,1,0,6,0.1,0,0,0,0,0,0,0,0,0.0,0.0,0.0,0.0,0.0
ESP-La Liga,2324,Alavés,Unai Ropero,ESP,FW,21,2001,1,0,5,0.1,0,0,0,0,0,0,0,0,0.0,0.0,0.0,0.0,0.0
ESP-La Liga,2324,Alavés,Victor Parada,ESP,DF,21,2002,2,0,3,0.0,0,0,0,0,0,0,0,0,0.0,0.0,0.0,0.0,0.0
ESP-La Liga,2324,Alavés,Xeber,ESP,"MF,FW",26,1997,10,3,302,3.4,0,0,0,0,0,0,1,0,0.0,0.0,0.0,0.0,0.0
ESP-La Liga,2324,Almería,Adri Embarba,ESP,"MF,FW",31,1992,36,29,2476,27.5,3,2,5,2,1,1,5,0,0.11,0.07,0.18,0.07,0.15
ESP-La Liga,2324,Almería,Alejandro Pozo Pozo,ESP,"DF,MF",24,1999,21,9,976,10.8,0,0,0,0,0,0,3,0,0.0,0.0,0.0,0.0,0.0
ESP-La Liga,2324,Almería,Aleksandar Radovanović,SRB,DF,29,1993,9,8,569,6.3,0,0,0,0,0,0,2,0,0.0,0.0,0.0,0.0,0.0
ESP-La Liga,2324,Almería,Anthony Lozano,HON,FW,30,1993,13,10,772,8.6,3,0,3,3,0,0,1,0,0.35,0.0,0.35,0.35,0.35
ESP-La Liga,2324,Almería,Arnau Puigmal,ESP,"MF,DF",22,2001,11,3,255,2.8,0,0,0,0,0,0,3,0,0.0,0.0,0.0,0.0,0.0
ESP-La Liga,2324,Almería,Bruno Langa,MOZ,DF,25,1997,11,9,820,9.1,1,0,1,1,0,0,1,1,0.11,0.0,0.11,0.11,0.11
ESP-La Liga,2324,Almería,Chumi,ESP,DF,24,1999,31,26,2434,27.0,0,1,1,0,0,0,4,0,0.0,0.04,0.04,0.0,0.04
ESP-La Liga,2324,Almería,César Montes,MEX,DF,26,1997,21,21,1788,19.9,0,0,0,0,0,0,5,0,0.0,0.0,0.0,0.0,0.0
ESP-La Liga,2324,Almería,Diego Mariño,ESP,GK,33,1990,1,1,90,1.0,0,0,0,0,0,0,0,0,0.0,0.0,0.0,0.0,0.0
ESP-La Liga,2324,Almería,Dion Lopy,SEN,MF,21,2002,30,23,1916,21.3,0,0,0,0,0,0,5,0,0.0,0.0,0.0,0.0,0.0
ESP-La Liga,2324,Almería,Fernando,ESP,GK,33,1990,4,4,360,4.0,0,0,0,0,0,0,0,0,0.0,0.0,0.0,0.0,0.0
ESP-La Liga,2324,Almería,Gonzalo Melero,ESP,"MF,FW",29,1994,28,10,1103,12.3,1,1,2,1,0,0,3,0,0.08,0.08,0.16,0.08,0.16
ESP-La Liga,2324,Almería,Houboulang Mendes,GNB,DF,25,1998,7,4,396,4.4,0,0,0,0,0,0,0,0,0.0,0.0,0.0,0.0,0.0
ESP-La Liga,2324,Almería,Ibrahima Koné,MLI,FW,24,1999,9,2,277,3.1,0,0,0,0,0,0,0,0,0.0,0.0,0.0,0.0,0.0
ESP-La Liga,2324,Almería,Iddrisu Baba,GHA,MF,27,1996,25,14,1430,15.9,0,0,0,0,0,0,5,0,0.0,0.0,0.0,0.0,0.0
ESP-La Liga,2324,Almería,Jonathan Viera,ESP,MF,33,1989,12,12,912,10.1,0,3,3,0,0,0,3,1,0.0,0.3,0.3,0.0,0.3
ESP-La Liga,2324,Almería,Kaiky,BRA,DF,19,2004,8,5,523,5.8,1,0,1,1,0,0,2,0,0.17,0.0,0.17,0.17,0.17
ESP-La Liga,2324,Almería,Largie Ramazani,BEL,"MF,FW",22,2001,29,16,1555,17.3,3,5,8,3,0,0,11,2,0.17,0.29,0.46,0.17,0.46
ESP-La Liga,2324,Almería,Lucas Robertone,ARG,MF,26,1997,33,29,2381,26.5,0,5,5,0,0,0,11,0,0.0,0.19,0.19,0.0,0.19
ESP-La Liga,2324,Almería,Luis Suárez,COL,"FW,MF",25,1997,15,10,917,10.2,6,0,6,5,1,1,3,0,0.59,0.0,0.59,0.49,0.49
ESP-La Liga,2324,Almería,Luka Romero,ARG,MF,18,2004,13,5,438,4.9,3,0,3,3,0,0,2,0,0.62,0.0,0.62,0.62,0.62
ESP-La Liga,2324,Almería,Luís Maximiano,POR,GK,24,1999,33,33,2970,33.0,0,0,0,0,0,0,1,0,0.0,0.0,0.0,0.0,0.0
ESP-La Liga,2324,Almería,Lázaro,BRA,MF,21,2002,14,2,285,3.2,0,0,0,0,0,0,0,0,0.0,0.0,0.0,0.0,0.0
ESP-La Liga,2324,Almería,Léo Baptistão,BRA,"FW,MF",30,1992,32,22,1837,20.4,6,0,6,6,0,0,6,1,0.29,0.0,0.29,0.29,0.29
ESP-La Liga,2324,Almería,Marc Pubill,ESP,DF,20,2003,23,22,1883,20.9,1,3,4,1,0,0,2,0,0.05,0.14,0.19,0.05,0.19
ESP-La Liga,2324,Almería,Marciano Tchami,GNB,FW,19,2004,6,0,43,0.5,0,0,0,0,0,0,0,0,0.0,0.0,0.0,0.0,0.0
ESP-La Liga,2324,Almería,Marcos Peña,ESP,MF,18,2005,7,4,441,4.9,0,0,0,0,0,0,3,0,0.0,0.0,0.0,0.0,0.0
ESP-La Liga,2324,Almería,Marko Milovanović,SRB,FW,19,2003,11,2,308,3.4,1,0,1,1,0,0,0,0,0.29,0.0,0.29,0.29,0.29
ESP-La Liga,2324,Almería,Paco Sanz,ESP,DF,18,2004,1,0,24,0.3,0,0,0,0,0,0,0,0,0.0,0.0,0.0,0.0,0.0
ESP-La Liga,2324,Almería,Rachad Fettal,MAR,FW,18,2005,1,0,17,0.2,0,0,0,0,0,0,0,0,0.0,0.0,0.0,0.0,0.0
ESP-La Liga,2324,Almería,Sergio Akieme,ESP,"DF,MF",25,1997,19,19,1675,18.6,2,0,2,2,0,0,2,0,0.11,0.0,0.11,0.11,0.11
ESP-La Liga,2324,Almería,Sergio Arribas,ESP,"MF,FW",21,2001,34,22,2047,22.7,9,4,13,9,0,0,1,0,0.4,0.18,0.57,0.4,0.57
ESP-La Liga,2324,Almería,Srđan Babić,SRB,DF,27,1996,1,1,90,1.0,0,0,0,0,0,0,0,0,0.0,0.0,0.0,0.0,0.0
ESP-La Liga,2324,Almería,Álex Centelles,ESP,DF,25,1997,14,11,980,10.9,0,1,1,0,0,0,2,0,0.0,0.09,0.09,0.0,0.09
ESP-La Liga,2324,Almería,Édgar González,ESP,"DF,MF",26,1997,31,30,2522,28.0,2,0,2,2,0,0,7,1,0.07,0.0,0.07,0.07,0.07
ESP-La Liga,2324,Athletic Club,Adu Ares,ESP,MF,21,2001,12,2,265,2.9,0,0,0,0,0,0,2,0,0.0,0.0,0.0,0.0,0.0
ESP-La Liga,2324,Athletic Club,Aingeru Olabarrieta,ESP,FW,17,2005,1,0,9,0.1,0,0,0,0,0,0,0,0,0.0,0.0,0.0,0.0,0.0
ESP-La Liga,2324,Athletic Club,Aitor Paredes,ESP,DF,23,2000,34,31,2704,30.0,1,0,1,1,0,0,9,1,0.03,0.0,0.03,0.03,0.03
ESP-La Liga,2324,Athletic Club,Ander Herrera,ESP,MF,33,1989,23,10,1030,11.4,0,3,3,0,0,0,4,0,0.0,0.26,0.26,0.0,0.26
ESP-La Liga,2324,Athletic Club,Asier Villalibre,ESP,FW,25,1997,18,4,513,5.7,2,1,3,2,0,0,0,0,0.35,0.18,0.53,0.35,0.53
ESP-La Liga,2324,Athletic Club,Beñat Prados,ESP,MF,22,2001,26,16,1449,16.1,0,0,0,0,0,0,1,0,0.0,0.0,0.0,0.0,0.0
ESP-La Liga,2324,Athletic Club,Dani García,ESP,MF,33,1990,17,7,745,8.3,1,0,1,1,0,0,4,0,0.12,0.0,0.12,0.12,0.12
ESP-La Liga,2324,Athletic Club,Daniel Vivian,ESP,DF,24,1999,33,31,2878,32.0,0,0,0,0,0,0,6,0,0.0,0.0,0.0,0.0,0.0
ESP-La Liga,2324,Athletic Club,Gorka Guruzeta,ESP,FW,26,1996,32,30,2217,24.6,14,5,19,14,0,1,2,0,0.57,0.2,0.77,0.57,0.77
ESP-La Liga,2324,Athletic Club,Iker Muniain,ESP,MF,30,1992,20,5,594,6.6,2,0,2,2,0,0,1,0,0.3,0.0,0.3,0.3,0.3
ESP-La Liga,2324,Athletic Club,Imanol,ESP,DF,23,2000,9,5,525,5.8,0,0,0,0,0,0,2,0,0.0,0.0,0.0,0.0,0.0
ESP-La Liga,2324,Athletic Club,Iñaki Williams,GHA,MF,29,1994,34,32,2844,31.6,12,3,15,12,0,0,4,0,0.38,0.09,0.47,0.38,0.47
ESP-La Liga,2324,Athletic Club,Iñigo Lekue,ESP,DF,30,1993,27,22,2002,22.2,0,2,2,0,0,0,4,0,0.0,0.09,0.09,0.0,0.09
ESP-La Liga,2324,Athletic Club,Iñigo Ruiz de Galarreta,ESP,MF,29,1993,29,25,2091,23.2,1,1,2,1,0,0,7,0,0.04,0.04,0.09,0.04,0.09
ESP-La Liga,2324,Athletic Club,Julen Agirrezabala,ESP,GK,22,2000,4,2,238,2.6,0,0,0,0,0,0,0,0,0.0,0.0,0.0,0.0,0.0
ESP-La Liga,2324,Athletic Club,Mikel Jauregizar,ESP,MF,19,2003,7,1,151,1.7,0,0,0,0,0,0,0,0,0.0,0.0,0.0,0.0,0.0
ESP-La Liga,2324,Athletic Club,Mikel Vesga,ESP,MF,30,1993,27,18,1534,17.0,3,1,4,1,2,2,2,0,0.18,0.06,0.23,0.06,0.12
ESP-La Liga,2324,Athletic Club,Nico Williams,ESP,MF,21,2002,31,29,2263,25.1,5,11,16,5,0,0,6,1,0.2,0.44,0.64,0.2,0.64
ESP-La Liga,2324,Athletic Club,Oihan Sancet,ESP,MF,23,2000,30,25,1975,21.9,4,5,9,4,0,1,5,2,0.18,0.23,0.41,0.18,0.41
ESP-La Liga,2324,Athletic Club,Peru Nolaskoain,ESP,"DF,MF",24,1998,2,0,10,0.1,0,0,0,0,0,0,0,0,0.0,0.0,0.0,0.0,0.0
ESP-La Liga,2324,Athletic Club,Raúl García,ESP,FW,37,1986,20,1,420,4.7,1,0,1,1,0,0,3,0,0.21,0.0,0.21,0.21,0.21
ESP-La Liga,2324,Athletic Club,Unai Gómez,ESP,MF,20,2003,25,9,875,9.7,2,0,2,2,0,0,1,0,0.21,0.0,0.21,0.21,0.21
ESP-La Liga,2324,Athletic Club,Unai Simón,ESP,GK,26,1997,36,36,3182,35.4,0,0,0,0,0,0,2,0,0.0,0.0,0.0,0.0,0.0
ESP-La Liga,2324,Athletic Club,Yeray Álvarez,ESP,DF,28,1995,19,14,1152,12.8,0,0,0,0,0,0,1,1,0.0,0.0,0.0,0.0,0.0
ESP-La Liga,2324,Athletic Club,Yuri Berchiche,ESP,DF,33,1990,27,22,1930,21.4,3,1,4,3,0,0,5,0,0.14,0.05,0.19,0.14,0.19
ESP-La Liga,2324,Athletic Club,Álex Berenguer,ESP,MF,28,1995,35,15,1592,17.7,7,3,10,6,1,1,4,0,0.4,0.17,0.57,0.34,0.51
ESP-La Liga,2324,Athletic Club,Óscar de Marcos,ESP,DF,34,1989,28,26,2258,25.1,1,5,6,1,0,0,5,0,0.04,0.2,0.24,0.04,0.24
ESP-La Liga,2324,Atlético Madrid,Abdellah Raihani,MAR,FW,19,2004,1,0,10,0.1,0,0,0,0,0,0,0,0,0.0,0.0,0.0,0.0,0.0
ESP-La Liga,2324,Atlético Madrid,Antoine Griezmann,FRA,"FW,MF",32,1991,33,31,2644,29.4,16,6,22,12,4,4,5,0,0.54,0.2,0.75,0.41,0.61
ESP-La Liga,2324,Atlético Madrid,Arthur Vermeeren,BEL,MF,18,2005,5,2,162,1.8,0,0,0,0,0,0,2,0,0.0,0.0,0.0,0.0,0.0
ESP-La Liga,2324,Atlético Madrid,Axel Witsel,BEL,DF,34,1989,35,30,2783,30.9,2,0,2,2,0,0,5,0,0.06,0.0,0.06,0.06,0.06
ESP-La Liga,2324,Atlético Madrid,César Azpilicueta,ESP,"DF,MF",33,1989,25,14,1423,15.8,0,2,2,0,0,0,4,0,0.0,0.13,0.13,0.0,0.13
ESP-La Liga,2324,Atlético Madrid,Gabriel Paulista,BRA,DF,32,1990,5,5,405,4.5,0,0,0,0,0,0,1,0,0.0,0.0,0.0,0.0,0.0
ESP-La Liga,2324,Atlético Madrid,Jan Oblak,SVN,GK,30,1993,38,38,3420,38.0,0,0,0,0,0,0,1,0,0.0,0.0,0.0,0.0,0.0
ESP-La Liga,2324,Atlético Madrid,Javi Galán,ESP,"DF,MF",28,1994,5,0,88,1.0,0,0,0,0,0,0,1,0,0.0,0.0,0.0,0.0,0.0
ESP-La Liga,2324,Atlético Madrid,José María Giménez,URU,DF,28,1995,22,14,1326,14.7,0,0,0,0,0,0,5,0,0.0,0.0,0.0,0.0,0.0
ESP-La Liga,2324,Atlético Madrid,Koke,ESP,MF,31,1992,35,32,2493,27.7,0,4,4,0,0,0,5,0,0.0,0.14,0.14,0.0,0.14
ESP-La Liga,2324,Atlético Madrid,Marcos Llorente,ESP,"MF,DF",28,1995,37,29,2565,28.5,6,4,10,6,0,0,5,0,0.21,0.14,0.35,0.21,0.35
ESP-La Liga,2324,Atlético Madrid,Mario Hermoso,ESP,DF,28,1995,31,29,2557,28.4,0,1,1,0,0,0,9,0,0.0,0.04,0.04,0.0,0.04
ESP-La Liga,2324,Atlético Madrid,Memphis,NED,FW,29,1994,23,9,893,9.9,5,1,6,5,0,0,2,0,0.5,0.1,0.6,0.5,0.6
ESP-La Liga,2324,Atlético Madrid,Nahuel Molina,ARG,"MF,DF",25,1998,30,19,1852,20.6,2,3,5,2,0,0,4,1,0.1,0.15,0.24,0.1,0.24
ESP-La Liga,2324,Atlético Madrid,Pablo Barrios,ESP,MF,20,2003,24,17,1555,17.3,0,1,1,0,0,0,5,0,0.0,0.06,0.06,0.0,0.06
ESP-La Liga,2324,Atlético Madrid,Reinildo Mandava,MOZ,DF,29,1994,16,7,731,8.1,2,1,3,2,0,0,2,0,0.25,0.12,0.37,0.25,0.37
ESP-La Liga,2324,Atlético Madrid,Rodrigo De Paul,ARG,MF,29,1994,34,25,2075,23.1,3,5,8,3,0,0,7,0,0.13,0.22,0.35,0.13,0.35
ESP-La Liga,2324,Atlético Madrid,Rodrigo Riquelme,ESP,"MF,DF",23,2000,34,17,1528,17.0,3,5,8,3,0,0,1,0,0.18,0.29,0.47,0.18,0.47
ESP-La Liga,2324,Atlético Madrid,Salim El Jebari,MAR,MF,19,2004,1,0,13,0.1,0,0,0,0,0,0,0,0,0.0,0.0,0.0,0.0,0.0
ESP-La Liga,2324,Atlético Madrid,Samuel Lino,BRA,"MF,DF",23,1999,34,25,2080,23.1,4,5,9,4,0,0,1,0,0.17,0.22,0.39,0.17,0.39
ESP-La Liga,2324,Atlético Madrid,Saúl Ñíguez,ESP,MF,28,1994,34,14,1374,15.3,1,4,5,1,0,0,10,1,0.07,0.26,0.33,0.07,0.33
ESP-La Liga,2324,Atlético Madrid,Stefan Savić,MNE,DF,32,1991,23,19,1630,18.1,0,0,0,0,0,0,7,1,0.0,0.0,0.0,0.0,0.0
ESP-La Liga,2324,Atlético Madrid,Thomas Lemar,FRA,MF,27,1995,3,3,164,1.8,0,0,0,0,0,0,0,0,0.0,0.0,0.0,0.0,0.0
ESP-La Liga,2324,Atlético Madrid,Yannick Carrasco,BEL,"DF,MF",29,1993,3,3,221,2.5,0,1,1,0,0,0,0,0,0.0,0.41,0.41,0.0,0.41
ESP-La Liga,2324,Atlético Madrid,Álvaro Morata,ESP,FW,30,1992,32,21,1904,21.2,15,3,18,15,0,1,4,1,0.71,0.14,0.85,0.71,0.85
ESP-La Liga,2324,Atlético Madrid,Ángel Correa,ARG,"FW,MF",28,1995,32,14,1528,17.0,9,2,11,9,0,0,3,0,0.53,0.12,0.65,0.53,0.65
ESP-La Liga,2324,Atlético Madrid,Çağlar Söyüncü,TUR,DF,27,1996,6,1,114,1.3,0,0,0,0,0,0,0,1,0.0,0.0,0.0,0.0,0.0
ESP-La Liga,2324,Barcelona,Abde Ezzalzouli,MAR,"FW,MF",21,2001,2,0,68,0.8,0,0,0,0,0,0,0,0,0.0,0.0,0.0,0.0,0.0
ESP-La Liga,2324,Barcelona,Alejandro Balde,ESP,"DF,MF",19,2003,18,15,1378,15.3,0,1,1,0,0,0,1,0,0.0,0.07,0.07,0.0,0.07
ESP-La Liga,2324,Barcelona,Andreas Christensen,DEN,"DF,MF",27,1996,30,27,1979,22.0,2,2,4,2,0,0,4,0,0.09,0.09,0.18,0.09,0.18
ESP-La Liga,2324,Barcelona,Ansu Fati,ESP,"FW,MF",20,2002,3,0,50,0.6,0,0,0,0,0,0,0,0,0.0,0.0,0.0,0.0,0.0
ESP-La Liga,2324,Barcelona,Eric García,ESP,"DF,MF",22,2001,2,0,57,0.6,0,0,0,0,0,0,1,0,0.0,0.0,0.0,0.0,0.0
ESP-La Liga,2324,Barcelona,Fermin López,ESP,"MF,FW",20,2003,31,14,1446,16.1,8,0,8,8,0,0,2,0,0.5,0.0,0.5,0.5,0.5
ESP-La Liga,2324,Barcelona,Ferran Torres,ESP,FW,23,2000,29,12,1211,13.5,7,2,9,7,0,0,2,0,0.52,0.15,0.67,0.52,0.67
ESP-La Liga,2324,Barcelona,Frenkie de Jong,NED,MF,26,1997,20,20,1634,18.2,2,0,2,2,0,0,7,0,0.11,0.0,0.11,0.11,0.11
ESP-La Liga,2324,Barcelona,Gavi,ESP,"MF,FW",18,2004,12,10,944,10.5,1,1,2,1,0,0,5,0,0.1,0.1,0.19,0.1,0.19
ESP-La Liga,2324,Barcelona,Héctor Fort,ESP,DF,16,2006,7,4,318,3.5,0,2,2,0,0,0,0,0,0.0,0.57,0.57,0.0,0.57
ESP-La Liga,2324,Barcelona,Iñaki Peña,ESP,GK,24,1999,10,10,900,10.0,0,0,0,0,0,0,0,0,0.0,0.0,0.0,0.0,0.0
ESP-La Liga,2324,Barcelona,Iñigo Martínez,ESP,DF,32,1991,20,13,1296,14.4,0,0,0,0,0,0,5,0,0.0,0.0,0.0,0.0,0.0
ESP-La Liga,2324,Barcelona,João Cancelo,POR,DF,29,1994,32,29,2503,27.8,2,4,6,2,0,0,7,0,0.07,0.14,0.22,0.07,0.22
ESP-La Liga,2324,Barcelona,João Félix,POR,FW,23,1999,30,18,1540,17.1,7,3,10,7,0,0,3,0,0.41,0.18,0.58,0.41,0.58
ESP-La Liga,2324,Barcelona,Jules Koundé,FRA,DF,24,1998,35,32,2899,32.2,1,2,3,1,0,0,4,0,0.03,0.06,0.09,0.03,0.09
ESP-La Liga,2324,Barcelona,Lamine Yamal,ESP,"FW,MF",16,2007,37,22,2201,24.5,5,5,10,5,0,0,3,0,0.2,0.2,0.41,0.2,0.41
ESP-La Liga,2324,Barcelona,Marc Casado,ESP,MF,19,2003,2,0,15,0.2,0,0,0,0,0,0,0,0,0.0,0.0,0.0,0.0,0.0
ESP-La Liga,2324,Barcelona,Marc Guiu,ESP,FW,17,2006,3,1,74,0.8,1,0,1,1,0,0,1,0,1.22,0.0,1.22,1.22,1.22
ESP-La Liga,2324,Barcelona,Marc-André ter Stegen,GER,GK,31,1992,28,28,2520,28.0,0,0,0,0,0,0,3,0,0.0,0.0,0.0,0.0,0.0
ESP-La Liga,2324,Barcelona,Marcos Alonso,ESP,DF,32,1990,5,3,252,2.8,0,0,0,0,0,0,0,0,0.0,0.0,0.0,0.0,0.0
ESP-La Liga,2324,Barcelona,Oriol Romeu,ESP,MF,31,1991,28,11,936,10.4,0,1,1,0,0,0,4,0,0.0,0.1,0.1,0.0,0.1
ESP-La Liga,2324,Barcelona,Pau Cubarsí,ESP,DF,16,2007,19,18,1558,17.3,0,0,0,0,0,0,4,0,0.0,0.0,0.0,0.0,0.0
ESP-La Liga,2324,Barcelona,Pedri,ESP,"MF,FW",20,2002,24,16,1476,16.4,4,2,6,4,0,0,3,0,0.24,0.12,0.37,0.24,0.37
ESP-La Liga,2324,Barcelona,Raphinha,BRA,"FW,MF",26,1996,28,17,1368,15.2,6,9,15,5,1,1,4,1,0.39,0.59,0.99,0.33,0.92
ESP-La Liga,2324,Barcelona,Robert Lewandowski,POL,FW,34,1988,35,32,2750,30.6,19,8,27,15,4,4,5,0,0.62,0.26,0.88,0.49,0.75
ESP-La Liga,2324,Barcelona,Ronald Araújo,URU,DF,24,1999,25,21,1997,22.2,1,2,3,1,0,0,6,0,0.05,0.09,0.14,0.05,0.14
ESP-La Liga,2324,Barcelona,Sergi Roberto,ESP,"MF,DF",31,1992,14,10,860,9.6,3,2,5,3,0,0,4,0,0.31,0.21,0.52,0.31,0.52
ESP-La Liga,2324,Barcelona,Vitor Roque,BRA,FW,18,2005,14,2,328,3.6,2,0,2,2,0,0,4,1,0.55,0.0,0.55,0.55,0.55
ESP-La Liga,2324,Barcelona,İlkay Gündoğan,GER,MF,32,1990,36,33,2994,33.3,5,9,14,4,1,2,5,0,0.15,0.27,0.42,0.12,0.39
ESP-La Liga,2324,Celta Vigo,Anastasios Douvikas,GRE,FW,23,1999,32,7,905,10.1,7,1,8,7,0,0,2,0,0.7,0.1,0.8,0.7,0.8
ESP-La Liga,2324,Celta Vigo,Carl Starfelt,SWE,DF,28,1995,27,26,2216,24.6,1,0,1,1,0,0,4,0,0.04,0.0,0.04,0.04,0.04
ESP-La Liga,2324,Celta Vigo,Carles Pérez,ESP,MF,25,1998,16,7,772,8.6,1,1,2,1,0,0,3,0,0.12,0.12,0.23,0.12,0.23
ESP-La Liga,2324,Celta Vigo,Carlos Dominguez,ESP,DF,22,2001,22,18,1584,17.6,0,0,0,0,0,0,2,0,0.0,0.0,0.0,0.0,0.0
ESP-La Liga,2324,Celta Vigo,Carlos Dotor,ESP,MF,22,2001,17,7,708,7.9,0,0,0,0,0,0,2,0,0.0,0.0,0.0,0.0,0.0
ESP-La Liga,2324,Celta Vigo,Damián Rodríguez,ESP,MF,20,2003,5,3,258,2.9,0,2,2,0,0,0,1,0,0.0,0.7,0.7,0.0,0.7
ESP-La Liga,2324,Celta Vigo,Fran Beltrán,ESP,MF,24,1999,33,28,2428,27.0,0,0,0,0,0,0,2,0,0.0,0.0,0.0,0.0,0.0
ESP-La Liga,2324,Celta Vigo,Franco Cervi,ARG,"MF,DF",29,1994,17,5,546,6.1,0,1,1,0,0,0,2,0,0.0,0.16,0.16,0.0,0.16
ESP-La Liga,2324,Celta Vigo,Gabriel Veiga,ESP,MF,21,2002,1,0,18,0.2,0,0,0,0,0,0,0,0,0.0,0.0,0.0,0.0,0.0
ESP-La Liga,2324,Celta Vigo,Hugo Sotelo,ESP,MF,19,2003,17,8,721,8.0,0,1,1,0,0,0,1,0,0.0,0.12,0.12,0.0,0.12
ESP-La Liga,2324,Celta Vigo,Hugo Álvarez,ESP,"MF,FW",20,2003,12,8,762,8.5,1,1,2,1,0,0,1,0,0.12,0.12,0.24,0.12,0.24
ESP-La Liga,2324,Celta Vigo,Iago Aspas,ESP,FW,35,1987,35,31,2707,30.1,9,10,19,6,3,5,6,1,0.3,0.33,0.63,0.2,0.53
ESP-La Liga,2324,Celta Vigo,Iván Villar,ESP,GK,26,1997,12,12,1014,11.3,0,0,0,0,0,0,0,2,0.0,0.0,0.0,0.0,0.0
ESP-La Liga,2324,Celta Vigo,Jailson Siqueira,BRA,"DF,MF",27,1995,14,9,897,10.0,0,1,1,0,0,0,1,0,0.0,0.1,0.1,0.0,0.1
ESP-La Liga,2324,Celta Vigo,Javi Rueda,ESP,"DF,MF",21,2002,1,0,20,0.2,0,0,0,0,0,0,0,0,0.0,0.0,0.0,0.0,0.0
ESP-La Liga,2324,Celta Vigo,Javier Manquillo,ESP,"DF,MF",29,1994,12,10,744,8.3,0,1,1,0,0,0,3,0,0.0,0.12,0.12,0.0,0.12
ESP-La Liga,2324,Celta Vigo,Jonathan Bamba,CIV,"MF,FW",27,1996,27,24,1981,22.0,3,2,5,3,0,0,0,0,0.14,0.09,0.23,0.14,0.23
ESP-La Liga,2324,Celta Vigo,Joseph Aidoo,GHA,DF,27,1995,6,4,407,4.5,0,0,0,0,0,0,0,0,0.0,0.0,0.0,0.0,0.0
ESP-La Liga,2324,Celta Vigo,Jørgen Strand Larsen,NOR,FW,23,2000,37,36,2863,31.8,13,3,16,13,0,0,5,0,0.41,0.09,0.5,0.41,0.5
ESP-La Liga,2324,Celta Vigo,Kevin Vázquez,ESP,DF,30,1993,12,10,700,7.8,0,0,0,0,0,0,3,0,0.0,0.0,0.0,0.0,0.0
ESP-La Liga,2324,Celta Vigo,Luca de la Torre,USA,MF,25,1998,31,22,1956,21.7,1,4,5,1,0,0,4,1,0.05,0.18,0.23,0.05,0.23
ESP-La Liga,2324,Celta Vigo,Manu Sánchez,ESP,"DF,MF",22,2000,26,20,1775,19.7,0,5,5,0,0,0,3,0,0.0,0.25,0.25,0.0,0.25
ESP-La Liga,2324,Celta Vigo,Miguel Rodríguez,ESP,MF,20,2003,15,2,300,3.3,0,0,0,0,0,0,2,0,0.0,0.0,0.0,0.0,0.0
ESP-La Liga,2324,Celta Vigo,Mihailo Ristić,SRB,"DF,MF",27,1995,12,9,808,9.0,0,0,0,0,0,0,2,0,0.0,0.0,0.0,0.0,0.0
ESP-La Liga,2324,Celta Vigo,Renato Tapia,PER,"MF,DF",28,1995,21,15,1337,14.9,0,0,0,0,0,0,5,1,0.0,0.0,0.0,0.0,0.0
ESP-La Liga,2324,Celta Vigo,Tadeo Allende,ARG,MF,24,1999,10,2,336,3.7,1,0,1,1,0,0,1,0,0.27,0.0,0.27,0.27,0.27
ESP-La Liga,2324,Celta Vigo,Unai Núñez,ESP,DF,26,1997,34,31,2801,31.1,1,0,1,1,0,0,4,0,0.03,0.0,0.03,0.03,0.03
ESP-La Liga,2324,Celta Vigo,Vicente Guaita,ESP,GK,36,1987,27,26,2403,26.7,0,0,0,0,0,0,2,0,0.0,0.0,0.0,0.0,0.0
ESP-La Liga,2324,Celta Vigo,Williot Swedberg,SWE,FW,19,2004,15,4,439,4.9,5,0,5,5,0,0,1,0,1.03,0.0,1.03,1.03,1.03
ESP-La Liga,2324,Celta Vigo,Yoel Lago,ESP,DF,19,2004,1,1,90,1.0,0,0,0,0,0,0,0,0,0.0,0.0,0.0,0.0,0.0
ESP-La Liga,2324,Celta Vigo,Óscar Mingueza,ESP,"DF,MF",24,1999,38,33,2998,33.3,2,2,4,2,0,0,4,0,0.06,0.06,0.12,0.06,0.12
ESP-La Liga,2324,Cádiz,Aiham Ousou,SYR,DF,23,2000,6,5,430,4.8,0,0,0,0,0,0,0,0,0.0,0.0,0.0,0.0,0.0
ESP-La Liga,2324,Cádiz,Borja Vázquez,ESP,FW,18,2005,1,0,4,0.0,0,0,0,0,0,0,0,0,0.0,0.0,0.0,0.0,0.0
ESP-La Liga,2324,Cádiz,Brian Ocampo,URU,MF,24,1999,13,1,248,2.8,1,0,1,1,0,0,2,0,0.36,0.0,0.36,0.36,0.36
ESP-La Liga,2324,Cádiz,Chris Ramos,ESP,FW,26,1997,37,30,2612,29.0,5,1,6,5,0,0,5,0,0.17,0.03,0.21,0.17,0.21
ESP-La Liga,2324,Cádiz,Darwin Machís,VEN,MF,30,1993,21,10,785,8.7,4,0,4,3,1,1,0,1,0.46,0.0,0.46,0.34,0.34
ESP-La Liga,2324,Cádiz,David Gil,ESP,GK,29,1994,5,4,372,4.1,0,0,0,0,0,0,1,0,0.0,0.0,0.0,0.0,0.0
ESP-La Liga,2324,Cádiz,Diadie Samassékou,MLI,MF,27,1996,4,0,92,1.0,0,0,0,0,0,0,0,0,0.0,0.0,0.0,0.0,0.0
ESP-La Liga,2324,Cádiz,Fali,ESP,DF,29,1993,30,30,2547,28.3,0,0,0,0,0,0,12,0,0.0,0.0,0.0,0.0,0.0
ESP-La Liga,2324,Cádiz,Fede San Emeterio,ESP,MF,26,1997,4,3,152,1.7,1,0,1,1,0,0,1,1,0.59,0.0,0.59,0.59,0.59
ESP-La Liga,2324,Cádiz,Gonzalo Escalante,ARG,MF,30,1993,25,18,1697,18.9,1,2,3,1,0,0,2,1,0.05,0.11,0.16,0.05,0.16
ESP-La Liga,2324,Cádiz,Isaac Carcelen,ESP,DF,30,1993,35,29,2611,29.0,0,0,0,0,0,0,2,0,0.0,0.0,0.0,0.0,0.0
ESP-La Liga,2324,Cádiz,Iván Alejo,ESP,MF,28,1995,30,21,1692,18.8,0,2,2,0,0,0,17,0,0.0,0.11,0.11,0.0,0.11
ESP-La Liga,2324,Cádiz,Javi Hernández,ESP,DF,25,1998,30,28,2514,27.9,1,2,3,1,0,0,10,0,0.04,0.07,0.11,0.04,0.11
ESP-La Liga,2324,Cádiz,Jeremías Ledesma,ARG,GK,30,1993,34,34,3048,33.9,0,0,0,0,0,0,0,0,0.0,0.0,0.0,0.0,0.0
ESP-La Liga,2324,Cádiz,Jorge Meré,ESP,DF,26,1997,10,8,673,7.5,0,0,0,0,0,0,0,0,0.0,0.0,0.0,0.0,0.0
ESP-La Liga,2324,Cádiz,Joseba Zaldúa,ESP,"DF,MF",31,1992,13,9,704,7.8,0,0,0,0,0,0,3,0,0.0,0.0,0.0,0.0,0.0
ESP-La Liga,2324,Cádiz,José Mari,ESP,MF,35,1987,3,0,14,0.2,0,0,0,0,0,0,1,0,0.0,0.0,0.0,0.0,0.0
ESP-La Liga,2324,Cádiz,Juanmi,ESP,FW,30,1993,16,9,873,9.7,3,1,4,3,0,0,3,0,0.31,0.1,0.41,0.31,0.41
ESP-La Liga,2324,Cádiz,Karl Etta Eyong,CMR,FW,19,2003,1,0,21,0.2,0,0,0,0,0,0,0,0,0.0,0.0,0.0,0.0,0.0
ESP-La Liga,2324,Cádiz,Lucas,BRA,DF,22,2001,28,15,1539,17.1,1,0,1,1,0,0,6,0,0.06,0.0,0.06,0.06,0.06
ESP-La Liga,2324,Cádiz,Luis Hernández,ESP,DF,34,1989,9,8,723,8.0,1,0,1,1,0,0,4,0,0.12,0.0,0.12,0.12,0.12
ESP-La Liga,2324,Cádiz,Mamadou Mbaye,SEN,DF,25,1998,4,2,288,3.2,0,0,0,0,0,0,2,0,0.0,0.0,0.0,0.0,0.0
ESP-La Liga,2324,Cádiz,Maxi Gómez,URU,FW,26,1996,31,12,1163,12.9,0,0,0,0,0,0,2,0,0.0,0.0,0.0,0.0,0.0
ESP-La Liga,2324,Cádiz,Milutin Osmajić,MNE,FW,24,1999,1,0,5,0.1,0,0,0,0,0,0,0,0,0.0,0.0,0.0,0.0,0.0
ESP-La Liga,2324,Cádiz,Moussa Diakité,MLI,MF,19,2003,1,0,1,0.0,0,0,0,0,0,0,0,0,0.0,0.0,0.0,0.0,0.0
ESP-La Liga,2324,Cádiz,Roberto Navarro,ESP,MF,21,2002,28,24,1888,21.0,1,1,2,1,0,0,0,1,0.05,0.05,0.1,0.05,0.1
ESP-La Liga,2324,Cádiz,Roger Martí,ESP,FW,32,1991,23,18,1359,15.1,2,3,5,2,0,0,3,0,0.13,0.2,0.33,0.13,0.33
ESP-La Liga,2324,Cádiz,Rominigue Kouamé,MLI,MF,26,1996,16,9,821,9.1,0,0,0,0,0,0,2,0,0.0,0.0,0.0,0.0,0.0
ESP-La Liga,2324,Cádiz,Rubén Alcaraz,ESP,MF,32,1991,36,36,3134,34.8,3,1,4,1,2,2,14,0,0.09,0.03,0.11,0.03,0.06
ESP-La Liga,2324,Cádiz,Rubén Sobrino,ESP,"MF,FW",31,1992,32,18,1646,18.3,0,1,1,0,0,0,8,1,0.0,0.05,0.05,0.0,0.05
ESP-La Liga,2324,Cádiz,Sergi Guardiola,ESP,FW,32,1991,22,1,495,5.5,1,1,2,1,0,0,1,0,0.18,0.18,0.36,0.18,0.36
ESP-La Liga,2324,Cádiz,Víctor Chust,ESP,DF,23,2000,22,22,1864,20.7,0,1,1,0,0,0,3,2,0.0,0.05,0.05,0.0,0.05
ESP-La Liga,2324,Cádiz,Álex Fernández,ESP,MF,30,1992,26,14,1285,14.3,0,1,1,0,0,0,3,0,0.0,0.07,0.07,0.0,0.07
ESP-La Liga,2324,Cádiz,Álvaro Negredo,ESP,FW,37,1985,7,0,54,0.6,0,0,0,0,0,0,0,0,0.0,0.0,0.0,0.0,0.0
ESP-La Liga,2324,Getafe,Alberto Risco,ESP,MF,17,2005,4,1,137,1.5,0,0,0,0,0,0,0,0,0.0,0.0,0.0,0.0,0.0
ESP-La Liga,2324,Getafe,Anthony Lozano,HON,FW,30,1993,6,0,92,1.0,0,0,0,0,0,0,1,0,0.0,0.0,0.0,0.0,0.0
ESP-La Liga,2324,Getafe,Borja Mayoral,ESP,FW,26,1997,27,25,2153,23.9,15,1,16,11,4,4,2,0,0.63,0.04,0.67,0.46,0.5
ESP-La Liga,2324,Getafe,Carles Aleñá,ESP,MF,25,1998,29,10,1020,11.3,1,1,2,1,0,0,6,0,0.09,0.09,0.18,0.09,0.18
ESP-La Liga,2324,Getafe,Carmona,ESP,"MF,DF",21,2002,30,15,1313,14.6,1,1,2,1,0,0,8,0,0.07,0.07,0.14,0.07,0.14
ESP-La Liga,2324,Getafe,Damián Suárez,URU,DF,35,1988,16,15,1299,14.4,0,2,2,0,0,0,7,1,0.0,0.14,0.14,0.0,0.14
ESP-La Liga,2324,Getafe,Daniel Fuzato,BRA,GK,26,1997,1,0,7,0.1,0,0,0,0,0,0,0,0,0.0,0.0,0.0,0.0,0.0
ESP-La Liga,2324,Getafe,David Soria,ESP,GK,30,1993,38,38,3413,37.9,0,0,0,0,0,0,3,0,0.0,0.0,0.0,0.0,0.0
ESP-La Liga,2324,Getafe,Diego Rico,ESP,DF,30,1993,32,28,2535,28.2,0,7,7,0,0,0,10,0,0.0,0.25,0.25,0.0,0.25
ESP-La Liga,2324,Getafe,Djené,TOG,"DF,MF",31,1991,33,30,2484,27.6,0,0,0,0,0,0,14,1,0.0,0.0,0.0,0.0,0.0
ESP-La Liga,2324,Getafe,Domingos Duarte,POR,DF,28,1995,15,11,907,10.1,0,0,0,0,0,0,5,2,0.0,0.0,0.0,0.0,0.0
ESP-La Liga,2324,Getafe,Enes Ünal,TUR,FW,26,1997,3,1,140,1.6,0,1,1,0,0,0,0,0,0.0,0.64,0.64,0.0,0.64
ESP-La Liga,2324,Getafe,Fabrizio Angileri,ARG,DF,29,1994,11,2,164,1.8,0,0,0,0,0,0,2,1,0.0,0.0,0.0,0.0,0.0
ESP-La Liga,2324,Getafe,Gastón Álvarez,URU,DF,23,2000,34,29,2537,28.2,2,0,2,2,0,0,7,0,0.07,0.0,0.07,0.07,0.07
ESP-La Liga,2324,Getafe,Gorka Rivera Alonso,ESP,DF,18,2004,1,0,3,0.0,0,0,0,0,0,0,0,0,0.0,0.0,0.0,0.0,0.0
ESP-La Liga,2324,Getafe,Iglesias,ESP,"DF,MF",25,1998,23,16,1412,15.7,0,2,2,0,0,0,4,0,0.0,0.13,0.13,0.0,0.13
ESP-La Liga,2324,Getafe,Ilaix Moriba,GUI,MF,20,2003,14,8,605,6.7,0,2,2,0,0,0,5,1,0.0,0.3,0.3,0.0,0.3
ESP-La Liga,2324,Getafe,Jaime Mata,ESP,"FW,MF",34,1988,35,22,1787,19.9,5,1,6,5,0,0,10,1,0.25,0.05,0.3,0.25,0.3
ESP-La Liga,2324,Getafe,Jeremy Jorge,ESP,FW,20,2003,1,0,2,0.0,0,0,0,0,0,0,0,0,0.0,0.0,0.0,0.0,0.0
ESP-La Liga,2324,Getafe,Jordi,ESP,MF,22,2001,13,5,573,6.4,0,0,0,0,0,0,1,0,0.0,0.0,0.0,0.0,0.0
ESP-La Liga,2324,Getafe,Juanmi Latasa,ESP,FW,22,2001,32,15,1555,17.3,2,0,2,2,0,0,7,1,0.12,0.0,0.12,0.12,0.12
ESP-La Liga,2324,Getafe,Luis Milla,ESP,MF,28,1994,27,25,2115,23.5,0,1,1,0,0,0,6,0,0.0,0.04,0.04,0.0,0.04
ESP-La Liga,2324,Getafe,Mason Greenwood,ENG,"MF,FW",21,2001,33,30,2662,29.6,8,6,14,6,2,3,6,1,0.27,0.2,0.47,0.2,0.41
ESP-La Liga,2324,Getafe,Mauro Arambarri,URU,MF,27,1995,7,3,339,3.8,0,0,0,0,0,0,2,0,0.0,0.0,0.0,0.0,0.0
ESP-La Liga,2324,Getafe,Nabil Aberdin,FRA,DF,20,2002,2,2,180,2.0,0,0,0,0,0,0,0,0,0.0,0.0,0.0,0.0,0.0
ESP-La Liga,2324,Getafe,Nemanja Maksimović,SRB,MF,28,1995,37,37,3265,36.3,4,0,4,4,0,0,4,0,0.11,0.0,0.11,0.11,0.11
ESP-La Liga,2324,Getafe,Omar Alderete,PAR,DF,26,1996,31,24,2195,24.4,0,1,1,0,0,0,8,1,0.0,0.04,0.04,0.0,0.04
ESP-La Liga,2324,Getafe,Portu,ESP,"FW,MF",31,1992,3,0,97,1.1,0,0,0,0,0,0,1,0,0.0,0.0,0.0,0.0,0.0
ESP-La Liga,2324,Getafe,Santiago García,ESP,MF,21,2001,1,0,25,0.3,0,0,0,0,0,0,0,0,0.0,0.0,0.0,0.0,0.0
ESP-La Liga,2324,Getafe,Stefan Mitrović,SRB,DF,33,1990,11,9,699,7.8,1,0,1,1,0,0,3,0,0.13,0.0,0.13,0.13,0.13
ESP-La Liga,2324,Getafe,Yassin Tallal,ESP,MF,18,2005,1,0,3,0.0,0,0,0,0,0,0,0,0,0.0,0.0,0.0,0.0,0.0
ESP-La Liga,2324,Getafe,Yellu Santiago,ESP,MF,19,2004,14,8,656,7.3,1,0,1,1,0,0,4,0,0.14,0.0,0.14,0.14,0.14
ESP-La Liga,2324,Getafe,Óscar Rodríguez Arnaiz,ESP,"MF,FW",25,1998,24,9,967,10.7,2,1,3,2,0,0,9,0,0.19,0.09,0.28,0.19,0.28
ESP-La Liga,2324,Girona,Aleix García,ESP,MF,26,1997,37,36,3199,35.5,3,6,9,3,0,0,4,1,0.08,0.17,0.25,0.08,0.25
ESP-La Liga,2324,Girona,Antal Yaakobishvili,HUN,DF,19,2004,1,0,61,0.7,0,0,0,0,0,0,0,0,0.0,0.0,0.0,0.0,0.0
ESP-La Liga,2324,Girona,Arnau Martinez,ESP,DF,20,2003,21,14,1241,13.8,0,2,2,0,0,0,5,0,0.0,0.15,0.15,0.0,0.15
ESP-La Liga,2324,Girona,Artem Dovbyk,UKR,FW,26,1997,36,32,2587,28.7,24,8,32,17,7,8,2,0,0.83,0.28,1.11,0.59,0.87
ESP-La Liga,2324,Girona,Bernardo Espinosa,COL,DF,34,1989,2,0,2,0.0,0,0,0,0,0,0,0,0,0.0,0.0,0.0,0.0,0.0
ESP-La Liga,2324,Girona,Cristhian Stuani,URU,FW,36,1986,31,5,804,8.9,9,3,12,9,0,0,6,0,1.01,0.34,1.34,1.01,1.34
ESP-La Liga,2324,Girona,Daley Blind,NED,DF,33,1990,34,33,2972,33.0,1,2,3,1,0,0,6,0,0.03,0.06,0.09,0.03,0.09
ESP-La Liga,2324,Girona,David López,ESP,DF,33,1989,25,25,1965,21.8,3,0,3,3,0,0,4,0,0.14,0.0,0.14,0.14,0.14
ESP-La Liga,2324,Girona,Eric García,ESP,DF,22,2001,30,30,2637,29.3,5,0,5,5,0,0,4,0,0.17,0.0,0.17,0.17,0.17
ESP-La Liga,2324,Girona,Ibrahima Kebe,MLI,MF,22,2000,2,0,9,0.1,0,0,0,0,0,0,1,0,0.0,0.0,0.0,0.0,0.0
ESP-La Liga,2324,Girona,Iván Martín,ESP,MF,24,1999,36,33,2729,30.3,5,4,9,5,0,0,5,0,0.16,0.13,0.3,0.16,0.3
ESP-La Liga,2324,Girona,Jastin García,ESP,FW,19,2004,3,0,32,0.4,0,0,0,0,0,0,0,0,0.0,0.0,0.0,0.0,0.0
ESP-La Liga,2324,Girona,Jhon Solis,COL,MF,18,2004,18,2,384,4.3,0,0,0,0,0,0,0,0,0.0,0.0,0.0,0.0,0.0
ESP-La Liga,2324,Girona,Juanpe,ESP,DF,32,1991,17,6,746,8.3,0,0,0,0,0,0,4,0,0.0,0.0,0.0,0.0,0.0
ESP-La Liga,2324,Girona,Miguel Gutiérrez,ESP,"DF,MF",22,2001,35,35,3032,33.7,2,7,9,2,0,0,4,0,0.06,0.21,0.27,0.06,0.27
ESP-La Liga,2324,Girona,Pablo Torre,ESP,MF,20,2003,26,4,701,7.8,0,2,2,0,0,0,1,0,0.0,0.26,0.26,0.0,0.26
ESP-La Liga,2324,Girona,Paulo Gazzaniga,ARG,GK,31,1992,38,38,3420,38.0,0,0,0,0,0,0,2,0,0.0,0.0,0.0,0.0,0.0
ESP-La Liga,2324,Girona,Portu,ESP,"MF,FW",31,1992,33,11,1188,13.2,7,5,12,7,0,0,3,0,0.53,0.38,0.91,0.53,0.91
ESP-La Liga,2324,Girona,Silvi Clúa,ESP,MF,18,2005,1,0,1,0.0,0,0,0,0,0,0,0,0,0.0,0.0,0.0,0.0,0.0
ESP-La Liga,2324,Girona,Sávio,BRA,"MF,FW",19,2004,37,35,2976,33.1,9,10,19,9,0,0,5,0,0.27,0.3,0.57,0.27,0.57
ESP-La Liga,2324,Girona,Toni Villa,ESP,MF,28,1995,2,0,13,0.1,0,0,0,0,0,0,0,0,0.0,0.0,0.0,0.0,0.0
ESP-La Liga,2324,Girona,Valery Fernández,ESP,MF,23,1999,27,2,506,5.6,2,0,2,2,0,0,1,0,0.36,0.0,0.36,0.36,0.36
ESP-La Liga,2324,Girona,Viktor Tsyhankov,UKR,MF,25,1997,30,26,2052,22.8,8,7,15,8,0,0,0,0,0.35,0.31,0.66,0.35,0.66
ESP-La Liga,2324,Girona,Yan Couto,BRA,"MF,DF",21,2002,34,24,2245,24.9,1,8,9,1,0,0,8,0,0.04,0.32,0.36,0.04,0.36
ESP-La Liga,2324,Girona,Yangel Herrera,VEN,MF,25,1998,29,27,2107,23.4,5,0,5,5,0,0,9,0,0.21,0.0,0.21,0.21,0.21
ESP-La Liga,2324,Granada,Adri Bosch,ESP,DF,22,2001,1,0,26,0.3,0,0,0,0,0,0,0,0,0.0,0.0,0.0,0.0,0.0
ESP-La Liga,2324,Granada,Alberto Perea,ESP,"FW,MF",32,1990,2,0,2,0.0,0,0,0,0,0,0,0,0,0.0,0.0,0.0,0.0,0.0
ESP-La Liga,2324,Granada,Alberto Soro,ESP,"FW,MF",24,1999,1,0,8,0.1,0,0,0,0,0,0,0,0,0.0,0.0,0.0,0.0,0.0
ESP-La Liga,2324,Granada,André Ferreira,POR,GK,27,1996,15,14,1340,14.9,0,0,0,0,0,0,1,0,0.0,0.0,0.0,0.0,0.0
ESP-La Liga,2324,Granada,Antonio Puertas,ESP,"MF,FW",31,1992,27,6,730,8.1,0,2,2,0,0,2,3,1,0.0,0.25,0.25,0.0,0.25
ESP-La Liga,2324,Granada,Augusto Batalla,ARG,GK,27,1996,17,17,1530,17.0,0,0,0,0,0,0,3,0,0.0,0.0,0.0,0.0,0.0
ESP-La Liga,2324,Granada,Brau,ESP,DF,21,2001,1,0,31,0.3,0,0,0,0,0,0,0,0,0.0,0.0,0.0,0.0,0.0
ESP-La Liga,2324,Granada,Bruno Méndez,URU,DF,23,1999,17,15,1333,14.8,2,0,2,2,0,0,4,0,0.14,0.0,0.14,0.14,0.14
ESP-La Liga,2324,Granada,Bryan Zaragoza,ESP,"MF,FW",21,2001,21,18,1638,18.2,6,2,8,5,1,1,5,0,0.33,0.11,0.44,0.27,0.38
ESP-La Liga,2324,Granada,Carlos Neva,ESP,DF,27,1996,36,36,3146,35.0,0,2,2,0,0,0,4,0,0.0,0.06,0.06,0.0,0.06
ESP-La Liga,2324,Granada,Facundo Pellistri,URU,"MF,FW",21,2001,15,14,1232,13.7,2,1,3,2,0,0,2,1,0.15,0.07,0.22,0.15,0.22
ESP-La Liga,2324,Granada,Faitout Maouassa,FRA,DF,25,1998,6,2,229,2.5,0,1,1,0,0,0,0,0,0.0,0.39,0.39,0.0,0.39
ESP-La Liga,2324,Granada,Famara Diedhiou,SEN,FW,30,1992,8,0,89,1.0,0,1,1,0,0,0,1,0,0.0,1.01,1.01,0.0,1.01
ESP-La Liga,2324,Granada,Gerard Gumbau,ESP,MF,28,1994,35,31,2674,29.7,0,3,3,0,0,0,12,0,0.0,0.1,0.1,0.0,0.1
ESP-La Liga,2324,Granada,Gonzalo Villar,ESP,MF,25,1998,35,21,1803,20.0,1,3,4,1,0,0,7,0,0.05,0.15,0.2,0.05,0.2
ESP-La Liga,2324,Granada,Ignasi Miquel,ESP,DF,30,1992,34,33,2992,33.2,1,1,2,1,0,0,5,0,0.03,0.03,0.06,0.03,0.06
ESP-La Liga,2324,Granada,Jesús Vallejo,ESP,DF,26,1997,3,1,108,1.2,0,0,0,0,0,0,1,0,0.0,0.0,0.0,0.0,0.0
ESP-La Liga,2324,Granada,José Callejón,ESP,"MF,FW",36,1987,25,7,803,8.9,0,1,1,0,0,0,2,0,0.0,0.11,0.11,0.0,0.11
ESP-La Liga,2324,Granada,Kamil Jóźwiak,POL,MF,25,1998,11,7,571,6.3,0,1,1,0,0,0,2,0,0.0,0.16,0.16,0.0,0.16
ESP-La Liga,2324,Granada,Kamil Piątkowski,POL,DF,23,2000,9,6,505,5.6,0,0,0,0,0,0,1,1,0.0,0.0,0.0,0.0,0.0
ESP-La Liga,2324,Granada,Lucas Boyé,ARG,FW,27,1996,31,30,2541,28.2,6,3,9,6,0,0,8,1,0.21,0.11,0.32,0.21,0.32
ESP-La Liga,2324,Granada,Marc Martínez,ESP,GK,33,1990,3,3,270,3.0,0,0,0,0,0,0,0,0,0.0,0.0,0.0,0.0,0.0
ESP-La Liga,2324,Granada,Martin Hongla,CMR,"MF,DF",25,1998,13,6,562,6.2,0,0,0,0,0,0,0,0,0.0,0.0,0.0,0.0,0.0
ESP-La Liga,2324,Granada,Matias Arezo,URU,FW,20,2002,14,3,369,4.1,0,0,0,0,0,0,1,0,0.0,0.0,0.0,0.0,0.0
ESP-La Liga,2324,Granada,Miguel Ángel Rubio,ESP,DF,25,1998,19,17,1560,17.3,1,0,1,1,0,0,5,0,0.06,0.0,0.06,0.06,0.06
ESP-La Liga,2324,Granada,Myrto Uzuni,ALB,"FW,MF",28,1995,34,28,2448,27.2,11,1,12,7,4,5,3,0,0.4,0.04,0.44,0.26,0.29
ESP-La Liga,2324,Granada,Njegoš Petrović,SRB,MF,24,1999,10,0,157,1.7,0,0,0,0,0,0,0,0,0.0,0.0,0.0,0.0,0.0
ESP-La Liga,2324,Granada,Pablo Saenz,ESP,MF,22,2001,1,0,19,0.2,0,0,0,0,0,0,0,0,0.0,0.0,0.0,0.0,0.0
ESP-La Liga,2324,Granada,Raúl Fernández,ESP,GK,35,1988,4,4,280,3.1,0,0,0,0,0,0,0,0,0.0,0.0,0.0,0.0,0.0
ESP-La Liga,2324,Granada,Raúl Torrente,ESP,DF,21,2001,17,14,1250,13.9,0,0,0,0,0,0,4,0,0.0,0.0,0.0,0.0,0.0
ESP-La Liga,2324,Granada,Ricard Sánchez,ESP,DF,23,2000,33,25,2295,25.5,3,0,3,3,0,0,8,0,0.12,0.0,0.12,0.12,0.12
ESP-La Liga,2324,Granada,Samu Omorodion,ESP,FW,19,2004,1,1,80,0.9,1,0,1,1,0,0,0,0,1.13,0.0,1.13,1.13,1.13
ESP-La Liga,2324,Granada,Sergio Rodelas,ESP,"MF,FW",18,2004,3,2,122,1.4,0,1,1,0,0,0,0,0,0.0,0.74,0.74,0.0,0.74
ESP-La Liga,2324,Granada,Sergio Ruiz,ESP,MF,28,1994,35,30,2494,27.7,0,4,4,0,0,0,9,0,0.0,0.14,0.14,0.0,0.14
ESP-La Liga,2324,Granada,Shon Weissman,ISR,FW,27,1996,5,0,82,0.9,0,0,0,0,0,0,0,0,0.0,0.0,0.0,0.0,0.0
ESP-La Liga,2324,Granada,Theo Corbeanu,CAN,MF,21,2002,9,2,182,2.0,1,0,1,1,0,0,2,0,0.49,0.0,0.49,0.49,0.49
ESP-La Liga,2324,Granada,Víctor Díaz,ESP,DF,35,1988,4,2,162,1.8,0,0,0,0,0,0,1,0,0.0,0.0,0.0,0.0,0.0
ESP-La Liga,2324,Granada,Wilson Manafá,POR,"DF,MF",29,1994,4,3,240,2.7,0,0,0,0,0,0,1,0,0.0,0.0,0.0,0.0,0.0
ESP-La Liga,2324,Granada,Álvaro Carreras,ESP,"MF,FW",20,2003,13,5,475,5.3,0,0,0,0,0,0,1,0,0.0,0.0,0.0,0.0,0.0
ESP-La Liga,2324,Granada,Óscar Melendo,ESP,"MF,FW",25,1997,26,15,1122,12.5,0,0,0,0,0,0,2,0,0.0,0.0,0.0,0.0,0.0
ESP-La Liga,2324,Las Palmas,Aarón Escandell,ESP,GK,27,1995,2,1,153,1.7,0,0,0,0,0,0,0,1,0.0,0.0,0.0,0.0,0.0
ESP-La Liga,2324,Las Palmas,Alberto Moleiro,ESP,"MF,FW",19,2003,28,21,1803,20.0,3,3,6,3,0,0,1,0,0.15,0.15,0.3,0.15,0.3
ESP-La Liga,2324,Las Palmas,Benito Ramírez,ESP,MF,28,1995,20,2,384,4.3,1,1,2,1,0,0,0,0,0.23,0.23,0.47,0.23,0.47
ESP-La Liga,2324,Las Palmas,Cristian Herrera,ESP,MF,32,1991,8,1,166,1.8,1,0,1,1,0,0,1,0,0.54,0.0,0.54,0.54,0.54
ESP-La Liga,2324,Las Palmas,Daley Sinkgraven,NED,DF,28,1995,10,6,374,4.2,0,0,0,0,0,0,0,1,0.0,0.0,0.0,0.0,0.0
ESP-La Liga,2324,Las Palmas,Enzo Loiodice,FRA,MF,22,2000,34,19,1790,19.9,0,1,1,0,0,0,2,0,0.0,0.05,0.05,0.0,0.05
ESP-La Liga,2324,Las Palmas,Eric Curbelo,ESP,DF,29,1994,2,1,102,1.1,0,0,0,0,0,0,0,0,0.0,0.0,0.0,0.0,0.0
ESP-La Liga,2324,Las Palmas,Fabio González,ESP,MF,26,1997,6,1,123,1.4,0,0,0,0,0,0,1,0,0.0,0.0,0.0,0.0,0.0
ESP-La Liga,2324,Las Palmas,Iñaki González,ESP,MF,19,2004,1,0,5,0.1,0,0,0,0,0,0,0,0,0.0,0.0,0.0,0.0,0.0
ESP-La Liga,2324,Las Palmas,Javier Muñoz,ESP,MF,28,1995,37,30,2640,29.3,2,3,5,2,0,0,6,0,0.07,0.1,0.17,0.07,0.17
ESP-La Liga,2324,Las Palmas,Jonathan Viera,ESP,"MF,FW",33,1989,9,7,617,6.9,2,1,3,0,2,2,1,0,0.29,0.15,0.44,0.0,0.15
ESP-La Liga,2324,Las Palmas,José Campaña,ESP,MF,30,1993,8,1,171,1.9,0,0,0,0,0,0,0,0,0.0,0.0,0.0,0.0,0.0
ESP-La Liga,2324,Las Palmas,Juanma Herzog,ESP,DF,19,2004,4,3,292,3.2,2,0,2,2,0,0,1,0,0.62,0.0,0.62,0.62,0.62
ESP-La Liga,2324,Las Palmas,Julian Araujo,MEX,DF,21,2001,25,15,1462,16.2,1,0,1,1,0,0,5,0,0.06,0.0,0.06,0.06,0.06
ESP-La Liga,2324,Las Palmas,Kirian Rodríguez,ESP,MF,27,1996,37,36,3211,35.7,6,2,8,6,0,0,8,0,0.17,0.06,0.22,0.17,0.22
ESP-La Liga,2324,Las Palmas,Marc Cardona,ESP,FW,28,1995,26,6,737,8.2,4,1,5,3,1,1,4,0,0.49,0.12,0.61,0.37,0.49
ESP-La Liga,2324,Las Palmas,Marvin,ESP,"MF,DF",23,2000,31,17,1855,20.6,0,2,2,0,0,0,5,0,0.0,0.1,0.1,0.0,0.1
ESP-La Liga,2324,Las Palmas,Mika Mármol,ESP,DF,22,2001,36,36,3178,35.3,0,1,1,0,0,0,6,1,0.0,0.03,0.03,0.0,0.03
ESP-La Liga,2324,Las Palmas,Munir El Haddadi,MAR,"MF,FW",27,1995,38,32,2449,27.2,3,2,5,3,0,1,3,0,0.11,0.07,0.18,0.11,0.18
ESP-La Liga,2324,Las Palmas,Máximo Perrone,ARG,MF,20,2003,29,20,1623,18.0,0,0,0,0,0,0,6,0,0.0,0.0,0.0,0.0,0.0
ESP-La Liga,2324,Las Palmas,Omenuke Mfulu,COD,MF,29,1994,5,1,82,0.9,0,0,0,0,0,0,1,0,0.0,0.0,0.0,0.0,0.0
ESP-La Liga,2324,Las Palmas,Pejiño,ESP,"MF,FW",27,1996,17,6,504,5.6,2,0,2,2,0,0,1,0,0.36,0.0,0.36,0.36,0.36
ESP-La Liga,2324,Las Palmas,Sandro Ramírez,ESP,"FW,MF",28,1995,27,21,1808,20.1,1,3,4,1,0,1,3,0,0.05,0.15,0.2,0.05,0.2
ESP-La Liga,2324,Las Palmas,Saúl Coco,EQG,DF,24,1999,30,26,2295,25.5,1,0,1,1,0,0,6,1,0.04,0.0,0.04,0.04,0.04
ESP-La Liga,2324,Las Palmas,Sergi Cardona,ESP,DF,24,1999,35,30,2814,31.3,1,2,3,1,0,0,11,0,0.03,0.06,0.1,0.03,0.1
ESP-La Liga,2324,Las Palmas,Sory Kaba,GUI,FW,28,1995,17,9,720,8.0,1,1,2,1,0,0,2,0,0.12,0.12,0.25,0.12,0.25
ESP-La Liga,2324,Las Palmas,Álex Suárez,ESP,DF,30,1993,32,30,2562,28.5,2,0,2,2,0,0,7,0,0.07,0.0,0.07,0.07,0.07
ESP-La Liga,2324,Las Palmas,Álvaro Lemos,ESP,DF,30,1993,4,3,251,2.8,0,0,0,0,0,0,1,0,0.0,0.0,0.0,0.0,0.0
ESP-La Liga,2324,Las Palmas,Álvaro Vallés,ESP,GK,26,1997,37,37,3263,36.3,0,0,0,0,0,0,2,1,0.0,0.0,0.0,0.0,0.0
ESP-La Liga,2324,Mallorca,Abdón Prats,ESP,FW,30,1992,34,11,1270,14.1,6,1,7,6,0,0,4,0,0.43,0.07,0.5,0.43,0.5
ESP-La Liga,2324,Mallorca,Amath,SEN,"FW,MF",27,1996,15,3,394,4.4,0,0,0,0,0,0,2,0,0.0,0.0,0.0,0.0,0.0
ESP-La Liga,2324,Mallorca,Antonio Raillo,ESP,DF,31,1991,26,25,2195,24.4,3,2,5,3,0,0,6,1,0.12,0.08,0.21,0.12,0.21
ESP-La Liga,2324,Mallorca,Antonio Sánchez,ESP,MF,26,1997,29,21,1452,16.1,3,1,4,3,0,0,3,0,0.19,0.06,0.25,0.19,0.25
ESP-La Liga,2324,Mallorca,Copete,ESP,DF,23,1999,19,17,1333,14.8,1,1,2,1,0,0,7,0,0.07,0.07,0.14,0.07,0.14
ESP-La Liga,2324,Mallorca,Cyle Larin,CAN,FW,28,1995,35,20,1823,20.3,3,2,5,3,0,0,8,0,0.15,0.1,0.25,0.15,0.25
ESP-La Liga,2324,Mallorca,Dani Rodríguez,ESP,MF,35,1988,36,31,2615,29.1,2,4,6,2,0,0,9,0,0.07,0.14,0.21,0.07,0.21
ESP-La Liga,2324,Mallorca,Dominik Greif,SVK,GK,26,1997,1,1,90,1.0,0,0,0,0,0,0,0,0,0.0,0.0,0.0,0.0,0.0
ESP-La Liga,2324,Mallorca,Giovanni González,URU,DF,28,1994,34,27,2464,27.4,1,1,2,1,0,0,6,0,0.04,0.04,0.07,0.04,0.07
ESP-La Liga,2324,Mallorca,Iván Cuéllar,ESP,GK,39,1984,1,1,90,1.0,0,0,0,0,0,0,0,0,0.0,0.0,0.0,0.0,0.0
ESP-La Liga,2324,Mallorca,Jaume Costa,ESP,"DF,MF",35,1988,30,19,1682,18.7,0,1,1,0,0,0,7,0,0.0,0.05,0.05,0.0,0.05
ESP-La Liga,2324,Mallorca,Javier Llabrés,ESP,MF,20,2002,16,1,247,2.7,1,0,1,1,0,0,1,0,0.36,0.0,0.36,0.36,0.36
ESP-La Liga,2324,Mallorca,Manu Morlanes,ESP,MF,24,1999,35,16,1615,17.9,0,2,2,0,0,0,2,0,0.0,0.11,0.11,0.0,0.11
ESP-La Liga,2324,Mallorca,Martin Valjent,SVK,DF,27,1995,28,28,2349,26.1,0,1,1,0,0,0,5,0,0.0,0.04,0.04,0.0,0.04
ESP-La Liga,2324,Mallorca,Matija Nastasić,SRB,DF,30,1993,26,25,2258,25.1,2,0,2,2,0,0,8,0,0.08,0.0,0.08,0.08,0.08
ESP-La Liga,2324,Mallorca,Nacho Vidal,ESP,DF,28,1995,8,5,416,4.6,0,0,0,0,0,0,2,0,0.0,0.0,0.0,0.0,0.0
ESP-La Liga,2324,Mallorca,Nemanja Radonjić,SRB,MF,27,1996,11,4,353,3.9,0,0,0,0,0,0,0,0,0.0,0.0,0.0,0.0,0.0
ESP-La Liga,2324,Mallorca,Omar Mascarell,EQG,MF,30,1993,29,18,1571,17.5,0,0,0,0,0,0,8,1,0.0,0.0,0.0,0.0,0.0
ESP-La Liga,2324,Mallorca,Pablo Maffeo,ESP,"DF,MF",26,1997,22,17,1454,16.2,1,2,3,1,0,0,3,1,0.06,0.12,0.19,0.06,0.19
ESP-La Liga,2324,Mallorca,Predrag Rajković,SRB,GK,27,1995,36,36,3240,36.0,0,0,0,0,0,0,2,0,0.0,0.0,0.0,0.0,0.0
ESP-La Liga,2324,Mallorca,Samu Costa,POR,MF,22,2000,34,26,2303,25.6,1,1,2,1,0,0,8,0,0.04,0.04,0.08,0.04,0.08
ESP-La Liga,2324,Mallorca,Sergi Darder,ESP,MF,29,1993,36,21,2157,24.0,2,5,7,2,0,0,4,0,0.08,0.21,0.29,0.08,0.29
ESP-La Liga,2324,Mallorca,Siebe Van Der Heyden,BEL,DF,25,1998,6,4,286,3.2,0,0,0,0,0,0,2,1,0.0,0.0,0.0,0.0,0.0
ESP-La Liga,2324,Mallorca,Toni Lato,ESP,DF,25,1997,28,16,1544,17.2,0,1,1,0,0,0,3,0,0.0,0.06,0.06,0.0,0.06
ESP-La Liga,2324,Mallorca,Vedat Muriqi,KVX,FW,29,1994,29,25,2327,25.9,7,2,9,6,1,3,5,0,0.27,0.08,0.35,0.23,0.31
ESP-La Liga,2324,Osasuna,Aimar Oroz,ESP,MF,21,2001,33,26,2339,26.0,2,1,3,1,1,1,3,0,0.08,0.04,0.12,0.04,0.08
ESP-La Liga,2324,Osasuna,Aitor Fernández,ESP,GK,32,1991,7,6,551,6.1,0,0,0,0,0,0,2,0,0.0,0.0,0.0,0.0,0.0
ESP-La Liga,2324,Osasuna,Ante Budimir,CRO,FW,32,1991,33,29,2435,27.1,17,2,19,14,3,4,4,0,0.63,0.07,0.7,0.52,0.59
ESP-La Liga,2324,Osasuna,Asier Osambela,ESP,MF,19,2004,1,0,9,0.1,0,0,0,0,0,0,0,0,0.0,0.0,0.0,0.0,0.0
ESP-La Liga,2324,Osasuna,Catena,ESP,DF,28,1994,30,28,2534,28.2,1,3,4,1,0,0,8,1,0.04,0.11,0.14,0.04,0.14
ESP-La Liga,2324,Osasuna,Darko Brašanac,SRB,MF,31,1992,2,0,48,0.5,0,0,0,0,0,0,0,0,0.0,0.0,0.0,0.0,0.0
ESP-La Liga,2324,Osasuna,David García,ESP,DF,29,1994,27,27,2334,25.9,0,1,1,0,0,0,5,0,0.0,0.04,0.04,0.0,0.04
ESP-La Liga,2324,Osasuna,Ezequiel Ávila,ARG,"FW,MF",29,1994,17,10,864,9.6,1,3,4,1,0,0,3,2,0.1,0.31,0.42,0.1,0.42
ESP-La Liga,2324,Osasuna,Iker Muñoz,ESP,MF,20,2002,28,20,1854,20.6,4,0,4,4,0,0,5,0,0.19,0.0,0.19,0.19,0.19
ESP-La Liga,2324,Osasuna,Iñigo Arguibide,ESP,FW,18,2005,1,0,17,0.2,0,0,0,0,0,0,0,0,0.0,0.0,0.0,0.0,0.0
ESP-La Liga,2324,Osasuna,Jesús Areso,ESP,"DF,MF",24,1999,37,29,2660,29.6,1,6,7,1,0,0,3,0,0.03,0.2,0.24,0.03,0.24
ESP-La Liga,2324,Osasuna,Johan Mojica,COL,"DF,MF",30,1992,30,22,2041,22.7,0,3,3,0,0,0,1,0,0.0,0.13,0.13,0.0,0.13
ESP-La Liga,2324,Osasuna,Jon Moncayola,ESP,MF,25,1998,33,21,1800,20.0,1,3,4,1,0,0,2,1,0.05,0.15,0.2,0.05,0.2
ESP-La Liga,2324,Osasuna,Jorge Herrando,ESP,DF,22,2001,19,18,1644,18.3,0,1,1,0,0,0,4,0,0.0,0.05,0.05,0.0,0.05
ESP-La Liga,2324,Osasuna,Jorge Moreno,ESP,DF,22,2001,1,0,15,0.2,0,0,0,0,0,0,0,0,0.0,0.0,0.0,0.0,0.0
ESP-La Liga,2324,Osasuna,José Arnaiz,ESP,"FW,MF",28,1995,26,9,929,10.3,2,1,3,2,0,0,3,0,0.19,0.1,0.29,0.19,0.29
ESP-La Liga,2324,Osasuna,Juan Cruz Armada,ESP,DF,31,1992,26,18,1667,18.5,0,1,1,0,0,0,3,0,0.0,0.05,0.05,0.0,0.05
ESP-La Liga,2324,Osasuna,Kike Barja,ESP,"FW,MF",26,1997,16,3,303,3.4,0,0,0,0,0,0,3,0,0.0,0.0,0.0,0.0,0.0
ESP-La Liga,2324,Osasuna,Lucas Torró,ESP,MF,29,1994,28,21,1788,19.9,1,0,1,1,0,0,5,0,0.05,0.0,0.05,0.05,0.05
ESP-La Liga,2324,Osasuna,Max Svensson,ESP,FW,21,2001,1,0,3,0.0,0,0,0,0,0,0,0,0,0.0,0.0,0.0,0.0,0.0
ESP-La Liga,2324,Osasuna,Moi Gómez,ESP,"MF,FW",29,1994,28,23,2006,22.3,3,0,3,3,0,0,3,0,0.13,0.0,0.13,0.13,0.13
ESP-La Liga,2324,Osasuna,Nacho Vidal,ESP,DF,28,1995,7,0,96,1.1,1,0,1,1,0,0,0,0,0.94,0.0,0.94,0.94,0.94
ESP-La Liga,2324,Osasuna,Pablo Ibáñez,ESP,MF,24,1998,33,12,1152,12.8,1,2,3,1,0,0,5,0,0.08,0.16,0.23,0.08,0.23
ESP-La Liga,2324,Osasuna,Raúl,ESP,FW,22,2000,35,13,1355,15.1,6,1,7,6,0,0,4,0,0.4,0.07,0.46,0.4,0.46
ESP-La Liga,2324,Osasuna,Rubén García,ESP,"FW,MF",30,1993,30,19,1547,17.2,3,2,5,3,0,0,1,0,0.17,0.12,0.29,0.17,0.29
ESP-La Liga,2324,Osasuna,Rubén Peña,ESP,"DF,MF",32,1991,29,26,2088,23.2,0,2,2,0,0,0,3,0,0.0,0.09,0.09,0.0,0.09
ESP-La Liga,2324,Osasuna,Sergio Herrera,ESP,GK,30,1993,32,32,2869,31.9,0,0,0,0,0,0,2,0,0.0,0.0,0.0,0.0,0.0
ESP-La Liga,2324,Osasuna,Unai García,ESP,DF,31,1992,9,6,560,6.2,1,0,1,1,0,0,6,1,0.16,0.0,0.16,0.16,0.16
ESP-La Liga,2324,Osasuna,Xabier Huarte Armendáriz,ESP,MF,22,2001,1,0,9,0.1,0,0,0,0,0,0,0,0,0.0,0.0,0.0,0.0,0.0
ESP-La Liga,2324,Rayo Vallecano,Abdul Mumin,GHA,DF,25,1998,20,19,1694,18.8,1,0,1,1,0,0,5,1,0.05,0.0,0.05,0.05,0.05
ESP-La Liga,2324,Rayo Vallecano,Alfonso Espino,URU,DF,31,1992,31,29,2507,27.9,0,1,1,0,0,0,9,0,0.0,0.04,0.04,0.0,0.04
ESP-La Liga,2324,Rayo Vallecano,Andrei Ratiu,ROU,"DF,MF",25,1998,12,6,630,7.0,0,0,0,0,0,0,1,0,0.0,0.0,0.0,0.0,0.0
ESP-La Liga,2324,Rayo Vallecano,Aridane Hernández,ESP,DF,34,1989,19,19,1690,18.8,0,0,0,0,0,0,3,0,0.0,0.0,0.0,0.0,0.0
ESP-La Liga,2324,Rayo Vallecano,Bebé,CPV,"FW,MF",33,1990,19,0,212,2.4,2,0,2,1,1,1,1,0,0.85,0.0,0.85,0.42,0.42
ESP-La Liga,2324,Rayo Vallecano,Crespo,POR,MF,26,1996,15,4,527,5.9,0,0,0,0,0,0,4,0,0.0,0.0,0.0,0.0,0.0
ESP-La Liga,2324,Rayo Vallecano,Dani Cárdenas,ESP,GK,26,1997,1,1,90,1.0,0,0,0,0,0,0,0,0,0.0,0.0,0.0,0.0,0.0
ESP-La Liga,2324,Rayo Vallecano,Diego Méndez,ESP,MF,19,2003,1,0,5,0.1,0,0,0,0,0,0,0,0,0.0,0.0,0.0,0.0,0.0
ESP-La Liga,2324,Rayo Vallecano,Florian Lejeune,FRA,DF,32,1991,37,37,3327,37.0,3,1,4,3,0,0,5,0,0.08,0.03,0.11,0.08,0.11
ESP-La Liga,2324,Rayo Vallecano,Isaac Palazón Camacho,ESP,MF,28,1994,37,34,2791,31.0,4,1,5,2,2,2,8,0,0.13,0.03,0.16,0.06,0.1
ESP-La Liga,2324,Rayo Vallecano,Iván Balliu,ALB,DF,31,1992,33,32,2873,31.9,0,1,1,0,0,0,4,0,0.0,0.03,0.03,0.0,0.03
ESP-La Liga,2324,Rayo Vallecano,Jorge de Frutos,ESP,MF,26,1997,36,14,1549,17.2,2,0,2,2,0,0,1,0,0.12,0.0,0.12,0.12,0.12
ESP-La Liga,2324,Rayo Vallecano,José Pozo,ESP,"FW,MF",27,1996,2,0,19,0.2,0,0,0,0,0,0,0,0,0.0,0.0,0.0,0.0,0.0
ESP-La Liga,2324,Rayo Vallecano,Kike Pérez,ESP,"MF,FW",26,1997,24,9,835,9.3,1,0,1,1,0,0,7,0,0.11,0.0,0.11,0.11,0.11
ESP-La Liga,2324,Rayo Vallecano,Pathé Ciss,SEN,MF,29,1994,31,16,1664,18.5,1,0,1,1,0,0,10,0,0.05,0.0,0.05,0.05,0.05
ESP-La Liga,2324,Rayo Vallecano,Pep Chavarría,ESP,"DF,MF",25,1998,22,12,1167,13.0,1,1,2,1,0,0,6,1,0.08,0.08,0.15,0.08,0.15
ESP-La Liga,2324,Rayo Vallecano,Radamel Falcao,COL,FW,37,1986,22,2,407,4.5,1,0,1,0,1,1,4,0,0.22,0.0,0.22,0.0,0.0
ESP-La Liga,2324,Rayo Vallecano,Randy Nteka,ANG,FW,25,1997,16,3,572,6.4,1,1,2,0,1,1,3,0,0.16,0.16,0.31,0.0,0.16
ESP-La Liga,2324,Rayo Vallecano,Raúl de Tomás,ESP,FW,28,1994,25,15,1272,14.1,1,2,3,0,1,1,5,0,0.07,0.14,0.21,0.0,0.14
ESP-La Liga,2324,Rayo Vallecano,Salvi,ESP,MF,32,1991,1,0,28,0.3,0,0,0,0,0,0,0,0,0.0,0.0,0.0,0.0,0.0
ESP-La Liga,2324,Rayo Vallecano,Sergio Camello,ESP,FW,22,2001,31,20,1661,18.5,3,1,4,3,0,0,3,0,0.16,0.05,0.22,0.16,0.22
ESP-La Liga,2324,Rayo Vallecano,Stole Dimitrievski,MKD,GK,29,1993,37,37,3330,37.0,0,0,0,0,0,0,2,0,0.0,0.0,0.0,0.0,0.0
ESP-La Liga,2324,Rayo Vallecano,Unai López,ESP,MF,27,1995,35,28,2108,23.4,1,2,3,1,0,0,8,0,0.04,0.09,0.13,0.04,0.13
ESP-La Liga,2324,Rayo Vallecano,Álvaro García,ESP,MF,30,1992,32,30,2475,27.5,6,1,7,6,0,0,8,1,0.22,0.04,0.25,0.22,0.25
ESP-La Liga,2324,Rayo Vallecano,Óscar Trejo,ARG,"FW,MF",35,1988,31,19,1380,15.3,0,0,0,0,0,0,4,1,0.0,0.0,0.0,0.0,0.0
ESP-La Liga,2324,Rayo Vallecano,Óscar Valentín,ESP,MF,28,1994,34,32,2692,29.9,1,0,1,1,0,0,7,1,0.03,0.0,0.03,0.03,0.03
ESP-La Liga,2324,Real Betis,Abde Ezzalzouli,MAR,MF,21,2001,26,6,865,9.6,1,0,1,1,0,1,1,0,0.1,0.0,0.1,0.1,0.1
ESP-La Liga,2324,Real Betis,Abner,BRA,DF,23,2000,23,15,1400,15.6,0,1,1,0,0,0,3,0,0.0,0.06,0.06,0.0,0.06
ESP-La Liga,2324,Real Betis,Aitor Ruibal,ESP,"DF,MF",27,1996,18,11,1017,11.3,2,1,3,2,0,0,5,0,0.18,0.09,0.27,0.18,0.27
ESP-La Liga,2324,Real Betis,Andrés Guardado,MEX,MF,36,1986,12,4,447,5.0,0,0,0,0,0,0,2,0,0.0,0.0,0.0,0.0,0.0
ESP-La Liga,2324,Real Betis,Assane Diao,SEN,MF,17,2005,18,13,1048,11.6,2,0,2,2,0,0,4,0,0.17,0.0,0.17,0.17,0.17
ESP-La Liga,2324,Real Betis,Ayoze Pérez,ESP,"MF,FW",30,1993,31,29,2294,25.5,9,1,10,9,0,0,4,0,0.35,0.04,0.39,0.35,0.39
ESP-La Liga,2324,Real Betis,Borja Iglesias,ESP,FW,30,1993,11,4,408,4.5,0,1,1,0,0,0,2,0,0.0,0.22,0.22,0.0,0.22
ESP-La Liga,2324,Real Betis,Chadi Riad,MAR,DF,20,2003,26,24,2164,24.0,0,0,0,0,0,0,1,0,0.0,0.0,0.0,0.0,0.0
ESP-La Liga,2324,Real Betis,Claudio Bravo,CHI,GK,40,1983,7,7,630,7.0,0,0,0,0,0,0,0,0,0.0,0.0,0.0,0.0,0.0
ESP-La Liga,2324,Real Betis,Cédric Bakambu,COD,FW,32,1991,4,2,194,2.2,0,0,0,0,0,0,1,0,0.0,0.0,0.0,0.0,0.0
ESP-La Liga,2324,Real Betis,Ezequiel Ávila,ARG,"MF,FW",29,1994,6,4,298,3.3,1,0,1,1,0,0,4,1,0.3,0.0,0.3,0.3,0.3
ESP-La Liga,2324,Real Betis,Fran Vieites,ESP,GK,24,1999,4,3,315,3.5,0,0,0,0,0,0,0,0,0.0,0.0,0.0,0.0,0.0
ESP-La Liga,2324,Real Betis,Germán Pezzella,ARG,DF,32,1991,32,32,2767,30.7,1,0,1,1,0,0,7,0,0.03,0.0,0.03,0.03,0.03
ESP-La Liga,2324,Real Betis,Guido Rodríguez,ARG,MF,29,1994,24,22,1846,20.5,2,0,2,2,0,0,6,0,0.1,0.0,0.1,0.1,0.1
ESP-La Liga,2324,Real Betis,Héctor Bellerín,ESP,DF,28,1995,23,20,1711,19.0,0,1,1,0,0,0,0,1,0.0,0.05,0.05,0.0,0.05
ESP-La Liga,2324,Real Betis,Isco,ESP,MF,31,1992,29,28,2326,25.8,8,5,13,6,2,2,10,0,0.31,0.19,0.5,0.23,0.43
ESP-La Liga,2324,Real Betis,Johnny Cardoso,USA,MF,21,2001,17,15,1328,14.8,1,2,3,1,0,0,3,0,0.07,0.14,0.2,0.07,0.2
ESP-La Liga,2324,Real Betis,Juan Cruz,ESP,MF,23,2000,5,0,76,0.8,0,0,0,0,0,0,0,0,0.0,0.0,0.0,0.0,0.0
ESP-La Liga,2324,Real Betis,Juan Miranda,ESP,DF,23,2000,25,21,1858,20.6,1,1,2,1,0,0,8,0,0.05,0.05,0.1,0.05,0.1
ESP-La Liga,2324,Real Betis,Luiz Felipe,ITA,DF,26,1997,4,4,360,4.0,0,0,0,0,0,0,1,0,0.0,0.0,0.0,0.0,0.0
ESP-La Liga,2324,Real Betis,Luiz Henrique,BRA,MF,22,2001,14,6,616,6.8,0,3,3,0,0,0,1,0,0.0,0.44,0.44,0.0,0.44
ESP-La Liga,2324,Real Betis,Marc Bartra,ESP,DF,32,1991,3,3,225,2.5,0,0,0,0,0,0,1,0,0.0,0.0,0.0,0.0,0.0
ESP-La Liga,2324,Real Betis,Marc Roca,ESP,MF,26,1996,26,24,1980,22.0,2,2,4,2,0,0,5,0,0.09,0.09,0.18,0.09,0.18
ESP-La Liga,2324,Real Betis,Nabil Fekir,FRA,"MF,FW",30,1993,19,10,1049,11.7,1,2,3,1,0,0,1,0,0.09,0.17,0.26,0.09,0.26
ESP-La Liga,2324,Real Betis,Pablo Busto,ESP,DF,17,2005,2,0,44,0.5,0,0,0,0,0,0,0,0,0.0,0.0,0.0,0.0,0.0
ESP-La Liga,2324,Real Betis,Pablo Fornals,ESP,MF,27,1996,15,14,1148,12.8,3,2,5,3,0,0,2,0,0.24,0.16,0.39,0.24,0.39
ESP-La Liga,2324,Real Betis,Paul Akouokou,CIV,MF,25,1997,2,0,27,0.3,0,0,0,0,0,0,0,0,0.0,0.0,0.0,0.0,0.0
ESP-La Liga,2324,Real Betis,Ricardo Visus,ESP,DF,22,2001,3,1,166,1.8,0,0,0,0,0,0,0,0,0.0,0.0,0.0,0.0,0.0
ESP-La Liga,2324,Real Betis,Rodri,ESP,MF,23,2000,29,9,1051,11.7,0,0,0,0,0,0,0,0,0.0,0.0,0.0,0.0,0.0
ESP-La Liga,2324,Real Betis,Rui Silva,POR,GK,29,1994,28,28,2475,27.5,0,0,0,0,0,0,4,0,0.0,0.0,0.0,0.0,0.0
ESP-La Liga,2324,Real Betis,Sergi Altimira,ESP,MF,21,2001,14,6,568,6.3,1,0,1,1,0,0,1,0,0.16,0.0,0.16,0.16,0.16
ESP-La Liga,2324,Real Betis,Sokratis Papastathopoulos,GRE,DF,35,1988,15,12,1136,12.6,0,0,0,0,0,0,6,0,0.0,0.0,0.0,0.0,0.0
ESP-La Liga,2324,Real Betis,William Carvalho,POR,MF,31,1992,22,4,680,7.6,1,3,4,1,0,0,2,0,0.13,0.4,0.53,0.13,0.53
ESP-La Liga,2324,Real Betis,Willian José,BRA,FW,31,1991,33,25,1971,21.9,10,5,15,10,0,0,0,1,0.46,0.23,0.68,0.46,0.68
ESP-La Liga,2324,Real Betis,Youssouf Sabaly,SEN,DF,30,1993,12,12,1046,11.6,0,1,1,0,0,0,2,0,0.0,0.09,0.09,0.0,0.09
ESP-La Liga,2324,Real Madrid,Andriy Lunin,UKR,GK,24,1999,21,21,1890,21.0,0,0,0,0,0,0,2,0,0.0,0.0,0.0,0.0,0.0
ESP-La Liga,2324,Real Madrid,Antonio Rüdiger,GER,DF,30,1993,33,30,2709,30.1,1,0,1,1,0,0,7,0,0.03,0.0,0.03,0.03,0.03
ESP-La Liga,2324,Real Madrid,Arda Güler,TUR,"MF,FW",18,2005,10,4,377,4.2,6,0,6,6,0,0,1,0,1.43,0.0,1.43,1.43,1.43
ESP-La Liga,2324,Real Madrid,Aurélien Tchouaméni,FRA,"MF,DF",23,2000,27,22,1987,22.1,3,1,4,3,0,0,7,0,0.14,0.05,0.18,0.14,0.18
ESP-La Liga,2324,Real Madrid,Brahim Díaz,MAR,"MF,FW",23,1999,31,18,1545,17.2,8,6,14,8,0,0,0,0,0.47,0.35,0.82,0.47,0.82
ESP-La Liga,2324,Real Madrid,Dani Carvajal,ESP,DF,31,1992,28,25,2171,24.1,4,3,7,4,0,0,5,1,0.17,0.12,0.29,0.17,0.29
ESP-La Liga,2324,Real Madrid,Dani Ceballos,ESP,MF,26,1996,20,5,598,6.6,0,2,2,0,0,0,2,0,0.0,0.3,0.3,0.0,0.3
ESP-La Liga,2324,Real Madrid,David Alaba,AUT,DF,31,1992,14,14,1154,12.8,0,1,1,0,0,0,2,0,0.0,0.08,0.08,0.0,0.08
ESP-La Liga,2324,Real Madrid,Eduardo Camavinga,FRA,MF,20,2002,31,21,1817,20.2,0,2,2,0,0,0,9,0,0.0,0.1,0.1,0.0,0.1
ESP-La Liga,2324,Real Madrid,Federico Valverde,URU,MF,25,1998,37,33,2904,32.3,2,7,9,2,0,0,2,0,0.06,0.22,0.28,0.06,0.28
ESP-La Liga,2324,Real Madrid,Ferland Mendy,FRA,DF,28,1995,23,21,1720,19.1,0,0,0,0,0,0,5,0,0.0,0.0,0.0,0.0,0.0
ESP-La Liga,2324,Real Madrid,Fran Garcia,ESP,DF,23,1999,25,15,1398,15.5,1,5,6,1,0,0,2,0,0.06,0.32,0.39,0.06,0.39
ESP-La Liga,2324,Real Madrid,Gonzalo García,ESP,FW,19,2004,2,0,19,0.2,0,0,0,0,0,0,0,0,0.0,0.0,0.0,0.0,0.0
ESP-La Liga,2324,Real Madrid,Joselu,ESP,FW,33,1990,34,15,1687,18.7,10,2,12,10,0,2,1,0,0.53,0.11,0.64,0.53,0.64
ESP-La Liga,2324,Real Madrid,Jude Bellingham,ENG,"MF,FW",20,2003,28,27,2315,25.7,19,6,25,18,1,1,5,1,0.74,0.23,0.97,0.7,0.93
ESP-La Liga,2324,Real Madrid,Kepa Arrizabalaga,ESP,GK,28,1994,14,13,1198,13.3,0,0,0,0,0,0,1,0,0.0,0.0,0.0,0.0,0.0
ESP-La Liga,2324,Real Madrid,Lucas Vázquez,ESP,DF,32,1991,29,14,1419,15.8,3,6,9,3,0,0,0,0,0.19,0.38,0.57,0.19,0.57
ESP-La Liga,2324,Real Madrid,Luka Modrić,CRO,MF,37,1985,32,18,1688,18.8,2,6,8,2,0,0,2,0,0.11,0.32,0.43,0.11,0.43
ESP-La Liga,2324,Real Madrid,Mario Martín,ESP,MF,19,2004,2,0,18,0.2,0,0,0,0,0,0,0,0,0.0,0.0,0.0,0.0,0.0
ESP-La Liga,2324,Real Madrid,Nacho,ESP,DF,33,1990,29,18,1746,19.4,0,1,1,0,0,0,4,2,0.0,0.05,0.05,0.0,0.05
ESP-La Liga,2324,Real Madrid,Nicolás Paz,ARG,MF,18,2004,4,0,23,0.3,0,0,0,0,0,0,0,0,0.0,0.0,0.0,0.0,0.0
ESP-La Liga,2324,Real Madrid,Rodrygo,BRA,FW,22,2001,34,28,2380,26.4,10,5,15,10,0,1,2,0,0.38,0.19,0.57,0.38,0.57
ESP-La Liga,2324,Real Madrid,Thibaut Courtois,BEL,GK,31,1992,4,4,332,3.7,0,0,0,0,0,0,0,0,0.0,0.0,0.0,0.0,0.0
ESP-La Liga,2324,Real Madrid,Toni Kroos,GER,MF,33,1990,33,24,2124,23.6,1,8,9,1,0,0,3,0,0.04,0.34,0.38,0.04,0.38
ESP-La Liga,2324,Real Madrid,Vinicius Júnior,BRA,FW,23,2000,26,22,1864,20.7,15,5,20,14,1,1,7,0,0.72,0.24,0.97,0.68,0.92
ESP-La Liga,2324,Real Madrid,Álvaro Rodríguez,URU,FW,19,2004,1,0,1,0.0,0,0,0,0,0,0,0,0,0.0,0.0,0.0,0.0,0.0
ESP-La Liga,2324,Real Madrid,Éder Militão,BRA,DF,25,1998,10,6,496,5.5,0,0,0,0,0,0,0,0,0.0,0.0,0.0,0.0,0.0
ESP-La Liga,2324,Real Sociedad,Aihen Muñoz,ESP,DF,25,1997,21,11,1127,12.5,0,2,2,0,0,0,2,0,0.0,0.16,0.16,0.0,0.16
ESP-La Liga,2324,Real Sociedad,Alberto Dadie,ESP,DF,21,2002,1,0,28,0.3,0,0,0,0,0,0,0,0,0.0,0.0,0.0,0.0,0.0
ESP-La Liga,2324,Real Sociedad,Alex Sola,ESP,"DF,FW",24,1999,2,0,30,0.3,0,0,0,0,0,0,0,0,0.0,0.0,0.0,0.0,0.0
ESP-La Liga,2324,Real Sociedad,Ander Barrenetxea,ESP,"MF,FW",21,2001,29,20,1427,15.9,4,1,5,4,0,0,1,0,0.25,0.06,0.32,0.25,0.32
ESP-La Liga,2324,Real Sociedad,André Silva,POR,FW,27,1995,19,9,729,8.1,3,0,3,2,1,1,1,0,0.37,0.0,0.37,0.25,0.25
ESP-La Liga,2324,Real Sociedad,Aritz Elustondo,ESP,DF,29,1994,15,7,812,9.0,0,1,1,0,0,0,2,0,0.0,0.11,0.11,0.0,0.11
ESP-La Liga,2324,Real Sociedad,Arsen Zakharyan,RUS,"MF,FW",20,2003,29,15,1228,13.6,1,2,3,1,0,0,1,0,0.07,0.15,0.22,0.07,0.22
ESP-La Liga,2324,Real Sociedad,Beñat Turrientes,ESP,MF,21,2002,29,19,1687,18.7,0,1,1,0,0,0,4,0,0.0,0.05,0.05,0.0,0.05
ESP-La Liga,2324,Real Sociedad,Brais Méndez,ESP,"MF,FW",26,1997,32,27,2413,26.8,5,6,11,5,0,0,7,0,0.19,0.22,0.41,0.19,0.41
ESP-La Liga,2324,Real Sociedad,Carlos Fernández,ESP,FW,27,1996,10,5,408,4.5,2,1,3,1,1,1,3,0,0.44,0.22,0.66,0.22,0.44
ESP-La Liga,2324,Real Sociedad,Hamari Traoré,MLI,DF,31,1992,31,27,2292,25.5,0,2,2,0,0,0,7,0,0.0,0.08,0.08,0.0,0.08
ESP-La Liga,2324,Real Sociedad,Igor Zubeldia,ESP,DF,26,1997,30,29,2518,28.0,0,2,2,0,0,0,11,1,0.0,0.07,0.07,0.0,0.07
ESP-La Liga,2324,Real Sociedad,Javi Galán,ESP,DF,28,1994,14,13,1075,11.9,0,1,1,0,0,0,3,0,0.0,0.08,0.08,0.0,0.08
ESP-La Liga,2324,Real Sociedad,Jon Aramburu,VEN,"DF,MF",21,2002,11,5,543,6.0,0,0,0,0,0,0,3,0,0.0,0.0,0.0,0.0,0.0
ESP-La Liga,2324,Real Sociedad,Jon Magunazelaia,ESP,FW,22,2001,5,1,121,1.3,0,0,0,0,0,0,0,0,0.0,0.0,0.0,0.0,0.0
ESP-La Liga,2324,Real Sociedad,Jon Martin,ESP,DF,17,2006,1,0,24,0.3,0,0,0,0,0,0,0,0,0.0,0.0,0.0,0.0,0.0
ESP-La Liga,2324,Real Sociedad,Jon Pacheco,ESP,DF,22,2001,23,16,1526,17.0,1,1,2,1,0,0,8,0,0.06,0.06,0.12,0.06,0.12
ESP-La Liga,2324,Real Sociedad,Kieran Tierney,SCO,DF,26,1997,20,14,1238,13.8,0,2,2,0,0,0,1,0,0.0,0.15,0.15,0.0,0.15
ESP-La Liga,2324,Real Sociedad,Martín Zubimendi,ESP,MF,24,1999,31,29,2654,29.5,4,1,5,4,0,0,5,0,0.14,0.03,0.17,0.14,0.17
ESP-La Liga,2324,Real Sociedad,Mikel Merino,ESP,MF,27,1996,32,27,2482,27.6,5,3,8,5,0,0,10,0,0.18,0.11,0.29,0.18,0.29
ESP-La Liga,2324,Real Sociedad,Mikel Oyarzabal,ESP,"FW,MF",26,1997,33,23,2156,24.0,9,3,12,7,2,2,3,0,0.38,0.13,0.5,0.29,0.42
ESP-La Liga,2324,Real Sociedad,Mohamed Ali Cho,FRA,FW,19,2004,11,1,249,2.8,0,0,0,0,0,0,0,0,0.0,0.0,0.0,0.0,0.0
ESP-La Liga,2324,Real Sociedad,Olasagasti,ESP,MF,22,2000,14,2,360,4.0,0,0,0,0,0,0,3,0,0.0,0.0,0.0,0.0,0.0
ESP-La Liga,2324,Real Sociedad,Robin Le Normand,ESP,DF,26,1996,29,28,2469,27.4,2,0,2,2,0,0,13,0,0.07,0.0,0.07,0.07,0.07
ESP-La Liga,2324,Real Sociedad,Sheraldo Becker,SUR,"FW,MF",28,1995,15,8,771,8.6,2,2,4,2,0,0,1,0,0.23,0.23,0.47,0.23,0.47
ESP-La Liga,2324,Real Sociedad,Takefusa Kubo,JPN,"FW,MF",22,2001,30,24,2150,23.9,7,4,11,7,0,0,1,0,0.29,0.17,0.46,0.29,0.46
ESP-La Liga,2324,Real Sociedad,Umar Sadiq,NGA,FW,26,1997,26,12,1077,12.0,3,1,4,3,0,0,4,0,0.25,0.08,0.33,0.25,0.33
ESP-La Liga,2324,Real Sociedad,Unai Marrero,ESP,GK,21,2001,2,1,142,1.6,0,0,0,0,0,0,0,0,0.0,0.0,0.0,0.0,0.0
ESP-La Liga,2324,Real Sociedad,Urko González,ESP,MF,22,2001,5,2,156,1.7,0,0,0,0,0,0,1,0,0.0,0.0,0.0,0.0,0.0
ESP-La Liga,2324,Real Sociedad,Álex Remiro,ESP,GK,28,1995,37,37,3275,36.4,0,0,0,0,0,0,3,1,0.0,0.0,0.0,0.0,0.0
ESP-La Liga,2324,Real Sociedad,Álvaro Odriozola,ESP,DF,27,1995,9,6,393,4.4,0,0,0,0,0,0,0,0,0.0,0.0,0.0,0.0,0.0
ESP-La Liga,2324,Sevilla,Adnan Januzaj,BEL,"FW,MF",28,1995,8,0,193,2.1,0,0,0,0,0,0,0,0,0.0,0.0,0.0,0.0,0.0
ESP-La Liga,2324,Sevilla,Adrià Pedrosa,ESP,"DF,MF",25,1998,31,15,1753,19.5,1,4,5,1,0,0,1,0,0.05,0.21,0.26,0.05,0.26
ESP-La Liga,2324,Sevilla,Alejo Véliz,ARG,FW,19,2003,6,0,35,0.4,0,0,0,0,0,0,0,0,0.0,0.0,0.0,0.0,0.0
ESP-La Liga,2324,Sevilla,Boubakary Soumaré,FRA,MF,24,1999,28,26,2286,25.4,0,1,1,0,0,0,10,0,0.0,0.04,0.04,0.0,0.04
ESP-La Liga,2324,Sevilla,Diego Iturralde,ESP,DF,20,2003,1,0,37,0.4,0,0,0,0,0,0,0,0,0.0,0.0,0.0,0.0,0.0
ESP-La Liga,2324,Sevilla,Djibril Sow,SUI,MF,26,1997,24,18,1460,16.2,1,1,2,1,0,0,6,0,0.06,0.06,0.12,0.06,0.12
ESP-La Liga,2324,Sevilla,Dodi Lukebakio,BEL,"MF,FW",25,1997,23,12,1125,12.5,5,1,6,5,0,0,0,0,0.4,0.08,0.48,0.4,0.48
ESP-La Liga,2324,Sevilla,Federico Gattoni,ARG,DF,24,1999,2,0,10,0.1,0,0,0,0,0,0,0,0,0.0,0.0,0.0,0.0,0.0
ESP-La Liga,2324,Sevilla,Fernando,BRA,MF,36,1987,8,5,459,5.1,0,0,0,0,0,0,0,0,0.0,0.0,0.0,0.0,0.0
ESP-La Liga,2324,Sevilla,Hannibal Mejbri,TUN,MF,20,2003,6,1,104,1.2,0,0,0,0,0,0,2,0,0.0,0.0,0.0,0.0,0.0
ESP-La Liga,2324,Sevilla,Isaac Romero,ESP,FW,23,2000,14,14,1039,11.5,4,4,8,4,0,0,2,0,0.35,0.35,0.69,0.35,0.69
ESP-La Liga,2324,Sevilla,Ivan Rakitić,CRO,MF,35,1988,18,16,1425,15.8,2,1,3,2,0,0,6,0,0.13,0.06,0.19,0.13,0.19
ESP-La Liga,2324,Sevilla,Jesús Corona,MEX,"DF,FW",30,1993,2,0,17,0.2,0,0,0,0,0,0,0,0,0.0,0.0,0.0,0.0,0.0
ESP-La Liga,2324,Sevilla,Jesús Navas,ESP,"DF,MF",37,1985,29,25,2003,22.3,0,2,2,0,0,0,6,1,0.0,0.09,0.09,0.0,0.09
ESP-La Liga,2324,Sevilla,Joan Jordán,ESP,MF,29,1994,8,4,380,4.2,0,0,0,0,0,0,1,0,0.0,0.0,0.0,0.0,0.0
ESP-La Liga,2324,Sevilla,Juanlu Sánchez,ESP,"DF,MF",19,2003,26,11,1181,13.1,0,2,2,0,0,0,2,0,0.0,0.15,0.15,0.0,0.15
ESP-La Liga,2324,Sevilla,Kike Salas,ESP,DF,21,2002,23,19,1605,17.8,3,0,3,3,0,0,10,0,0.17,0.0,0.17,0.17,0.17
ESP-La Liga,2324,Sevilla,Loïc Bade,FRA,DF,23,2000,28,27,2277,25.3,0,1,1,0,0,0,5,1,0.0,0.04,0.04,0.0,0.04
ESP-La Liga,2324,Sevilla,Lucas Ocampos,ARG,"MF,FW",29,1994,35,34,2871,31.9,4,3,7,3,1,1,8,0,0.13,0.09,0.22,0.09,0.19
ESP-La Liga,2324,Sevilla,Lucien Agoume,FRA,MF,21,2002,12,9,777,8.6,0,0,0,0,0,0,3,0,0.0,0.0,0.0,0.0,0.0
ESP-La Liga,2324,Sevilla,Manu Bueno,ESP,MF,19,2004,4,1,117,1.3,0,0,0,0,0,0,1,0,0.0,0.0,0.0,0.0,0.0
ESP-La Liga,2324,Sevilla,Marcos Acuña,ARG,"DF,MF",31,1991,21,18,1292,14.4,1,2,3,1,0,0,7,0,0.07,0.14,0.21,0.07,0.21
ESP-La Liga,2324,Sevilla,Marcão,BRA,DF,27,1996,7,3,355,3.9,0,0,0,0,0,0,2,0,0.0,0.0,0.0,0.0,0.0
ESP-La Liga,2324,Sevilla,Mariano,DOM,FW,29,1993,9,2,244,2.7,0,0,0,0,0,0,1,0,0.0,0.0,0.0,0.0,0.0
ESP-La Liga,2324,Sevilla,Marko Dmitrović,SRB,GK,31,1992,13,13,1170,13.0,0,0,0,0,0,0,1,0,0.0,0.0,0.0,0.0,0.0
ESP-La Liga,2324,Sevilla,Nemanja Gudelj,SRB,"DF,MF",31,1991,22,20,1742,19.4,1,1,2,1,0,0,7,0,0.05,0.05,0.1,0.05,0.1
ESP-La Liga,2324,Sevilla,Rafa Mir,ESP,FW,26,1997,15,3,391,4.3,2,0,2,2,0,0,1,0,0.46,0.0,0.46,0.46,0.46
ESP-La Liga,2324,Sevilla,Sergio Ramos,ESP,DF,37,1986,28,28,2517,28.0,3,0,3,3,0,0,7,1,0.11,0.0,0.11,0.11,0.11
ESP-La Liga,2324,Sevilla,Suso,ESP,MF,29,1993,29,15,1517,16.9,1,4,5,1,0,0,5,1,0.06,0.24,0.3,0.06,0.3
ESP-La Liga,2324,Sevilla,Tanguy Nianzou,FRA,DF,21,2002,8,3,318,3.5,0,0,0,0,0,0,3,0,0.0,0.0,0.0,0.0,0.0
ESP-La Liga,2324,Sevilla,Yassine Bounou,MAR,GK,32,1991,1,1,90,1.0,0,0,0,0,0,0,0,0,0.0,0.0,0.0,0.0,0.0
ESP-La Liga,2324,Sevilla,Youssef En-Nesyri,MAR,FW,26,1997,33,28,2570,28.6,16,2,18,15,1,1,4,0,0.56,0.07,0.63,0.53,0.6
ESP-La Liga,2324,Sevilla,Érik Lamela,ARG,MF,31,1992,13,5,463,5.1,2,0,2,2,0,0,3,0,0.39,0.0,0.39,0.39,0.39
ESP-La Liga,2324,Sevilla,Óliver Torres,ESP,MF,28,1994,27,18,1616,18.0,0,1,1,0,0,0,3,0,0.0,0.06,0.06,0.0,0.06
ESP-La Liga,2324,Sevilla,Ørjan Nyland,NOR,GK,32,1990,24,24,2160,24.0,0,0,0,0,0,0,1,0,0.0,0.0,0.0,0.0,0.0
ESP-La Liga,2324,Valencia,Alberto Marí,ESP,FW,22,2001,16,2,276,3.1,1,1,2,0,1,1,0,0,0.33,0.33,0.65,0.0,0.33
ESP-La Liga,2324,Valencia,André Almeida,POR,"FW,MF",23,2000,18,12,965,10.7,2,1,3,2,0,0,0,0,0.19,0.09,0.28,0.19,0.28
ESP-La Liga,2324,Valencia,Cenk Özkacar,TUR,DF,22,2000,23,18,1598,17.8,0,0,0,0,0,0,3,0,0.0,0.0,0.0,0.0,0.0
ESP-La Liga,2324,Valencia,Cristhian Mosquera,ESP,DF,19,2004,36,33,3075,34.2,0,0,0,0,0,0,2,0,0.0,0.0,0.0,0.0,0.0
ESP-La Liga,2324,Valencia,Cristian,ESP,GK,25,1998,1,0,57,0.6,0,0,0,0,0,0,0,0,0.0,0.0,0.0,0.0,0.0
ESP-La Liga,2324,Valencia,César Tárrega,ESP,DF,21,2002,1,0,8,0.1,0,0,0,0,0,0,0,0,0.0,0.0,0.0,0.0,0.0
ESP-La Liga,2324,Valencia,Diego López,ESP,"MF,FW",21,2002,36,30,2656,29.5,3,6,9,3,0,0,2,0,0.1,0.2,0.3,0.1,0.3
ESP-La Liga,2324,Valencia,Dimitri Foulquier,FRA,"DF,MF",30,1993,33,19,1842,20.5,0,0,0,0,0,0,3,0,0.0,0.0,0.0,0.0,0.0
ESP-La Liga,2324,Valencia,Francisco Perez,ESP,MF,20,2002,32,27,2049,22.8,1,4,5,1,0,0,4,0,0.04,0.18,0.22,0.04,0.22
ESP-La Liga,2324,Valencia,Gabriel Paulista,BRA,DF,32,1990,18,16,1398,15.5,0,0,0,0,0,0,6,1,0.0,0.0,0.0,0.0,0.0
ESP-La Liga,2324,Valencia,Giorgi Mamardashvili,GEO,GK,22,2000,37,37,3284,36.5,0,0,0,0,0,0,3,1,0.0,0.0,0.0,0.0,0.0
ESP-La Liga,2324,Valencia,Hugo Duro,ESP,FW,23,1999,37,35,2976,33.1,13,2,15,13,0,0,4,0,0.39,0.06,0.45,0.39,0.45
ESP-La Liga,2324,Valencia,Hugo González,ESP,FW,20,2003,9,0,87,1.0,0,1,1,0,0,0,0,0,0.0,1.03,1.03,0.0,1.03
ESP-La Liga,2324,Valencia,Hugo Guillamón,ESP,MF,23,2000,26,12,1315,14.6,1,0,1,1,0,0,7,0,0.07,0.0,0.07,0.07,0.07
ESP-La Liga,2324,Valencia,Jaume Doménech,ESP,GK,32,1990,2,1,79,0.9,0,0,0,0,0,0,0,0,0.0,0.0,0.0,0.0,0.0
ESP-La Liga,2324,Valencia,Javier Guerra,ESP,MF,20,2003,36,28,2498,27.8,4,1,5,4,0,0,3,1,0.14,0.04,0.18,0.14,0.18
ESP-La Liga,2324,Valencia,Jesus Vazquez,ESP,DF,20,2003,20,6,716,8.0,1,0,1,1,0,0,1,0,0.13,0.0,0.13,0.13,0.13
ESP-La Liga,2324,Valencia,José Luis García Vayá,ESP,MF,24,1998,37,37,3302,36.7,7,1,8,0,7,8,4,0,0.19,0.03,0.22,0.0,0.03
ESP-La Liga,2324,Valencia,José Luis Gayà,ESP,DF,28,1995,24,22,1791,19.9,1,2,3,1,0,0,2,0,0.05,0.1,0.15,0.05,0.15
ESP-La Liga,2324,Valencia,Mario Dominguez,ESP,MF,19,2004,3,0,25,0.3,0,0,0,0,0,0,0,0,0.0,0.0,0.0,0.0,0.0
ESP-La Liga,2324,Valencia,Mouctar Diakhaby,GUI,"DF,MF",26,1996,14,12,1073,11.9,1,0,1,1,0,0,6,0,0.08,0.0,0.08,0.08,0.08
ESP-La Liga,2324,Valencia,Pablo Gozalbez,ESP,MF,22,2001,5,1,103,1.1,0,0,0,0,0,0,0,0,0.0,0.0,0.0,0.0,0.0
ESP-La Liga,2324,Valencia,Peter González,DOM,MF,21,2002,15,5,649,7.2,0,0,0,0,0,0,1,0,0.0,0.0,0.0,0.0,0.0
ESP-La Liga,2324,Valencia,Roman Yaremchuk,UKR,FW,27,1995,25,11,928,10.3,3,0,3,3,0,0,2,0,0.29,0.0,0.29,0.29,0.29
ESP-La Liga,2324,Valencia,Ruben Lendinez,ESP,DF,20,2003,1,0,11,0.1,0,0,0,0,0,0,0,0,0.0,0.0,0.0,0.0,0.0
ESP-La Liga,2324,Valencia,Selim Amallah,MAR,"MF,FW",26,1996,20,7,604,6.7,0,1,1,0,0,0,5,1,0.0,0.15,0.15,0.0,0.15
ESP-La Liga,2324,Valencia,Sergi Canós,ESP,MF,26,1997,27,15,1229,13.7,1,2,3,1,0,0,1,0,0.07,0.15,0.22,0.07,0.22
ESP-La Liga,2324,Valencia,Thierry Correia,POR,DF,24,1999,31,25,2154,23.9,0,2,2,0,0,0,4,1,0.0,0.08,0.08,0.0,0.08
ESP-La Liga,2324,Valencia,Yarek Gasiorowski,ESP,DF,18,2005,14,7,735,8.2,0,0,0,0,0,0,1,0,0.0,0.0,0.0,0.0,0.0
ESP-La Liga,2324,Villarreal,Adrià Altimira,ESP,"DF,MF",22,2001,11,10,775,8.6,0,0,0,0,0,0,3,0,0.0,0.0,0.0,0.0,0.0
ESP-La Liga,2324,Villarreal,Alberto Moreno,ESP,DF,31,1992,27,17,1484,16.5,2,2,4,2,0,0,5,2,0.12,0.12,0.24,0.12,0.24
ESP-La Liga,2324,Villarreal,Alexander Sørloth,NOR,FW,27,1995,34,30,2489,27.7,23,6,29,23,0,0,3,0,0.83,0.22,1.05,0.83,1.05
ESP-La Liga,2324,Villarreal,Alfonso Pedraza,ESP,DF,27,1996,19,14,1116,12.4,1,3,4,1,0,0,4,1,0.08,0.24,0.32,0.08,0.32
ESP-La Liga,2324,Villarreal,Aïssa Mandi,ALG,DF,31,1991,16,12,1113,12.4,1,0,1,1,0,0,3,0,0.08,0.0,0.08,0.08,0.08
ESP-La Liga,2324,Villarreal,Ben Brereton,CHI,"MF,FW",24,1999,14,2,270,3.0,0,0,0,0,0,0,2,0,0.0,0.0,0.0,0.0,0.0
ESP-La Liga,2324,Villarreal,Bertrand Traoré,BFA,MF,27,1995,11,6,568,6.3,1,0,1,1,0,0,4,0,0.16,0.0,0.16,0.16,0.16
ESP-La Liga,2324,Villarreal,Carlos Romero,ESP,DF,21,2001,7,2,262,2.9,0,0,0,0,0,0,1,0,0.0,0.0,0.0,0.0,0.0
ESP-La Liga,2324,Villarreal,Daniel Parejo,ESP,MF,34,1989,33,29,2580,28.7,3,5,8,0,3,3,4,0,0.1,0.17,0.28,0.0,0.17
ESP-La Liga,2324,Villarreal,Denis Suárez,ESP,MF,29,1994,4,1,133,1.5,0,0,0,0,0,0,0,0,0.0,0.0,0.0,0.0,0.0
ESP-La Liga,2324,Villarreal,Eric Bailly,CIV,DF,29,1994,10,9,839,9.3,0,0,0,0,0,0,4,0,0.0,0.0,0.0,0.0,0.0
ESP-La Liga,2324,Villarreal,Filip Jørgensen,DEN,GK,21,2002,36,36,3240,36.0,0,0,0,0,0,0,4,0,0.0,0.0,0.0,0.0,0.0
ESP-La Liga,2324,Villarreal,Francis Coquelin,FRA,MF,32,1991,17,10,910,10.1,0,0,0,0,0,0,4,0,0.0,0.0,0.0,0.0,0.0
ESP-La Liga,2324,Villarreal,Gerard Moreno,ESP,FW,31,1992,30,28,2215,24.6,10,6,16,8,2,3,0,0,0.41,0.24,0.65,0.33,0.57
ESP-La Liga,2324,Villarreal,Gonçalo Guedes,POR,"FW,MF",26,1996,17,9,951,10.6,3,2,5,3,0,0,0,0,0.28,0.19,0.47,0.28,0.47
ESP-La Liga,2324,Villarreal,Ilias Akhomach,MAR,MF,19,2004,31,17,1511,16.8,2,2,4,2,0,0,4,0,0.12,0.12,0.24,0.12,0.24
ESP-La Liga,2324,Villarreal,Jorge Cuenca,ESP,DF,23,1999,29,21,1963,21.8,3,1,4,3,0,0,7,0,0.14,0.05,0.18,0.14,0.18
ESP-La Liga,2324,Villarreal,José Luis Morales,ESP,"FW,MF",36,1987,29,8,1048,11.6,7,0,7,7,0,0,0,0,0.6,0.0,0.6,0.6,0.6
ESP-La Liga,2324,Villarreal,Juan Foyth,ARG,DF,25,1998,12,12,1062,11.8,1,1,2,1,0,0,1,0,0.08,0.08,0.17,0.08,0.17
ESP-La Liga,2324,Villarreal,Kiko Femenía,ESP,DF,32,1991,23,16,1583,17.6,0,0,0,0,0,0,8,1,0.0,0.0,0.0,0.0,0.0
ESP-La Liga,2324,Villarreal,Manu Trigueros,ESP,MF,31,1991,14,2,309,3.4,0,0,0,0,0,0,0,0,0.0,0.0,0.0,0.0,0.0
ESP-La Liga,2324,Villarreal,Matteo Gabbia,ITA,DF,23,1999,7,6,477,5.3,0,0,0,0,0,0,2,0,0.0,0.0,0.0,0.0,0.0
ESP-La Liga,2324,Villarreal,Pascu,ESP,FW,20,2003,1,0,14,0.2,0,0,0,0,0,0,0,0,0.0,0.0,0.0,0.0,0.0
ESP-La Liga,2324,Villarreal,Pepe Reina,ESP,GK,40,1982,2,2,180,2.0,0,0,0,0,0,0,2,1,0.0,0.0,0.0,0.0,0.0
ESP-La Liga,2324,Villarreal,Ramón Terrats,ESP,MF,22,2000,19,6,785,8.7,0,2,2,0,0,0,4,0,0.0,0.23,0.23,0.0,0.23
ESP-La Liga,2324,Villarreal,Raúl Albiol,ESP,DF,37,1985,26,24,2031,22.6,0,1,1,0,0,0,6,0,0.0,0.04,0.04,0.0,0.04
ESP-La Liga,2324,Villarreal,Santi Comesaña,ESP,MF,26,1996,27,20,1653,18.4,2,0,2,2,0,0,8,2,0.11,0.0,0.11,0.11,0.11
ESP-La Liga,2324,Villarreal,Stefan Lekovic,SRB,DF,19,2004,1,0,29,0.3,0,0,0,0,0,0,0,0,0.0,0.0,0.0,0.0,0.0
ESP-La Liga,2324,Villarreal,Yerson Mosquera,COL,DF,22,2001,16,14,1229,13.7,2,1,3,2,0,0,4,0,0.15,0.07,0.22,0.15,0.22
ESP-La Liga,2324,Villarreal,Yéremy Pino,ESP,"MF,FW",20,2002,7,7,475,5.3,0,0,0,0,0,0,4,0,0.0,0.0,0.0,0.0,0.0
ESP-La Liga,2324,Villarreal,Álex Baena,ESP,"MF,FW",22,2001,34,33,2579,28.7,2,14,16,2,0,1,11,1,0.07,0.49,0.56,0.07,0.56
ESP-La Liga,2324,Villarreal,Étienne Capoue,FRA,MF,35,1988,32,15,1455,16.2,1,1,2,1,0,0,8,0,0.06,0.06,0.12,0.06,0.12
GER-Bundesliga,2324,Augsburg,Arne Engels,BEL,"MF,DF",19,2003,32,13,1405,15.6,3,2,5,3,0,0,1,1,0.19,0.13,0.32,0.19,0.32
GER-Bundesliga,2324,Augsburg,Arne Maier,GER,"MF,FW",24,1999,22,10,1003,11.1,2,4,6,2,0,0,0,0,0.18,0.36,0.54,0.18,0.54
GER-Bundesliga,2324,Augsburg,Dion Drena Beljo,CRO,"FW,MF",21,2002,26,3,581,6.5,2,0,2,2,0,0,2,0,0.31,0.0,0.31,0.31,0.31
GER-Bundesliga,2324,Augsburg,Elvis Rexhbeçaj,KVX,MF,25,1997,25,24,1985,22.1,2,0,2,1,1,1,4,0,0.09,0.0,0.09,0.05,0.05
GER-Bundesliga,2324,Augsburg,Ermedin Demirović,BIH,"FW,MF",25,1998,33,33,2873,31.9,15,9,24,12,3,4,7,0,0.47,0.28,0.75,0.38,0.66
GER-Bundesliga,2324,Augsburg,Finn Dahmen,GER,GK,25,1998,31,31,2790,31.0,0,0,0,0,0,0,4,0,0.0,0.0,0.0,0.0,0.0
GER-Bundesliga,2324,Augsburg,Fredrik Jensen,FIN,MF,25,1997,22,18,1338,14.9,2,4,6,2,0,0,1,0,0.13,0.27,0.4,0.13,0.4
GER-Bundesliga,2324,Augsburg,Iago,BRA,"DF,MF",26,1997,23,18,1622,18.0,1,1,2,1,0,0,4,0,0.06,0.06,0.11,0.06,0.11
GER-Bundesliga,2324,Augsburg,Irvin Cardona,MLT,"FW,MF",25,1997,3,0,54,0.6,0,0,0,0,0,0,1,0,0.0,0.0,0.0,0.0,0.0
GER-Bundesliga,2324,Augsburg,Jeffrey Gouweleeuw,NED,DF,32,1991,30,29,2593,28.8,1,0,1,1,0,0,7,0,0.03,0.0,0.03,0.03,0.03
GER-Bundesliga,2324,Augsburg,Kevin Mbabu,SUI,"DF,MF",28,1995,25,22,2047,22.7,0,2,2,0,0,0,5,0,0.0,0.09,0.09,0.0,0.09
GER-Bundesliga,2324,Augsburg,Kristijan Jakić,CRO,MF,26,1997,14,13,1051,11.7,2,1,3,2,0,0,4,0,0.17,0.09,0.26,0.17,0.26
GER-Bundesliga,2324,Augsburg,Mads Pedersen,DEN,"DF,MF",26,1996,27,19,1786,19.8,1,1,2,1,0,0,5,1,0.05,0.05,0.1,0.05,0.1
GER-Bundesliga,2324,Augsburg,Mahmut Kücüksahin,,DF,19,2004,1,0,1,0.0,0,0,0,0,0,0,0,0,0.0,0.0,0.0,0.0,0.0
GER-Bundesliga,2324,Augsburg,Masaya Okugawa,JPN,"FW,MF",27,1996,2,0,32,0.4,0,0,0,0,0,0,0,0,0.0,0.0,0.0,0.0,0.0
GER-Bundesliga,2324,Augsburg,Maximilian Bauer,GER,DF,23,2000,14,9,810,9.0,1,0,1,1,0,0,3,0,0.11,0.0,0.11,0.11,0.11
GER-Bundesliga,2324,Augsburg,Mergim Berisha,GER,FW,25,1998,2,2,122,1.4,0,0,0,0,0,0,0,0,0.0,0.0,0.0,0.0,0.0
GER-Bundesliga,2324,Augsburg,Mert Kömür,GER,FW,18,2005,4,1,118,1.3,1,0,1,1,0,0,0,0,0.76,0.0,0.76,0.76,0.76
GER-Bundesliga,2324,Augsburg,Nathanaël Mbuku,COD,"FW,MF",21,2002,1,0,5,0.1,0,0,0,0,0,0,0,0,0.0,0.0,0.0,0.0,0.0
GER-Bundesliga,2324,Augsburg,Niklas Dorsch,GER,MF,25,1998,21,16,1386,15.4,0,0,0,0,0,0,5,0,0.0,0.0,0.0,0.0,0.0
GER-Bundesliga,2324,Augsburg,Ohis Felix Uduokhai,GER,DF,25,1997,33,33,2921,32.5,2,0,2,2,0,0,5,1,0.06,0.0,0.06,0.06,0.06
GER-Bundesliga,2324,Augsburg,Patric Pfeiffer,GHA,DF,23,1999,11,4,511,5.7,0,1,1,0,0,0,0,0,0.0,0.18,0.18,0.0,0.18
GER-Bundesliga,2324,Augsburg,Pep Biel,ESP,"FW,MF",26,1996,11,0,285,3.2,0,0,0,0,0,0,1,0,0.0,0.0,0.0,0.0,0.0
GER-Bundesliga,2324,Augsburg,Phillip Tietz,GER,FW,26,1997,34,31,2382,26.5,8,4,12,8,0,0,1,0,0.3,0.15,0.45,0.3,0.45
GER-Bundesliga,2324,Augsburg,Robert Gumny,POL,"DF,MF",25,1998,13,6,481,5.3,0,0,0,0,0,0,3,0,0.0,0.0,0.0,0.0,0.0
GER-Bundesliga,2324,Augsburg,Ruben Vargas,SUI,"MF,FW",24,1998,31,25,1962,21.8,4,5,9,4,0,0,3,0,0.18,0.23,0.41,0.18,0.41
GER-Bundesliga,2324,Augsburg,Sven Michel,GER,"FW,MF",33,1990,22,5,583,6.5,2,1,3,1,1,2,2,0,0.31,0.15,0.46,0.15,0.31
GER-Bundesliga,2324,Augsburg,Tim Breithaupt,GER,MF,21,2002,16,6,629,7.0,0,0,0,0,0,0,3,0,0.0,0.0,0.0,0.0,0.0
GER-Bundesliga,2324,Augsburg,Tomáš Koubek,CZE,GK,30,1992,3,3,270,3.0,0,0,0,0,0,0,0,0,0.0,0.0,0.0,0.0,0.0
GER-Bundesliga,2324,Bayern Munich,Aleksandar Pavlovic,GER,MF,19,2004,19,14,1227,13.6,2,2,4,2,0,0,6,0,0.15,0.15,0.29,0.15,0.29
GER-Bundesliga,2324,Bayern Munich,Alphonso Davies,CAN,DF,22,2000,29,24,2065,22.9,2,5,7,2,0,0,0,0,0.09,0.22,0.31,0.09,0.31
GER-Bundesliga,2324,Bayern Munich,Bouna Sarr,SEN,DF,31,1992,2,1,106,1.2,0,0,0,0,0,0,0,0,0.0,0.0,0.0,0.0,0.0
GER-Bundesliga,2324,Bayern Munich,Bryan Zaragoza,ESP,MF,21,2001,7,1,183,2.0,0,0,0,0,0,0,1,0,0.0,0.0,0.0,0.0,0.0
GER-Bundesliga,2324,Bayern Munich,Daniel Peretz,ISR,GK,23,2000,1,0,17,0.2,0,0,0,0,0,0,0,0,0.0,0.0,0.0,0.0,0.0
GER-Bundesliga,2324,Bayern Munich,Dayot Upamecano,FRA,DF,24,1998,25,19,1762,19.6,1,0,1,1,0,0,3,1,0.05,0.0,0.05,0.05,0.05
GER-Bundesliga,2324,Bayern Munich,Eric Dier,ENG,DF,29,1994,15,13,1166,13.0,0,0,0,0,0,0,1,0,0.0,0.0,0.0,0.0,0.0
GER-Bundesliga,2324,Bayern Munich,Eric Maxim Choupo-Moting,CMR,MF,34,1989,27,7,717,8.0,2,2,4,2,0,0,1,0,0.25,0.25,0.5,0.25,0.5
GER-Bundesliga,2324,Bayern Munich,Frans Krätzig,GER,"DF,MF",20,2003,4,0,56,0.6,0,0,0,0,0,0,0,0,0.0,0.0,0.0,0.0,0.0
GER-Bundesliga,2324,Bayern Munich,Harry Kane,ENG,FW,30,1993,32,32,2839,31.5,36,8,44,31,5,5,2,0,1.14,0.25,1.39,0.98,1.24
GER-Bundesliga,2324,Bayern Munich,Jamal Musiala,GER,MF,20,2003,24,20,1755,19.5,10,5,15,10,0,0,2,0,0.51,0.26,0.77,0.51,0.77
GER-Bundesliga,2324,Bayern Munich,Jonathan Asp Jensen,DEN,FW,17,2006,1,0,1,0.0,0,0,0,0,0,0,0,0,0.0,0.0,0.0,0.0,0.0
GER-Bundesliga,2324,Bayern Munich,Joshua Kimmich,GER,"MF,DF",28,1995,28,27,2176,24.2,1,6,7,1,0,0,1,1,0.04,0.25,0.29,0.04,0.29
GER-Bundesliga,2324,Bayern Munich,Kim Min-jae,KOR,DF,26,1996,25,22,1970,21.9,1,1,2,1,0,0,3,0,0.05,0.05,0.09,0.05,0.09
GER-Bundesliga,2324,Bayern Munich,Kingsley Coman,FRA,MF,27,1996,17,15,1113,12.4,3,3,6,3,0,0,1,0,0.24,0.24,0.49,0.24,0.49
GER-Bundesliga,2324,Bayern Munich,Konrad Laimer,AUT,"MF,DF",26,1997,29,18,1772,19.7,0,3,3,0,0,0,3,0,0.0,0.15,0.15,0.0,0.15
GER-Bundesliga,2324,Bayern Munich,Leon Goretzka,GER,MF,28,1995,30,25,2241,24.9,6,7,13,6,0,0,3,0,0.24,0.28,0.52,0.24,0.52
GER-Bundesliga,2324,Bayern Munich,Leroy Sané,GER,MF,27,1996,27,25,2137,23.7,8,11,19,8,0,0,4,0,0.34,0.46,0.8,0.34,0.8
GER-Bundesliga,2324,Bayern Munich,Lovro Zvonarek,CRO,MF,18,2005,5,1,163,1.8,1,0,1,1,0,0,0,0,0.55,0.0,0.55,0.55,0.55
GER-Bundesliga,2324,Bayern Munich,Manuel Neuer,GER,GK,37,1986,23,23,2053,22.8,0,0,0,0,0,0,1,0,0.0,0.0,0.0,0.0,0.0
GER-Bundesliga,2324,Bayern Munich,Mathys Tel,FRA,"MF,FW",18,2005,30,6,1050,11.7,7,5,12,7,0,0,2,0,0.6,0.43,1.03,0.6,1.03
GER-Bundesliga,2324,Bayern Munich,Matteo Perez Vinlöf,SWE,DF,17,2005,1,0,16,0.2,0,0,0,0,0,0,0,0,0.0,0.0,0.0,0.0,0.0
GER-Bundesliga,2324,Bayern Munich,Matthijs de Ligt,NED,DF,23,1999,22,16,1390,15.4,2,0,2,2,0,0,5,0,0.13,0.0,0.13,0.13,0.13
GER-Bundesliga,2324,Bayern Munich,Noussair Mazraoui,MAR,DF,25,1997,19,15,1197,13.3,0,3,3,0,0,0,3,0,0.0,0.23,0.23,0.0,0.23
GER-Bundesliga,2324,Bayern Munich,Raphaël Guerreiro,POR,"MF,DF",29,1993,20,13,1191,13.2,3,0,3,3,0,0,2,0,0.23,0.0,0.23,0.23,0.23
GER-Bundesliga,2324,Bayern Munich,Ryan Gravenberch,NED,MF,21,2002,1,0,10,0.1,0,0,0,0,0,0,1,0,0.0,0.0,0.0,0.0,0.0
GER-Bundesliga,2324,Bayern Munich,Sacha Boey,FRA,MF,22,2000,2,1,109,1.2,0,0,0,0,0,0,1,0,0.0,0.0,0.0,0.0,0.0
GER-Bundesliga,2324,Bayern Munich,Serge Gnabry,GER,MF,28,1995,10,5,432,4.8,3,1,4,3,0,0,0,0,0.62,0.21,0.83,0.62,0.83
GER-Bundesliga,2324,Bayern Munich,Sven Ulreich,GER,GK,34,1988,11,11,990,11.0,0,0,0,0,0,0,1,0,0.0,0.0,0.0,0.0,0.0
GER-Bundesliga,2324,Bayern Munich,Thomas Müller,GER,MF,33,1989,31,20,1654,18.4,5,9,14,5,0,0,0,0,0.27,0.49,0.76,0.27,0.76
GER-Bundesliga,2324,Bochum,Andreas Luthe,GER,GK,36,1987,1,1,90,1.0,0,0,0,0,0,0,0,0,0.0,0.0,0.0,0.0,0.0
GER-Bundesliga,2324,Bochum,Anthony Losilla,FRA,MF,37,1986,31,31,2576,28.6,1,2,3,1,0,0,10,0,0.03,0.07,0.1,0.03,0.1
GER-Bundesliga,2324,Bochum,Bernardo,BRA,DF,28,1995,33,33,2924,32.5,1,0,1,1,0,0,9,0,0.03,0.0,0.03,0.03,0.03
GER-Bundesliga,2324,Bochum,Christopher Antwi-Adjei,GHA,"FW,MF",29,1994,25,11,1216,13.5,2,2,4,2,0,0,5,0,0.15,0.15,0.3,0.15,0.3
GER-Bundesliga,2324,Bochum,Cristian Gamboa,CRC,"DF,MF",33,1989,22,12,1187,13.2,0,1,1,0,0,0,6,0,0.0,0.08,0.08,0.0,0.08
GER-Bundesliga,2324,Bochum,Danilo Soares,BRA,MF,31,1991,5,3,351,3.9,0,0,0,0,0,0,0,0,0.0,0.0,0.0,0.0,0.0
GER-Bundesliga,2324,Bochum,Erhan Mašović,SRB,"DF,MF",24,1998,29,24,2219,24.7,0,0,0,0,0,0,7,0,0.0,0.0,0.0,0.0,0.0
GER-Bundesliga,2324,Bochum,Felix Passlack,GER,"DF,MF",25,1998,15,13,960,10.7,2,2,4,2,0,0,2,1,0.19,0.19,0.37,0.19,0.37
GER-Bundesliga,2324,Bochum,Gonçalo Paciência,POR,FW,28,1994,19,6,650,7.2,3,1,4,3,0,0,3,0,0.42,0.14,0.55,0.42,0.55
GER-Bundesliga,2324,Bochum,Ivan Ordets,UKR,DF,31,1992,24,21,1880,20.9,1,0,1,1,0,0,4,0,0.05,0.0,0.05,0.05,0.05
GER-Bundesliga,2324,Bochum,Keven Schlotterbeck,GER,DF,26,1997,27,24,2185,24.3,5,1,6,5,0,0,9,0,0.21,0.04,0.25,0.21,0.25
GER-Bundesliga,2324,Bochum,Kevin Stöger,AUT,MF,29,1993,32,32,2668,29.6,7,10,17,3,4,4,8,0,0.24,0.34,0.57,0.1,0.44
GER-Bundesliga,2324,Bochum,Lukas Daschner,GER,"FW,MF",24,1998,20,3,536,6.0,1,1,2,1,0,0,2,0,0.17,0.17,0.34,0.17,0.34
GER-Bundesliga,2324,Bochum,Manuel Riemann,GER,GK,34,1988,33,33,2970,33.0,0,0,0,0,0,0,5,0,0.0,0.0,0.0,0.0,0.0
GER-Bundesliga,2324,Bochum,Matúš Bero,SVK,"MF,FW",27,1995,24,20,1661,18.5,1,1,2,1,0,0,6,0,0.05,0.05,0.11,0.05,0.11
GER-Bundesliga,2324,Bochum,Maximilian Wittek,GER,"MF,DF",27,1995,21,13,1070,11.9,3,1,4,3,0,0,4,0,0.25,0.08,0.34,0.25,0.34
GER-Bundesliga,2324,Bochum,Moritz Broschinski,GER,"FW,MF",22,2000,26,14,1247,13.9,2,3,5,2,0,0,4,0,0.14,0.22,0.36,0.14,0.36
GER-Bundesliga,2324,Bochum,Moritz-Broni Kwarteng,GHA,"MF,FW",25,1998,11,2,281,3.1,0,1,1,0,0,0,1,1,0.0,0.32,0.32,0.0,0.32
GER-Bundesliga,2324,Bochum,Noah Loosli,SUI,DF,26,1997,10,2,346,3.8,0,0,0,0,0,0,1,0,0.0,0.0,0.0,0.0,0.0
GER-Bundesliga,2324,Bochum,Patrick Osterhage,GER,MF,23,2000,24,21,1861,20.7,2,1,3,2,0,0,5,0,0.1,0.05,0.15,0.1,0.15
GER-Bundesliga,2324,Bochum,Philipp Förster,GER,MF,28,1995,13,3,385,4.3,0,0,0,0,0,0,1,0,0.0,0.0,0.0,0.0,0.0
GER-Bundesliga,2324,Bochum,Philipp Hofmann,GER,FW,30,1993,29,18,1571,17.5,4,2,6,4,0,0,1,0,0.23,0.11,0.34,0.23,0.34
GER-Bundesliga,2324,Bochum,Simon Zoller,GER,"FW,MF",32,1991,1,0,45,0.5,0,0,0,0,0,0,0,0,0.0,0.0,0.0,0.0,0.0
GER-Bundesliga,2324,Bochum,Takuma Asano,JPN,"FW,MF",28,1994,29,26,1986,22.1,6,1,7,6,0,0,2,0,0.27,0.05,0.32,0.27,0.32
GER-Bundesliga,2324,Bochum,Tim Oermann,GER,DF,19,2003,16,8,714,7.9,0,0,0,0,0,0,2,0,0.0,0.0,0.0,0.0,0.0
GER-Bundesliga,2324,Darmstadt 98,Aaron Seydel,GER,FW,27,1996,16,5,619,6.9,1,0,1,1,0,0,1,0,0.15,0.0,0.15,0.15,0.15
GER-Bundesliga,2324,Darmstadt 98,Alexander Brunst,GER,GK,28,1995,3,3,270,3.0,0,0,0,0,0,0,2,0,0.0,0.0,0.0,0.0,0.0
GER-Bundesliga,2324,Darmstadt 98,Andreas Müller,GER,MF,23,2000,11,2,349,3.9,0,0,0,0,0,0,3,0,0.0,0.0,0.0,0.0,0.0
GER-Bundesliga,2324,Darmstadt 98,Asaf Arania,ISR,FW,17,2005,1,0,6,0.1,0,0,0,0,0,0,0,0,0.0,0.0,0.0,0.0,0.0
GER-Bundesliga,2324,Darmstadt 98,Bartol Franjić,CRO,MF,23,2000,20,14,1229,13.7,0,1,1,0,0,0,5,0,0.0,0.07,0.07,0.0,0.07
GER-Bundesliga,2324,Darmstadt 98,Braydon Manu,GHA,MF,26,1997,4,3,171,1.9,0,0,0,0,0,0,1,0,0.0,0.0,0.0,0.0,0.0
GER-Bundesliga,2324,Darmstadt 98,Christoph Klarer,AUT,DF,23,2000,30,28,2354,26.2,2,2,4,2,0,0,9,0,0.08,0.08,0.15,0.08,0.15
GER-Bundesliga,2324,Darmstadt 98,Christoph Zimmermann,GER,DF,30,1993,19,12,1220,13.6,0,0,0,0,0,0,5,0,0.0,0.0,0.0,0.0,0.0
GER-Bundesliga,2324,Darmstadt 98,Clemens Riedel,GER,"DF,MF",20,2003,14,9,755,8.4,0,0,0,0,0,0,2,0,0.0,0.0,0.0,0.0,0.0
GER-Bundesliga,2324,Darmstadt 98,Emir Karic,BIH,"MF,DF",26,1997,27,18,1783,19.8,0,0,0,0,0,0,4,0,0.0,0.0,0.0,0.0,0.0
GER-Bundesliga,2324,Darmstadt 98,Fabian Holland,GER,"MF,DF",33,1990,23,23,1835,20.4,0,2,2,0,0,0,4,1,0.0,0.1,0.1,0.0,0.1
GER-Bundesliga,2324,Darmstadt 98,Fabian Nürnberger,BUL,MF,24,1999,21,17,1513,16.8,1,1,2,1,0,0,2,0,0.06,0.06,0.12,0.06,0.12
GER-Bundesliga,2324,Darmstadt 98,Fabian Schnellhardt,GER,MF,29,1994,10,2,235,2.6,0,0,0,0,0,0,1,0,0.0,0.0,0.0,0.0,0.0
GER-Bundesliga,2324,Darmstadt 98,Fabio Torsiello,ITA,FW,18,2005,10,1,156,1.7,0,0,0,0,0,0,0,0,0.0,0.0,0.0,0.0,0.0
GER-Bundesliga,2324,Darmstadt 98,Filip Stojilković,SUI,FW,23,2000,6,0,154,1.7,0,0,0,0,0,0,1,0,0.0,0.0,0.0,0.0,0.0
GER-Bundesliga,2324,Darmstadt 98,Frank Ronstadt,GER,"DF,MF",26,1997,4,0,76,0.8,0,0,0,0,0,0,0,0,0.0,0.0,0.0,0.0,0.0
GER-Bundesliga,2324,Darmstadt 98,Fraser Hornby,SCO,FW,23,1999,7,1,217,2.4,0,0,0,0,0,0,1,0,0.0,0.0,0.0,0.0,0.0
GER-Bundesliga,2324,Darmstadt 98,Gerrit Holtmann,PHI,MF,28,1995,10,2,392,4.4,0,0,0,0,0,0,1,0,0.0,0.0,0.0,0.0,0.0
GER-Bundesliga,2324,Darmstadt 98,Jannik Müller,GER,DF,29,1994,16,12,1134,12.6,0,0,0,0,0,0,5,0,0.0,0.0,0.0,0.0,0.0
GER-Bundesliga,2324,Darmstadt 98,Julian Justvan,GER,MF,25,1998,14,11,1023,11.4,2,2,4,2,0,0,1,0,0.18,0.18,0.35,0.18,0.35
GER-Bundesliga,2324,Darmstadt 98,Klaus Gjasula,ALB,"DF,MF",33,1989,22,17,1363,15.1,0,0,0,0,0,0,7,1,0.0,0.0,0.0,0.0,0.0
GER-Bundesliga,2324,Darmstadt 98,Luca Pfeiffer,GER,"FW,MF",26,1996,24,20,1619,18.0,1,4,5,1,0,0,3,0,0.06,0.22,0.28,0.06,0.28
GER-Bundesliga,2324,Darmstadt 98,Marcel Schuhen,GER,GK,30,1993,31,31,2790,31.0,0,0,0,0,0,0,2,0,0.0,0.0,0.0,0.0,0.0
GER-Bundesliga,2324,Darmstadt 98,Marvin Mehlem,GER,MF,25,1997,20,19,1482,16.5,3,2,5,3,0,0,3,0,0.18,0.12,0.3,0.18,0.3
GER-Bundesliga,2324,Darmstadt 98,Matej Maglica,CRO,DF,24,1998,26,21,1698,18.9,1,0,1,1,0,0,7,2,0.05,0.0,0.05,0.05,0.05
GER-Bundesliga,2324,Darmstadt 98,Mathias Honsak,AUT,"MF,FW",26,1996,23,10,1021,11.3,1,1,2,1,0,0,1,0,0.09,0.09,0.18,0.09,0.18
GER-Bundesliga,2324,Darmstadt 98,Matthias Bader,GER,"MF,DF",26,1997,24,21,1802,20.0,1,2,3,1,0,0,1,0,0.05,0.1,0.15,0.05,0.15
GER-Bundesliga,2324,Darmstadt 98,Oscar Vilhelmsson,SWE,FW,19,2003,26,16,1374,15.3,4,1,5,4,0,0,2,0,0.26,0.07,0.33,0.26,0.33
GER-Bundesliga,2324,Darmstadt 98,Sebastian Polter,GER,FW,32,1991,9,4,446,5.0,0,1,1,0,0,0,0,0,0.0,0.2,0.2,0.0,0.2
GER-Bundesliga,2324,Darmstadt 98,Thomas Isherwood,SWE,DF,25,1998,12,8,636,7.1,0,0,0,0,0,0,1,0,0.0,0.0,0.0,0.0,0.0
GER-Bundesliga,2324,Darmstadt 98,Tim Skarke,GER,"FW,MF",26,1996,30,29,2404,26.7,8,0,8,8,0,0,7,0,0.3,0.0,0.3,0.3,0.3
GER-Bundesliga,2324,Darmstadt 98,Tobias Kempe,GER,MF,34,1989,24,15,1350,15.0,3,2,5,0,3,3,1,0,0.2,0.13,0.33,0.0,0.13
GER-Bundesliga,2324,Dortmund,Alexander Meyer,GER,GK,32,1991,8,7,695,7.7,0,0,0,0,0,0,0,0,0.0,0.0,0.0,0.0,0.0
GER-Bundesliga,2324,Dortmund,Antonios Papadopoulos,GER,DF,23,1999,2,1,117,1.3,0,0,0,0,0,0,0,0,0.0,0.0,0.0,0.0,0.0
GER-Bundesliga,2324,Dortmund,Donyell Malen,NED,"MF,FW",24,1999,27,21,1781,19.8,13,1,14,13,0,0,5,0,0.66,0.05,0.71,0.66,0.71
GER-Bundesliga,2324,Dortmund,Emre Can,GER,MF,29,1994,25,22,1953,21.7,2,2,4,0,2,2,5,0,0.09,0.09,0.18,0.0,0.09
GER-Bundesliga,2324,Dortmund,Felix Nmecha,GER,MF,22,2000,20,10,1021,11.3,1,2,3,1,0,0,3,0,0.09,0.18,0.26,0.09,0.26
GER-Bundesliga,2324,Dortmund,Gio Reyna,USA,MF,20,2002,11,1,280,3.1,0,0,0,0,0,0,1,0,0.0,0.0,0.0,0.0,0.0
GER-Bundesliga,2324,Dortmund,Gregor Kobel,SUI,GK,25,1997,27,27,2365,26.3,0,0,0,0,0,0,1,0,0.0,0.0,0.0,0.0,0.0
GER-Bundesliga,2324,Dortmund,Hendry Blank,GER,DF,18,2004,1,0,45,0.5,0,0,0,0,0,0,0,0,0.0,0.0,0.0,0.0,0.0
GER-Bundesliga,2324,Dortmund,Ian Maatsen,NED,DF,21,2002,16,15,1264,14.0,2,2,4,2,0,0,5,0,0.14,0.14,0.28,0.14,0.28
GER-Bundesliga,2324,Dortmund,Jadon Sancho,ENG,"MF,FW",23,2000,14,11,947,10.5,2,2,4,2,0,0,1,0,0.19,0.19,0.38,0.19,0.38
GER-Bundesliga,2324,Dortmund,Jamie Gittens,ENG,"MF,FW",18,2004,25,14,1058,11.8,1,4,5,1,0,0,1,0,0.09,0.34,0.43,0.09,0.43
GER-Bundesliga,2324,Dortmund,Julian Brandt,GER,MF,27,1996,32,26,2223,24.7,7,11,18,7,0,0,2,0,0.28,0.45,0.73,0.28,0.73
GER-Bundesliga,2324,Dortmund,Julian Ryerson,NOR,DF,25,1997,21,20,1767,19.6,4,1,5,4,0,0,3,0,0.2,0.05,0.25,0.2,0.25
GER-Bundesliga,2324,Dortmund,Julien Duranville,BEL,FW,17,2006,2,0,12,0.1,0,0,0,0,0,0,0,0,0.0,0.0,0.0,0.0,0.0
GER-Bundesliga,2324,Dortmund,Karim Adeyemi,GER,"FW,MF",21,2002,21,10,913,10.1,3,1,4,3,0,0,6,1,0.3,0.1,0.39,0.3,0.39
GER-Bundesliga,2324,Dortmund,Kjell-Arik Wätjen,GER,MF,17,2006,2,1,105,1.2,0,1,1,0,0,0,0,0,0.0,0.86,0.86,0.0,0.86
GER-Bundesliga,2324,Dortmund,Marcel Sabitzer,AUT,MF,29,1994,25,23,1961,21.8,4,3,7,3,1,1,3,1,0.18,0.14,0.32,0.14,0.28
GER-Bundesliga,2324,Dortmund,Marco Reus,GER,MF,34,1989,26,18,1601,17.8,6,8,14,6,0,0,2,0,0.34,0.45,0.79,0.34,0.79
GER-Bundesliga,2324,Dortmund,Marius Wolf,GER,DF,28,1995,22,12,1166,13.0,0,1,1,0,0,0,2,0,0.0,0.08,0.08,0.0,0.08
GER-Bundesliga,2324,Dortmund,Mateu Morey,ESP,DF,23,2000,3,2,110,1.2,0,0,0,0,0,0,0,0,0.0,0.0,0.0,0.0,0.0
GER-Bundesliga,2324,Dortmund,Mats Hummels,GER,DF,34,1988,25,20,1581,17.6,3,0,3,3,0,0,4,1,0.17,0.0,0.17,0.17,0.17
GER-Bundesliga,2324,Dortmund,Niclas Füllkrug,GER,FW,30,1993,29,27,2212,24.6,12,8,20,9,3,3,1,0,0.49,0.33,0.81,0.37,0.69
GER-Bundesliga,2324,Dortmund,Nico Schlotterbeck,GER,DF,23,1999,33,32,2859,31.8,2,1,3,2,0,0,4,0,0.06,0.03,0.09,0.06,0.09
GER-Bundesliga,2324,Dortmund,Niklas Süle,GER,DF,27,1995,23,14,1514,16.8,1,0,1,1,0,0,0,0,0.06,0.0,0.06,0.06,0.06
GER-Bundesliga,2324,Dortmund,Ole Pohlmann,GER,"FW,MF",22,2001,2,0,54,0.6,0,0,0,0,0,0,0,0,0.0,0.0,0.0,0.0,0.0
GER-Bundesliga,2324,Dortmund,Ramy Bensebaini,ALG,DF,28,1995,17,11,1033,11.5,0,0,0,0,0,0,4,1,0.0,0.0,0.0,0.0,0.0
GER-Bundesliga,2324,Dortmund,Salih Özcan,TUR,MF,25,1998,23,13,1184,13.2,0,0,0,0,0,0,3,0,0.0,0.0,0.0,0.0,0.0
GER-Bundesliga,2324,Dortmund,Samuel Bamba,GER,FW,19,2004,2,0,47,0.5,0,0,0,0,0,0,0,0,0.0,0.0,0.0,0.0,0.0
GER-Bundesliga,2324,Dortmund,Sébastien Haller,CIV,FW,29,1994,14,5,396,4.4,0,1,1,0,0,0,2,0,0.0,0.23,0.23,0.0,0.23
GER-Bundesliga,2324,Dortmund,Thomas Meunier,BEL,DF,31,1991,8,7,586,6.5,0,0,0,0,0,0,0,0,0.0,0.0,0.0,0.0,0.0
GER-Bundesliga,2324,Dortmund,Thorgan Hazard,BEL,"FW,MF",30,1993,1,0,7,0.1,0,0,0,0,0,0,0,0,0.0,0.0,0.0,0.0,0.0
GER-Bundesliga,2324,Dortmund,Youssoufa Moukoko,GER,FW,18,2004,20,4,625,6.9,5,0,5,5,0,0,1,0,0.72,0.0,0.72,0.72,0.72
GER-Bundesliga,2324,Frankfurt,Ansgar Knauff,GER,"MF,FW",21,2002,31,24,2109,23.4,7,2,9,7,0,0,7,1,0.3,0.09,0.38,0.3,0.38
GER-Bundesliga,2324,Frankfurt,Aurélio Buta,POR,"MF,DF",26,1997,30,20,1744,19.4,1,1,2,1,0,0,5,0,0.05,0.05,0.1,0.05,0.1
GER-Bundesliga,2324,Frankfurt,Christopher Lenz,GER,"DF,MF",28,1994,1,0,10,0.1,0,0,0,0,0,0,0,0,0.0,0.0,0.0,0.0,0.0
GER-Bundesliga,2324,Frankfurt,Donny van de Beek,NED,"MF,FW",26,1997,8,4,357,4.0,0,0,0,0,0,0,1,0,0.0,0.0,0.0,0.0,0.0
GER-Bundesliga,2324,Frankfurt,Elias Baum,GER,DF,17,2005,4,0,28,0.3,0,0,0,0,0,0,0,0,0.0,0.0,0.0,0.0,0.0
GER-Bundesliga,2324,Frankfurt,Ellyes Skhiri,TUN,MF,28,1995,27,24,2168,24.1,2,2,4,2,0,0,1,0,0.08,0.08,0.17,0.08,0.17
GER-Bundesliga,2324,Frankfurt,Fares Chaïbi,ALG,"MF,FW",20,2002,28,21,1912,21.2,2,4,6,2,0,0,2,0,0.09,0.19,0.28,0.09,0.28
GER-Bundesliga,2324,Frankfurt,Hrvoje Smolčić,CRO,DF,22,2000,11,3,347,3.9,1,0,1,1,0,0,0,0,0.26,0.0,0.26,0.26,0.26
GER-Bundesliga,2324,Frankfurt,Hugo Ekitike,FRA,FW,21,2002,14,7,716,8.0,4,2,6,4,0,0,3,0,0.5,0.25,0.75,0.5,0.75
GER-Bundesliga,2324,Frankfurt,Hugo Larsson,SWE,MF,19,2004,29,21,1886,21.0,2,1,3,2,0,0,1,0,0.1,0.05,0.14,0.1,0.14
GER-Bundesliga,2324,Frankfurt,Jean Mattéo Bahoya,FRA,MF,18,2005,8,1,177,2.0,0,0,0,0,0,0,0,0,0.0,0.0,0.0,0.0,0.0
GER-Bundesliga,2324,Frankfurt,Jens Grahl,GER,GK,34,1988,2,2,180,2.0,0,1,1,0,0,0,0,0,0.0,0.5,0.5,0.0,0.5
GER-Bundesliga,2324,Frankfurt,Jens Petter Hauge,NOR,"DF,FW",23,1999,10,0,147,1.6,0,0,0,0,0,0,0,0,0.0,0.0,0.0,0.0,0.0
GER-Bundesliga,2324,Frankfurt,Jesper Lindstrøm,DEN,FW,23,2000,1,1,83,0.9,0,0,0,0,0,0,0,0,0.0,0.0,0.0,0.0,0.0
GER-Bundesliga,2324,Frankfurt,Jessic Ngankam,GER,FW,23,2000,15,2,280,3.1,0,0,0,0,0,1,2,0,0.0,0.0,0.0,0.0,0.0
GER-Bundesliga,2324,Frankfurt,Junior Dina Ebimbe,CMR,MF,22,2000,31,25,1956,21.7,5,3,8,5,0,0,5,0,0.23,0.14,0.37,0.23,0.37
GER-Bundesliga,2324,Frankfurt,Kevin Trapp,GER,GK,33,1990,32,32,2880,32.0,0,0,0,0,0,0,2,0,0.0,0.0,0.0,0.0,0.0
GER-Bundesliga,2324,Frankfurt,Kristijan Jakić,CRO,MF,26,1997,4,1,200,2.2,0,0,0,0,0,0,1,0,0.0,0.0,0.0,0.0,0.0
GER-Bundesliga,2324,Frankfurt,Makoto Hasebe,JPN,"MF,DF",39,1984,8,2,218,2.4,0,0,0,0,0,0,1,0,0.0,0.0,0.0,0.0,0.0
GER-Bundesliga,2324,Frankfurt,Mario Götze,GER,MF,31,1992,30,23,2068,23.0,3,2,5,3,0,0,5,1,0.13,0.09,0.22,0.13,0.22
GER-Bundesliga,2324,Frankfurt,Marko Mladenović,SRB,MF,18,2005,1,0,6,0.1,0,0,0,0,0,0,0,0,0.0,0.0,0.0,0.0,0.0
GER-Bundesliga,2324,Frankfurt,Nacho Ferri,ESP,FW,18,2004,8,0,74,0.8,1,0,1,1,0,0,0,0,1.22,0.0,1.22,1.22,1.22
GER-Bundesliga,2324,Frankfurt,Niels Nkounkou,FRA,"MF,DF",22,2000,29,13,1309,14.5,3,2,5,3,0,0,5,1,0.21,0.14,0.34,0.21,0.34
GER-Bundesliga,2324,Frankfurt,Nnamdi Collins,GER,DF,19,2004,2,1,90,1.0,0,0,0,0,0,0,0,0,0.0,0.0,0.0,0.0,0.0
GER-Bundesliga,2324,Frankfurt,Omar Marmoush,EGY,"FW,MF",24,1999,29,27,2301,25.6,12,6,18,10,2,2,7,0,0.47,0.23,0.7,0.39,0.63
GER-Bundesliga,2324,Frankfurt,Paxten Aaronson,USA,MF,19,2003,7,1,101,1.1,0,1,1,0,0,0,0,0,0.0,0.89,0.89,0.0,0.89
GER-Bundesliga,2324,Frankfurt,Philipp Max,GER,"MF,DF",29,1993,23,17,1350,15.0,1,2,3,1,0,0,2,0,0.07,0.13,0.2,0.07,0.2
GER-Bundesliga,2324,Frankfurt,Randal Kolo Muani,FRA,FW,24,1998,2,2,153,1.7,1,0,1,1,0,0,0,0,0.59,0.0,0.59,0.59,0.59
GER-Bundesliga,2324,Frankfurt,Robin Koch,GER,DF,27,1996,31,31,2738,30.4,2,0,2,2,0,0,10,0,0.07,0.0,0.07,0.07,0.07
GER-Bundesliga,2324,Frankfurt,Saša Kalajdžić,AUT,FW,26,1997,5,5,325,3.6,0,1,1,0,0,0,0,0,0.0,0.28,0.28,0.0,0.28
GER-Bundesliga,2324,Frankfurt,Sebastian Rode,GER,MF,32,1990,8,1,61,0.7,0,0,0,0,0,0,0,0,0.0,0.0,0.0,0.0,0.0
GER-Bundesliga,2324,Frankfurt,Timothy Chandler,USA,"DF,MF",33,1990,6,0,18,0.2,0,1,1,0,0,0,0,0,0.0,5.0,5.0,0.0,5.0
GER-Bundesliga,2324,Frankfurt,Tuta,BRA,"DF,MF",24,1999,30,30,2600,28.9,1,2,3,1,0,0,3,2,0.03,0.07,0.1,0.03,0.1
GER-Bundesliga,2324,Frankfurt,Willian Pacho,ECU,DF,21,2001,33,33,2970,33.0,0,3,3,0,0,0,7,0,0.0,0.09,0.09,0.0,0.09
GER-Bundesliga,2324,Freiburg,Attila Szalai,HUN,"DF,MF",25,1998,3,0,103,1.1,0,0,0,0,0,0,0,0,0.0,0.0,0.0,0.0,0.0
GER-Bundesliga,2324,Freiburg,Christian Günter,GER,"MF,DF",30,1993,15,13,1060,11.8,1,2,3,1,0,0,1,0,0.08,0.17,0.25,0.08,0.25
GER-Bundesliga,2324,Freiburg,Fabian Rüdlin,GER,MF,26,1997,1,0,7,0.1,0,0,0,0,0,0,0,0,0.0,0.0,0.0,0.0,0.0
GER-Bundesliga,2324,Freiburg,Florent Muslija,KVX,"FW,MF",25,1998,10,0,105,1.2,0,0,0,0,0,0,0,0,0.0,0.0,0.0,0.0,0.0
GER-Bundesliga,2324,Freiburg,Jordy Makengo,FRA,"DF,MF",21,2001,20,10,1026,11.4,0,0,0,0,0,0,1,0,0.0,0.0,0.0,0.0,0.0
GER-Bundesliga,2324,Freiburg,Junior Adamu,AUT,FW,22,2001,15,0,105,1.2,0,0,0,0,0,0,0,0,0.0,0.0,0.0,0.0,0.0
GER-Bundesliga,2324,Freiburg,Kenneth Schmidt,GER,DF,21,2002,5,0,68,0.8,0,0,0,0,0,0,0,0,0.0,0.0,0.0,0.0,0.0
GER-Bundesliga,2324,Freiburg,Kiliann Sildillia,FRA,DF,21,2002,27,20,1806,20.1,0,1,1,0,0,0,2,1,0.0,0.05,0.05,0.0,0.05
GER-Bundesliga,2324,Freiburg,Lucas Höler,GER,"FW,MF",29,1994,33,26,2305,25.6,7,2,9,6,1,2,7,0,0.27,0.08,0.35,0.23,0.31
GER-Bundesliga,2324,Freiburg,Lukas Kübler,GER,DF,30,1992,26,22,1847,20.5,1,0,1,1,0,0,7,0,0.05,0.0,0.05,0.05,0.05
GER-Bundesliga,2324,Freiburg,Manuel Gulde,GER,DF,32,1991,27,23,2047,22.7,1,0,1,1,0,0,5,1,0.04,0.0,0.04,0.04,0.04
GER-Bundesliga,2324,Freiburg,Matthias Ginter,GER,DF,29,1994,23,22,1913,21.3,0,2,2,0,0,0,3,0,0.0,0.09,0.09,0.0,0.09
GER-Bundesliga,2324,Freiburg,Maximilian Breunig,GER,FW,22,2000,2,0,9,0.1,0,0,0,0,0,0,0,0,0.0,0.0,0.0,0.0,0.0
GER-Bundesliga,2324,Freiburg,Maximilian Eggestein,GER,MF,26,1996,33,33,2914,32.4,1,2,3,1,0,0,6,0,0.03,0.06,0.09,0.03,0.09
GER-Bundesliga,2324,Freiburg,Maximilian Philipp,GER,FW,29,1994,17,1,323,3.6,1,0,1,1,0,0,2,0,0.28,0.0,0.28,0.28,0.28
GER-Bundesliga,2324,Freiburg,Merlin Röhl,GER,"MF,FW",21,2002,24,17,1477,16.4,2,4,6,2,0,0,3,1,0.12,0.24,0.37,0.12,0.37
GER-Bundesliga,2324,Freiburg,Michael Gregoritsch,AUT,FW,29,1994,32,19,1682,18.7,7,4,11,7,0,0,2,0,0.37,0.21,0.59,0.37,0.59
GER-Bundesliga,2324,Freiburg,Nicolas Höfler,GER,MF,33,1990,28,26,2330,25.9,1,1,2,1,0,0,10,1,0.04,0.04,0.08,0.04,0.08
GER-Bundesliga,2324,Freiburg,Noah Atubolu,GER,GK,21,2002,34,34,3060,34.0,0,0,0,0,0,0,0,0,0.0,0.0,0.0,0.0,0.0
GER-Bundesliga,2324,Freiburg,Noah Weißhaupt,GER,MF,21,2001,24,6,759,8.4,1,2,3,1,0,0,1,0,0.12,0.24,0.36,0.12,0.36
GER-Bundesliga,2324,Freiburg,Philipp Lienhart,AUT,DF,27,1996,15,14,1265,14.1,1,0,1,1,0,0,3,0,0.07,0.0,0.07,0.07,0.07
GER-Bundesliga,2324,Freiburg,Ritsu Doan,JPN,MF,25,1998,30,26,2246,25.0,7,2,9,7,0,0,2,0,0.28,0.08,0.36,0.28,0.36
GER-Bundesliga,2324,Freiburg,Roland Sallai,HUN,"MF,FW",26,1997,27,22,1840,20.4,3,2,5,3,0,1,6,0,0.15,0.1,0.24,0.15,0.24
GER-Bundesliga,2324,Freiburg,Vincenzo Grifo,ITA,MF,30,1993,32,29,2325,25.8,8,8,16,2,6,6,3,0,0.31,0.31,0.62,0.08,0.39
GER-Bundesliga,2324,Freiburg,Yannik Keitel,GER,"DF,MF",23,2000,15,11,920,10.2,1,0,1,1,0,0,0,0,0.1,0.0,0.1,0.1,0.1
GER-Bundesliga,2324,Gladbach,Alassane Pléa,FRA,"FW,MF",30,1993,27,24,1913,21.3,7,4,11,6,1,1,1,0,0.33,0.19,0.52,0.28,0.47
GER-Bundesliga,2324,Gladbach,Christoph Kramer,GER,MF,32,1991,14,1,249,2.8,0,0,0,0,0,0,4,0,0.0,0.0,0.0,0.0,0.0
GER-Bundesliga,2324,Gladbach,Fabio Chiarodia,ITA,DF,18,2005,7,1,152,1.7,0,0,0,0,0,0,0,0,0.0,0.0,0.0,0.0,0.0
GER-Bundesliga,2324,Gladbach,Florian Neuhaus,GER,MF,26,1997,25,15,1224,13.6,4,2,6,3,1,1,4,0,0.29,0.15,0.44,0.22,0.37
GER-Bundesliga,2324,Gladbach,Franck Honorat,FRA,"MF,FW",26,1996,32,28,2345,26.1,3,9,12,3,0,0,1,0,0.12,0.35,0.46,0.12,0.46
GER-Bundesliga,2324,Gladbach,Grant Ranos,ARM,FW,20,2003,9,0,49,0.5,0,0,0,0,0,0,0,0,0.0,0.0,0.0,0.0,0.0
GER-Bundesliga,2324,Gladbach,Joe Scally,USA,"DF,MF",20,2002,31,25,2236,24.8,1,4,5,1,0,0,4,0,0.04,0.16,0.2,0.04,0.2
GER-Bundesliga,2324,Gladbach,Jonas Omlin,SUI,GK,29,1994,7,7,630,7.0,0,1,1,0,0,0,1,0,0.0,0.14,0.14,0.0,0.14
GER-Bundesliga,2324,Gladbach,Jordan Pefok,USA,FW,27,1996,25,18,1420,15.8,5,3,8,5,0,0,2,0,0.32,0.19,0.51,0.32,0.51
GER-Bundesliga,2324,Gladbach,Julian Weigl,GER,MF,27,1995,31,31,2764,30.7,2,3,5,0,2,2,10,0,0.07,0.1,0.16,0.0,0.1
GER-Bundesliga,2324,Gladbach,Ko Itakura,JPN,"DF,MF",26,1997,20,18,1596,17.7,3,0,3,3,0,0,9,0,0.17,0.0,0.17,0.17,0.17
GER-Bundesliga,2324,Gladbach,Luca Netz,GER,"MF,DF",20,2003,30,25,2225,24.7,0,4,4,0,0,0,2,0,0.0,0.16,0.16,0.0,0.16
GER-Bundesliga,2324,Gladbach,Lukas Ullrich,GER,DF,19,2004,4,0,47,0.5,0,0,0,0,0,0,0,0,0.0,0.0,0.0,0.0,0.0
GER-Bundesliga,2324,Gladbach,Manu Koné,FRA,MF,22,2001,22,18,1561,17.3,1,0,1,1,0,0,4,1,0.06,0.0,0.06,0.06,0.06
GER-Bundesliga,2324,Gladbach,Marvin Friedrich,GER,DF,27,1995,24,17,1566,17.4,0,0,0,0,0,0,1,0,0.0,0.0,0.0,0.0,0.0
GER-Bundesliga,2324,Gladbach,Maximilian Wöber,AUT,DF,25,1998,25,24,2066,23.0,2,3,5,2,0,0,4,1,0.09,0.13,0.22,0.09,0.22
GER-Bundesliga,2324,Gladbach,Moritz Nicolas,GER,GK,25,1997,27,27,2430,27.0,0,0,0,0,0,0,2,0,0.0,0.0,0.0,0.0,0.0
GER-Bundesliga,2324,Gladbach,Nathan N'Goumou,CMR,"MF,FW",23,2000,32,14,1385,15.4,5,2,7,5,0,0,1,0,0.32,0.13,0.45,0.32,0.45
GER-Bundesliga,2324,Gladbach,Nico Elvedi,SUI,DF,26,1996,30,28,2482,27.6,2,1,3,2,0,0,5,0,0.07,0.04,0.11,0.07,0.11
GER-Bundesliga,2324,Gladbach,Patrick Herrmann,GER,"FW,MF",32,1991,8,0,86,1.0,0,0,0,0,0,0,1,0,0.0,0.0,0.0,0.0,0.0
GER-Bundesliga,2324,Gladbach,Robin Hack,GER,"FW,MF",24,1998,29,14,1348,15.0,10,2,12,10,0,0,2,0,0.67,0.13,0.8,0.67,0.8
GER-Bundesliga,2324,Gladbach,Rocco Reitz,GER,MF,21,2002,34,24,2136,23.7,6,3,9,6,0,0,2,0,0.25,0.13,0.38,0.25,0.38
GER-Bundesliga,2324,Gladbach,Shiō Fukuda,JPN,FW,19,2004,5,0,36,0.4,0,0,0,0,0,0,0,0,0.0,0.0,0.0,0.0,0.0
GER-Bundesliga,2324,Gladbach,Stefan Lainer,AUT,"MF,DF",30,1992,15,8,751,8.3,0,1,1,0,0,0,2,0,0.0,0.12,0.12,0.0,0.12
GER-Bundesliga,2324,Gladbach,Tomáš Čvančara,CZE,"FW,MF",22,2000,21,7,896,10.0,4,1,5,3,1,2,4,0,0.4,0.1,0.5,0.3,0.4
GER-Bundesliga,2324,Gladbach,Tony Jantschke,GER,"DF,MF",33,1990,4,0,27,0.3,0,0,0,0,0,0,0,0,0.0,0.0,0.0,0.0,0.0
GER-Bundesliga,2324,Gladbach,Yvandro Borges Sanches,LUX,MF,19,2004,3,0,18,0.2,0,0,0,0,0,0,0,0,0.0,0.0,0.0,0.0,0.0
GER-Bundesliga,2324,Heidenheim,Adrian Beck,GER,MF,26,1997,23,11,974,10.8,1,1,2,1,0,0,1,0,0.09,0.09,0.18,0.09,0.18
GER-Bundesliga,2324,Heidenheim,Benedikt Gimber,GER,DF,26,1997,24,24,2021,22.5,1,1,2,1,0,0,9,0,0.04,0.04,0.09,0.04,0.09
GER-Bundesliga,2324,Heidenheim,Christian Kühlwetter,GER,"FW,MF",27,1996,1,0,8,0.1,0,1,1,0,0,0,0,0,0.0,11.25,11.25,0.0,11.25
GER-Bundesliga,2324,Heidenheim,Denis Thomalla,GER,MF,30,1992,21,3,446,5.0,0,0,0,0,0,0,0,0,0.0,0.0,0.0,0.0,0.0
GER-Bundesliga,2324,Heidenheim,Eren Dinkçi,GER,MF,21,2001,33,33,2650,29.4,10,5,15,10,0,0,8,0,0.34,0.17,0.51,0.34,0.51
GER-Bundesliga,2324,Heidenheim,Florian Pick,GER,MF,27,1995,22,1,327,3.6,0,1,1,0,0,0,2,0,0.0,0.28,0.28,0.0,0.28
GER-Bundesliga,2324,Heidenheim,Jan Schöppner,GER,MF,24,1999,26,23,1998,22.2,2,2,4,2,0,0,3,0,0.09,0.09,0.18,0.09,0.18
GER-Bundesliga,2324,Heidenheim,Jan-Niklas Beste,GER,MF,24,1999,31,31,2603,28.9,8,11,19,8,0,1,4,0,0.28,0.38,0.66,0.28,0.66
GER-Bundesliga,2324,Heidenheim,Jonas Föhrenbach,GER,DF,27,1996,33,32,2788,31.0,0,0,0,0,0,0,2,0,0.0,0.0,0.0,0.0,0.0
GER-Bundesliga,2324,Heidenheim,Kevin Müller,GER,GK,32,1991,34,34,3060,34.0,0,0,0,0,0,0,1,0,0.0,0.0,0.0,0.0,0.0
GER-Bundesliga,2324,Heidenheim,Kevin Sessa,GER,MF,23,2000,30,7,1011,11.2,3,0,3,3,0,0,1,0,0.27,0.0,0.27,0.27,0.27
GER-Bundesliga,2324,Heidenheim,Lennard Maloney,USA,MF,23,1999,29,27,2284,25.4,1,1,2,1,0,0,1,0,0.04,0.04,0.08,0.04,0.08
GER-Bundesliga,2324,Heidenheim,Marnon Busch,GER,DF,28,1994,16,5,595,6.6,0,0,0,0,0,0,1,0,0.0,0.0,0.0,0.0,0.0
GER-Bundesliga,2324,Heidenheim,Marvin Pieringer,GER,"FW,MF",23,1999,31,18,1513,16.8,3,3,6,3,0,0,5,0,0.18,0.18,0.36,0.18,0.36
GER-Bundesliga,2324,Heidenheim,Nikola Dovedan,AUT,MF,29,1994,21,5,656,7.3,3,1,4,3,0,0,0,1,0.41,0.14,0.55,0.41,0.55
GER-Bundesliga,2324,Heidenheim,Norman Theuerkauf,GER,"MF,DF",36,1987,25,14,1259,14.0,0,1,1,0,0,0,3,0,0.0,0.07,0.07,0.0,0.07
GER-Bundesliga,2324,Heidenheim,Omar Traoré,GER,DF,25,1998,31,29,2472,27.5,0,2,2,0,0,0,5,0,0.0,0.07,0.07,0.0,0.07
GER-Bundesliga,2324,Heidenheim,Patrick Mainka,GER,DF,28,1994,34,34,3060,34.0,2,0,2,2,0,0,1,0,0.06,0.0,0.06,0.06,0.06
GER-Bundesliga,2324,Heidenheim,Stefan Schimmer,GER,FW,29,1994,16,0,153,1.7,0,1,1,0,0,0,0,0,0.0,0.59,0.59,0.0,0.59
GER-Bundesliga,2324,Heidenheim,Thomas Keller,GER,"DF,MF",23,1999,2,0,2,0.0,0,0,0,0,0,0,0,0,0.0,0.0,0.0,0.0,0.0
GER-Bundesliga,2324,Heidenheim,Tim Kleindienst,GER,FW,27,1995,33,33,2869,31.9,12,3,15,10,2,2,6,0,0.38,0.09,0.47,0.31,0.41
GER-Bundesliga,2324,Heidenheim,Tim Siersleben,GER,DF,23,2000,14,10,910,10.1,0,0,0,0,0,0,1,0,0.0,0.0,0.0,0.0,0.0
GER-Bundesliga,2324,Hoffenheim,Andrej Kramarić,CRO,"MF,FW",32,1991,30,25,2199,24.4,15,6,21,10,5,5,4,0,0.61,0.25,0.86,0.41,0.65
GER-Bundesliga,2324,Hoffenheim,Angelo Stiller,GER,MF,22,2001,1,1,84,0.9,0,0,0,0,0,0,0,0,0.0,0.0,0.0,0.0,0.0
GER-Bundesliga,2324,Hoffenheim,Anton Stach,GER,MF,24,1998,31,26,2321,25.8,2,3,5,2,0,0,4,0,0.08,0.12,0.19,0.08,0.19
GER-Bundesliga,2324,Hoffenheim,Attila Szalai,HUN,DF,25,1998,4,4,288,3.2,0,0,0,0,0,0,1,0,0.0,0.0,0.0,0.0,0.0
GER-Bundesliga,2324,Hoffenheim,Bambasé Conté,GER,MF,20,2003,7,0,48,0.5,0,0,0,0,0,0,0,0,0.0,0.0,0.0,0.0,0.0
GER-Bundesliga,2324,Hoffenheim,David Jurásek,CZE,"MF,DF",22,2000,13,4,496,5.5,0,1,1,0,0,0,1,0,0.0,0.18,0.18,0.0,0.18
GER-Bundesliga,2324,Hoffenheim,Dennis Geiger,GER,MF,25,1998,3,0,64,0.7,0,0,0,0,0,0,1,0,0.0,0.0,0.0,0.0,0.0
GER-Bundesliga,2324,Hoffenheim,Diadie Samassékou,MLI,MF,27,1996,1,0,1,0.0,0,0,0,0,0,0,0,0,0.0,0.0,0.0,0.0,0.0
GER-Bundesliga,2324,Hoffenheim,Finn Ole Becker,GER,MF,23,2000,22,5,606,6.7,0,0,0,0,0,0,1,0,0.0,0.0,0.0,0.0,0.0
GER-Bundesliga,2324,Hoffenheim,Florian Grillitsch,AUT,"DF,MF",27,1995,30,25,2295,25.5,1,6,7,1,0,0,8,0,0.04,0.24,0.27,0.04,0.27
GER-Bundesliga,2324,Hoffenheim,Grischa Prömel,GER,MF,28,1995,28,27,2139,23.8,4,5,9,4,0,0,10,1,0.17,0.21,0.38,0.17,0.38
GER-Bundesliga,2324,Hoffenheim,Ihlas Bebou,TOG,"FW,MF",29,1994,32,16,1636,18.2,7,5,12,7,0,0,3,0,0.39,0.28,0.66,0.39,0.66
GER-Bundesliga,2324,Hoffenheim,John Brooks,USA,DF,30,1993,21,18,1539,17.1,2,0,2,2,0,0,6,1,0.12,0.0,0.12,0.12,0.12
GER-Bundesliga,2324,Hoffenheim,Julian Justvan,GER,"FW,MF",25,1998,4,0,49,0.5,0,0,0,0,0,0,0,0,0.0,0.0,0.0,0.0,0.0
GER-Bundesliga,2324,Hoffenheim,Kasim Nuhu,GHA,DF,28,1995,1,0,5,0.1,0,0,0,0,0,0,0,0,0.0,0.0,0.0,0.0,0.0
GER-Bundesliga,2324,Hoffenheim,Kevin Akpoguma,NGA,DF,28,1995,17,11,1097,12.2,0,0,0,0,0,0,7,0,0.0,0.0,0.0,0.0,0.0
GER-Bundesliga,2324,Hoffenheim,Kevin Vogt,GER,DF,31,1991,16,14,1319,14.7,0,0,0,0,0,0,2,0,0.0,0.0,0.0,0.0,0.0
GER-Bundesliga,2324,Hoffenheim,Marius Bülter,GER,MF,30,1993,30,15,1351,15.0,1,4,5,1,0,0,3,1,0.07,0.27,0.33,0.07,0.33
GER-Bundesliga,2324,Hoffenheim,Max Moerstedt,GER,FW,17,2006,1,0,12,0.1,0,0,0,0,0,0,0,0,0.0,0.0,0.0,0.0,0.0
GER-Bundesliga,2324,Hoffenheim,Maximilian Beier,GER,"FW,MF",20,2002,33,29,2420,26.9,16,1,17,16,0,0,0,0,0.6,0.04,0.63,0.6,0.63
GER-Bundesliga,2324,Hoffenheim,Mergim Berisha,GER,FW,25,1998,6,0,144,1.6,0,0,0,0,0,0,0,0,0.0,0.0,0.0,0.0,0.0
GER-Bundesliga,2324,Hoffenheim,Oliver Baumann,GER,GK,33,1990,34,34,3060,34.0,0,1,1,0,0,0,1,0,0.0,0.03,0.03,0.0,0.03
GER-Bundesliga,2324,Hoffenheim,Ozan Kabak,TUR,DF,23,2000,28,28,2282,25.4,4,0,4,4,0,0,11,1,0.16,0.0,0.16,0.16,0.16
GER-Bundesliga,2324,Hoffenheim,Pavel Kadeřábek,CZE,"MF,DF",31,1992,29,28,2412,26.8,3,4,7,3,0,0,7,0,0.11,0.15,0.26,0.11,0.26
GER-Bundesliga,2324,Hoffenheim,Robert Skov,DEN,MF,27,1996,25,14,1260,14.0,3,4,7,3,0,0,2,0,0.21,0.29,0.5,0.21,0.5
GER-Bundesliga,2324,Hoffenheim,Stanley N'Soki,FRA,"DF,MF",24,1999,11,7,631,7.0,0,0,0,0,0,0,3,1,0.0,0.0,0.0,0.0,0.0
GER-Bundesliga,2324,Hoffenheim,Tim Drexler,GER,DF,18,2005,8,6,573,6.4,0,0,0,0,0,0,1,0,0.0,0.0,0.0,0.0,0.0
GER-Bundesliga,2324,Hoffenheim,Tom Bischof,GER,MF,18,2005,13,1,178,2.0,0,2,2,0,0,0,0,0,0.0,1.01,1.01,0.0,1.01
GER-Bundesliga,2324,Hoffenheim,Umut Tohumcu,GER,MF,18,2004,20,12,1011,11.2,0,2,2,0,0,0,5,0,0.0,0.18,0.18,0.0,0.18
GER-Bundesliga,2324,Hoffenheim,Wout Weghorst,NED,FW,30,1992,28,24,1977,22.0,7,3,10,6,1,1,4,0,0.32,0.14,0.46,0.27,0.41
GER-Bundesliga,2324,Köln,Benno Schmitz,GER,DF,28,1994,22,13,1155,12.8,0,1,1,0,0,0,5,0,0.0,0.08,0.08,0.0,0.08
GER-Bundesliga,2324,Köln,Damion Downs,USA,FW,19,2004,10,0,181,2.0,2,0,2,2,0,0,0,0,0.99,0.0,0.99,0.99,0.99
GER-Bundesliga,2324,Köln,Davie Selke,GER,FW,28,1995,19,16,1265,14.1,6,0,6,6,0,0,3,0,0.43,0.0,0.43,0.43,0.43
GER-Bundesliga,2324,Köln,Dejan Ljubičić,AUT,MF,25,1997,26,24,2048,22.8,0,2,2,0,0,0,6,0,0.0,0.09,0.09,0.0,0.09
GER-Bundesliga,2324,Köln,Denis Huseinbasic,BIH,MF,22,2001,26,18,1627,18.1,0,3,3,0,0,0,5,0,0.0,0.17,0.17,0.0,0.17
GER-Bundesliga,2324,Köln,Dominique Heintz,GER,DF,29,1993,12,6,568,6.3,0,0,0,0,0,0,0,0,0.0,0.0,0.0,0.0,0.0
GER-Bundesliga,2324,Köln,Eric Martel,GER,MF,21,2002,30,29,2457,27.3,1,1,2,1,0,0,6,0,0.04,0.04,0.07,0.04,0.07
GER-Bundesliga,2324,Köln,Faride Alidou,GER,"MF,FW",22,2001,26,14,1282,14.2,4,0,4,4,0,0,4,0,0.28,0.0,0.28,0.28,0.28
GER-Bundesliga,2324,Köln,Florian Dietz,GER,FW,24,1998,5,0,70,0.8,0,0,0,0,0,0,0,0,0.0,0.0,0.0,0.0,0.0
GER-Bundesliga,2324,Köln,Florian Kainz,AUT,MF,30,1992,33,29,2197,24.4,5,4,9,0,5,5,4,0,0.2,0.16,0.37,0.0,0.16
GER-Bundesliga,2324,Köln,Jacob Christensen,DEN,MF,22,2001,7,2,219,2.4,0,0,0,0,0,0,1,0,0.0,0.0,0.0,0.0,0.0
GER-Bundesliga,2324,Köln,Jan Thielmann,GER,"FW,MF",21,2002,22,20,1579,17.5,1,0,1,1,0,0,4,1,0.06,0.0,0.06,0.06,0.06
GER-Bundesliga,2324,Köln,Julian Chabot,GER,DF,25,1998,32,32,2703,30.0,0,0,0,0,0,0,9,1,0.0,0.0,0.0,0.0,0.0
GER-Bundesliga,2324,Köln,Justin Diehl,GER,MF,18,2004,7,1,168,1.9,0,0,0,0,0,0,0,0,0.0,0.0,0.0,0.0,0.0
GER-Bundesliga,2324,Köln,Leart Paqarada,KVX,DF,28,1994,17,11,1075,11.9,0,0,0,0,0,0,0,0,0.0,0.0,0.0,0.0,0.0
GER-Bundesliga,2324,Köln,Linton Maina,GER,MF,24,1999,31,21,1901,21.1,1,3,4,1,0,0,4,0,0.05,0.14,0.19,0.05,0.19
GER-Bundesliga,2324,Köln,Luca Kilian,GER,DF,23,1999,13,6,635,7.1,0,0,0,0,0,0,1,0,0.0,0.0,0.0,0.0,0.0
GER-Bundesliga,2324,Köln,Luca Waldschmidt,GER,MF,27,1996,22,14,1146,12.7,3,0,3,3,0,1,0,0,0.24,0.0,0.24,0.24,0.24
GER-Bundesliga,2324,Köln,Mark Uth,GER,"MF,FW",31,1991,11,3,373,4.1,0,1,1,0,0,0,2,0,0.0,0.24,0.24,0.0,0.24
GER-Bundesliga,2324,Köln,Marvin Schwäbe,GER,GK,28,1995,34,34,3060,34.0,0,0,0,0,0,0,0,0,0.0,0.0,0.0,0.0,0.0
GER-Bundesliga,2324,Köln,Mathias Olesen,LUX,MF,22,2001,6,0,112,1.2,0,0,0,0,0,0,2,1,0.0,0.0,0.0,0.0,0.0
GER-Bundesliga,2324,Köln,Max Finkgräfe,GER,DF,19,2004,24,18,1756,19.5,1,0,1,1,0,0,4,0,0.05,0.0,0.05,0.05,0.05
GER-Bundesliga,2324,Köln,Rasmus Carstensen,DEN,"DF,MF",22,2000,23,18,1659,18.4,0,0,0,0,0,0,2,1,0.0,0.0,0.0,0.0,0.0
GER-Bundesliga,2324,Köln,Sargis Adamyan,ARM,"FW,MF",30,1993,20,8,801,8.9,1,2,3,1,0,0,2,0,0.11,0.22,0.34,0.11,0.34
GER-Bundesliga,2324,Köln,Steffen Tigges,GER,FW,25,1998,25,6,727,8.1,3,0,3,3,0,0,0,0,0.37,0.0,0.37,0.37,0.37
GER-Bundesliga,2324,Köln,Timo Hübers,GER,DF,27,1996,31,31,2778,30.9,0,0,0,0,0,0,6,0,0.0,0.0,0.0,0.0,0.0
GER-Bundesliga,2324,Leverkusen,Adam Hložek,CZE,"MF,FW",21,2002,23,5,459,5.1,2,3,5,2,0,0,1,0,0.39,0.59,0.98,0.39,0.98
GER-Bundesliga,2324,Leverkusen,Amine Adli,MAR,"MF,FW",23,2000,23,8,898,10.0,4,6,10,4,0,0,5,0,0.4,0.6,1.0,0.4,1.0
GER-Bundesliga,2324,Leverkusen,Arthur,BRA,MF,20,2003,4,2,184,2.0,0,2,2,0,0,0,0,0,0.0,0.98,0.98,0.0,0.98
GER-Bundesliga,2324,Leverkusen,Borja Iglesias,ESP,FW,30,1993,7,2,256,2.8,0,0,0,0,0,0,0,0,0.0,0.0,0.0,0.0,0.0
GER-Bundesliga,2324,Leverkusen,Edmond Tapsoba,BFA,DF,24,1999,28,23,2087,23.2,0,1,1,0,0,0,4,0,0.0,0.04,0.04,0.0,0.04
GER-Bundesliga,2324,Leverkusen,Exequiel Palacios,ARG,MF,24,1998,24,21,1831,20.3,4,4,8,2,2,2,6,0,0.2,0.2,0.39,0.1,0.29
GER-Bundesliga,2324,Leverkusen,Florian Wirtz,GER,MF,20,2003,32,26,2372,26.4,11,11,22,10,1,1,3,0,0.42,0.42,0.83,0.38,0.8
GER-Bundesliga,2324,Leverkusen,Granit Xhaka,SUI,MF,30,1992,33,32,2821,31.3,3,0,3,3,0,0,5,0,0.1,0.0,0.1,0.1,0.1
GER-Bundesliga,2324,Leverkusen,Gustavo Puerta,COL,MF,20,2003,7,0,46,0.5,0,0,0,0,0,0,0,0,0.0,0.0,0.0,0.0,0.0
GER-Bundesliga,2324,Leverkusen,Jeremie Frimpong,NED,MF,22,2000,31,27,2251,25.0,9,7,16,9,0,0,6,0,0.36,0.28,0.64,0.36,0.64
GER-Bundesliga,2324,Leverkusen,Jonas Hofmann,GER,MF,31,1992,32,26,2204,24.5,5,7,12,5,0,0,3,0,0.2,0.29,0.49,0.2,0.49
GER-Bundesliga,2324,Leverkusen,Jonathan Tah,GER,DF,27,1996,31,30,2631,29.2,4,1,5,4,0,0,6,0,0.14,0.03,0.17,0.14,0.17
GER-Bundesliga,2324,Leverkusen,Josip Stanišić,CRO,"DF,MF",23,2000,20,13,1261,14.0,3,1,4,3,0,0,3,0,0.21,0.07,0.29,0.21,0.29
GER-Bundesliga,2324,Leverkusen,Lukáš Hrádecký,FIN,GK,33,1989,33,33,2970,33.0,0,0,0,0,0,0,2,0,0.0,0.0,0.0,0.0,0.0
GER-Bundesliga,2324,Leverkusen,Matej Kovar,CZE,GK,23,2000,1,1,90,1.0,0,0,0,0,0,0,0,0,0.0,0.0,0.0,0.0,0.0
GER-Bundesliga,2324,Leverkusen,Nadiem Amiri,GER,MF,26,1996,8,1,86,1.0,0,0,0,0,0,0,0,0,0.0,0.0,0.0,0.0,0.0
GER-Bundesliga,2324,Leverkusen,Nathan Tella,NGA,MF,24,1999,24,8,819,9.1,5,2,7,5,0,0,2,0,0.55,0.22,0.77,0.55,0.77
GER-Bundesliga,2324,Leverkusen,Noah Mbamba,BEL,MF,18,2005,3,0,16,0.2,0,1,1,0,0,0,0,0,0.0,5.63,5.63,0.0,5.63
GER-Bundesliga,2324,Leverkusen,Odilon Kossounou,CIV,DF,22,2001,22,21,1811,20.1,1,0,1,1,0,0,3,0,0.05,0.0,0.05,0.05,0.05
GER-Bundesliga,2324,Leverkusen,Patrik Schick,CZE,FW,27,1996,20,12,1063,11.8,7,0,7,6,1,1,1,0,0.59,0.0,0.59,0.51,0.51
GER-Bundesliga,2324,Leverkusen,Piero Hincapié,ECU,DF,21,2002,26,16,1484,16.5,1,2,3,1,0,0,2,0,0.06,0.12,0.18,0.06,0.18
GER-Bundesliga,2324,Leverkusen,Robert Andrich,GER,"MF,DF",28,1994,28,18,1690,18.8,4,2,6,4,0,0,4,0,0.21,0.11,0.32,0.21,0.32
GER-Bundesliga,2324,Leverkusen,Victor Boniface,NGA,FW,22,2000,23,18,1546,17.2,14,8,22,10,4,4,2,0,0.82,0.47,1.28,0.58,1.05
GER-Bundesliga,2324,Leverkusen,Álex Grimaldo,ESP,MF,27,1995,33,31,2784,30.9,10,13,23,10,0,0,1,0,0.32,0.42,0.74,0.32,0.74
GER-Bundesliga,2324,Mainz 05,Andreas Hanche-Olsen,NOR,DF,26,1997,15,12,992,11.0,1,0,1,1,0,0,5,0,0.09,0.0,0.09,0.09,0.09
GER-Bundesliga,2324,Mainz 05,Anthony Caci,FRA,"MF,DF",26,1997,31,29,2486,27.6,2,3,5,2,0,0,8,0,0.07,0.11,0.18,0.07,0.18
GER-Bundesliga,2324,Mainz 05,Anton Stach,GER,MF,24,1998,2,2,170,1.9,0,0,0,0,0,0,0,0,0.0,0.0,0.0,0.0,0.0
GER-Bundesliga,2324,Mainz 05,Anwar El Ghazi,NED,"FW,MF",28,1995,3,0,54,0.6,0,1,1,0,0,0,0,0,0.0,1.67,1.67,0.0,1.67
GER-Bundesliga,2324,Mainz 05,Aymen Barkok,MAR,MF,25,1998,13,1,321,3.6,1,0,1,1,0,1,2,0,0.28,0.0,0.28,0.28,0.28
GER-Bundesliga,2324,Mainz 05,Brajan Gruda,GER,"MF,FW",19,2004,28,19,1641,18.2,4,3,7,4,0,0,5,0,0.22,0.16,0.38,0.22,0.38
GER-Bundesliga,2324,Mainz 05,Daniel Batz,GER,GK,32,1991,4,4,360,4.0,0,0,0,0,0,0,0,0,0.0,0.0,0.0,0.0,0.0
GER-Bundesliga,2324,Mainz 05,Danny da Costa,GER,"MF,DF",30,1993,19,9,830,9.2,0,1,1,0,0,0,1,0,0.0,0.11,0.11,0.0,0.11
GER-Bundesliga,2324,Mainz 05,David Mamutovic,GER,MF,22,2000,2,0,11,0.1,0,0,0,0,0,0,0,0,0.0,0.0,0.0,0.0,0.0
GER-Bundesliga,2324,Mainz 05,Dominik Kohr,GER,"DF,MF",29,1994,31,27,2184,24.3,1,0,1,1,0,0,15,1,0.04,0.0,0.04,0.04,0.04
GER-Bundesliga,2324,Mainz 05,Edimilson Fernandes,SUI,DF,27,1996,21,13,1290,14.3,0,2,2,0,0,0,4,0,0.0,0.14,0.14,0.0,0.14
GER-Bundesliga,2324,Mainz 05,Jessic Ngankam,GER,"MF,FW",23,2000,7,2,184,2.0,0,0,0,0,0,0,0,1,0.0,0.0,0.0,0.0,0.0
GER-Bundesliga,2324,Mainz 05,Jonathan Burkardt,GER,"FW,MF",23,2000,21,18,1538,17.1,8,2,10,7,1,1,2,0,0.47,0.12,0.59,0.41,0.53
GER-Bundesliga,2324,Mainz 05,Josuha Guilavogui,FRA,DF,32,1990,11,5,409,4.5,0,1,1,0,0,0,1,0,0.0,0.22,0.22,0.0,0.22
GER-Bundesliga,2324,Mainz 05,Karim Onisiwo,AUT,"FW,MF",31,1992,24,17,1493,16.6,1,3,4,1,0,0,1,0,0.06,0.18,0.24,0.06,0.24
GER-Bundesliga,2324,Mainz 05,Leandro Barreiro Martins,LUX,MF,23,2000,31,29,2606,29.0,4,1,5,4,0,0,8,0,0.14,0.03,0.17,0.14,0.17
GER-Bundesliga,2324,Mainz 05,Lee Jae-sung,KOR,MF,30,1992,29,24,2113,23.5,6,3,9,6,0,0,6,0,0.26,0.13,0.38,0.26,0.38
GER-Bundesliga,2324,Mainz 05,Ludovic Ajorque,FRA,FW,29,1994,26,15,1360,15.1,2,0,2,2,0,2,4,0,0.13,0.0,0.13,0.13,0.13
GER-Bundesliga,2324,Mainz 05,Marco Richter,GER,MF,25,1997,20,7,717,8.0,1,0,1,1,0,0,3,0,0.13,0.0,0.13,0.13,0.13
GER-Bundesliga,2324,Mainz 05,Marcus Müller,GER,FW,20,2002,1,0,18,0.2,0,0,0,0,0,0,0,0,0.0,0.0,0.0,0.0,0.0
GER-Bundesliga,2324,Mainz 05,Maxim Leitsch,GER,DF,25,1998,7,4,379,4.2,0,0,0,0,0,0,0,0,0.0,0.0,0.0,0.0,0.0
GER-Bundesliga,2324,Mainz 05,Merveille Papela,GER,MF,22,2001,11,3,257,2.9,0,0,0,0,0,0,1,0,0.0,0.0,0.0,0.0,0.0
GER-Bundesliga,2324,Mainz 05,Nadiem Amiri,GER,MF,26,1996,15,15,1315,14.6,1,4,5,1,0,1,5,0,0.07,0.27,0.34,0.07,0.34
GER-Bundesliga,2324,Mainz 05,Nelson Weiper,GER,FW,18,2005,5,1,124,1.4,0,0,0,0,0,0,0,0,0.0,0.0,0.0,0.0,0.0
GER-Bundesliga,2324,Mainz 05,Phillipp Mwene,AUT,"MF,DF",29,1994,23,23,1996,22.2,1,2,3,1,0,0,4,1,0.05,0.09,0.14,0.05,0.14
GER-Bundesliga,2324,Mainz 05,Robin Zentner,GER,GK,28,1994,30,30,2700,30.0,0,0,0,0,0,0,3,0,0.0,0.0,0.0,0.0,0.0
GER-Bundesliga,2324,Mainz 05,Sepp van den Berg,NED,DF,21,2001,33,31,2839,31.5,3,0,3,3,0,0,9,0,0.1,0.0,0.1,0.1,0.1
GER-Bundesliga,2324,Mainz 05,Silvan Widmer,SUI,"MF,DF",30,1993,20,13,1242,13.8,1,3,4,1,0,0,4,0,0.07,0.22,0.29,0.07,0.29
GER-Bundesliga,2324,Mainz 05,Stefan Bell,GER,DF,31,1991,10,8,666,7.4,0,0,0,0,0,0,3,0,0.0,0.0,0.0,0.0,0.0
GER-Bundesliga,2324,Mainz 05,Tom Krauß,GER,MF,22,2001,29,13,1346,15.0,1,2,3,1,0,0,5,0,0.07,0.13,0.2,0.07,0.2
GER-Bundesliga,2324,RB Leipzig,Amadou Haidara,MLI,MF,25,1998,21,19,1526,17.0,2,1,3,2,0,0,5,0,0.12,0.06,0.18,0.12,0.18
GER-Bundesliga,2324,RB Leipzig,Benjamin Henrichs,GER,"DF,MF",26,1997,33,28,2526,28.1,1,5,6,1,0,0,5,0,0.04,0.18,0.21,0.04,0.21
GER-Bundesliga,2324,RB Leipzig,Benjamin Šeško,SVN,FW,20,2003,31,17,1526,17.0,14,2,16,14,0,0,0,0,0.83,0.12,0.94,0.83,0.94
GER-Bundesliga,2324,RB Leipzig,Castello Lukeba,FRA,DF,20,2002,32,24,2191,24.3,1,0,1,1,0,0,3,0,0.04,0.0,0.04,0.04,0.04
GER-Bundesliga,2324,RB Leipzig,Christoph Baumgartner,AUT,"MF,FW",23,1999,32,11,1158,12.9,5,1,6,5,0,0,3,0,0.39,0.08,0.47,0.39,0.47
GER-Bundesliga,2324,RB Leipzig,Christopher Lenz,GER,"DF,MF",28,1994,5,0,47,0.5,0,0,0,0,0,0,0,0,0.0,0.0,0.0,0.0,0.0
GER-Bundesliga,2324,RB Leipzig,Dani Olmo,ESP,MF,25,1998,21,17,1449,16.1,4,5,9,4,0,0,0,0,0.25,0.31,0.56,0.25,0.56
GER-Bundesliga,2324,RB Leipzig,David Raum,GER,DF,25,1998,31,31,2739,30.4,2,8,10,2,0,0,6,0,0.07,0.26,0.33,0.07,0.33
GER-Bundesliga,2324,RB Leipzig,El Chadaille Bitshiabu,FRA,DF,18,2005,6,0,34,0.4,0,0,0,0,0,0,0,0,0.0,0.0,0.0,0.0,0.0
GER-Bundesliga,2324,RB Leipzig,Elif Elmas,MKD,MF,23,1999,14,2,266,3.0,0,0,0,0,0,0,0,0,0.0,0.0,0.0,0.0,0.0
GER-Bundesliga,2324,RB Leipzig,Emil Forsberg,SWE,MF,31,1991,14,5,464,5.2,2,1,3,2,0,1,0,0,0.39,0.19,0.58,0.39,0.58
GER-Bundesliga,2324,RB Leipzig,Fabio Carvalho,POR,MF,20,2002,9,1,165,1.8,0,0,0,0,0,0,0,0,0.0,0.0,0.0,0.0,0.0
GER-Bundesliga,2324,RB Leipzig,Janis Blaswich,GER,GK,32,1991,21,21,1890,21.0,0,0,0,0,0,0,0,0,0.0,0.0,0.0,0.0,0.0
GER-Bundesliga,2324,RB Leipzig,Jonathan Norbye,NOR,DF,16,2007,1,0,1,0.0,0,0,0,0,0,0,0,0,0.0,0.0,0.0,0.0,0.0
GER-Bundesliga,2324,RB Leipzig,Kevin Kampl,SVN,MF,32,1990,26,14,1363,15.1,1,0,1,1,0,0,3,0,0.07,0.0,0.07,0.07,0.07
GER-Bundesliga,2324,RB Leipzig,Loïs Openda,BEL,FW,23,2000,34,33,2697,30.0,24,7,31,22,2,3,4,0,0.8,0.23,1.03,0.73,0.97
GER-Bundesliga,2324,RB Leipzig,Lukas Klostermann,GER,DF,27,1996,25,16,1436,16.0,1,0,1,1,0,0,3,0,0.06,0.0,0.06,0.06,0.06
GER-Bundesliga,2324,RB Leipzig,Mohamed Simakan,FRA,DF,23,2000,32,23,2138,23.8,2,3,5,2,0,0,8,0,0.08,0.13,0.21,0.08,0.21
GER-Bundesliga,2324,RB Leipzig,Nicolas Seiwald,AUT,MF,22,2001,21,6,718,8.0,0,2,2,0,0,0,1,0,0.0,0.25,0.25,0.0,0.25
GER-Bundesliga,2324,RB Leipzig,Nuha Jatta,GAM,MF,17,2006,1,0,1,0.0,0,0,0,0,0,0,0,0,0.0,0.0,0.0,0.0,0.0
GER-Bundesliga,2324,RB Leipzig,Péter Gulácsi,HUN,GK,33,1990,13,13,1170,13.0,0,0,0,0,0,0,0,0,0.0,0.0,0.0,0.0,0.0
GER-Bundesliga,2324,RB Leipzig,Timo Werner,GER,"MF,FW",27,1996,8,2,207,2.3,2,0,2,1,1,1,0,0,0.87,0.0,0.87,0.43,0.43
GER-Bundesliga,2324,RB Leipzig,Willi Orban,HUN,DF,30,1992,19,18,1582,17.6,0,0,0,0,0,0,2,0,0.0,0.0,0.0,0.0,0.0
GER-Bundesliga,2324,RB Leipzig,Xaver Schlager,AUT,MF,25,1997,29,29,2477,27.5,0,5,5,0,0,0,7,0,0.0,0.18,0.18,0.0,0.18
GER-Bundesliga,2324,RB Leipzig,Xavi Simons,NED,MF,20,2003,32,32,2653,29.5,8,11,19,7,1,2,11,1,0.27,0.37,0.64,0.24,0.61
GER-Bundesliga,2324,RB Leipzig,Yussuf Poulsen,DEN,FW,29,1994,28,12,1217,13.5,5,2,7,5,0,0,0,0,0.37,0.15,0.52,0.37,0.52
GER-Bundesliga,2324,Stuttgart,Alexander Nübel,GER,GK,26,1996,30,30,2700,30.0,0,0,0,0,0,0,1,0,0.0,0.0,0.0,0.0,0.0
GER-Bundesliga,2324,Stuttgart,Angelo Stiller,GER,MF,22,2001,31,30,2694,29.9,1,5,6,1,0,0,5,0,0.03,0.17,0.2,0.03,0.2
GER-Bundesliga,2324,Stuttgart,Anthony Rouault,FRA,DF,22,2001,22,11,1010,11.2,0,2,2,0,0,0,3,0,0.0,0.18,0.18,0.0,0.18
GER-Bundesliga,2324,Stuttgart,Atakan Karazor,TUR,MF,26,1996,33,31,2623,29.1,0,4,4,0,0,0,9,0,0.0,0.14,0.14,0.0,0.14
GER-Bundesliga,2324,Stuttgart,Borna Sosa,CRO,"DF,MF",25,1998,2,0,46,0.5,0,0,0,0,0,0,0,0,0.0,0.0,0.0,0.0,0.0
GER-Bundesliga,2324,Stuttgart,Chris Führich,GER,MF,25,1998,34,33,2567,28.5,8,7,15,8,0,1,2,0,0.28,0.25,0.53,0.28,0.53
GER-Bundesliga,2324,Stuttgart,Dan-Axel Zagadou,FRA,DF,24,1999,19,16,1453,16.1,1,0,1,1,0,0,1,0,0.06,0.0,0.06,0.06,0.06
GER-Bundesliga,2324,Stuttgart,Deniz Undav,GER,"FW,MF",27,1996,30,23,2089,23.2,18,10,28,18,0,1,5,0,0.78,0.43,1.21,0.78,1.21
GER-Bundesliga,2324,Stuttgart,Enzo Millot,FRA,MF,21,2002,31,27,2241,24.9,5,4,9,4,1,1,5,0,0.2,0.16,0.36,0.16,0.32
GER-Bundesliga,2324,Stuttgart,Fabian Bredlow,GER,GK,28,1995,4,4,360,4.0,0,0,0,0,0,0,0,0,0.0,0.0,0.0,0.0,0.0
GER-Bundesliga,2324,Stuttgart,Genki Haraguchi,JPN,"FW,MF",32,1991,2,0,27,0.3,0,0,0,0,0,0,0,0,0.0,0.0,0.0,0.0,0.0
GER-Bundesliga,2324,Stuttgart,Hiroki Ito,JPN,DF,24,1999,26,25,2228,24.8,0,2,2,0,0,0,1,0,0.0,0.08,0.08,0.0,0.08
GER-Bundesliga,2324,Stuttgart,Jamie Leweling,GER,MF,22,2001,34,17,1523,16.9,4,4,8,4,0,0,3,0,0.24,0.24,0.47,0.24,0.47
GER-Bundesliga,2324,Stuttgart,Jeong Woo-yeong,KOR,MF,23,1999,26,5,633,7.0,2,3,5,2,0,0,1,0,0.28,0.43,0.71,0.28,0.71
GER-Bundesliga,2324,Stuttgart,Josha Vagnoman,GER,"MF,DF",22,2000,18,12,1183,13.1,2,2,4,2,0,0,2,0,0.15,0.15,0.3,0.15,0.3
GER-Bundesliga,2324,Stuttgart,Jovan Milošević,SRB,FW,18,2005,5,0,28,0.3,0,0,0,0,0,0,0,0,0.0,0.0,0.0,0.0,0.0
GER-Bundesliga,2324,Stuttgart,Leonidas Stergiou,SUI,DF,21,2002,15,6,594,6.6,1,0,1,1,0,0,0,0,0.15,0.0,0.15,0.15,0.15
GER-Bundesliga,2324,Stuttgart,Lilian Egloff,GER,MF,20,2002,5,1,106,1.2,0,0,0,0,0,0,1,0,0.0,0.0,0.0,0.0,0.0
GER-Bundesliga,2324,Stuttgart,Luca Raimund,GER,MF,18,2005,3,0,30,0.3,0,0,0,0,0,0,1,0,0.0,0.0,0.0,0.0,0.0
GER-Bundesliga,2324,Stuttgart,Mahmoud Dahoud,GER,MF,27,1996,13,1,227,2.5,1,0,1,1,0,0,0,0,0.4,0.0,0.4,0.4,0.4
GER-Bundesliga,2324,Stuttgart,Maximilian Mittelstädt,GER,"DF,MF",26,1997,31,23,2103,23.4,2,4,6,2,0,0,5,0,0.09,0.17,0.26,0.09,0.26
GER-Bundesliga,2324,Stuttgart,Pascal Stenzel,GER,DF,27,1996,23,14,1064,11.8,0,5,5,0,0,0,3,1,0.0,0.42,0.42,0.0,0.42
GER-Bundesliga,2324,Stuttgart,Roberto Massimo,GER,"FW,MF",22,2000,5,0,84,0.9,0,0,0,0,0,0,1,0,0.0,0.0,0.0,0.0,0.0
GER-Bundesliga,2324,Stuttgart,Samuele Di Benedetto,GER,MF,18,2005,1,0,7,0.1,0,0,0,0,0,0,0,0,0.0,0.0,0.0,0.0,0.0
GER-Bundesliga,2324,Stuttgart,Serhou Guirassy,GUI,FW,27,1996,28,25,2208,24.5,28,3,31,24,4,4,0,0,1.14,0.12,1.26,0.98,1.1
GER-Bundesliga,2324,Stuttgart,Silas Katompa,COD,MF,24,1998,27,8,900,10.0,5,2,7,5,0,1,0,0,0.5,0.2,0.7,0.5,0.7
GER-Bundesliga,2324,Stuttgart,Waldemar Anton,GER,DF,27,1996,33,32,2886,32.1,0,3,3,0,0,0,7,0,0.0,0.09,0.09,0.0,0.09
GER-Bundesliga,2324,Union Berlin,Alex Král,CZE,MF,25,1998,24,13,1370,15.2,0,0,0,0,0,0,2,0,0.0,0.0,0.0,0.0,0.0
GER-Bundesliga,2324,Union Berlin,Alexander Schwolow,GER,GK,31,1992,1,1,90,1.0,0,0,0,0,0,0,0,0,0.0,0.0,0.0,0.0,0.0
GER-Bundesliga,2324,Union Berlin,Aljoscha Kemlein,GER,MF,18,2004,2,0,29,0.3,0,0,0,0,0,0,0,0,0.0,0.0,0.0,0.0,0.0
GER-Bundesliga,2324,Union Berlin,András Schäfer,HUN,MF,24,1999,20,14,1214,13.5,1,2,3,1,0,0,1,1,0.07,0.15,0.22,0.07,0.22
GER-Bundesliga,2324,Union Berlin,Aïssa Laïdouni,TUN,MF,26,1996,23,10,1071,11.9,0,3,3,0,0,0,2,0,0.0,0.25,0.25,0.0,0.25
GER-Bundesliga,2324,Union Berlin,Benedict Hollerbach,GER,"FW,MF",22,2001,28,15,1282,14.2,5,0,5,5,0,0,2,0,0.35,0.0,0.35,0.35,0.35
GER-Bundesliga,2324,Union Berlin,Brenden Aaronson,USA,"MF,FW",22,2000,30,14,1267,14.1,2,2,4,2,0,0,3,1,0.14,0.14,0.28,0.14,0.28
GER-Bundesliga,2324,Union Berlin,Chris Bedia,CIV,FW,27,1996,7,0,145,1.6,1,0,1,1,0,0,0,0,0.62,0.0,0.62,0.62,0.62
GER-Bundesliga,2324,Union Berlin,Christopher Trimmel,AUT,"MF,DF",36,1987,26,19,1646,18.3,0,2,2,0,0,0,2,1,0.0,0.11,0.11,0.0,0.11
GER-Bundesliga,2324,Union Berlin,Danilho Doekhi,NED,DF,25,1998,24,24,2160,24.0,2,0,2,2,0,0,2,0,0.08,0.0,0.08,0.08,0.08
GER-Bundesliga,2324,Union Berlin,David Datro Fofana,CIV,"FW,MF",20,2002,12,8,682,7.6,1,0,1,1,0,0,0,0,0.13,0.0,0.13,0.13,0.13
GER-Bundesliga,2324,Union Berlin,Diogo Leite,POR,DF,24,1999,32,31,2702,30.0,0,0,0,0,0,0,6,0,0.0,0.0,0.0,0.0,0.0
GER-Bundesliga,2324,Union Berlin,Frederik Rønnow,DEN,GK,30,1992,33,33,2970,33.0,0,0,0,0,0,0,2,0,0.0,0.0,0.0,0.0,0.0
GER-Bundesliga,2324,Union Berlin,Janik Haberer,GER,MF,29,1994,21,14,1221,13.6,1,1,2,1,0,0,7,0,0.07,0.07,0.15,0.07,0.15
GER-Bundesliga,2324,Union Berlin,Jordan Pefok,USA,FW,27,1996,1,0,27,0.3,0,0,0,0,0,0,0,0,0.0,0.0,0.0,0.0,0.0
GER-Bundesliga,2324,Union Berlin,Josip Juranović,CRO,"MF,DF",27,1995,21,14,1294,14.4,0,2,2,0,0,1,4,0,0.0,0.14,0.14,0.0,0.14
GER-Bundesliga,2324,Union Berlin,Jérôme Roussillon,GLP,"DF,MF",30,1993,23,8,752,8.4,0,1,1,0,0,0,2,0,0.0,0.12,0.12,0.0,0.12
GER-Bundesliga,2324,Union Berlin,Kevin Behrens,GER,FW,32,1991,18,14,1262,14.0,4,0,4,4,0,0,3,0,0.29,0.0,0.29,0.29,0.29
GER-Bundesliga,2324,Union Berlin,Kevin Vogt,GER,DF,31,1991,16,16,1323,14.7,0,0,0,0,0,0,5,0,0.0,0.0,0.0,0.0,0.0
GER-Bundesliga,2324,Union Berlin,Kevin Volland,GER,"FW,MF",31,1992,26,17,1345,14.9,3,4,7,1,2,3,3,2,0.2,0.27,0.47,0.07,0.33
GER-Bundesliga,2324,Union Berlin,Leonardo Bonucci,ITA,DF,36,1987,7,6,460,5.1,1,0,1,0,1,1,0,0,0.2,0.0,0.2,0.0,0.0
GER-Bundesliga,2324,Union Berlin,Lucas Tousart,FRA,MF,26,1997,23,18,1572,17.5,0,0,0,0,0,0,5,0,0.0,0.0,0.0,0.0,0.0
GER-Bundesliga,2324,Union Berlin,Mikkel Kaufmann,DEN,FW,22,2001,18,4,486,5.4,1,0,1,1,0,0,0,0,0.19,0.0,0.19,0.19,0.19
GER-Bundesliga,2324,Union Berlin,Miloš Pantović,SRB,"FW,MF",27,1996,1,0,15,0.2,1,0,1,1,0,0,0,0,6.0,0.0,6.0,6.0,6.0
GER-Bundesliga,2324,Union Berlin,Paul Jaeckel,GER,DF,25,1998,6,2,234,2.6,0,0,0,0,0,0,0,0,0.0,0.0,0.0,0.0,0.0
GER-Bundesliga,2324,Union Berlin,Rani Khedira,TUN,MF,29,1994,20,18,1343,14.9,0,0,0,0,0,0,5,1,0.0,0.0,0.0,0.0,0.0
GER-Bundesliga,2324,Union Berlin,Robin Gosens,GER,"MF,DF",29,1994,30,27,2283,25.4,6,3,9,6,0,0,9,1,0.24,0.12,0.35,0.24,0.35
GER-Bundesliga,2324,Union Berlin,Robin Knoche,GER,DF,31,1992,24,20,1917,21.3,1,0,1,1,0,1,1,0,0.05,0.0,0.05,0.05,0.05
GER-Bundesliga,2324,Union Berlin,Sheraldo Becker,SUR,"FW,MF",28,1995,11,7,645,7.2,0,1,1,0,0,0,0,0,0.0,0.14,0.14,0.0,0.14
GER-Bundesliga,2324,Union Berlin,Yorbe Vertessen,BEL,"FW,MF",22,2001,13,7,593,6.6,3,2,5,3,0,0,1,0,0.46,0.3,0.76,0.46,0.76
GER-Bundesliga,2324,Werder Bremen,Amos Pieper,GER,DF,25,1998,7,7,590,6.6,0,0,0,0,0,0,0,0,0.0,0.0,0.0,0.0,0.0
GER-Bundesliga,2324,Werder Bremen,Anthony Jung,GER,"DF,MF",31,1991,31,30,2579,28.7,1,0,1,1,0,0,4,1,0.03,0.0,0.03,0.03,0.03
GER-Bundesliga,2324,Werder Bremen,Christian Groß,GER,"DF,MF",34,1989,20,8,797,8.9,0,1,1,0,0,0,1,0,0.0,0.11,0.11,0.0,0.11
GER-Bundesliga,2324,Werder Bremen,Dawid Kownacki,POL,FW,26,1997,22,3,380,4.2,0,0,0,0,0,0,0,0,0.0,0.0,0.0,0.0,0.0
GER-Bundesliga,2324,Werder Bremen,Felix Agu,NGA,MF,23,1999,24,19,1614,17.9,0,0,0,0,0,0,2,0,0.0,0.0,0.0,0.0,0.0
GER-Bundesliga,2324,Werder Bremen,Ilia Gruev,BUL,MF,23,2000,1,0,4,0.0,0,0,0,0,0,0,0,0,0.0,0.0,0.0,0.0,0.0
GER-Bundesliga,2324,Werder Bremen,Isak Hansen-Aarøen,NOR,MF,18,2004,3,0,27,0.3,0,0,0,0,0,0,1,0,0.0,0.0,0.0,0.0,0.0
GER-Bundesliga,2324,Werder Bremen,Jens Stage,DEN,MF,26,1996,30,26,2327,25.9,3,1,4,3,0,0,5,1,0.12,0.04,0.15,0.12,0.15
GER-Bundesliga,2324,Werder Bremen,Jiří Pavlenka,CZE,GK,31,1992,7,7,630,7.0,0,0,0,0,0,0,0,0,0.0,0.0,0.0,0.0,0.0
GER-Bundesliga,2324,Werder Bremen,Joel Imasuen,USA,FW,18,2004,1,0,2,0.0,0,0,0,0,0,0,0,0,0.0,0.0,0.0,0.0,0.0
GER-Bundesliga,2324,Werder Bremen,Julián Malatini,ARG,DF,22,2001,11,6,602,6.7,1,0,1,1,0,0,1,0,0.15,0.0,0.15,0.15,0.15
GER-Bundesliga,2324,Werder Bremen,Justin Njinmah,GER,FW,22,2000,24,10,1016,11.3,6,2,8,6,0,0,1,0,0.53,0.18,0.71,0.53,0.71
GER-Bundesliga,2324,Werder Bremen,Leon Opitz,GER,MF,18,2005,3,0,18,0.2,0,0,0,0,0,0,0,0,0.0,0.0,0.0,0.0,0.0
GER-Bundesliga,2324,Werder Bremen,Leonardo Bittencourt,GER,MF,29,1993,29,19,1578,17.5,1,2,3,1,0,0,9,0,0.06,0.11,0.17,0.06,0.17
GER-Bundesliga,2324,Werder Bremen,Marco Friedl,AUT,DF,25,1998,25,25,2197,24.4,1,0,1,1,0,0,6,0,0.04,0.0,0.04,0.04,0.04
GER-Bundesliga,2324,Werder Bremen,Marvin Ducksch,GER,FW,29,1994,33,32,2696,30.0,12,9,21,7,5,6,9,0,0.4,0.3,0.7,0.23,0.53
GER-Bundesliga,2324,Werder Bremen,Michael Zetterer,GER,GK,28,1995,27,27,2430,27.0,0,0,0,0,0,0,2,0,0.0,0.0,0.0,0.0,0.0
GER-Bundesliga,2324,Werder Bremen,Miloš Veljković,SRB,DF,27,1995,23,21,1920,21.3,2,1,3,2,0,0,2,0,0.09,0.05,0.14,0.09,0.14
GER-Bundesliga,2324,Werder Bremen,Mitchell Weiser,GER,MF,29,1994,30,30,2636,29.3,3,7,10,3,0,0,5,0,0.1,0.24,0.34,0.1,0.34
GER-Bundesliga,2324,Werder Bremen,Naby Keïta,GUI,MF,28,1995,5,1,109,1.2,0,0,0,0,0,0,2,0,0.0,0.0,0.0,0.0,0.0
GER-Bundesliga,2324,Werder Bremen,Nick Woltemade,GER,"FW,MF",21,2002,30,12,1189,13.2,2,0,2,2,0,0,1,0,0.15,0.0,0.15,0.15,0.15
GER-Bundesliga,2324,Werder Bremen,Niclas Füllkrug,GER,FW,30,1993,2,2,180,2.0,0,0,0,0,0,0,0,0,0.0,0.0,0.0,0.0,0.0
GER-Bundesliga,2324,Werder Bremen,Nicolai Rapp,GER,DF,26,1996,2,1,76,0.8,0,0,0,0,0,0,1,0,0.0,0.0,0.0,0.0,0.0
GER-Bundesliga,2324,Werder Bremen,Niklas Stark,GER,DF,28,1995,17,12,1088,12.1,2,0,2,2,0,0,4,0,0.17,0.0,0.17,0.17,0.17
GER-Bundesliga,2324,Werder Bremen,Oliver Burke,SCO,"FW,MF",26,1997,1,0,32,0.4,0,0,0,0,0,0,0,0,0.0,0.0,0.0,0.0,0.0
GER-Bundesliga,2324,Werder Bremen,Olivier Deman,BEL,MF,23,2000,29,14,1365,15.2,2,1,3,2,0,0,5,0,0.13,0.07,0.2,0.13,0.2
GER-Bundesliga,2324,Werder Bremen,Rafael Borré,COL,FW,27,1995,19,11,991,11.0,4,0,4,4,0,0,0,0,0.36,0.0,0.36,0.36,0.36
GER-Bundesliga,2324,Werder Bremen,Romano Schmid,AUT,"MF,FW",23,2000,33,30,2601,28.9,4,6,10,4,0,0,5,0,0.14,0.21,0.35,0.14,0.35
GER-Bundesliga,2324,Werder Bremen,Senne Lynen,BEL,MF,24,1999,32,20,1797,20.0,0,3,3,0,0,0,6,0,0.0,0.15,0.15,0.0,0.15
GER-Bundesliga,2324,Werder Bremen,Skelly Alvero,FRA,MF,21,2002,6,1,123,1.4,1,0,1,1,0,0,1,0,0.73,0.0,0.73,0.73,0.73
GER-Bundesliga,2324,Wolfsburg,Amin Sarr,SWE,"MF,FW",22,2001,14,2,386,4.3,0,0,0,0,0,0,0,0,0.0,0.0,0.0,0.0,0.0
GER-Bundesliga,2324,Wolfsburg,Aster Vranckx,BEL,MF,20,2002,24,12,1153,12.8,0,0,0,0,0,0,6,0,0.0,0.0,0.0,0.0,0.0
GER-Bundesliga,2324,Wolfsburg,Bennit Bröger,GER,MF,17,2006,1,0,11,0.1,0,0,0,0,0,0,0,0,0.0,0.0,0.0,0.0,0.0
GER-Bundesliga,2324,Wolfsburg,Cedric Zesiger,SUI,DF,25,1998,23,18,1634,18.2,0,0,0,0,0,0,5,0,0.0,0.0,0.0,0.0,0.0
GER-Bundesliga,2324,Wolfsburg,Dženan Pejčinović,GER,FW,18,2005,4,0,37,0.4,0,0,0,0,0,0,1,0,0.0,0.0,0.0,0.0,0.0
GER-Bundesliga,2324,Wolfsburg,Jakub Kamiński,POL,MF,21,2002,17,4,473,5.3,0,2,2,0,0,0,0,0,0.0,0.38,0.38,0.0,0.38
GER-Bundesliga,2324,Wolfsburg,Joakim Mæhle,DEN,"DF,MF",26,1997,30,27,2452,27.2,2,3,5,2,0,0,5,0,0.07,0.11,0.18,0.07,0.18
GER-Bundesliga,2324,Wolfsburg,Jonas Wind,DEN,FW,24,1999,34,31,2651,29.5,11,7,18,11,0,1,3,0,0.37,0.24,0.61,0.37,0.61
GER-Bundesliga,2324,Wolfsburg,Kevin Behrens,GER,FW,32,1991,13,7,616,6.8,1,1,2,1,0,0,1,0,0.15,0.15,0.29,0.15,0.29
GER-Bundesliga,2324,Wolfsburg,Kevin Paredes,USA,"MF,DF",20,2003,28,15,1432,15.9,3,0,3,3,0,0,4,0,0.19,0.0,0.19,0.19,0.19
GER-Bundesliga,2324,Wolfsburg,Kilian Fischer,GER,"MF,DF",22,2000,6,4,291,3.2,0,0,0,0,0,0,1,0,0.0,0.0,0.0,0.0,0.0
GER-Bundesliga,2324,Wolfsburg,Koen Casteels,BEL,GK,31,1992,25,25,2250,25.0,0,0,0,0,0,0,2,0,0.0,0.0,0.0,0.0,0.0
GER-Bundesliga,2324,Wolfsburg,Kofi Amoako,GER,MF,18,2005,2,0,2,0.0,0,0,0,0,0,0,0,0,0.0,0.0,0.0,0.0,0.0
GER-Bundesliga,2324,Wolfsburg,Lovro Majer,CRO,"MF,FW",25,1998,32,25,2106,23.4,5,5,10,3,2,2,5,0,0.21,0.21,0.43,0.13,0.34
GER-Bundesliga,2324,Wolfsburg,Lukas Nmecha,GER,FW,24,1998,3,0,42,0.5,1,0,1,1,0,0,0,0,2.14,0.0,2.14,2.14,2.14
GER-Bundesliga,2324,Wolfsburg,Mattias Svanberg,SWE,MF,24,1999,25,20,1715,19.1,1,3,4,1,0,0,8,0,0.05,0.16,0.21,0.05,0.21
GER-Bundesliga,2324,Wolfsburg,Maxence Lacroix,FRA,DF,23,2000,28,27,2362,26.2,4,1,5,4,0,0,5,3,0.15,0.04,0.19,0.15,0.19
GER-Bundesliga,2324,Wolfsburg,Maximilian Arnold,GER,MF,29,1994,30,27,2506,27.8,2,1,3,2,0,0,9,0,0.07,0.04,0.11,0.07,0.11
GER-Bundesliga,2324,Wolfsburg,Moritz Jenz,GER,DF,24,1999,22,21,1742,19.4,0,1,1,0,0,0,7,1,0.0,0.05,0.05,0.0,0.05
GER-Bundesliga,2324,Wolfsburg,Nicolas Cozza,FRA,DF,24,1999,6,3,276,3.1,0,0,0,0,0,0,1,0,0.0,0.0,0.0,0.0,0.0
GER-Bundesliga,2324,Wolfsburg,Patrick Wimmer,AUT,"MF,FW",22,2001,14,8,589,6.5,2,0,2,2,0,0,3,1,0.31,0.0,0.31,0.31,0.31
GER-Bundesliga,2324,Wolfsburg,Pavao Pervan,AUT,GK,35,1987,9,9,810,9.0,0,0,0,0,0,0,1,0,0.0,0.0,0.0,0.0,0.0
GER-Bundesliga,2324,Wolfsburg,Ridle Baku,GER,"MF,DF",25,1998,33,22,2013,22.4,1,0,1,1,0,0,4,0,0.04,0.0,0.04,0.04,0.04
GER-Bundesliga,2324,Wolfsburg,Rogério,BRA,"DF,MF",25,1998,13,10,906,10.1,1,0,1,1,0,0,0,0,0.1,0.0,0.1,0.1,0.1
GER-Bundesliga,2324,Wolfsburg,Sebastiaan Bornauw,BEL,DF,24,1999,20,16,1431,15.9,0,0,0,0,0,0,5,0,0.0,0.0,0.0,0.0,0.0
GER-Bundesliga,2324,Wolfsburg,Tiago Tomás,POR,"FW,MF",21,2002,26,11,1032,11.5,1,1,2,1,0,0,3,0,0.09,0.09,0.17,0.09,0.17
GER-Bundesliga,2324,Wolfsburg,Václav Černý,CZE,"MF,FW",25,1997,22,12,921,10.2,4,1,5,4,0,0,2,0,0.39,0.1,0.49,0.39,0.49
GER-Bundesliga,2324,Wolfsburg,Yannick Gerhardt,GER,MF,29,1994,25,18,1630,18.1,2,1,3,2,0,0,5,0,0.11,0.06,0.17,0.11,0.17
ITA-Serie A,2324,Atalanta,Ademola Lookman,NGA,"FW,MF",25,1997,31,22,1894,21.0,11,7,18,11,0,0,4,0,0.52,0.33,0.86,0.52,0.86
ITA-Serie A,2324,Atalanta,Aleksei Miranchuk,RUS,"MF,FW",27,1995,27,12,1176,13.1,3,5,8,3,0,0,1,0,0.23,0.38,0.61,0.23,0.61
ITA-Serie A,2324,Atalanta,Berat Djimsiti,ALB,DF,30,1993,37,32,2832,31.5,0,1,1,0,0,0,5,0,0.0,0.03,0.03,0.0,0.03
ITA-Serie A,2324,Atalanta,Charles De Ketelaere,BEL,"FW,MF",22,2001,35,25,2026,22.5,10,8,18,9,1,1,1,0,0.44,0.36,0.8,0.4,0.76
ITA-Serie A,2324,Atalanta,Davide Zappacosta,ITA,MF,31,1992,31,23,1867,20.7,2,1,3,2,0,0,5,0,0.1,0.05,0.14,0.1,0.14
ITA-Serie A,2324,Atalanta,Duván Zapata,COL,FW,32,1991,2,2,112,1.2,1,0,1,1,0,0,0,0,0.8,0.0,0.8,0.8,0.8
ITA-Serie A,2324,Atalanta,El Bilal Touré,MLI,FW,21,2001,11,3,394,4.4,2,0,2,2,0,0,2,0,0.46,0.0,0.46,0.46,0.46
ITA-Serie A,2324,Atalanta,Emil Holm,SWE,MF,23,2000,22,12,947,10.5,1,1,2,1,0,0,5,0,0.1,0.1,0.19,0.1,0.19
ITA-Serie A,2324,Atalanta,Francesco Rossi,ITA,GK,32,1991,1,0,5,0.1,0,0,0,0,0,0,0,0,0.0,0.0,0.0,0.0,0.0
ITA-Serie A,2324,Atalanta,Gianluca Scamacca,ITA,FW,24,1999,29,17,1453,16.1,12,6,18,12,0,0,1,0,0.74,0.37,1.11,0.74,1.11
ITA-Serie A,2324,Atalanta,Giorgio Scalvini,ITA,DF,19,2003,33,31,2544,28.3,1,3,4,1,0,0,3,0,0.04,0.11,0.14,0.04,0.14
ITA-Serie A,2324,Atalanta,Giovanni Bonfanti,ITA,DF,20,2003,2,1,89,1.0,0,0,0,0,0,0,0,0,0.0,0.0,0.0,0.0,0.0
ITA-Serie A,2324,Atalanta,Hans Hateboer,NED,MF,29,1994,23,10,1113,12.4,0,1,1,0,0,0,5,0,0.0,0.08,0.08,0.0,0.08
ITA-Serie A,2324,Atalanta,Isak Hien,SWE,DF,24,1999,16,9,937,10.4,0,1,1,0,0,0,3,0,0.0,0.1,0.1,0.0,0.1
ITA-Serie A,2324,Atalanta,José Luis Palomino,ARG,DF,33,1990,4,0,27,0.3,0,0,0,0,0,0,0,0,0.0,0.0,0.0,0.0,0.0
ITA-Serie A,2324,Atalanta,Juan Musso,ARG,GK,29,1994,11,11,990,11.0,0,0,0,0,0,0,0,0,0.0,0.0,0.0,0.0,0.0
ITA-Serie A,2324,Atalanta,Leonardo Mendicino,ITA,MF,17,2006,1,0,1,0.0,0,0,0,0,0,0,0,0,0.0,0.0,0.0,0.0,0.0
ITA-Serie A,2324,Atalanta,Luis Muriel,COL,FW,32,1991,18,2,409,4.5,2,1,3,2,0,0,0,0,0.44,0.22,0.66,0.44,0.66
ITA-Serie A,2324,Atalanta,Marco Carnesecchi,ITA,GK,23,2000,27,27,2425,26.9,0,0,0,0,0,0,0,0,0.0,0.0,0.0,0.0,0.0
ITA-Serie A,2324,Atalanta,Mario Pašalić,CRO,MF,28,1995,34,23,2051,22.8,6,6,12,4,2,2,3,0,0.26,0.26,0.53,0.18,0.44
ITA-Serie A,2324,Atalanta,Marten de Roon,NED,"MF,DF",32,1991,30,29,2599,28.9,0,5,5,0,0,0,10,0,0.0,0.17,0.17,0.0,0.17
ITA-Serie A,2324,Atalanta,Matteo Ruggeri,ITA,MF,21,2002,34,28,2449,27.2,0,4,4,0,0,0,3,0,0.0,0.15,0.15,0.0,0.15
ITA-Serie A,2324,Atalanta,Michel Ndary Adopo,FRA,MF,23,2000,10,0,109,1.2,0,1,1,0,0,0,0,0,0.0,0.83,0.83,0.0,0.83
ITA-Serie A,2324,Atalanta,Mitchel Bakker,NED,MF,23,2000,14,3,382,4.2,1,0,1,1,0,0,1,0,0.24,0.0,0.24,0.24,0.24
ITA-Serie A,2324,Atalanta,Nadir Zortea,ITA,"DF,MF",24,1999,5,0,149,1.7,1,0,1,1,0,0,1,0,0.6,0.0,0.6,0.6,0.6
ITA-Serie A,2324,Atalanta,Rafael Tolói,ITA,DF,32,1990,18,10,965,10.7,0,0,0,0,0,0,6,1,0.0,0.0,0.0,0.0,0.0
ITA-Serie A,2324,Atalanta,Sead Kolašinac,BIH,DF,30,1993,30,25,2178,24.2,1,0,1,1,0,0,4,0,0.04,0.0,0.04,0.04,0.04
ITA-Serie A,2324,Atalanta,Teun Koopmeiners,NED,MF,25,1998,34,29,2627,29.2,12,5,17,10,2,2,5,0,0.41,0.17,0.58,0.34,0.51
ITA-Serie A,2324,Atalanta,Éderson Silva,BRA,MF,24,1999,36,32,2869,31.9,6,1,7,6,0,0,8,0,0.19,0.03,0.22,0.19,0.22
ITA-Serie A,2324,Bologna,Alexis Saelemaekers,BEL,MF,24,1999,30,21,1887,21.0,4,2,6,4,0,0,7,1,0.19,0.1,0.29,0.19,0.29
ITA-Serie A,2324,Bologna,Babis Lykogiannis,GRE,DF,29,1993,22,10,904,10.0,2,1,3,2,0,0,2,0,0.2,0.1,0.3,0.2,0.3
ITA-Serie A,2324,Bologna,Dan Ndoye,SUI,"MF,FW",22,2000,32,20,1771,19.7,1,1,2,1,0,0,4,0,0.05,0.05,0.1,0.05,0.1
ITA-Serie A,2324,Bologna,Federico Ravaglia,ITA,GK,23,1999,6,6,535,5.9,0,0,0,0,0,0,0,0,0.0,0.0,0.0,0.0,0.0
ITA-Serie A,2324,Bologna,Giovanni Fabbian,ITA,MF,20,2003,27,11,1057,11.7,5,2,7,5,0,0,4,0,0.43,0.17,0.6,0.43,0.6
ITA-Serie A,2324,Bologna,Jens Odgaard,DEN,"MF,FW",24,1999,10,5,431,4.8,2,0,2,2,0,0,1,0,0.42,0.0,0.42,0.42,0.42
ITA-Serie A,2324,Bologna,Jesper Karlsson,SWE,MF,25,1998,7,4,344,3.8,0,0,0,0,0,0,0,0,0.0,0.0,0.0,0.0,0.0
ITA-Serie A,2324,Bologna,Jhon Lucumí,COL,DF,25,1998,29,23,2217,24.6,0,0,0,0,0,0,1,0,0.0,0.0,0.0,0.0,0.0
ITA-Serie A,2324,Bologna,Joshua Zirkzee,NED,FW,22,2001,34,32,2759,30.7,11,4,15,9,2,2,8,0,0.36,0.13,0.49,0.29,0.42
ITA-Serie A,2324,Bologna,Kacper Urbanski,POL,"MF,FW",18,2004,22,9,926,10.3,0,1,1,0,0,0,2,0,0.0,0.1,0.1,0.0,0.1
ITA-Serie A,2324,Bologna,Kevin Bonifazi,ITA,DF,27,1996,1,1,90,1.0,0,0,0,0,0,0,0,0,0.0,0.0,0.0,0.0,0.0
ITA-Serie A,2324,Bologna,Lewis Ferguson,SCO,MF,23,1999,31,31,2712,30.1,6,3,9,6,0,0,8,0,0.2,0.1,0.3,0.2,0.3
ITA-Serie A,2324,Bologna,Lorenzo De Silvestri,ITA,DF,35,1988,15,7,674,7.5,2,0,2,2,0,0,0,0,0.27,0.0,0.27,0.27,0.27
ITA-Serie A,2324,Bologna,Michel Aebischer,SUI,MF,26,1997,36,26,2230,24.8,0,1,1,0,0,0,8,0,0.0,0.04,0.04,0.0,0.04
ITA-Serie A,2324,Bologna,Nicola Bagnolini,ITA,GK,19,2004,1,0,5,0.1,0,0,0,0,0,0,0,0,0.0,0.0,0.0,0.0,0.0
ITA-Serie A,2324,Bologna,Nicolás Domínguez,ARG,MF,25,1998,2,1,102,1.1,0,0,0,0,0,0,0,0,0.0,0.0,0.0,0.0,0.0
ITA-Serie A,2324,Bologna,Nikola Moro,CRO,"MF,FW",25,1998,23,10,840,9.3,1,0,1,1,0,0,0,0,0.11,0.0,0.11,0.11,0.11
ITA-Serie A,2324,Bologna,Oussama El Azzouzi,MAR,MF,22,2001,18,5,547,6.1,2,2,4,2,0,0,4,0,0.33,0.33,0.66,0.33,0.66
ITA-Serie A,2324,Bologna,Remo Freuler,SUI,MF,31,1992,32,30,2624,29.2,1,1,2,1,0,0,9,0,0.03,0.03,0.07,0.03,0.07
ITA-Serie A,2324,Bologna,Riccardo Calafiori,ITA,DF,21,2002,30,26,2349,26.1,2,5,7,2,0,0,4,0,0.08,0.19,0.27,0.08,0.27
ITA-Serie A,2324,Bologna,Riccardo Orsolini,ITA,MF,26,1997,33,19,1792,19.9,10,2,12,8,2,3,2,0,0.5,0.1,0.6,0.4,0.5
ITA-Serie A,2324,Bologna,Sam Beukema,NED,DF,24,1998,30,29,2547,28.3,1,1,2,1,0,0,6,1,0.04,0.04,0.07,0.04,0.07
ITA-Serie A,2324,Bologna,Santiago Castro,ARG,FW,18,2004,8,2,242,2.7,1,1,2,1,0,0,1,0,0.37,0.37,0.74,0.37,0.74
ITA-Serie A,2324,Bologna,Stefan Posch,AUT,DF,26,1997,31,29,2409,26.8,1,2,3,1,0,0,7,0,0.04,0.07,0.11,0.04,0.11
ITA-Serie A,2324,Bologna,Sydney van Hooijdonk,NED,FW,23,2000,9,2,212,2.4,0,0,0,0,0,0,0,0,0.0,0.0,0.0,0.0,0.0
ITA-Serie A,2324,Bologna,Tommaso Corazza,ITA,DF,19,2004,9,1,195,2.2,0,0,0,0,0,0,1,0,0.0,0.0,0.0,0.0,0.0
ITA-Serie A,2324,Bologna,Victor Bernth Kristiansen,DEN,DF,20,2002,32,26,2307,25.6,0,3,3,0,0,0,4,0,0.0,0.12,0.12,0.0,0.12
ITA-Serie A,2324,Bologna,Łukasz Skorupski,POL,GK,32,1991,32,32,2880,32.0,0,0,0,0,0,0,2,0,0.0,0.0,0.0,0.0,0.0
ITA-Serie A,2324,Cagliari,Adam Obert,SVK,DF,20,2002,17,10,941,10.5,0,0,0,0,0,0,1,0,0.0,0.0,0.0,0.0,0.0
ITA-Serie A,2324,Cagliari,Alberto Dossena,ITA,DF,24,1998,35,33,2977,33.1,2,4,6,2,0,0,5,0,0.06,0.12,0.18,0.06,0.18
ITA-Serie A,2324,Cagliari,Alessandro Deiola,ITA,MF,27,1995,27,19,1608,17.9,1,0,1,1,0,0,7,0,0.06,0.0,0.06,0.06,0.06
ITA-Serie A,2324,Cagliari,Alessandro Di Pardo,ITA,"MF,DF",24,1999,15,2,359,4.0,0,0,0,0,0,0,0,0,0.0,0.0,0.0,0.0,0.0
ITA-Serie A,2324,Cagliari,Andrea Petagna,ITA,FW,28,1995,18,13,995,11.1,1,1,2,1,0,0,2,0,0.09,0.09,0.18,0.09,0.18
ITA-Serie A,2324,Cagliari,Antoine Makoumbou,CGO,MF,25,1998,32,32,2702,30.0,1,0,1,1,0,0,5,2,0.03,0.0,0.03,0.03,0.03
ITA-Serie A,2324,Cagliari,Boris Radunović,SRB,GK,27,1996,7,7,630,7.0,0,0,0,0,0,0,0,0,0.0,0.0,0.0,0.0,0.0
ITA-Serie A,2324,Cagliari,Edoardo Goldaniga,ITA,DF,29,1993,13,12,1011,11.2,0,0,0,0,0,0,3,0,0.0,0.0,0.0,0.0,0.0
ITA-Serie A,2324,Cagliari,Eldor Shomurodov,UZB,"MF,FW",28,1995,22,10,936,10.4,3,3,6,3,0,0,1,0,0.29,0.29,0.58,0.29,0.58
ITA-Serie A,2324,Cagliari,Gabriele Zappa,ITA,"DF,MF",23,1999,38,25,2561,28.5,1,3,4,1,0,0,2,0,0.04,0.11,0.14,0.04,0.14
ITA-Serie A,2324,Cagliari,Gaetano Oristanio,ITA,"FW,MF",20,2002,25,11,1104,12.3,2,1,3,2,0,0,1,0,0.16,0.08,0.24,0.16,0.24
ITA-Serie A,2324,Cagliari,Gianluca Gaetano,ITA,"MF,FW",23,2000,11,10,745,8.3,4,1,5,3,1,1,1,1,0.48,0.12,0.6,0.36,0.48
ITA-Serie A,2324,Cagliari,Gianluca Lapadula,PER,FW,33,1990,23,14,1205,13.4,3,1,4,2,1,1,3,0,0.22,0.07,0.3,0.15,0.22
ITA-Serie A,2324,Cagliari,Ibrahim Sulemana,GHA,MF,20,2003,21,16,1339,14.9,2,0,2,2,0,0,4,0,0.13,0.0,0.13,0.13,0.13
ITA-Serie A,2324,Cagliari,Jakub Jankto,CZE,MF,27,1996,18,13,872,9.7,1,2,3,1,0,0,0,0,0.1,0.21,0.31,0.1,0.31
ITA-Serie A,2324,Cagliari,Kingstone Mutandwa,ZAM,FW,20,2003,5,0,39,0.4,1,0,1,1,0,0,0,0,2.31,0.0,2.31,2.31,2.31
ITA-Serie A,2324,Cagliari,Leonardo Pavoletti,ITA,FW,34,1988,19,5,628,7.0,4,1,5,4,0,0,4,0,0.57,0.14,0.72,0.57,0.72
ITA-Serie A,2324,Cagliari,Marco Mancosu,ITA,"MF,FW",34,1988,6,3,156,1.7,0,0,0,0,0,1,0,0,0.0,0.0,0.0,0.0,0.0
ITA-Serie A,2324,Cagliari,Mateusz Wieteska,POL,DF,26,1997,19,10,965,10.7,0,1,1,0,0,0,5,1,0.0,0.09,0.09,0.0,0.09
ITA-Serie A,2324,Cagliari,Matteo Prati,ITA,MF,19,2003,26,19,1972,21.9,1,1,2,1,0,0,4,0,0.05,0.05,0.09,0.05,0.09
ITA-Serie A,2324,Cagliari,Nahitan Nández,URU,"MF,DF",27,1995,33,29,2341,26.0,2,3,5,1,1,1,7,0,0.08,0.12,0.19,0.04,0.15
ITA-Serie A,2324,Cagliari,Nicolas Viola,ITA,"MF,FW",33,1989,26,11,1207,13.4,5,2,7,5,0,1,3,0,0.37,0.15,0.52,0.37,0.52
ITA-Serie A,2324,Cagliari,Pantelis Hatzidiakos,GRE,DF,26,1997,13,13,856,9.5,0,0,0,0,0,0,1,0,0.0,0.0,0.0,0.0,0.0
ITA-Serie A,2324,Cagliari,Paulo Azzi,BRA,"MF,DF",29,1994,25,9,950,10.6,0,0,0,0,0,0,1,0,0.0,0.0,0.0,0.0,0.0
ITA-Serie A,2324,Cagliari,Simone Aresti,ITA,GK,37,1986,1,0,1,0.0,0,0,0,0,0,0,0,0,0.0,0.0,0.0,0.0,0.0
ITA-Serie A,2324,Cagliari,Simone Scuffet,ITA,GK,27,1996,31,31,2789,31.0,0,0,0,0,0,0,3,0,0.0,0.0,0.0,0.0,0.0
ITA-Serie A,2324,Cagliari,Tommaso Augello,ITA,"DF,MF",28,1994,32,28,2418,26.9,1,1,2,1,0,0,5,0,0.04,0.04,0.07,0.04,0.07
ITA-Serie A,2324,Cagliari,Yerry Mina,COL,DF,28,1994,14,14,1215,13.5,2,0,2,1,1,1,4,0,0.15,0.0,0.15,0.07,0.07
ITA-Serie A,2324,Cagliari,Zito Luvumbo,ANG,"MF,FW",21,2002,30,19,1946,21.6,4,5,9,4,0,0,5,0,0.18,0.23,0.42,0.18,0.42
ITA-Serie A,2324,Empoli,Alberto Cerri,ITA,FW,27,1996,12,10,545,6.1,1,0,1,1,0,0,2,0,0.17,0.0,0.17,0.17,0.17
ITA-Serie A,2324,Empoli,Alberto Grassi,ITA,MF,28,1995,27,22,1807,20.1,0,1,1,0,0,0,6,1,0.0,0.05,0.05,0.0,0.05
ITA-Serie A,2324,Empoli,Andrea Sodero,ITA,MF,18,2004,1,0,5,0.1,0,0,0,0,0,0,0,0,0.0,0.0,0.0,0.0,0.0
ITA-Serie A,2324,Empoli,Ardian Ismajli,ALB,DF,26,1996,26,23,2045,22.7,0,0,0,0,0,0,2,0,0.0,0.0,0.0,0.0,0.0
ITA-Serie A,2324,Empoli,Bartosz Bereszyński,POL,DF,31,1992,24,22,1762,19.6,0,1,1,0,0,0,3,0,0.0,0.05,0.05,0.0,0.05
ITA-Serie A,2324,Empoli,Daniel Maldini,ITA,"FW,MF",21,2001,7,3,263,2.9,0,0,0,0,0,0,1,0,0.0,0.0,0.0,0.0,0.0
ITA-Serie A,2324,Empoli,Elia Caprile,ITA,GK,21,2001,23,23,2070,23.0,0,0,0,0,0,0,0,0,0.0,0.0,0.0,0.0,0.0
ITA-Serie A,2324,Empoli,Emmanuel Ekong,SWE,FW,21,2002,1,0,5,0.1,0,0,0,0,0,0,0,0,0.0,0.0,0.0,0.0,0.0
ITA-Serie A,2324,Empoli,Emmanuel Gyasi,GHA,MF,29,1994,33,21,1879,20.9,1,2,3,1,0,0,8,0,0.05,0.1,0.14,0.05,0.14
ITA-Serie A,2324,Empoli,Etrit Berisha,ALB,GK,34,1989,14,14,1260,14.0,0,0,0,0,0,0,0,0,0.0,0.0,0.0,0.0,0.0
ITA-Serie A,2324,Empoli,Filippo Ranocchia,ITA,MF,22,2001,9,5,476,5.3,0,0,0,0,0,0,3,0,0.0,0.0,0.0,0.0,0.0
ITA-Serie A,2324,Empoli,Francesco Caputo,ITA,FW,35,1987,20,15,1268,14.1,3,0,3,2,1,1,0,0,0.21,0.0,0.21,0.14,0.14
ITA-Serie A,2324,Empoli,Giacomo Corona,ITA,FW,19,2004,1,0,5,0.1,0,0,0,0,0,0,0,0,0.0,0.0,0.0,0.0,0.0
ITA-Serie A,2324,Empoli,Giuseppe Pezzella,ITA,"MF,DF",25,1997,19,14,1085,12.1,0,0,0,0,0,0,4,0,0.0,0.0,0.0,0.0,0.0
ITA-Serie A,2324,Empoli,Jacopo Fazzini,ITA,MF,20,2003,31,14,1232,13.7,1,1,2,1,0,0,6,0,0.07,0.07,0.15,0.07,0.15
ITA-Serie A,2324,Empoli,Liam Henderson,SCO,MF,27,1996,1,0,5,0.1,0,0,0,0,0,0,0,0,0.0,0.0,0.0,0.0,0.0
ITA-Serie A,2324,Empoli,Liberato Cacace,NZL,"DF,MF",22,2000,31,18,1912,21.2,0,1,1,0,0,0,6,0,0.0,0.05,0.05,0.0,0.05
ITA-Serie A,2324,Empoli,M'Baye Niang,SEN,FW,28,1994,14,5,708,7.9,6,1,7,2,4,4,1,0,0.76,0.13,0.89,0.25,0.38
ITA-Serie A,2324,Empoli,Matteo Cancellieri,ITA,"FW,MF",21,2002,36,18,1788,19.9,4,3,7,4,0,0,7,0,0.2,0.15,0.35,0.2,0.35
ITA-Serie A,2324,Empoli,Mattia Destro,ITA,FW,32,1991,15,3,366,4.1,0,0,0,0,0,0,2,0,0.0,0.0,0.0,0.0,0.0
ITA-Serie A,2324,Empoli,Nicolas Haas,SUI,MF,27,1996,1,1,90,1.0,0,0,0,0,0,0,1,0,0.0,0.0,0.0,0.0,0.0
ITA-Serie A,2324,Empoli,Nicolò Cambiaghi,ITA,"FW,MF",22,2000,37,29,2553,28.4,1,1,2,1,0,0,3,0,0.04,0.04,0.07,0.04,0.07
ITA-Serie A,2324,Empoli,Roberto Piccoli,ITA,FW,22,2001,2,0,39,0.4,0,0,0,0,0,0,0,0,0.0,0.0,0.0,0.0,0.0
ITA-Serie A,2324,Empoli,Răzvan Marin,ROU,MF,27,1996,30,20,1818,20.2,0,3,3,0,0,0,3,0,0.0,0.15,0.15,0.0,0.15
ITA-Serie A,2324,Empoli,Samuele Perisan,ITA,GK,25,1997,1,1,90,1.0,0,0,0,0,0,0,0,0,0.0,0.0,0.0,0.0,0.0
ITA-Serie A,2324,Empoli,Sebastian Walukiewicz,POL,DF,23,2000,27,23,2055,22.8,0,0,0,0,0,0,6,0,0.0,0.0,0.0,0.0,0.0
ITA-Serie A,2324,Empoli,Sebastiano Luperto,ITA,DF,26,1996,38,38,3406,37.8,1,1,2,1,0,0,4,0,0.03,0.03,0.05,0.03,0.05
ITA-Serie A,2324,Empoli,Simone Bastoni,ITA,"MF,DF",26,1996,16,9,745,8.3,1,0,1,1,0,0,3,0,0.12,0.0,0.12,0.12,0.12
ITA-Serie A,2324,Empoli,Steven Shpendi,ALB,FW,20,2003,12,4,411,4.6,0,1,1,0,0,0,0,0,0.0,0.22,0.22,0.0,0.22
ITA-Serie A,2324,Empoli,Szymon Żurkowski,POL,MF,25,1997,13,10,868,9.6,4,0,4,4,0,0,4,0,0.41,0.0,0.41,0.41,0.41
ITA-Serie A,2324,Empoli,Tommaso Baldanzi,ITA,"MF,FW",20,2003,14,8,745,8.3,2,0,2,2,0,0,1,0,0.24,0.0,0.24,0.24,0.24
ITA-Serie A,2324,Empoli,Tyronne Ebuehi,NGA,DF,27,1995,15,11,1099,12.2,0,1,1,0,0,0,0,0,0.0,0.08,0.08,0.0,0.08
ITA-Serie A,2324,Empoli,Viktor Kovalenko,UKR,MF,27,1996,17,4,613,6.8,1,1,2,1,0,0,1,0,0.15,0.15,0.29,0.15,0.29
ITA-Serie A,2324,Empoli,Youssef Maleh,MAR,MF,24,1998,34,30,2602,28.9,0,1,1,0,0,0,11,0,0.0,0.03,0.03,0.0,0.03
ITA-Serie A,2324,Fiorentina,Alfred Duncan,GHA,MF,30,1993,30,24,1888,21.0,2,5,7,2,0,0,2,0,0.1,0.24,0.33,0.1,0.33
ITA-Serie A,2324,Fiorentina,Andrea Belotti,ITA,FW,29,1993,15,11,949,10.5,3,0,3,3,0,0,0,0,0.28,0.0,0.28,0.28,0.28
ITA-Serie A,2324,Fiorentina,Antonín Barák,CZE,"MF,FW",28,1994,21,8,808,9.0,2,3,5,2,0,0,2,0,0.22,0.33,0.56,0.22,0.56
ITA-Serie A,2324,Fiorentina,Arthur Melo,BRA,MF,26,1996,33,23,1986,22.1,2,3,5,1,1,1,2,0,0.09,0.14,0.23,0.05,0.18
ITA-Serie A,2324,Fiorentina,Christian Kouamé,CIV,MF,25,1997,23,11,1089,12.1,2,1,3,2,0,0,0,0,0.17,0.08,0.25,0.17,0.25
ITA-Serie A,2324,Fiorentina,Cristiano Biraghi,ITA,DF,30,1992,29,27,2356,26.2,2,5,7,2,0,1,8,0,0.08,0.19,0.27,0.08,0.27
ITA-Serie A,2324,Fiorentina,Davide Faraoni,ITA,DF,31,1991,8,4,392,4.4,0,1,1,0,0,0,0,0,0.0,0.23,0.23,0.0,0.23
ITA-Serie A,2324,Fiorentina,Dodô,BRA,DF,24,1998,9,7,523,5.8,0,0,0,0,0,0,0,0,0.0,0.0,0.0,0.0,0.0
ITA-Serie A,2324,Fiorentina,Fabiano Parisi,ITA,DF,22,2000,21,16,1454,16.2,0,1,1,0,0,0,4,0,0.0,0.06,0.06,0.0,0.06
ITA-Serie A,2324,Fiorentina,Gaetano Castrovilli,ITA,MF,26,1997,6,5,367,4.1,1,2,3,1,0,0,0,0,0.25,0.49,0.74,0.25,0.74
ITA-Serie A,2324,Fiorentina,Giacomo Bonaventura,ITA,MF,33,1989,31,27,2277,25.3,8,3,11,8,0,1,6,0,0.32,0.12,0.43,0.32,0.43
ITA-Serie A,2324,Fiorentina,Gino Infantino,ARG,MF,20,2003,6,0,96,1.1,0,0,0,0,0,0,1,0,0.0,0.0,0.0,0.0,0.0
ITA-Serie A,2324,Fiorentina,Jonathan Ikone,FRA,MF,25,1998,28,18,1682,18.7,3,1,4,3,0,0,5,0,0.16,0.05,0.21,0.16,0.21
ITA-Serie A,2324,Fiorentina,Josip Brekalo,CRO,MF,25,1998,11,8,652,7.2,1,0,1,1,0,0,0,0,0.14,0.0,0.14,0.14,0.14
ITA-Serie A,2324,Fiorentina,Lorenzo Amatucci,ITA,MF,19,2004,2,0,22,0.2,0,0,0,0,0,0,0,0,0.0,0.0,0.0,0.0,0.0
ITA-Serie A,2324,Fiorentina,Luca Ranieri,ITA,DF,24,1999,26,23,2065,22.9,2,1,3,2,0,0,14,0,0.09,0.04,0.13,0.09,0.13
ITA-Serie A,2324,Fiorentina,Lucas Beltrán,ARG,"FW,MF",22,2001,32,21,1692,18.8,6,2,8,5,1,1,6,0,0.32,0.11,0.43,0.27,0.37
ITA-Serie A,2324,Fiorentina,Lucas Martínez Quarta,ARG,DF,27,1996,29,26,2291,25.5,5,1,6,5,0,0,9,0,0.2,0.04,0.24,0.2,0.24
ITA-Serie A,2324,Fiorentina,M'Bala Nzola,ANG,FW,26,1996,33,15,1552,17.2,3,3,6,2,1,1,2,0,0.17,0.17,0.35,0.12,0.29
ITA-Serie A,2324,Fiorentina,Maxime Lopez,FRA,MF,25,1997,19,7,800,8.9,0,0,0,0,0,0,1,0,0.0,0.0,0.0,0.0,0.0
ITA-Serie A,2324,Fiorentina,Michael Kayode,ITA,DF,19,2004,26,22,2058,22.9,1,1,2,1,0,0,2,0,0.04,0.04,0.09,0.04,0.09
ITA-Serie A,2324,Fiorentina,Nicolás González,ARG,MF,25,1998,29,21,1913,21.3,12,2,14,11,1,3,1,0,0.56,0.09,0.66,0.52,0.61
ITA-Serie A,2324,Fiorentina,Nikola Milenković,SRB,DF,25,1997,34,27,2510,27.9,0,0,0,0,0,0,4,0,0.0,0.0,0.0,0.0,0.0
ITA-Serie A,2324,Fiorentina,Oliver Christensen,DEN,GK,24,1999,4,4,360,4.0,0,0,0,0,0,0,0,0,0.0,0.0,0.0,0.0,0.0
ITA-Serie A,2324,Fiorentina,Pietro Comuzzo,ITA,DF,18,2005,4,0,43,0.5,0,0,0,0,0,0,1,0,0.0,0.0,0.0,0.0,0.0
ITA-Serie A,2324,Fiorentina,Pietro Terracciano,ITA,GK,33,1990,33,33,2970,33.0,0,0,0,0,0,0,3,0,0.0,0.0,0.0,0.0,0.0
ITA-Serie A,2324,Fiorentina,Riccardo Sottil,ITA,MF,24,1999,22,13,1103,12.3,2,3,5,2,0,0,1,0,0.16,0.24,0.41,0.16,0.41
ITA-Serie A,2324,Fiorentina,Rolando Mandragora,ITA,MF,26,1997,33,16,1588,17.6,3,3,6,3,0,0,5,0,0.17,0.17,0.34,0.17,0.34
ITA-Serie A,2324,Fiorentina,Tommaso Martinelli,ITA,GK,17,2006,1,1,90,1.0,0,0,0,0,0,0,0,0,0.0,0.0,0.0,0.0,0.0
ITA-Serie A,2324,Fiorentina,Yerry Mina,COL,DF,28,1994,4,0,44,0.5,0,0,0,0,0,0,1,0,0.0,0.0,0.0,0.0,0.0
ITA-Serie A,2324,Frosinone,Abdou Harroui,NED,MF,25,1998,18,13,1019,11.3,3,3,6,2,1,1,2,0,0.26,0.26,0.53,0.18,0.44
ITA-Serie A,2324,Frosinone,Anthony Oyono,GAB,"DF,MF",22,2001,16,14,1198,13.3,0,1,1,0,0,0,4,0,0.0,0.08,0.08,0.0,0.08
ITA-Serie A,2324,Frosinone,Arijon Ibrahimović,GER,"MF,FW",17,2005,16,5,474,5.3,1,1,2,1,0,0,1,0,0.19,0.19,0.38,0.19,0.38
ITA-Serie A,2324,Frosinone,Caleb Okoli,ITA,DF,22,2001,34,32,2914,32.4,0,1,1,0,0,0,9,0,0.0,0.03,0.03,0.0,0.03
ITA-Serie A,2324,Frosinone,Demba Seck,SEN,"FW,MF",22,2001,11,3,298,3.3,0,0,0,0,0,0,0,0,0.0,0.0,0.0,0.0,0.0
ITA-Serie A,2324,Frosinone,Emanuele Valeri,ITA,"MF,DF",24,1998,16,14,1178,13.1,0,1,1,0,0,0,3,0,0.0,0.08,0.08,0.0,0.08
ITA-Serie A,2324,Frosinone,Enzo Barrenechea,ARG,MF,22,2001,36,32,2811,31.2,0,1,1,0,0,0,10,0,0.0,0.03,0.03,0.0,0.03
ITA-Serie A,2324,Frosinone,Farés Ghedjemis,ALG,FW,20,2002,6,1,182,2.0,0,0,0,0,0,0,1,0,0.0,0.0,0.0,0.0,0.0
ITA-Serie A,2324,Frosinone,Francesco Gelli,ITA,"MF,DF",26,1996,27,16,1561,17.3,0,0,0,0,0,0,3,0,0.0,0.0,0.0,0.0,0.0
ITA-Serie A,2324,Frosinone,Gennaro Borrelli,ITA,FW,23,2000,1,0,24,0.3,0,0,0,0,0,0,0,0,0.0,0.0,0.0,0.0,0.0
ITA-Serie A,2324,Frosinone,Giorgi Kvernadze,GEO,FW,20,2003,5,0,63,0.7,0,0,0,0,0,0,0,0,0.0,0.0,0.0,0.0,0.0
ITA-Serie A,2324,Frosinone,Giuseppe Caso,ITA,FW,24,1998,14,2,417,4.6,0,0,0,0,0,0,2,0,0.0,0.0,0.0,0.0,0.0
ITA-Serie A,2324,Frosinone,Ilario Monterisi,ITA,DF,21,2001,24,16,1469,16.3,2,2,4,2,0,0,1,0,0.12,0.12,0.25,0.12,0.25
ITA-Serie A,2324,Frosinone,Jaime Báez,URU,"MF,FW",28,1995,11,6,500,5.6,1,0,1,1,0,0,1,0,0.18,0.0,0.18,0.18,0.18
ITA-Serie A,2324,Frosinone,Kaio Jorge,BRA,FW,21,2002,20,8,812,9.0,3,0,3,2,1,2,2,0,0.33,0.0,0.33,0.22,0.22
ITA-Serie A,2324,Frosinone,Karlo Lulić,CRO,MF,27,1996,1,0,19,0.2,0,0,0,0,0,0,0,0,0.0,0.0,0.0,0.0,0.0
ITA-Serie A,2324,Frosinone,Kevin Bonifazi,ITA,DF,27,1996,6,3,309,3.4,0,0,0,0,0,0,0,0,0.0,0.0,0.0,0.0,0.0
ITA-Serie A,2324,Frosinone,Luca Garritano,ITA,MF,29,1994,12,5,485,5.4,0,0,0,0,0,0,1,0,0.0,0.0,0.0,0.0,0.0
ITA-Serie A,2324,Frosinone,Luca Mazzitelli,ITA,MF,27,1995,29,26,2210,24.6,5,0,5,5,0,0,6,1,0.2,0.0,0.2,0.2,0.2
ITA-Serie A,2324,Frosinone,Luigi Canotto,ITA,"FW,MF",29,1994,1,0,16,0.2,0,0,0,0,0,0,0,0,0.0,0.0,0.0,0.0,0.0
ITA-Serie A,2324,Frosinone,Marco Brescianini,ITA,MF,23,2000,36,24,2321,25.8,4,2,6,4,0,0,1,0,0.16,0.08,0.23,0.16,0.23
ITA-Serie A,2324,Frosinone,Marvin Cuni,ALB,FW,22,2001,22,6,534,5.9,1,0,1,1,0,0,0,0,0.17,0.0,0.17,0.17,0.17
ITA-Serie A,2324,Frosinone,Mateus Lusuardi,BRA,DF,19,2004,4,3,219,2.4,0,0,0,0,0,0,1,0,0.0,0.0,0.0,0.0,0.0
ITA-Serie A,2324,Frosinone,Matìas Soulé,ARG,"MF,FW",20,2003,36,36,3121,34.7,11,3,14,6,5,6,4,0,0.32,0.09,0.4,0.17,0.26
ITA-Serie A,2324,Frosinone,Mehdi Bourabia,MAR,MF,31,1991,10,3,200,2.2,0,0,0,0,0,0,1,0,0.0,0.0,0.0,0.0,0.0
ITA-Serie A,2324,Frosinone,Michele Cerofolini,ITA,GK,24,1999,8,7,675,7.5,0,0,0,0,0,0,1,0,0.0,0.0,0.0,0.0,0.0
ITA-Serie A,2324,Frosinone,Nadir Zortea,ITA,"MF,DF",24,1999,14,14,1258,14.0,1,5,6,1,0,0,3,0,0.07,0.36,0.43,0.07,0.43
ITA-Serie A,2324,Frosinone,Pol Lirola,ESP,"DF,MF",25,1997,25,18,1536,17.1,2,1,3,2,0,0,1,0,0.12,0.06,0.18,0.12,0.18
ITA-Serie A,2324,Frosinone,Przemysław Szymiński,POL,DF,29,1994,1,0,9,0.1,0,0,0,0,0,0,0,0,0.0,0.0,0.0,0.0,0.0
ITA-Serie A,2324,Frosinone,Reinier,BRA,"MF,FW",21,2002,22,13,1059,11.8,2,2,4,2,0,0,3,0,0.17,0.17,0.34,0.17,0.34
ITA-Serie A,2324,Frosinone,Riccardo Marchizza,ITA,DF,25,1998,13,13,1148,12.8,0,4,4,0,0,0,1,0,0.0,0.31,0.31,0.0,0.31
ITA-Serie A,2324,Frosinone,Simone Romagnoli,ITA,DF,33,1990,33,30,2715,30.2,1,1,2,1,0,0,6,0,0.03,0.03,0.07,0.03,0.07
ITA-Serie A,2324,Frosinone,Stefano Turati,ITA,GK,21,2001,31,31,2745,30.5,0,0,0,0,0,0,0,0,0.0,0.0,0.0,0.0,0.0
ITA-Serie A,2324,Frosinone,Walid Cheddira,MAR,FW,25,1998,36,24,2120,23.6,7,1,8,6,1,1,0,0,0.3,0.04,0.34,0.25,0.3
ITA-Serie A,2324,Genoa,Aarón Martín,ESP,"MF,DF",26,1997,22,17,1376,15.3,0,1,1,0,0,0,4,1,0.0,0.07,0.07,0.0,0.07
ITA-Serie A,2324,Genoa,Alan Matturro,URU,MF,18,2004,6,1,106,1.2,0,0,0,0,0,0,0,0,0.0,0.0,0.0,0.0,0.0
ITA-Serie A,2324,Genoa,Albert Guðmundsson,ISL,"FW,MF",26,1997,35,34,3016,33.5,14,4,18,10,4,5,4,0,0.42,0.12,0.54,0.3,0.42
ITA-Serie A,2324,Genoa,Alessandro Vogliacco,ITA,DF,24,1998,20,14,1169,13.0,0,1,1,0,0,0,4,0,0.0,0.08,0.08,0.0,0.08
ITA-Serie A,2324,Genoa,Berkan Kutlu,TUR,MF,25,1998,6,0,199,2.2,0,0,0,0,0,0,0,0,0.0,0.0,0.0,0.0,0.0
ITA-Serie A,2324,Genoa,Caleb Ekuban,GHA,FW,29,1994,29,10,1131,12.6,4,1,5,4,0,0,0,0,0.32,0.08,0.4,0.32,0.4
ITA-Serie A,2324,Genoa,Christos Papadopoulos,GRE,MF,18,2004,1,0,4,0.0,0,0,0,0,0,0,0,0,0.0,0.0,0.0,0.0,0.0
ITA-Serie A,2324,Genoa,Daniele Sommariva,ITA,GK,26,1997,1,0,5,0.1,0,0,0,0,0,0,0,0,0.0,0.0,0.0,0.0,0.0
ITA-Serie A,2324,Genoa,David Akpan Ankeye,NGA,FW,21,2002,6,0,57,0.6,0,0,0,0,0,0,0,0,0.0,0.0,0.0,0.0,0.0
ITA-Serie A,2324,Genoa,Davide Biraschi,ITA,DF,29,1994,1,1,90,1.0,1,0,1,1,0,0,0,0,1.0,0.0,1.0,1.0,1.0
ITA-Serie A,2324,Genoa,Djed Spence,ENG,MF,22,2000,16,8,859,9.5,0,0,0,0,0,0,1,0,0.0,0.0,0.0,0.0,0.0
ITA-Serie A,2324,Genoa,Emil Bohinen,NOR,MF,24,1999,5,0,56,0.6,0,0,0,0,0,0,0,0,0.0,0.0,0.0,0.0,0.0
ITA-Serie A,2324,Genoa,Filip Jagiełło,POL,MF,25,1997,2,0,33,0.4,0,0,0,0,0,0,0,0,0.0,0.0,0.0,0.0,0.0
ITA-Serie A,2324,Genoa,George Pușcaș,ROU,FW,27,1996,8,1,191,2.1,0,0,0,0,0,0,0,0,0.0,0.0,0.0,0.0,0.0
ITA-Serie A,2324,Genoa,Giorgio Cittadini,ITA,DF,21,2002,5,1,106,1.2,0,0,0,0,0,0,0,0,0.0,0.0,0.0,0.0,0.0
ITA-Serie A,2324,Genoa,Johan Vásquez,MEX,DF,24,1998,37,32,2850,31.7,1,1,2,1,0,0,6,0,0.03,0.03,0.06,0.03,0.06
ITA-Serie A,2324,Genoa,Josep Martinez,ESP,GK,25,1998,36,36,3239,36.0,0,0,0,0,0,0,4,1,0.0,0.0,0.0,0.0,0.0
ITA-Serie A,2324,Genoa,Junior Messias,BRA,"MF,FW",32,1991,18,13,1053,11.7,1,0,1,1,0,0,0,0,0.09,0.0,0.09,0.09,0.09
ITA-Serie A,2324,Genoa,Kevin Strootman,NED,MF,33,1990,27,15,1207,13.4,0,2,2,0,0,0,4,0,0.0,0.15,0.15,0.0,0.15
ITA-Serie A,2324,Genoa,Koni De Winter,BEL,DF,21,2002,29,26,2380,26.4,0,1,1,0,0,0,8,1,0.0,0.04,0.04,0.0,0.04
ITA-Serie A,2324,Genoa,Mateo Retegui,ITA,FW,24,1999,29,26,2216,24.6,7,2,9,6,1,1,5,0,0.28,0.08,0.37,0.24,0.32
ITA-Serie A,2324,Genoa,Mattia Bani,ITA,DF,29,1993,27,27,2306,25.6,2,0,2,2,0,0,9,0,0.08,0.0,0.08,0.08,0.08
ITA-Serie A,2324,Genoa,Milan Badelj,CRO,MF,34,1989,33,32,2535,28.2,1,3,4,1,0,0,6,0,0.04,0.11,0.14,0.04,0.14
ITA-Serie A,2324,Genoa,Morten Frendrup,DEN,MF,22,2001,37,36,3145,34.9,2,5,7,2,0,0,6,0,0.06,0.14,0.2,0.06,0.2
ITA-Serie A,2324,Genoa,Morten Thorsby,NOR,MF,27,1996,24,9,1157,12.9,2,2,4,2,0,0,2,0,0.16,0.16,0.31,0.16,0.31
ITA-Serie A,2324,Genoa,Nicola Leali,ITA,GK,30,1993,3,2,176,2.0,0,0,0,0,0,0,1,0,0.0,0.0,0.0,0.0,0.0
ITA-Serie A,2324,Genoa,Pablo Galdames Millán,CHI,MF,26,1996,2,0,11,0.1,0,0,0,0,0,0,0,0,0.0,0.0,0.0,0.0,0.0
ITA-Serie A,2324,Genoa,Radu Drăgușin,ROU,DF,21,2002,19,19,1710,19.0,2,1,3,2,0,0,1,0,0.11,0.05,0.16,0.11,0.16
ITA-Serie A,2324,Genoa,Ridgeciano Haps,SUR,MF,30,1993,16,7,773,8.6,0,1,1,0,0,0,0,0,0.0,0.12,0.12,0.0,0.12
ITA-Serie A,2324,Genoa,Ruslan Malinovskyi,UKR,"MF,FW",30,1993,28,18,1544,17.2,4,1,5,4,0,0,7,0,0.23,0.06,0.29,0.23,0.29
ITA-Serie A,2324,Genoa,Seydou Fini,ITA,FW,17,2006,3,0,35,0.4,0,0,0,0,0,0,0,0,0.0,0.0,0.0,0.0,0.0
ITA-Serie A,2324,Genoa,Silvan Hefti,SUI,MF,25,1997,6,1,114,1.3,0,0,0,0,0,0,0,0,0.0,0.0,0.0,0.0,0.0
ITA-Serie A,2324,Genoa,Stefano Sabelli,ITA,"MF,DF",30,1993,32,30,2429,27.0,0,1,1,0,0,0,5,0,0.0,0.04,0.04,0.0,0.04
ITA-Serie A,2324,Genoa,Vitinha,POR,"MF,FW",23,2000,9,2,285,3.2,2,0,2,2,0,0,2,0,0.63,0.0,0.63,0.63,0.63
ITA-Serie A,2324,Hellas Verona,Alphadjo Cissè,ITA,MF,16,2006,1,0,8,0.1,0,0,0,0,0,0,0,0,0.0,0.0,0.0,0.0,0.0
ITA-Serie A,2324,Hellas Verona,Bruno Amione,ARG,DF,21,2002,10,7,579,6.4,0,0,0,0,0,0,2,0,0.0,0.0,0.0,0.0,0.0
ITA-Serie A,2324,Hellas Verona,Charlys,BRA,MF,19,2004,2,0,25,0.3,0,0,0,0,0,0,0,0,0.0,0.0,0.0,0.0,0.0
ITA-Serie A,2324,Hellas Verona,Cyril Ngonge,BEL,"MF,FW",23,2000,19,17,1431,15.9,6,2,8,6,0,0,4,0,0.38,0.13,0.5,0.38,0.5
ITA-Serie A,2324,Hellas Verona,Daniel Bandeira,POR,MF,23,2000,14,3,446,5.0,0,0,0,0,0,0,2,0,0.0,0.0,0.0,0.0,0.0
ITA-Serie A,2324,Hellas Verona,Darko Lazović,SRB,MF,32,1990,32,22,1928,21.4,3,2,5,2,1,1,0,1,0.14,0.09,0.23,0.09,0.19
ITA-Serie A,2324,Hellas Verona,Davide Faraoni,ITA,MF,31,1991,11,7,602,6.7,0,1,1,0,0,0,5,0,0.0,0.15,0.15,0.0,0.15
ITA-Serie A,2324,Hellas Verona,Diego Coppola,ITA,DF,19,2003,24,18,1634,18.2,2,0,2,2,0,0,9,0,0.11,0.0,0.11,0.11,0.11
ITA-Serie A,2324,Hellas Verona,Elayis Tavsan,NED,"FW,MF",22,2001,3,0,50,0.6,0,0,0,0,0,0,0,0,0.0,0.0,0.0,0.0,0.0
ITA-Serie A,2324,Hellas Verona,Fabien Centonze,FRA,DF,27,1996,10,7,676,7.5,0,1,1,0,0,0,2,0,0.0,0.13,0.13,0.0,0.13
ITA-Serie A,2324,Hellas Verona,Federico Bonazzoli,ITA,FW,26,1997,24,10,1016,11.3,3,1,4,3,0,0,2,0,0.27,0.09,0.35,0.27,0.35
ITA-Serie A,2324,Hellas Verona,Filippo Terracciano,ITA,"MF,DF",20,2003,18,14,1296,14.4,0,1,1,0,0,0,1,0,0.0,0.07,0.07,0.0,0.07
ITA-Serie A,2324,Hellas Verona,Giangiacomo Magnani,ITA,DF,27,1995,33,27,2444,27.2,0,0,0,0,0,0,6,0,0.0,0.0,0.0,0.0,0.0
ITA-Serie A,2324,Hellas Verona,Isak Hien,SWE,DF,24,1999,10,9,864,9.6,0,0,0,0,0,0,1,1,0.0,0.0,0.0,0.0,0.0
ITA-Serie A,2324,Hellas Verona,Jackson Tchatchoua,CMR,DF,21,2001,26,19,1725,19.2,0,2,2,0,0,0,2,0,0.0,0.1,0.1,0.0,0.1
ITA-Serie A,2324,Hellas Verona,Jordi Mboula,ESP,"MF,FW",24,1999,11,5,307,3.4,0,1,1,0,0,0,0,0,0.0,0.29,0.29,0.0,0.29
ITA-Serie A,2324,Hellas Verona,Josh Doig,SCO,"MF,DF",21,2002,12,11,830,9.2,0,0,0,0,0,0,2,0,0.0,0.0,0.0,0.0,0.0
ITA-Serie A,2324,Hellas Verona,Juan Cruz,ARG,FW,24,1999,4,1,109,1.2,0,0,0,0,0,0,0,0,0.0,0.0,0.0,0.0,0.0
ITA-Serie A,2324,Hellas Verona,Juan David Cabal,COL,DF,22,2001,22,17,1497,16.6,0,0,0,0,0,0,6,0,0.0,0.0,0.0,0.0,0.0
ITA-Serie A,2324,Hellas Verona,Karol Świderski,POL,"FW,MF",26,1997,15,3,504,5.6,2,0,2,2,0,0,0,0,0.36,0.0,0.36,0.36,0.36
ITA-Serie A,2324,Hellas Verona,Lorenzo Montipò,ITA,GK,27,1996,37,37,3330,37.0,0,1,1,0,0,0,0,0,0.0,0.03,0.03,0.0,0.03
ITA-Serie A,2324,Hellas Verona,Martin Hongla,CMR,MF,25,1998,15,12,1084,12.0,0,0,0,0,0,0,0,0,0.0,0.0,0.0,0.0,0.0
ITA-Serie A,2324,Hellas Verona,Michael Folorunsho,ITA,MF,25,1998,34,33,2781,30.9,5,1,6,5,0,0,5,0,0.16,0.03,0.19,0.16,0.19
ITA-Serie A,2324,Hellas Verona,Milan Đurić,BIH,FW,33,1990,20,13,1204,13.4,5,1,6,4,1,3,2,0,0.37,0.07,0.45,0.3,0.37
ITA-Serie A,2324,Hellas Verona,Ondrej Duda,SVK,MF,28,1994,32,29,2456,27.3,1,4,5,1,0,1,14,2,0.04,0.15,0.18,0.04,0.18
ITA-Serie A,2324,Hellas Verona,Paweł Dawidowicz,POL,DF,28,1995,28,25,2143,23.8,0,0,0,0,0,0,5,0,0.0,0.0,0.0,0.0,0.0
ITA-Serie A,2324,Hellas Verona,Reda Belahyane,MAR,MF,19,2004,2,1,90,1.0,0,0,0,0,0,0,0,0,0.0,0.0,0.0,0.0,0.0
ITA-Serie A,2324,Hellas Verona,Riccardo Saponara,ITA,"MF,FW",31,1991,12,3,342,3.8,0,0,0,0,0,0,0,0,0.0,0.0,0.0,0.0,0.0
ITA-Serie A,2324,Hellas Verona,Rúben Vinagre,POR,DF,24,1999,12,2,282,3.1,0,0,0,0,0,0,0,0,0.0,0.0,0.0,0.0,0.0
ITA-Serie A,2324,Hellas Verona,Simone Perilli,ITA,GK,28,1995,1,1,90,1.0,0,0,0,0,0,0,0,0,0.0,0.0,0.0,0.0,0.0
ITA-Serie A,2324,Hellas Verona,Stefan Mitrović,SRB,MF,20,2002,10,4,391,4.3,0,0,0,0,0,0,0,0,0.0,0.0,0.0,0.0,0.0
ITA-Serie A,2324,Hellas Verona,Suat Serdar,GER,MF,26,1997,25,19,1659,18.4,0,2,2,0,0,0,7,0,0.0,0.11,0.11,0.0,0.11
ITA-Serie A,2324,Hellas Verona,Thomas Henry,FRA,FW,28,1994,18,2,334,3.7,3,0,3,3,0,1,2,2,0.81,0.0,0.81,0.81,0.81
ITA-Serie A,2324,Hellas Verona,Tijjani Noslin,NED,"FW,MF",24,1999,17,17,1339,14.9,5,4,9,5,0,0,2,0,0.34,0.27,0.6,0.34,0.6
ITA-Serie A,2324,Hellas Verona,Tomáš Suslov,SVK,MF,21,2002,32,23,2092,23.2,3,5,8,2,1,1,7,0,0.13,0.22,0.34,0.09,0.3
ITA-Serie A,2324,Hellas Verona,Yayah Kallon,SLE,FW,22,2001,1,0,4,0.0,0,0,0,0,0,0,0,0,0.0,0.0,0.0,0.0,0.0
ITA-Serie A,2324,Inter,Alessandro Bastoni,ITA,DF,24,1999,28,28,2268,25.2,1,3,4,1,0,0,5,0,0.04,0.12,0.16,0.04,0.16
ITA-Serie A,2324,Inter,Alexis Sánchez,CHI,FW,34,1988,23,6,763,8.5,2,5,7,1,1,1,0,0,0.24,0.59,0.83,0.12,0.71
ITA-Serie A,2324,Inter,Benjamin Pavard,FRA,DF,27,1996,23,21,1672,18.6,0,2,2,0,0,0,6,0,0.0,0.11,0.11,0.0,0.11
ITA-Serie A,2324,Inter,Carlos Augusto,BRA,"MF,DF",24,1999,37,14,1725,19.2,0,3,3,0,0,0,1,0,0.0,0.16,0.16,0.0,0.16
ITA-Serie A,2324,Inter,Davide Frattesi,ITA,MF,23,1999,32,6,955,10.6,6,3,9,6,0,0,1,0,0.57,0.28,0.85,0.57,0.85
ITA-Serie A,2324,Inter,Davy Klaassen,NED,MF,30,1993,13,1,206,2.3,0,0,0,0,0,0,1,0,0.0,0.0,0.0,0.0,0.0
ITA-Serie A,2324,Inter,Denzel Dumfries,NED,MF,27,1996,31,19,1639,18.2,4,4,8,4,0,0,2,1,0.22,0.22,0.44,0.22,0.44
ITA-Serie A,2324,Inter,Ebenezer Akinsanmiro,NGA,MF,18,2004,1,0,15,0.2,0,0,0,0,0,0,0,0,0.0,0.0,0.0,0.0,0.0
ITA-Serie A,2324,Inter,Emil Audero,IDN,GK,26,1997,4,4,337,3.7,0,0,0,0,0,0,0,0,0.0,0.0,0.0,0.0,0.0
ITA-Serie A,2324,Inter,Federico Dimarco,ITA,MF,25,1997,30,29,2077,23.1,5,6,11,5,0,0,0,0,0.22,0.26,0.48,0.22,0.48
ITA-Serie A,2324,Inter,Francesco Acerbi,ITA,DF,35,1988,29,26,2388,26.5,3,1,4,3,0,0,1,0,0.11,0.04,0.15,0.11,0.15
ITA-Serie A,2324,Inter,Hakan Çalhanoğlu,TUR,MF,29,1994,32,32,2556,28.4,13,3,16,3,10,10,5,0,0.46,0.11,0.56,0.11,0.21
ITA-Serie A,2324,Inter,Henrikh Mkhitaryan,ARM,MF,34,1989,36,35,2785,30.9,2,8,10,2,0,0,4,0,0.06,0.26,0.32,0.06,0.32
ITA-Serie A,2324,Inter,Juan Cuadrado,COL,"DF,FW",35,1988,10,0,267,3.0,0,2,2,0,0,0,1,0,0.0,0.67,0.67,0.0,0.67
ITA-Serie A,2324,Inter,Kristjan Asllani,ALB,MF,21,2002,23,6,787,8.7,1,2,3,1,0,0,1,0,0.11,0.23,0.34,0.11,0.34
ITA-Serie A,2324,Inter,Lautaro Martínez,ARG,FW,25,1997,33,31,2656,29.5,24,3,27,22,2,3,5,0,0.81,0.1,0.91,0.75,0.85
ITA-Serie A,2324,Inter,Lucien Agoume,FRA,MF,21,2002,1,0,5,0.1,0,0,0,0,0,0,0,0,0.0,0.0,0.0,0.0,0.0
ITA-Serie A,2324,Inter,Marcus Thuram,FRA,FW,25,1997,35,34,2687,29.9,13,7,20,13,0,0,3,0,0.44,0.23,0.67,0.44,0.67
ITA-Serie A,2324,Inter,Marko Arnautović,AUT,FW,34,1989,27,5,801,8.9,5,3,8,5,0,0,0,0,0.56,0.34,0.9,0.56,0.9
ITA-Serie A,2324,Inter,Matteo Darmian,ITA,"MF,DF",33,1989,33,27,2404,26.7,2,1,3,2,0,0,2,0,0.07,0.04,0.11,0.07,0.11
ITA-Serie A,2324,Inter,Nicolò Barella,ITA,MF,26,1997,37,34,2846,31.6,2,3,5,2,0,0,7,0,0.06,0.09,0.16,0.06,0.16
ITA-Serie A,2324,Inter,Raffaele Di Gennaro,ITA,GK,29,1993,1,0,23,0.3,0,0,0,0,0,0,0,0,0.0,0.0,0.0,0.0,0.0
ITA-Serie A,2324,Inter,Stefan de Vrij,NED,DF,31,1992,25,17,1586,17.6,1,0,1,1,0,0,0,0,0.06,0.0,0.06,0.06,0.06
ITA-Serie A,2324,Inter,Stefano Sensi,ITA,MF,27,1995,4,0,46,0.5,0,1,1,0,0,0,0,0,0.0,1.96,1.96,0.0,1.96
ITA-Serie A,2324,Inter,Tajon Buchanan,CAN,"DF,MF",24,1999,10,0,161,1.8,1,0,1,1,0,0,0,0,0.56,0.0,0.56,0.56,0.56
ITA-Serie A,2324,Inter,Yann Aurel Bisseck,GER,DF,22,2000,16,9,904,10.0,2,0,2,2,0,0,0,0,0.2,0.0,0.2,0.2,0.2
ITA-Serie A,2324,Inter,Yann Sommer,SUI,GK,34,1988,34,34,3060,34.0,0,0,0,0,0,0,1,0,0.0,0.0,0.0,0.0,0.0
ITA-Serie A,2324,Juventus,Adrien Rabiot,FRA,MF,28,1995,31,30,2651,29.5,5,3,8,5,0,0,8,0,0.17,0.1,0.27,0.17,0.27
ITA-Serie A,2324,Juventus,Alex Sandro,BRA,DF,32,1991,16,8,721,8.0,1,0,1,1,0,0,1,0,0.12,0.0,0.12,0.12,0.12
ITA-Serie A,2324,Juventus,Andrea Cambiaso,ITA,MF,23,2000,34,28,2372,26.4,2,3,5,2,0,0,10,0,0.08,0.11,0.19,0.08,0.19
ITA-Serie A,2324,Juventus,Arkadiusz Milik,POL,FW,29,1994,32,7,919,10.2,4,1,5,4,0,0,2,1,0.39,0.1,0.49,0.39,0.49
ITA-Serie A,2324,Juventus,Carlo Pinsoglio,ITA,GK,33,1990,1,0,45,0.5,0,0,0,0,0,0,0,0,0.0,0.0,0.0,0.0,0.0
ITA-Serie A,2324,Juventus,Carlos Alcaraz,ARG,MF,20,2002,10,3,380,4.2,0,1,1,0,0,0,0,0,0.0,0.24,0.24,0.0,0.24
ITA-Serie A,2324,Juventus,Daniele Rugani,ITA,DF,29,1994,17,13,1187,13.2,2,0,2,2,0,0,2,0,0.15,0.0,0.15,0.15,0.15
ITA-Serie A,2324,Juventus,Danilo,BRA,DF,32,1991,29,27,2452,27.2,1,1,2,1,0,0,7,0,0.04,0.04,0.07,0.04,0.07
ITA-Serie A,2324,Juventus,Dean Huijsen,ESP,DF,18,2005,1,0,13,0.1,0,0,0,0,0,0,0,0,0.0,0.0,0.0,0.0,0.0
ITA-Serie A,2324,Juventus,Dušan Vlahović,SRB,FW,23,2000,33,27,2307,25.6,16,4,20,14,2,4,8,1,0.62,0.16,0.78,0.55,0.7
ITA-Serie A,2324,Juventus,Fabio Miretti,ITA,MF,19,2003,25,16,1103,12.3,1,1,2,1,0,0,3,0,0.08,0.08,0.16,0.08,0.16
ITA-Serie A,2324,Juventus,Federico Chiesa,ITA,FW,25,1997,33,25,2197,24.4,9,2,11,8,1,1,1,0,0.37,0.08,0.45,0.33,0.41
ITA-Serie A,2324,Juventus,Federico Gatti,ITA,DF,25,1998,32,30,2637,29.3,4,0,4,4,0,0,7,0,0.14,0.0,0.14,0.14,0.14
ITA-Serie A,2324,Juventus,Filip Kostić,SRB,MF,30,1992,29,26,1815,20.2,0,4,4,0,0,0,2,0,0.0,0.2,0.2,0.0,0.2
ITA-Serie A,2324,Juventus,Gleison Bremer,BRA,DF,26,1997,36,36,3233,35.9,3,0,3,3,0,0,9,0,0.08,0.0,0.08,0.08,0.08
ITA-Serie A,2324,Juventus,Hans Nicolussi Caviglia,ITA,MF,23,2000,8,3,268,3.0,0,1,1,0,0,0,1,0,0.0,0.34,0.34,0.0,0.34
ITA-Serie A,2324,Juventus,Joseph Nonge,BEL,MF,18,2005,2,0,24,0.3,0,0,0,0,0,0,1,0,0.0,0.0,0.0,0.0,0.0
ITA-Serie A,2324,Juventus,Kenan Yıldız,TUR,FW,18,2005,27,9,952,10.6,2,0,2,2,0,0,3,0,0.19,0.0,0.19,0.19,0.19
ITA-Serie A,2324,Juventus,Leonardo Cerri,ITA,FW,20,2003,1,0,7,0.1,0,0,0,0,0,0,0,0,0.0,0.0,0.0,0.0,0.0
ITA-Serie A,2324,Juventus,Manuel Locatelli,ITA,MF,25,1998,36,34,3008,33.4,1,4,5,1,0,0,6,0,0.03,0.12,0.15,0.03,0.15
ITA-Serie A,2324,Juventus,Mattia De Sciglio,ITA,DF,30,1992,1,1,45,0.5,0,0,0,0,0,0,0,0,0.0,0.0,0.0,0.0,0.0
ITA-Serie A,2324,Juventus,Mattia Perin,ITA,GK,30,1992,3,3,225,2.5,0,0,0,0,0,0,0,0,0.0,0.0,0.0,0.0,0.0
ITA-Serie A,2324,Juventus,Moise Kean,ITA,FW,23,2000,19,8,654,7.3,0,0,0,0,0,0,2,0,0.0,0.0,0.0,0.0,0.0
ITA-Serie A,2324,Juventus,Nicolò Fagioli,ITA,MF,22,2001,8,4,437,4.9,0,2,2,0,0,0,1,0,0.0,0.41,0.41,0.0,0.41
ITA-Serie A,2324,Juventus,Nikola Sekulov,ITA,MF,21,2002,1,0,11,0.1,0,0,0,0,0,0,0,0,0.0,0.0,0.0,0.0,0.0
ITA-Serie A,2324,Juventus,Paul Pogba,FRA,MF,30,1993,2,0,54,0.6,0,0,0,0,0,0,0,0,0.0,0.0,0.0,0.0,0.0
ITA-Serie A,2324,Juventus,Samuel Iling-Junior,ENG,MF,19,2003,24,4,810,9.0,1,2,3,1,0,0,1,0,0.11,0.22,0.33,0.11,0.33
ITA-Serie A,2324,Juventus,Tiago Djaló,POR,DF,23,2000,1,0,17,0.2,0,0,0,0,0,0,0,0,0.0,0.0,0.0,0.0,0.0
ITA-Serie A,2324,Juventus,Timothy Weah,USA,MF,23,2000,30,12,1258,14.0,0,1,1,0,0,0,5,0,0.0,0.07,0.07,0.0,0.07
ITA-Serie A,2324,Juventus,Weston McKennie,USA,MF,24,1998,34,29,2594,28.8,0,7,7,0,0,0,6,0,0.0,0.24,0.24,0.0,0.24
ITA-Serie A,2324,Juventus,Wojciech Szczęsny,POL,GK,33,1990,35,35,3150,35.0,0,0,0,0,0,0,1,0,0.0,0.0,0.0,0.0,0.0
ITA-Serie A,2324,Lazio,Adam Marušić,MNE,"DF,MF",30,1992,37,37,3100,34.4,1,0,1,1,0,0,3,1,0.03,0.0,0.03,0.03,0.03
ITA-Serie A,2324,Lazio,Alessio Romagnoli,ITA,DF,28,1995,29,26,2411,26.8,0,0,0,0,0,0,9,0,0.0,0.0,0.0,0.0,0.0
ITA-Serie A,2324,Lazio,Christos Mandas,GRE,GK,21,2001,9,8,721,8.0,0,0,0,0,0,0,0,0,0.0,0.0,0.0,0.0,0.0
ITA-Serie A,2324,Lazio,Ciro Immobile,ITA,FW,33,1990,31,21,1652,18.4,7,1,8,3,4,4,8,0,0.38,0.05,0.44,0.16,0.22
ITA-Serie A,2324,Lazio,Daichi Kamada,JPN,MF,26,1996,29,17,1544,17.2,2,2,4,2,0,0,3,0,0.12,0.12,0.23,0.12,0.23
ITA-Serie A,2324,Lazio,Danilo Cataldi,ITA,MF,28,1994,28,15,1361,15.1,1,0,1,1,0,0,8,0,0.07,0.0,0.07,0.07,0.07
ITA-Serie A,2324,Lazio,Elseid Hysaj,ALB,DF,29,1994,22,11,1199,13.3,0,0,0,0,0,0,2,0,0.0,0.0,0.0,0.0,0.0
ITA-Serie A,2324,Lazio,Felipe Anderson,BRA,"FW,MF",30,1993,38,33,2770,30.8,5,6,11,5,0,0,3,0,0.16,0.19,0.36,0.16,0.36
ITA-Serie A,2324,Lazio,Gustav Isaksen,DEN,"FW,MF",22,2001,28,12,1074,11.9,3,1,4,3,0,0,3,0,0.25,0.08,0.34,0.25,0.34
ITA-Serie A,2324,Lazio,Ivan Provedel,ITA,GK,29,1994,30,30,2699,30.0,0,0,0,0,0,0,0,0,0.0,0.0,0.0,0.0,0.0
ITA-Serie A,2324,Lazio,Luca Pellegrini,ITA,"DF,MF",24,1999,19,8,786,8.7,1,0,1,1,0,0,7,1,0.11,0.0,0.11,0.11,0.11
ITA-Serie A,2324,Lazio,Luis Alberto,ESP,MF,30,1992,33,29,2311,25.7,5,7,12,5,0,0,7,0,0.19,0.27,0.47,0.19,0.47
ITA-Serie A,2324,Lazio,Manuel Lazzari,ITA,"DF,MF",29,1993,24,19,1671,18.6,0,2,2,0,0,0,4,1,0.0,0.11,0.11,0.0,0.11
ITA-Serie A,2324,Lazio,Mario Gila,ESP,DF,22,2000,21,21,1809,20.1,0,0,0,0,0,0,4,1,0.0,0.0,0.0,0.0,0.0
ITA-Serie A,2324,Lazio,Mattia Zaccagni,ITA,"FW,MF",28,1995,28,24,1956,21.7,6,1,7,6,0,0,8,0,0.28,0.05,0.32,0.28,0.32
ITA-Serie A,2324,Lazio,Mattéo Guendouzi,FRA,MF,24,1999,33,27,2367,26.3,2,3,5,2,0,0,3,1,0.08,0.11,0.19,0.08,0.19
ITA-Serie A,2324,Lazio,Matías Vecino,URU,MF,31,1991,31,8,1153,12.8,6,1,7,6,0,0,8,0,0.47,0.08,0.55,0.47,0.55
ITA-Serie A,2324,Lazio,Nicolò Casale,ITA,DF,25,1998,20,16,1559,17.3,0,0,0,0,0,0,5,0,0.0,0.0,0.0,0.0,0.0
ITA-Serie A,2324,Lazio,Nicolò Rovella,ITA,MF,21,2001,23,16,1318,14.6,0,2,2,0,0,0,6,0,0.0,0.14,0.14,0.0,0.14
ITA-Serie A,2324,Lazio,Patric,ESP,DF,30,1993,20,19,1608,17.9,2,0,2,2,0,0,4,0,0.11,0.0,0.11,0.11,0.11
ITA-Serie A,2324,Lazio,Pedro,ESP,FW,36,1987,33,5,816,9.1,1,1,2,1,0,0,4,0,0.11,0.11,0.22,0.11,0.22
ITA-Serie A,2324,Lazio,Valentín Castellanos,ARG,FW,24,1998,35,16,1682,18.7,4,3,7,4,0,0,2,0,0.21,0.16,0.37,0.21,0.37
ITA-Serie A,2324,Lecce,Ahmed Touba,ALG,DF,25,1998,6,3,277,3.1,0,0,0,0,0,0,1,0,0.0,0.0,0.0,0.0,0.0
ITA-Serie A,2324,Lecce,Alexis Blin,FRA,MF,26,1996,31,16,1642,18.2,0,2,2,0,0,0,4,0,0.0,0.11,0.11,0.0,0.11
ITA-Serie A,2324,Lecce,Antonino Gallo,ITA,DF,23,2000,35,30,2490,27.7,0,3,3,0,0,0,2,0,0.0,0.11,0.11,0.0,0.11
ITA-Serie A,2324,Lecce,Federico Baschirotto,ITA,DF,26,1996,37,37,3294,36.6,0,1,1,0,0,0,3,1,0.0,0.03,0.03,0.0,0.03
ITA-Serie A,2324,Lecce,Federico Di Francesco,ITA,"FW,MF",29,1994,2,0,15,0.2,1,0,1,1,0,0,0,0,6.0,0.0,6.0,6.0,6.0
ITA-Serie A,2324,Lecce,Gabriel Strefezza,BRA,"FW,MF",26,1997,19,13,1112,12.4,1,0,1,0,1,1,4,0,0.08,0.0,0.08,0.0,0.0
ITA-Serie A,2324,Lecce,Hamza Rafia,TUN,MF,24,1999,28,17,1204,13.4,1,0,1,1,0,0,4,0,0.07,0.0,0.07,0.07,0.07
ITA-Serie A,2324,Lecce,Jeppe Corfitzen,DEN,FW,18,2004,1,0,9,0.1,0,0,0,0,0,0,0,0,0.0,0.0,0.0,0.0,0.0
ITA-Serie A,2324,Lecce,Joan Gonzàlez,ESP,MF,21,2002,29,13,1291,14.3,1,1,2,1,0,0,6,0,0.07,0.07,0.14,0.07,0.14
ITA-Serie A,2324,Lecce,Lameck Banda,ZAM,"FW,MF",22,2001,21,17,1350,15.0,2,4,6,2,0,0,5,1,0.13,0.27,0.4,0.13,0.4
ITA-Serie A,2324,Lecce,Lorenzo Venuti,ITA,DF,28,1995,14,3,364,4.0,0,0,0,0,0,0,1,0,0.0,0.0,0.0,0.0,0.0
ITA-Serie A,2324,Lecce,Marcin Listkowski,POL,"FW,MF",25,1998,1,0,8,0.1,0,0,0,0,0,0,0,0,0.0,0.0,0.0,0.0,0.0
ITA-Serie A,2324,Lecce,Marin Pongračić,CRO,DF,25,1997,36,36,3219,35.8,0,0,0,0,0,0,10,1,0.0,0.0,0.0,0.0,0.0
ITA-Serie A,2324,Lecce,Medon Berisha,ALB,MF,19,2003,6,2,205,2.3,0,0,0,0,0,0,0,0,0.0,0.0,0.0,0.0,0.0
ITA-Serie A,2324,Lecce,Mohamed Kaba,GUI,MF,21,2001,23,15,1378,15.3,0,0,0,0,0,0,4,1,0.0,0.0,0.0,0.0,0.0
ITA-Serie A,2324,Lecce,Nicola Sansone,ITA,"MF,FW",31,1991,25,4,767,8.5,2,2,4,2,0,0,4,0,0.23,0.23,0.47,0.23,0.47
ITA-Serie A,2324,Lecce,Nikola Krstović,MNE,FW,23,2000,35,30,2373,26.4,7,1,8,6,1,3,4,1,0.27,0.04,0.3,0.23,0.27
ITA-Serie A,2324,Lecce,Patrick Dorgu,DEN,"MF,DF",18,2004,32,17,1564,17.4,2,0,2,2,0,0,6,0,0.12,0.0,0.12,0.12,0.12
ITA-Serie A,2324,Lecce,Pontus Almqvist,SWE,"FW,MF",24,1999,30,25,2107,23.4,2,1,3,2,0,0,5,0,0.09,0.04,0.13,0.09,0.13
ITA-Serie A,2324,Lecce,Rareș-Cătălin Burnete,ROU,FW,19,2004,1,0,8,0.1,0,1,1,0,0,0,0,0,0.0,11.25,11.25,0.0,11.25
ITA-Serie A,2324,Lecce,Remi Oudin,FRA,"MF,FW",26,1996,31,21,1819,20.2,3,2,5,3,0,0,3,0,0.15,0.1,0.25,0.15,0.25
ITA-Serie A,2324,Lecce,Roberto Piccoli,ITA,FW,22,2001,35,12,1378,15.3,5,0,5,4,1,1,5,0,0.33,0.0,0.33,0.26,0.26
ITA-Serie A,2324,Lecce,Santiago Pierotti,ARG,"FW,MF",22,2001,11,0,200,2.2,0,2,2,0,0,0,0,0,0.0,0.9,0.9,0.0,0.9
ITA-Serie A,2324,Lecce,Valentin Gendrey,FRA,DF,23,2000,37,35,3044,33.8,2,3,5,2,0,0,5,0,0.06,0.09,0.15,0.06,0.15
ITA-Serie A,2324,Lecce,Wladimiro Falcone,ITA,GK,28,1995,38,38,3420,38.0,0,0,0,0,0,0,0,0,0.0,0.0,0.0,0.0,0.0
ITA-Serie A,2324,Lecce,Ylber Ramadani,ALB,MF,27,1996,34,34,2970,33.0,1,0,1,1,0,0,13,0,0.03,0.0,0.03,0.03,0.03
ITA-Serie A,2324,Milan,Alessandro Florenzi,ITA,"DF,MF",32,1991,31,19,1732,19.2,1,4,5,1,0,0,5,0,0.05,0.21,0.26,0.05,0.26
ITA-Serie A,2324,Milan,Antonio Mirante,ITA,GK,40,1983,2,2,177,2.0,0,0,0,0,0,0,0,0,0.0,0.0,0.0,0.0,0.0
ITA-Serie A,2324,Milan,Chaka Traorè,CIV,FW,18,2004,2,0,20,0.2,1,0,1,1,0,0,0,0,4.5,0.0,4.5,4.5,4.5
ITA-Serie A,2324,Milan,Christian Pulisic,USA,"MF,FW",24,1998,36,32,2602,28.9,12,8,20,12,0,0,2,0,0.42,0.28,0.69,0.42,0.69
ITA-Serie A,2324,Milan,Davide Bartesaghi,ITA,MF,17,2005,6,0,79,0.9,0,0,0,0,0,0,0,0,0.0,0.0,0.0,0.0,0.0
ITA-Serie A,2324,Milan,Davide Calabria,ITA,DF,26,1996,29,26,2185,24.3,1,3,4,1,0,0,5,2,0.04,0.12,0.16,0.04,0.16
ITA-Serie A,2324,Milan,Fikayo Tomori,ENG,DF,25,1997,26,24,2121,23.6,4,0,4,4,0,0,8,1,0.17,0.0,0.17,0.17,0.17
ITA-Serie A,2324,Milan,Filippo Terracciano,ITA,DF,20,2003,3,1,76,0.8,0,0,0,0,0,0,1,0,0.0,0.0,0.0,0.0,0.0
ITA-Serie A,2324,Milan,Francesco Camarda,ITA,FW,15,2008,2,0,14,0.2,0,0,0,0,0,0,0,0,0.0,0.0,0.0,0.0,0.0
ITA-Serie A,2324,Milan,Ismaël Bennacer,ALG,MF,25,1997,20,13,1151,12.8,2,2,4,1,1,1,2,0,0.16,0.16,0.31,0.08,0.23
ITA-Serie A,2324,Milan,Jan-Carlo Simic,SRB,DF,18,2005,4,0,146,1.6,1,0,1,1,0,0,0,0,0.62,0.0,0.62,0.62,0.62
ITA-Serie A,2324,Milan,Kevin Zeroli,ITA,MF,18,2005,3,0,28,0.3,0,0,0,0,0,0,0,0,0.0,0.0,0.0,0.0,0.0
ITA-Serie A,2324,Milan,Lapo Nava,ITA,GK,19,2004,1,0,3,0.0,0,0,0,0,0,0,0,0,0.0,0.0,0.0,0.0,0.0
ITA-Serie A,2324,Milan,Luka Jović,SRB,FW,25,1997,23,8,877,9.7,6,1,7,6,0,0,2,1,0.62,0.1,0.72,0.62,0.72
ITA-Serie A,2324,Milan,Luka Romero,ARG,MF,18,2004,4,0,88,1.0,0,0,0,0,0,0,1,0,0.0,0.0,0.0,0.0,0.0
ITA-Serie A,2324,Milan,Malick Thiaw,GER,DF,21,2001,21,19,1619,18.0,0,1,1,0,0,0,5,1,0.0,0.06,0.06,0.0,0.06
ITA-Serie A,2324,Milan,Marco Pellegrino,ARG,DF,21,2002,1,0,68,0.8,0,0,0,0,0,0,0,0,0.0,0.0,0.0,0.0,0.0
ITA-Serie A,2324,Milan,Marco Sportiello,ITA,GK,31,1992,7,7,630,7.0,0,0,0,0,0,0,0,0,0.0,0.0,0.0,0.0,0.0
ITA-Serie A,2324,Milan,Matteo Gabbia,ITA,DF,23,1999,18,14,1275,14.2,2,1,3,2,0,0,5,0,0.14,0.07,0.21,0.14,0.21
ITA-Serie A,2324,Milan,Mattia Caldara,ITA,DF,29,1994,1,0,33,0.4,0,0,0,0,0,0,0,0,0.0,0.0,0.0,0.0,0.0
ITA-Serie A,2324,Milan,Mike Maignan,FRA,GK,28,1995,29,29,2609,29.0,0,1,1,0,0,0,1,1,0.0,0.03,0.03,0.0,0.03
ITA-Serie A,2324,Milan,Noah Okafor,SUI,"FW,MF",23,2000,28,6,887,9.9,6,2,8,6,0,0,1,0,0.61,0.2,0.81,0.61,0.81
ITA-Serie A,2324,Milan,Olivier Giroud,FRA,FW,36,1986,35,28,2363,26.3,15,8,23,11,4,5,1,1,0.57,0.3,0.88,0.42,0.72
ITA-Serie A,2324,Milan,Pierre Kalulu,FRA,DF,23,2000,9,4,374,4.2,0,0,0,0,0,0,0,0,0.0,0.0,0.0,0.0,0.0
ITA-Serie A,2324,Milan,Rade Krunić,BIH,MF,29,1993,10,8,687,7.6,0,0,0,0,0,0,3,0,0.0,0.0,0.0,0.0,0.0
ITA-Serie A,2324,Milan,Rafael Leão,POR,"MF,FW",24,1999,34,29,2512,27.9,9,9,18,9,0,0,5,0,0.32,0.32,0.64,0.32,0.64
ITA-Serie A,2324,Milan,Ruben Loftus-Cheek,ENG,MF,27,1996,29,26,2068,23.0,6,1,7,6,0,0,5,0,0.26,0.04,0.3,0.26,0.3
ITA-Serie A,2324,Milan,Samuel Chukwueze,NGA,"MF,FW",24,1999,24,12,1017,11.3,1,3,4,1,0,0,1,0,0.09,0.27,0.35,0.09,0.35
ITA-Serie A,2324,Milan,Simon Kjær,DEN,DF,34,1989,20,14,1171,13.0,0,1,1,0,0,0,1,0,0.0,0.08,0.08,0.0,0.08
ITA-Serie A,2324,Milan,Theo Hernández,FRA,DF,25,1997,32,31,2791,31.0,5,4,9,4,1,2,11,1,0.16,0.13,0.29,0.13,0.26
ITA-Serie A,2324,Milan,Tijjani Reijnders,NED,MF,25,1998,36,33,2820,31.3,3,3,6,3,0,0,8,0,0.1,0.1,0.19,0.1,0.19
ITA-Serie A,2324,Milan,Tommaso Pobega,ITA,"MF,DF",24,1999,11,3,319,3.5,0,0,0,0,0,0,0,0,0.0,0.0,0.0,0.0,0.0
ITA-Serie A,2324,Milan,Yacine Adli,FRA,MF,23,2000,24,17,1407,15.6,1,2,3,1,0,0,3,0,0.06,0.13,0.19,0.06,0.19
ITA-Serie A,2324,Milan,Yunus Musah,USA,MF,20,2002,30,13,1478,16.4,0,2,2,0,0,0,5,0,0.0,0.12,0.12,0.0,0.12
ITA-Serie A,2324,Milan,Álex Jiménez,ESP,DF,18,2005,3,0,68,0.8,0,0,0,0,0,0,1,0,0.0,0.0,0.0,0.0,0.0
ITA-Serie A,2324,Monza,Alessandro Sorrentino,ITA,GK,21,2002,7,5,548,6.1,0,0,0,0,0,0,0,0,0.0,0.0,0.0,0.0,0.0
ITA-Serie A,2324,Monza,Alessio Zerbin,ITA,MF,24,1999,13,7,684,7.6,0,1,1,0,0,0,2,1,0.0,0.13,0.13,0.0,0.13
ITA-Serie A,2324,Monza,Andrea Carboni,ITA,DF,22,2001,21,16,1487,16.5,1,0,1,1,0,0,1,0,0.06,0.0,0.06,0.06,0.06
ITA-Serie A,2324,Monza,Andrea Colpani,ITA,MF,24,1999,38,36,2657,29.5,8,4,12,8,0,0,1,0,0.27,0.14,0.41,0.27,0.41
ITA-Serie A,2324,Monza,Andrea Ferraris,ITA,FW,20,2003,1,0,10,0.1,0,0,0,0,0,0,0,0,0.0,0.0,0.0,0.0,0.0
ITA-Serie A,2324,Monza,Armando Izzo,ITA,DF,31,1992,23,20,1650,18.3,0,0,0,0,0,0,9,0,0.0,0.0,0.0,0.0,0.0
ITA-Serie A,2324,Monza,Daniel Maldini,ITA,MF,21,2001,11,2,333,3.7,4,1,5,4,0,0,0,0,1.08,0.27,1.35,1.08,1.35
ITA-Serie A,2324,Monza,Danilo D'Ambrosio,ITA,DF,34,1988,24,16,1536,17.1,0,0,0,0,0,0,5,1,0.0,0.0,0.0,0.0,0.0
ITA-Serie A,2324,Monza,Dany Mota,POR,"MF,FW",25,1998,34,24,2049,22.8,4,3,7,4,0,0,3,0,0.18,0.13,0.31,0.18,0.31
ITA-Serie A,2324,Monza,Davide Bettella,ITA,DF,23,2000,1,0,3,0.0,0,0,0,0,0,0,0,0,0.0,0.0,0.0,0.0,0.0
ITA-Serie A,2324,Monza,Gianluca Caprari,ITA,"MF,FW",30,1993,6,4,285,3.2,0,0,0,0,0,0,0,0,0.0,0.0,0.0,0.0,0.0
ITA-Serie A,2324,Monza,Giorgio Cittadini,ITA,DF,21,2002,1,0,15,0.2,0,0,0,0,0,0,1,0,0.0,0.0,0.0,0.0,0.0
ITA-Serie A,2324,Monza,Giorgos Kyriakopoulos,GRE,"MF,DF",27,1996,28,20,1712,19.0,0,3,3,0,0,0,3,0,0.0,0.16,0.16,0.0,0.16
ITA-Serie A,2324,Monza,Giulio Donati,ITA,DF,33,1990,4,0,36,0.4,0,0,0,0,0,0,2,0,0.0,0.0,0.0,0.0,0.0
ITA-Serie A,2324,Monza,Jean-Daniel Akpa-Akpro,CIV,"MF,DF",30,1992,19,8,705,7.8,0,0,0,0,0,0,5,0,0.0,0.0,0.0,0.0,0.0
ITA-Serie A,2324,Monza,Lorenzo Colombo,ITA,FW,21,2002,25,16,1359,15.1,4,1,5,4,0,0,3,0,0.26,0.07,0.33,0.26,0.33
ITA-Serie A,2324,Monza,Luca Caldirola,ITA,DF,32,1991,29,23,2141,23.8,1,1,2,1,0,0,7,1,0.04,0.04,0.08,0.04,0.08
ITA-Serie A,2324,Monza,Matteo Pessina,ITA,MF,26,1997,37,37,3222,35.8,6,3,9,2,4,5,5,1,0.17,0.08,0.25,0.06,0.14
ITA-Serie A,2324,Monza,Michele Di Gregorio,ITA,GK,26,1997,33,33,2872,31.9,0,0,0,0,0,0,0,0,0.0,0.0,0.0,0.0,0.0
ITA-Serie A,2324,Monza,Milan Đurić,BIH,FW,33,1990,17,13,1257,14.0,4,1,5,4,0,0,2,0,0.29,0.07,0.36,0.29,0.36
ITA-Serie A,2324,Monza,Mirko Marić,CRO,FW,28,1995,10,1,287,3.2,1,0,1,1,0,0,0,1,0.31,0.0,0.31,0.31,0.31
ITA-Serie A,2324,Monza,Pablo Marí,ESP,DF,29,1993,34,30,2615,29.1,0,0,0,0,0,0,7,0,0.0,0.0,0.0,0.0,0.0
ITA-Serie A,2324,Monza,Papu Gómez,ARG,"FW,MF",35,1988,2,0,41,0.5,0,0,0,0,0,0,0,0,0.0,0.0,0.0,0.0,0.0
ITA-Serie A,2324,Monza,Patrick Ciurria,ITA,MF,28,1995,22,18,1598,17.8,0,1,1,0,0,0,2,0,0.0,0.06,0.06,0.0,0.06
ITA-Serie A,2324,Monza,Pedro Pereira,POR,"MF,DF",25,1998,23,9,841,9.3,0,2,2,0,0,0,3,0,0.0,0.21,0.21,0.0,0.21
ITA-Serie A,2324,Monza,Pepín,EQG,MF,26,1996,10,2,241,2.7,0,0,0,0,0,0,2,0,0.0,0.0,0.0,0.0,0.0
ITA-Serie A,2324,Monza,Roberto Gagliardini,ITA,"MF,DF",29,1994,33,29,2360,26.2,1,2,3,1,0,0,5,0,0.04,0.08,0.11,0.04,0.11
ITA-Serie A,2324,Monza,Samuele Birindelli,ITA,"MF,DF",24,1999,35,22,2013,22.4,0,2,2,0,0,0,7,0,0.0,0.09,0.09,0.0,0.09
ITA-Serie A,2324,Monza,Samuele Vignato,ITA,MF,19,2004,10,3,343,3.8,1,0,1,1,0,0,2,0,0.26,0.0,0.26,0.26,0.26
ITA-Serie A,2324,Monza,Valentin Carboni,ARG,MF,18,2005,31,10,1169,13.0,2,3,5,2,0,0,2,0,0.15,0.23,0.38,0.15,0.38
ITA-Serie A,2324,Monza,Warren Bondo,FRA,MF,19,2003,25,14,1475,16.4,1,1,2,1,0,0,9,0,0.06,0.06,0.12,0.06,0.12
ITA-Serie A,2324,Napoli,Alessandro Zanoli,ITA,MF,22,2000,4,0,52,0.6,0,0,0,0,0,0,1,0,0.0,0.0,0.0,0.0,0.0
ITA-Serie A,2324,Napoli,Alessio Zerbin,ITA,FW,24,1999,7,1,150,1.7,0,0,0,0,0,0,0,0,0.0,0.0,0.0,0.0,0.0
ITA-Serie A,2324,Napoli,Alex Meret,ITA,GK,26,1997,31,31,2773,30.8,0,0,0,0,0,0,0,0,0.0,0.0,0.0,0.0,0.0
ITA-Serie A,2324,Napoli,Amir Rrahmani,KVX,DF,29,1994,30,30,2600,28.9,3,0,3,3,0,0,5,0,0.1,0.0,0.1,0.1,0.1
ITA-Serie A,2324,Napoli,Cyril Ngonge,BEL,FW,23,2000,13,1,315,3.5,1,0,1,1,0,0,2,0,0.29,0.0,0.29,0.29,0.29
ITA-Serie A,2324,Napoli,Diego Demme,GER,MF,31,1991,2,1,73,0.8,0,0,0,0,0,0,1,0,0.0,0.0,0.0,0.0,0.0
ITA-Serie A,2324,Napoli,Elif Elmas,MKD,"MF,FW",23,1999,11,4,339,3.8,2,0,2,2,0,0,2,0,0.53,0.0,0.53,0.53,0.53
ITA-Serie A,2324,Napoli,Frank Anguissa,CMR,MF,27,1995,34,32,2786,31.0,0,2,2,0,0,0,2,0,0.0,0.06,0.06,0.0,0.06
ITA-Serie A,2324,Napoli,Giacomo Raspadori,ITA,FW,23,2000,37,14,1584,17.6,5,3,8,5,0,1,0,0,0.28,0.17,0.45,0.28,0.45
ITA-Serie A,2324,Napoli,Gianluca Gaetano,ITA,MF,23,2000,9,1,161,1.8,1,0,1,1,0,0,1,0,0.56,0.0,0.56,0.56,0.56
ITA-Serie A,2324,Napoli,Giovanni Di Lorenzo,ITA,DF,29,1993,36,36,3234,35.9,1,6,7,1,0,0,6,0,0.03,0.17,0.19,0.03,0.19
ITA-Serie A,2324,Napoli,Giovanni Simeone,ARG,FW,28,1995,28,8,800,8.9,1,0,1,1,0,0,3,0,0.11,0.0,0.11,0.11,0.11
ITA-Serie A,2324,Napoli,Hamed Junior Traorè,CIV,MF,23,2000,9,5,382,4.2,0,0,0,0,0,0,1,0,0.0,0.0,0.0,0.0,0.0
ITA-Serie A,2324,Napoli,Jens Cajuste,SWE,MF,23,1999,26,11,1016,11.3,0,2,2,0,0,0,7,0,0.0,0.18,0.18,0.0,0.18
ITA-Serie A,2324,Napoli,Jesper Lindstrøm,DEN,FW,23,2000,22,2,430,4.8,0,0,0,0,0,0,2,0,0.0,0.0,0.0,0.0,0.0
ITA-Serie A,2324,Napoli,Juan Jesus,BRA,DF,32,1991,24,23,2116,23.5,1,0,1,1,0,0,7,0,0.04,0.0,0.04,0.04,0.04
ITA-Serie A,2324,Napoli,Khvicha Kvaratskhelia,GEO,FW,22,2001,34,32,2737,30.4,11,6,17,11,0,0,8,0,0.36,0.2,0.56,0.36,0.56
ITA-Serie A,2324,Napoli,Leander Dendoncker,BEL,"DF,MF",28,1995,3,0,24,0.3,0,0,0,0,0,0,0,0,0.0,0.0,0.0,0.0,0.0
ITA-Serie A,2324,Napoli,Leo Østigård,NOR,DF,23,1999,25,18,1625,18.1,1,0,1,1,0,0,3,0,0.06,0.0,0.06,0.06,0.06
ITA-Serie A,2324,Napoli,Mathías Olivera,URU,DF,25,1997,23,18,1569,17.4,1,1,2,1,0,0,3,0,0.06,0.06,0.11,0.06,0.11
ITA-Serie A,2324,Napoli,Matteo Politano,ITA,FW,29,1993,37,31,2360,26.2,8,7,15,6,2,3,2,1,0.31,0.27,0.57,0.23,0.5
ITA-Serie A,2324,Napoli,Mário Rui,POR,DF,32,1991,21,14,1205,13.4,0,2,2,0,0,0,7,1,0.0,0.15,0.15,0.0,0.15
ITA-Serie A,2324,Napoli,Natan,BRA,DF,22,2001,14,11,952,10.6,0,0,0,0,0,0,3,1,0.0,0.0,0.0,0.0,0.0
ITA-Serie A,2324,Napoli,Nikita Contini,ITA,GK,27,1996,1,0,17,0.2,0,0,0,0,0,0,0,0,0.0,0.0,0.0,0.0,0.0
ITA-Serie A,2324,Napoli,Pasquale Mazzocchi,ITA,"DF,MF",28,1995,10,4,428,4.8,0,1,1,0,0,0,0,1,0.0,0.21,0.21,0.0,0.21
ITA-Serie A,2324,Napoli,Pierluigi Gollini,ITA,GK,28,1995,7,7,630,7.0,0,0,0,0,0,0,0,0,0.0,0.0,0.0,0.0,0.0
ITA-Serie A,2324,Napoli,Piotr Zieliński,POL,MF,29,1994,28,23,1924,21.4,3,2,5,2,1,1,1,0,0.14,0.09,0.23,0.09,0.19
ITA-Serie A,2324,Napoli,Stanislav Lobotka,SVK,MF,28,1994,38,38,3282,36.5,0,1,1,0,0,0,4,0,0.0,0.03,0.03,0.0,0.03
ITA-Serie A,2324,Napoli,Victor Osimhen,NGA,FW,24,1998,25,22,1982,22.0,15,3,18,12,3,5,6,1,0.68,0.14,0.82,0.54,0.68
ITA-Serie A,2324,Roma,Andrea Belotti,ITA,FW,29,1993,14,6,679,7.5,3,2,5,3,0,0,1,0,0.4,0.27,0.66,0.4,0.66
ITA-Serie A,2324,Roma,Angeliño,ESP,"DF,MF",26,1997,16,14,1141,12.7,0,1,1,0,0,0,2,0,0.0,0.08,0.08,0.0,0.08
ITA-Serie A,2324,Roma,Bryan Cristante,ITA,MF,28,1995,37,37,3289,36.5,3,4,7,3,0,0,8,0,0.08,0.11,0.19,0.08,0.19
ITA-Serie A,2324,Roma,Chris Smalling,ENG,DF,33,1989,8,4,390,4.3,0,0,0,0,0,0,0,0,0.0,0.0,0.0,0.0,0.0
ITA-Serie A,2324,Roma,Dean Huijsen,ESP,DF,18,2005,13,4,509,5.7,2,0,2,2,0,0,4,0,0.35,0.0,0.35,0.35,0.35
ITA-Serie A,2324,Roma,Diego Llorente,ESP,DF,29,1993,29,27,2170,24.1,1,1,2,1,0,0,5,0,0.04,0.04,0.08,0.04,0.08
ITA-Serie A,2324,Roma,Edoardo Bove,ITA,MF,21,2002,31,18,1780,19.8,0,2,2,0,0,0,2,0,0.0,0.1,0.1,0.0,0.1
ITA-Serie A,2324,Roma,Gianluca Mancini,ITA,DF,27,1996,36,34,2869,31.9,4,1,5,4,0,0,9,0,0.13,0.03,0.16,0.13,0.16
ITA-Serie A,2324,Roma,Houssem Aouar,ALG,"MF,FW",25,1998,16,9,756,8.4,4,0,4,4,0,0,3,0,0.48,0.0,0.48,0.48,0.48
ITA-Serie A,2324,Roma,João Costa,BRA,FW,18,2005,3,0,14,0.2,0,0,0,0,0,0,1,0,0.0,0.0,0.0,0.0,0.0
ITA-Serie A,2324,Roma,Leandro Paredes,ARG,MF,29,1994,34,32,2634,29.3,3,5,8,0,3,3,15,1,0.1,0.17,0.27,0.0,0.17
ITA-Serie A,2324,Roma,Leonardo Spinazzola,ITA,"MF,DF",30,1993,24,15,1312,14.6,1,2,3,1,0,0,0,0,0.07,0.14,0.21,0.07,0.21
ITA-Serie A,2324,Roma,Lorenzo Pellegrini,ITA,MF,27,1996,29,20,1859,20.7,8,3,11,7,1,1,7,0,0.39,0.15,0.53,0.34,0.48
ITA-Serie A,2324,Roma,Mile Svilar,SRB,GK,23,1999,15,15,1350,15.0,0,0,0,0,0,0,1,0,0.0,0.0,0.0,0.0,0.0
ITA-Serie A,2324,Roma,Niccolò Pisilli,ITA,MF,18,2004,1,0,10,0.1,0,0,0,0,0,0,0,0,0.0,0.0,0.0,0.0,0.0
ITA-Serie A,2324,Roma,Nicola Zalewski,POL,"MF,FW",21,2002,22,10,968,10.8,0,1,1,0,0,0,3,1,0.0,0.09,0.09,0.0,0.09
ITA-Serie A,2324,Roma,Obite N'Dicka,CIV,DF,23,1999,25,25,2168,24.1,0,3,3,0,0,0,6,0,0.0,0.12,0.12,0.0,0.12
ITA-Serie A,2324,Roma,Ola Solbakken,NOR,FW,24,1998,1,0,23,0.3,0,0,0,0,0,0,0,0,0.0,0.0,0.0,0.0,0.0
ITA-Serie A,2324,Roma,Paulo Dybala,ARG,"FW,MF",29,1993,28,25,1959,21.8,13,9,22,6,7,7,3,0,0.6,0.41,1.01,0.28,0.69
ITA-Serie A,2324,Roma,Rasmus Kristensen,DEN,"MF,DF",26,1997,29,19,1744,19.4,1,1,2,1,0,0,5,0,0.05,0.05,0.1,0.05,0.1
ITA-Serie A,2324,Roma,Renato Sanches,POR,MF,25,1997,7,1,146,1.6,1,0,1,1,0,0,2,0,0.62,0.0,0.62,0.62,0.62
ITA-Serie A,2324,Roma,Riccardo Pagano,ITA,MF,18,2004,4,0,51,0.6,0,0,0,0,0,0,0,0,0.0,0.0,0.0,0.0,0.0
ITA-Serie A,2324,Roma,Rick Karsdorp,NED,"MF,DF",28,1995,18,14,1191,13.2,0,2,2,0,0,0,2,0,0.0,0.15,0.15,0.0,0.15
ITA-Serie A,2324,Roma,Romelu Lukaku,BEL,FW,30,1993,32,30,2641,29.3,13,3,16,13,0,1,5,1,0.44,0.1,0.55,0.44,0.55
ITA-Serie A,2324,Roma,Rui Patrício,POR,GK,35,1988,23,23,2070,23.0,0,0,0,0,0,0,1,0,0.0,0.0,0.0,0.0,0.0
ITA-Serie A,2324,Roma,Sardar Azmoun,IRN,"FW,MF",28,1995,23,3,585,6.5,3,0,3,3,0,0,4,0,0.46,0.0,0.46,0.46,0.46
ITA-Serie A,2324,Roma,Stephan El Shaarawy,ITA,"FW,MF",30,1992,33,19,1738,19.3,3,4,7,3,0,0,2,0,0.16,0.21,0.36,0.16,0.36
ITA-Serie A,2324,Roma,Tammy Abraham,ENG,FW,25,1997,8,2,242,2.7,1,0,1,1,0,0,1,0,0.37,0.0,0.37,0.37,0.37
ITA-Serie A,2324,Roma,Tommaso Baldanzi,ITA,"MF,FW",20,2003,13,6,518,5.8,0,0,0,0,0,0,2,0,0.0,0.0,0.0,0.0,0.0
ITA-Serie A,2324,Roma,Zeki Çelik,TUR,"DF,MF",26,1997,17,6,671,7.5,0,0,0,0,0,0,1,0,0.0,0.0,0.0,0.0,0.0
ITA-Serie A,2324,Salernitana,Agustín Martegani,ARG,MF,23,2000,18,6,731,8.1,1,0,1,1,0,0,1,0,0.12,0.0,0.12,0.12,0.12
ITA-Serie A,2324,Salernitana,Alessandro Zanoli,ITA,"MF,DF",22,2000,17,10,921,10.2,0,2,2,0,0,0,3,0,0.0,0.2,0.2,0.0,0.2
ITA-Serie A,2324,Salernitana,Andres Sfait,ROU,MF,18,2004,2,0,23,0.3,0,0,0,0,0,0,0,0,0.0,0.0,0.0,0.0,0.0
ITA-Serie A,2324,Salernitana,Antonio Candreva,ITA,MF,36,1987,34,32,2750,30.6,6,6,12,5,1,1,5,0,0.2,0.2,0.39,0.16,0.36
ITA-Serie A,2324,Salernitana,Benoît Costil,FRA,GK,36,1987,13,13,1170,13.0,0,0,0,0,0,0,0,0,0.0,0.0,0.0,0.0,0.0
ITA-Serie A,2324,Salernitana,Boulaye Dia,SEN,"FW,MF",26,1996,17,12,1143,12.7,4,0,4,3,1,1,1,0,0.31,0.0,0.31,0.24,0.24
ITA-Serie A,2324,Salernitana,Chukwubuikem Ikwuemesi,NGA,FW,21,2001,25,11,1061,11.8,1,1,2,1,0,0,2,0,0.08,0.08,0.17,0.08,0.17
ITA-Serie A,2324,Salernitana,Domagoj Bradarić,CRO,"MF,DF",23,1999,34,30,2749,30.5,0,3,3,0,0,0,5,0,0.0,0.1,0.1,0.0,0.1
ITA-Serie A,2324,Salernitana,Dylan Bronn,TUN,DF,28,1995,4,0,52,0.6,0,0,0,0,0,0,0,0,0.0,0.0,0.0,0.0,0.0
ITA-Serie A,2324,Salernitana,Emanuel Vignato,ITA,"MF,FW",22,2000,9,3,311,3.5,0,1,1,0,0,0,1,0,0.0,0.29,0.29,0.0,0.29
ITA-Serie A,2324,Salernitana,Emil Bohinen,NOR,MF,24,1999,12,7,535,5.9,0,0,0,0,0,0,1,0,0.0,0.0,0.0,0.0,0.0
ITA-Serie A,2324,Salernitana,Erik Botheim,NOR,"FW,MF",23,2000,7,4,316,3.5,0,0,0,0,0,0,1,0,0.0,0.0,0.0,0.0,0.0
ITA-Serie A,2324,Salernitana,Federico Fazio,ARG,DF,36,1987,17,15,1355,15.1,1,0,1,1,0,0,3,1,0.07,0.0,0.07,0.07,0.07
ITA-Serie A,2324,Salernitana,Flavius Daniliuc,AUT,DF,22,2001,14,8,744,8.3,0,0,0,0,0,0,2,0,0.0,0.0,0.0,0.0,0.0
ITA-Serie A,2324,Salernitana,Gerardo Fusco,ITA,FW,18,2005,1,0,15,0.2,0,0,0,0,0,0,0,0,0.0,0.0,0.0,0.0,0.0
ITA-Serie A,2324,Salernitana,Giulio Maggiore,ITA,MF,25,1998,27,20,1800,20.0,4,2,6,4,0,0,9,1,0.2,0.1,0.3,0.2,0.3
ITA-Serie A,2324,Salernitana,Grigoris Kastanos,CYP,MF,25,1998,26,18,1480,16.4,3,3,6,3,0,0,5,0,0.18,0.18,0.36,0.18,0.36
ITA-Serie A,2324,Salernitana,Guillermo Ochoa,MEX,GK,38,1985,21,21,1890,21.0,0,0,0,0,0,0,0,0,0.0,0.0,0.0,0.0,0.0
ITA-Serie A,2324,Salernitana,Iron Gomis,FRA,MF,23,1999,5,1,134,1.5,0,0,0,0,0,0,0,0,0.0,0.0,0.0,0.0,0.0
ITA-Serie A,2324,Salernitana,Jovane Cabral,CPV,"MF,FW",25,1998,12,8,678,7.5,1,0,1,1,0,0,1,0,0.13,0.0,0.13,0.13,0.13
ITA-Serie A,2324,Salernitana,Junior Sambia,CTA,MF,26,1996,18,10,1032,11.5,1,2,3,1,0,0,4,0,0.09,0.17,0.26,0.09,0.26
ITA-Serie A,2324,Salernitana,Jérôme Boateng,GER,DF,34,1988,7,4,238,2.6,0,0,0,0,0,0,0,0,0.0,0.0,0.0,0.0,0.0
ITA-Serie A,2324,Salernitana,Kostas Manolas,GRE,DF,32,1991,8,6,488,5.4,0,0,0,0,0,0,0,0,0.0,0.0,0.0,0.0,0.0
ITA-Serie A,2324,Salernitana,Lassana Coulibaly,MLI,MF,27,1996,28,25,2082,23.1,0,1,1,0,0,0,5,0,0.0,0.04,0.04,0.0,0.04
ITA-Serie A,2324,Salernitana,Lorenzo Pirola,ITA,DF,21,2002,27,24,1987,22.1,1,0,1,1,0,0,4,0,0.05,0.0,0.05,0.05,0.05
ITA-Serie A,2324,Salernitana,Loum Tchaouna,FRA,"MF,FW",19,2003,33,23,2100,23.3,4,3,7,4,0,0,4,0,0.17,0.13,0.3,0.17,0.3
ITA-Serie A,2324,Salernitana,Mamadou Coulibaly,SEN,MF,24,1999,1,0,3,0.0,0,0,0,0,0,0,0,0,0.0,0.0,0.0,0.0,0.0
ITA-Serie A,2324,Salernitana,Marco Pellegrino,ARG,DF,21,2002,10,5,545,6.1,0,0,0,0,0,0,1,0,0.0,0.0,0.0,0.0,0.0
ITA-Serie A,2324,Salernitana,Mateusz Łęgowski,POL,MF,20,2003,29,10,1145,12.7,0,0,0,0,0,0,3,0,0.0,0.0,0.0,0.0,0.0
ITA-Serie A,2324,Salernitana,Matteo Lovato,ITA,DF,23,2000,13,11,947,10.5,0,0,0,0,0,0,2,0,0.0,0.0,0.0,0.0,0.0
ITA-Serie A,2324,Salernitana,Niccolò Pierozzi,ITA,DF,21,2001,12,11,871,9.7,1,0,1,1,0,0,6,0,0.1,0.0,0.1,0.1,0.1
ITA-Serie A,2324,Salernitana,Norbert Gyömbér,SVK,DF,31,1992,22,20,1760,19.6,0,0,0,0,0,0,9,0,0.0,0.0,0.0,0.0,0.0
ITA-Serie A,2324,Salernitana,Pasquale Mazzocchi,ITA,"MF,DF",28,1995,18,16,1272,14.1,0,1,1,0,0,0,4,0,0.0,0.07,0.07,0.0,0.07
ITA-Serie A,2324,Salernitana,Shon Weissman,ISR,FW,27,1996,11,5,494,5.5,1,0,1,1,0,0,0,0,0.18,0.0,0.18,0.18,0.18
ITA-Serie A,2324,Salernitana,Simeon Nwankwo,NGA,FW,31,1992,15,6,686,7.6,3,0,3,3,0,0,0,0,0.39,0.0,0.39,0.39,0.39
ITA-Serie A,2324,Salernitana,Toma Bašić,CRO,MF,26,1996,15,14,1162,12.9,0,0,0,0,0,0,5,0,0.0,0.0,0.0,0.0,0.0
ITA-Serie A,2324,Salernitana,Triantafyllos Pasaridīs,GRE,DF,27,1996,8,5,452,5.0,0,0,0,0,0,0,3,0,0.0,0.0,0.0,0.0,0.0
ITA-Serie A,2324,Salernitana,Trivante Stewart,JAM,FW,23,2000,4,0,100,1.1,0,0,0,0,0,0,0,0,0.0,0.0,0.0,0.0,0.0
ITA-Serie A,2324,Salernitana,Vincenzo Fiorillo,ITA,GK,33,1990,4,4,360,4.0,0,0,0,0,0,0,1,1,0.0,0.0,0.0,0.0,0.0
ITA-Serie A,2324,Sassuolo,Alessio Cragno,ITA,GK,29,1994,3,3,270,3.0,0,0,0,0,0,0,0,0,0.0,0.0,0.0,0.0,0.0
ITA-Serie A,2324,Sassuolo,Andrea Consigli,ITA,GK,36,1987,35,35,3150,35.0,0,0,0,0,0,0,1,0,0.0,0.0,0.0,0.0,0.0
ITA-Serie A,2324,Sassuolo,Andrea Pinamonti,ITA,FW,24,1999,38,37,3076,34.2,11,1,12,9,2,3,4,0,0.32,0.03,0.35,0.26,0.29
ITA-Serie A,2324,Sassuolo,Armand Lauriente,FRA,"MF,FW",24,1998,37,35,2908,32.3,5,4,9,5,0,0,5,0,0.15,0.12,0.28,0.15,0.28
ITA-Serie A,2324,Sassuolo,Cristian Volpato,AUS,"MF,FW",19,2003,22,5,645,7.2,1,0,1,1,0,0,1,0,0.14,0.0,0.14,0.14,0.14
ITA-Serie A,2324,Sassuolo,Daniel Boloca,ROU,MF,24,1998,30,23,2022,22.5,1,0,1,1,0,0,6,1,0.04,0.0,0.04,0.04,0.04
ITA-Serie A,2324,Sassuolo,Domenico Berardi,ITA,"MF,FW",28,1994,17,17,1431,15.9,9,3,12,4,5,5,6,0,0.57,0.19,0.75,0.25,0.44
ITA-Serie A,2324,Sassuolo,Emil Ceide,NOR,"FW,MF",21,2001,11,0,176,2.0,0,0,0,0,0,0,0,0,0.0,0.0,0.0,0.0,0.0
ITA-Serie A,2324,Sassuolo,Filippo Missori,ITA,MF,19,2004,8,2,266,3.0,0,0,0,0,0,0,0,0,0.0,0.0,0.0,0.0,0.0
ITA-Serie A,2324,Sassuolo,Gian Marco Ferrari,ITA,DF,31,1992,31,25,2272,25.2,1,0,1,1,0,0,4,0,0.04,0.0,0.04,0.04,0.04
ITA-Serie A,2324,Sassuolo,Grégoire Defrel,MTQ,"MF,FW",32,1991,20,7,757,8.4,1,2,3,1,0,0,0,0,0.12,0.24,0.36,0.12,0.36
ITA-Serie A,2324,Sassuolo,Jeremy Toljan,GER,DF,28,1994,25,24,2083,23.1,0,5,5,0,0,0,1,0,0.0,0.22,0.22,0.0,0.22
ITA-Serie A,2324,Sassuolo,Josh Doig,SCO,"DF,MF",21,2002,16,15,1343,14.9,0,2,2,0,0,0,5,0,0.0,0.13,0.13,0.0,0.13
ITA-Serie A,2324,Sassuolo,Justin Kumi,ITA,MF,19,2004,1,0,4,0.0,0,0,0,0,0,0,0,0,0.0,0.0,0.0,0.0,0.0
ITA-Serie A,2324,Sassuolo,Kevin Miranda,ITA,DF,20,2003,1,0,14,0.2,0,0,0,0,0,0,0,0,0.0,0.0,0.0,0.0,0.0
ITA-Serie A,2324,Sassuolo,Kristian Thorstvedt,NOR,MF,24,1999,34,30,2397,26.6,6,1,7,6,0,0,7,0,0.23,0.04,0.26,0.23,0.26
ITA-Serie A,2324,Sassuolo,Luca Lipani,ITA,MF,18,2005,8,5,384,4.3,0,0,0,0,0,0,0,0,0.0,0.0,0.0,0.0,0.0
ITA-Serie A,2324,Sassuolo,Marash Kumbulla,ALB,DF,23,2000,7,3,362,4.0,0,0,0,0,0,0,1,0,0.0,0.0,0.0,0.0,0.0
ITA-Serie A,2324,Sassuolo,Marcus Pedersen,NOR,DF,23,2000,28,16,1613,17.9,0,2,2,0,0,0,4,0,0.0,0.11,0.11,0.0,0.11
ITA-Serie A,2324,Sassuolo,Martin Erlić,CRO,DF,25,1998,32,31,2618,29.1,1,0,1,1,0,0,5,0,0.03,0.0,0.03,0.03,0.03
ITA-Serie A,2324,Sassuolo,Matheus Henrique,BRA,MF,25,1997,31,27,2501,27.8,2,2,4,2,0,0,8,1,0.07,0.07,0.14,0.07,0.14
ITA-Serie A,2324,Sassuolo,Mattia Viti,ITA,DF,21,2002,15,12,979,10.9,1,0,1,1,0,0,0,0,0.09,0.0,0.09,0.09,0.09
ITA-Serie A,2324,Sassuolo,Matías Viña,URU,DF,25,1997,15,13,1014,11.3,0,3,3,0,0,0,1,0,0.0,0.27,0.27,0.0,0.27
ITA-Serie A,2324,Sassuolo,Maxime Lopez,FRA,MF,25,1997,2,2,140,1.6,0,0,0,0,0,0,0,1,0.0,0.0,0.0,0.0,0.0
ITA-Serie A,2324,Sassuolo,Nedim Bajrami,ALB,"MF,FW",24,1999,28,15,1310,14.6,2,2,4,2,0,0,0,0,0.14,0.14,0.27,0.14,0.27
ITA-Serie A,2324,Sassuolo,Pedro Obiang,EQG,MF,31,1992,8,5,453,5.0,0,0,0,0,0,0,1,0,0.0,0.0,0.0,0.0,0.0
ITA-Serie A,2324,Sassuolo,Ruan,BRA,DF,24,1999,26,16,1516,16.8,0,0,0,0,0,0,7,1,0.0,0.0,0.0,0.0,0.0
ITA-Serie A,2324,Sassuolo,Samu Castillejo,ESP,"MF,FW",28,1995,17,6,536,6.0,0,0,0,0,0,0,2,0,0.0,0.0,0.0,0.0,0.0
ITA-Serie A,2324,Sassuolo,Samuele Mulattieri,ITA,FW,22,2000,27,1,462,5.1,0,0,0,0,0,0,1,0,0.0,0.0,0.0,0.0,0.0
ITA-Serie A,2324,Sassuolo,Uroš Račić,SRB,MF,25,1998,22,8,820,9.1,1,1,2,1,0,0,1,0,0.11,0.11,0.22,0.11,0.22
ITA-Serie A,2324,Torino,Adam Masina,MAR,DF,29,1994,16,10,1024,11.4,0,0,0,0,0,0,0,0,0.0,0.0,0.0,0.0,0.0
ITA-Serie A,2324,Torino,Adrien Tameze,CMR,"DF,MF",29,1994,29,25,2146,23.8,0,2,2,0,0,0,6,1,0.0,0.08,0.08,0.0,0.08
ITA-Serie A,2324,Torino,Alessandro Buongiorno,ITA,DF,24,1999,29,29,2527,28.1,3,0,3,3,0,0,7,0,0.11,0.0,0.11,0.11,0.11
ITA-Serie A,2324,Torino,Alessandro Dellavalle,ITA,DF,19,2004,1,0,15,0.2,0,0,0,0,0,0,0,0,0.0,0.0,0.0,0.0,0.0
ITA-Serie A,2324,Torino,Antonio Sanabria,PAR,FW,27,1996,35,23,2133,23.7,5,0,5,3,2,2,2,0,0.21,0.0,0.21,0.13,0.13
ITA-Serie A,2324,Torino,Brandon Soppy,FRA,MF,21,2002,5,2,178,2.0,0,0,0,0,0,0,0,0,0.0,0.0,0.0,0.0,0.0
ITA-Serie A,2324,Torino,David Okereke,NGA,"FW,MF",25,1997,9,3,252,2.8,0,0,0,0,0,0,0,0,0.0,0.0,0.0,0.0,0.0
ITA-Serie A,2324,Torino,David Zima,CZE,DF,22,2000,5,0,91,1.0,0,0,0,0,0,0,0,0,0.0,0.0,0.0,0.0,0.0
ITA-Serie A,2324,Torino,Demba Seck,SEN,MF,22,2001,9,5,425,4.7,0,0,0,0,0,0,1,0,0.0,0.0,0.0,0.0,0.0
ITA-Serie A,2324,Torino,Duván Zapata,COL,FW,32,1991,35,34,2880,32.0,12,4,16,12,0,0,2,0,0.37,0.12,0.5,0.37,0.5
ITA-Serie A,2324,Torino,Gvidas Gineitis,LTU,MF,19,2004,14,4,538,6.0,0,0,0,0,0,0,2,0,0.0,0.0,0.0,0.0,0.0
ITA-Serie A,2324,Torino,Ivan Ilić,SRB,MF,22,2001,31,25,2098,23.3,3,2,5,3,0,0,3,0,0.13,0.09,0.21,0.13,0.21
ITA-Serie A,2324,Torino,Karol Linetty,POL,MF,28,1995,28,19,1858,20.6,0,0,0,0,0,0,12,0,0.0,0.0,0.0,0.0,0.0
ITA-Serie A,2324,Torino,Koffi Djidji,CIV,DF,30,1992,13,8,759,8.4,0,0,0,0,0,0,2,0,0.0,0.0,0.0,0.0,0.0
ITA-Serie A,2324,Torino,Luca Gemello,ITA,GK,23,2000,2,2,180,2.0,0,0,0,0,0,0,0,0,0.0,0.0,0.0,0.0,0.0
ITA-Serie A,2324,Torino,Matteo Lovato,ITA,DF,23,2000,13,6,544,6.0,0,0,0,0,0,0,2,0,0.0,0.0,0.0,0.0,0.0
ITA-Serie A,2324,Torino,Mërgim Vojvoda,KVX,"MF,DF",28,1995,28,15,1379,15.3,0,3,3,0,0,0,3,0,0.0,0.2,0.2,0.0,0.2
ITA-Serie A,2324,Torino,Nemanja Radonjić,SRB,MF,27,1996,10,4,374,4.2,3,0,3,3,0,0,1,0,0.72,0.0,0.72,0.72,0.72
ITA-Serie A,2324,Torino,Nikola Vlašić,CRO,MF,25,1997,33,30,2608,29.0,3,2,5,3,0,0,3,0,0.1,0.07,0.17,0.1,0.17
ITA-Serie A,2324,Torino,Perr Schuurs,NED,DF,23,1999,9,9,770,8.6,1,0,1,1,0,0,2,0,0.12,0.0,0.12,0.12,0.12
ITA-Serie A,2324,Torino,Pietro Pellegri,ITA,"FW,MF",22,2001,24,7,756,8.4,1,1,2,1,0,0,3,0,0.12,0.12,0.24,0.12,0.24
ITA-Serie A,2324,Torino,Raoul Bellanova,ITA,MF,23,2000,37,36,3046,33.8,1,7,8,1,0,0,5,0,0.03,0.21,0.24,0.03,0.24
ITA-Serie A,2324,Torino,Ricardo Rodríguez,SUI,"DF,MF",30,1992,35,34,2772,30.8,1,2,3,1,0,0,4,0,0.03,0.06,0.1,0.03,0.1
ITA-Serie A,2324,Torino,Saba Sazonov,GEO,DF,21,2002,12,2,356,4.0,0,0,0,0,0,0,2,0,0.0,0.0,0.0,0.0,0.0
ITA-Serie A,2324,Torino,Samuele Ricci,ITA,MF,21,2001,32,28,2395,26.6,1,2,3,1,0,0,8,1,0.04,0.08,0.11,0.04,0.11
ITA-Serie A,2324,Torino,Simone Verdi,ITA,"FW,MF",31,1992,1,0,4,0.0,0,0,0,0,0,0,0,0,0.0,0.0,0.0,0.0,0.0
ITA-Serie A,2324,Torino,Valentino Lazaro,AUT,MF,27,1996,35,21,1994,22.2,0,4,4,0,0,0,3,0,0.0,0.18,0.18,0.0,0.18
ITA-Serie A,2324,Torino,Vanja Milinković-Savić,SRB,GK,26,1997,36,36,3240,36.0,0,0,0,0,0,0,2,0,0.0,0.0,0.0,0.0,0.0
ITA-Serie A,2324,Torino,Yann Karamoh,FRA,MF,25,1998,10,1,162,1.8,0,0,0,0,0,0,0,0,0.0,0.0,0.0,0.0,0.0
ITA-Serie A,2324,Torino,Zanos Savva,CYP,FW,17,2005,2,0,28,0.3,1,0,1,1,0,0,0,0,3.21,0.0,3.21,3.21,3.21
ITA-Serie A,2324,Udinese,Adam Masina,MAR,MF,29,1994,4,1,64,0.7,0,0,0,0,0,0,2,0,0.0,0.0,0.0,0.0,0.0
ITA-Serie A,2324,Udinese,Antonio Tikvić,CRO,DF,19,2004,1,0,1,0.0,0,0,0,0,0,0,0,0,0.0,0.0,0.0,0.0,0.0
ITA-Serie A,2324,Udinese,Axel Guessand,FRA,DF,18,2004,1,0,45,0.5,0,0,0,0,0,0,0,0,0.0,0.0,0.0,0.0,0.0
ITA-Serie A,2324,Udinese,Beto,GNB,FW,25,1998,1,1,74,0.8,0,0,0,0,0,0,0,0,0.0,0.0,0.0,0.0,0.0
ITA-Serie A,2324,Udinese,Brenner,BRA,"MF,FW",23,2000,8,2,189,2.1,0,0,0,0,0,0,0,0,0.0,0.0,0.0,0.0,0.0
ITA-Serie A,2324,Udinese,Christian Kabasele,BEL,DF,32,1991,13,10,861,9.6,1,1,2,1,0,0,5,0,0.1,0.1,0.21,0.1,0.21
ITA-Serie A,2324,Udinese,Domingos Quina,POR,MF,23,1999,2,0,13,0.1,0,0,0,0,0,0,0,0,0.0,0.0,0.0,0.0,0.0
ITA-Serie A,2324,Udinese,Enzo Ebosse,CMR,DF,24,1999,1,0,8,0.1,0,0,0,0,0,0,0,0,0.0,0.0,0.0,0.0,0.0
ITA-Serie A,2324,Udinese,Festy Ebosele,IRL,MF,20,2002,31,20,1700,18.9,0,0,0,0,0,0,6,1,0.0,0.0,0.0,0.0,0.0
ITA-Serie A,2324,Udinese,Florian Thauvin,FRA,FW,30,1993,29,19,1710,19.0,5,3,8,4,1,1,4,0,0.26,0.16,0.42,0.21,0.37
ITA-Serie A,2324,Udinese,Hassane Kamara,CIV,MF,29,1994,35,27,2225,24.7,1,1,2,1,0,0,4,0,0.04,0.04,0.08,0.04,0.08
ITA-Serie A,2324,Udinese,Isaac Success,NGA,"FW,MF",27,1996,27,9,880,9.8,1,1,2,1,0,1,4,0,0.1,0.1,0.2,0.1,0.2
ITA-Serie A,2324,Udinese,Jaka Bijol,SVN,DF,24,1999,24,23,2084,23.2,0,0,0,0,0,0,4,0,0.0,0.0,0.0,0.0,0.0
ITA-Serie A,2324,Udinese,Jordan Zemura,ZIM,MF,23,1999,27,10,1038,11.5,1,0,1,1,0,0,1,0,0.09,0.0,0.09,0.09,0.09
ITA-Serie A,2324,Udinese,João Ferreira,POR,"DF,MF",22,2001,35,18,1822,20.2,0,1,1,0,0,0,9,0,0.0,0.05,0.05,0.0,0.05
ITA-Serie A,2324,Udinese,Keinan Davis,ENG,FW,25,1998,8,0,186,2.1,1,0,1,1,0,0,2,0,0.48,0.0,0.48,0.48,0.48
ITA-Serie A,2324,Udinese,Kingsley Ehizibue,NED,MF,28,1995,23,11,955,10.6,0,1,1,0,0,0,4,0,0.0,0.09,0.09,0.0,0.09
ITA-Serie A,2324,Udinese,Lautaro Gianetti,ARG,DF,29,1993,7,7,630,7.0,1,0,1,1,0,0,4,0,0.14,0.0,0.14,0.14,0.14
ITA-Serie A,2324,Udinese,Lazar Samardzic,SRB,MF,21,2002,34,28,2372,26.4,6,2,8,5,1,1,3,0,0.23,0.08,0.3,0.19,0.27
ITA-Serie A,2324,Udinese,Lorenzo Lucca,ITA,FW,22,2000,37,30,2592,28.8,8,4,12,8,0,0,6,0,0.28,0.14,0.42,0.28,0.42
ITA-Serie A,2324,Udinese,Maduka Okoye,NGA,GK,23,1999,21,21,1890,21.0,0,0,0,0,0,0,2,0,0.0,0.0,0.0,0.0,0.0
ITA-Serie A,2324,Udinese,Marco Silvestri,ITA,GK,32,1991,17,17,1530,17.0,0,0,0,0,0,0,0,0,0.0,0.0,0.0,0.0,0.0
ITA-Serie A,2324,Udinese,Marley Aké,FRA,"FW,MF",22,2001,1,0,10,0.1,0,0,0,0,0,0,0,0,0.0,0.0,0.0,0.0,0.0
ITA-Serie A,2324,Udinese,Martín Payero,ARG,MF,24,1998,29,21,1796,20.0,2,2,4,2,0,0,6,1,0.1,0.1,0.2,0.1,0.2
ITA-Serie A,2324,Udinese,Nehuén Pérez,ARG,DF,23,2000,36,36,3238,36.0,0,0,0,0,0,0,9,1,0.0,0.0,0.0,0.0,0.0
ITA-Serie A,2324,Udinese,Oier Zarraga,ESP,MF,24,1999,15,4,404,4.5,2,0,2,2,0,0,0,0,0.45,0.0,0.45,0.45,0.45
ITA-Serie A,2324,Udinese,Roberto Pereyra,ARG,"FW,MF",32,1991,27,22,1858,20.6,4,3,7,3,1,1,6,0,0.19,0.15,0.34,0.15,0.29
ITA-Serie A,2324,Udinese,Sandi Lovrić,SVN,MF,25,1998,29,21,1987,22.1,1,3,4,1,0,0,1,1,0.05,0.14,0.18,0.05,0.18
ITA-Serie A,2324,Udinese,Simone Pafundi,ITA,FW,17,2006,1,0,8,0.1,0,0,0,0,0,0,0,0,0.0,0.0,0.0,0.0,0.0
ITA-Serie A,2324,Udinese,Thomas Kristensen,DEN,DF,21,2002,26,23,2096,23.3,0,1,1,0,0,0,4,1,0.0,0.04,0.04,0.0,0.04
ITA-Serie A,2324,Udinese,Vivaldo Semedo,POR,FW,18,2005,1,0,12,0.1,0,0,0,0,0,0,0,0,0.0,0.0,0.0,0.0,0.0
ITA-Serie A,2324,Udinese,Walace,BRA,MF,28,1995,37,37,3238,36.0,2,0,2,2,0,0,7,0,0.06,0.0,0.06,0.06,0.06
FRA-Ligue 1,2324,Brest,Achraf Dari,MAR,DF,24,1999,4,1,121,1.3,0,0,0,0,0,0,0,0,0.0,0.0,0.0,0.0,0.0
FRA-Ligue 1,2324,Brest,Adrien Lebeau,FRA,MF,24,1999,7,0,54,0.6,0,1,1,0,0,0,0,0,0.0,1.67,1.67,0.0,1.67
FRA-Ligue 1,2324,Brest,Axel Camblan,FRA,FW,19,2003,7,0,90,1.0,0,0,0,0,0,0,2,0,0.0,0.0,0.0,0.0,0.0
FRA-Ligue 1,2324,Brest,Bilal Brahimi,ALG,FW,23,2000,18,1,221,2.5,0,0,0,0,0,0,1,1,0.0,0.0,0.0,0.0,0.0
FRA-Ligue 1,2324,Brest,Bradley Locko,FRA,DF,21,2002,33,33,2959,32.9,0,3,3,0,0,0,5,0,0.0,0.09,0.09,0.0,0.09
FRA-Ligue 1,2324,Brest,Brendan Chardonnet,FRA,DF,28,1994,33,33,2970,33.0,1,1,2,1,0,0,4,0,0.03,0.03,0.06,0.03,0.06
FRA-Ligue 1,2324,Brest,Grégoire Coudert,FRA,GK,24,1999,3,2,181,2.0,0,0,0,0,0,0,0,0,0.0,0.0,0.0,0.0,0.0
FRA-Ligue 1,2324,Brest,Hianga'a Mbock,FRA,MF,23,1999,2,0,9,0.1,0,0,0,0,0,0,0,0,0.0,0.0,0.0,0.0,0.0
FRA-Ligue 1,2324,Brest,Hugo Magnetti,FRA,MF,25,1998,33,30,2340,26.0,2,0,2,2,0,0,6,0,0.08,0.0,0.08,0.08,0.08
FRA-Ligue 1,2324,Brest,Jonas Martin,FRA,MF,33,1990,31,9,1208,13.4,0,1,1,0,0,0,5,0,0.0,0.07,0.07,0.0,0.07
FRA-Ligue 1,2324,Brest,Jordan Amavi,FRA,DF,29,1994,2,1,91,1.0,1,0,1,1,0,0,1,0,0.99,0.0,0.99,0.99,0.99
FRA-Ligue 1,2324,Brest,Julien Le Cardinal,FRA,DF,25,1997,12,5,473,5.3,0,0,0,0,0,0,3,0,0.0,0.0,0.0,0.0,0.0
FRA-Ligue 1,2324,Brest,Jérémy Le Douaron,FRA,"FW,MF",25,1998,33,19,1618,18.0,4,0,4,4,0,0,3,0,0.22,0.0,0.22,0.22,0.22
FRA-Ligue 1,2324,Brest,Kamory Doumbia,MLI,MF,20,2003,25,7,879,9.8,6,5,11,6,0,0,1,0,0.61,0.51,1.13,0.61,1.13
FRA-Ligue 1,2324,Brest,Karamoko Dembélé,ENG,"FW,MF",20,2003,1,0,16,0.2,0,0,0,0,0,0,0,0,0.0,0.0,0.0,0.0,0.0
FRA-Ligue 1,2324,Brest,Kenny Lala,MAD,DF,31,1991,33,33,2970,33.0,2,3,5,2,0,0,7,0,0.06,0.09,0.15,0.06,0.15
FRA-Ligue 1,2324,Brest,Lilian Brassier,FRA,DF,23,1999,30,30,2677,29.7,3,0,3,3,0,0,11,1,0.1,0.0,0.1,0.1,0.1
FRA-Ligue 1,2324,Brest,Luck Zogbé,CIV,DF,18,2005,1,0,11,0.1,0,0,0,0,0,0,0,0,0.0,0.0,0.0,0.0,0.0
FRA-Ligue 1,2324,Brest,Mahdi Camara,FRA,MF,25,1998,32,26,2020,22.4,7,3,10,6,1,1,7,0,0.31,0.13,0.45,0.27,0.4
FRA-Ligue 1,2324,Brest,Marco Bizot,NED,GK,32,1991,32,32,2876,32.0,0,0,0,0,0,0,3,1,0.0,0.0,0.0,0.0,0.0
FRA-Ligue 1,2324,Brest,Martin Satriano,URU,"FW,MF",22,2001,33,21,1864,20.7,4,4,8,4,0,0,4,0,0.19,0.19,0.39,0.19,0.39
FRA-Ligue 1,2324,Brest,Mathias Pereira Lage,POR,"MF,FW",26,1996,30,12,1187,13.2,3,2,5,3,0,0,3,0,0.23,0.15,0.38,0.23,0.38
FRA-Ligue 1,2324,Brest,Pierre Lees-Melou,FRA,MF,30,1993,29,29,2517,28.0,4,0,4,4,0,0,12,1,0.14,0.0,0.14,0.14,0.14
FRA-Ligue 1,2324,Brest,Romain Del Castillo,FRA,"MF,FW",27,1996,33,30,2497,27.7,8,8,16,5,3,3,4,0,0.29,0.29,0.58,0.18,0.47
FRA-Ligue 1,2324,Brest,Steve Mounié,BEN,FW,28,1994,32,20,1769,19.7,6,2,8,6,0,0,2,1,0.31,0.1,0.41,0.31,0.41
FRA-Ligue 1,2324,Clermont Foot,Abdellah Baallal,MAR,MF,18,2004,1,0,4,0.0,0,0,0,0,0,0,0,0,0.0,0.0,0.0,0.0,0.0
FRA-Ligue 1,2324,Clermont Foot,Alan Virginius,FRA,"MF,FW",20,2003,14,12,934,10.4,0,2,2,0,0,0,0,0,0.0,0.19,0.19,0.0,0.19
FRA-Ligue 1,2324,Clermont Foot,Alidu Seidu,GHA,DF,23,2000,14,13,1131,12.6,0,1,1,0,0,0,5,1,0.0,0.08,0.08,0.0,0.08
FRA-Ligue 1,2324,Clermont Foot,Andy Pelmard,MAD,DF,23,2000,34,33,2989,33.2,0,0,0,0,0,0,1,0,0.0,0.0,0.0,0.0,0.0
FRA-Ligue 1,2324,Clermont Foot,Aïman Maurer,MAR,MF,18,2004,5,0,56,0.6,0,0,0,0,0,0,0,0,0.0,0.0,0.0,0.0,0.0
FRA-Ligue 1,2324,Clermont Foot,Bilal Boutobba,FRA,"MF,FW",24,1998,27,10,926,10.3,1,1,2,1,0,0,1,0,0.1,0.1,0.19,0.1,0.19
FRA-Ligue 1,2324,Clermont Foot,Cheick Konaté,MLI,"MF,DF",19,2004,19,12,1068,11.9,1,1,2,1,0,0,4,0,0.08,0.08,0.17,0.08,0.17
FRA-Ligue 1,2324,Clermont Foot,Chrislain Matsima,FRA,DF,21,2002,14,13,1180,13.1,1,0,1,1,0,0,2,0,0.08,0.0,0.08,0.08,0.08
FRA-Ligue 1,2324,Clermont Foot,Elba Rashani,KVX,"MF,FW",30,1993,24,14,1175,13.1,2,0,2,2,0,0,4,2,0.15,0.0,0.15,0.15,0.15
FRA-Ligue 1,2324,Clermont Foot,Florent Ogier,FRA,DF,34,1989,14,9,943,10.5,1,1,2,1,0,0,1,0,0.1,0.1,0.19,0.1,0.19
FRA-Ligue 1,2324,Clermont Foot,Grejohn Kyei,FRA,FW,27,1995,26,10,1026,11.4,2,1,3,1,1,1,1,0,0.18,0.09,0.26,0.09,0.18
FRA-Ligue 1,2324,Clermont Foot,Habib Keita,MLI,MF,21,2002,27,12,1278,14.2,1,0,1,1,0,0,4,0,0.07,0.0,0.07,0.07,0.07
FRA-Ligue 1,2324,Clermont Foot,Ilhan Fakili,FRA,MF,17,2006,3,1,94,1.0,0,0,0,0,0,0,0,0,0.0,0.0,0.0,0.0,0.0
FRA-Ligue 1,2324,Clermont Foot,Jim Allevinah,GAB,MF,28,1995,29,22,1861,20.7,2,1,3,2,0,0,1,0,0.1,0.05,0.15,0.1,0.15
FRA-Ligue 1,2324,Clermont Foot,Johan Gastien,FRA,MF,35,1988,28,28,2260,25.1,0,0,0,0,0,0,7,0,0.0,0.0,0.0,0.0,0.0
FRA-Ligue 1,2324,Clermont Foot,Joshua M'Bahia,CIV,DF,18,2005,1,0,14,0.2,0,0,0,0,0,0,1,0,0.0,0.0,0.0,0.0,0.0
FRA-Ligue 1,2324,Clermont Foot,Jérémie Bela,ANG,MF,30,1993,12,1,203,2.3,0,0,0,0,0,0,0,0,0.0,0.0,0.0,0.0,0.0
FRA-Ligue 1,2324,Clermont Foot,Jérémy Jacquet,FRA,DF,18,2005,6,2,253,2.8,0,1,1,0,0,0,0,0,0.0,0.36,0.36,0.0,0.36
FRA-Ligue 1,2324,Clermont Foot,Komnen Andrić,SRB,FW,28,1995,7,1,169,1.9,0,0,0,0,0,0,0,0,0.0,0.0,0.0,0.0,0.0
FRA-Ligue 1,2324,Clermont Foot,Massamba Ndiaye,SEN,GK,21,2001,4,4,360,4.0,0,0,0,0,0,0,0,0,0.0,0.0,0.0,0.0,0.0
FRA-Ligue 1,2324,Clermont Foot,Mateusz Wieteska,POL,DF,26,1997,2,2,174,1.9,1,0,1,1,0,0,0,0,0.52,0.0,0.52,0.52,0.52
FRA-Ligue 1,2324,Clermont Foot,Maxime Gonalons,FRA,MF,34,1989,21,17,1296,14.4,1,0,1,1,0,0,4,0,0.07,0.0,0.07,0.07,0.07
FRA-Ligue 1,2324,Clermont Foot,Maximiliano Caufriez,BEL,DF,26,1997,20,20,1659,18.4,0,1,1,0,0,0,6,3,0.0,0.05,0.05,0.0,0.05
FRA-Ligue 1,2324,Clermont Foot,Mehdi Zeffane,ALG,"MF,DF",31,1992,23,15,1231,13.7,0,0,0,0,0,0,2,0,0.0,0.0,0.0,0.0,0.0
FRA-Ligue 1,2324,Clermont Foot,Mohamed Bouchenna,FRA,FW,17,2006,2,0,29,0.3,0,0,0,0,0,0,1,0,0.0,0.0,0.0,0.0,0.0
FRA-Ligue 1,2324,Clermont Foot,Mory Diaw,SEN,GK,30,1993,30,30,2700,30.0,0,0,0,0,0,0,3,0,0.0,0.0,0.0,0.0,0.0
FRA-Ligue 1,2324,Clermont Foot,Muhammed Cham,AUT,"MF,FW",22,2000,33,29,2554,28.4,8,4,12,4,4,5,4,0,0.28,0.14,0.42,0.14,0.28
FRA-Ligue 1,2324,Clermont Foot,Neto Borges,BRA,"MF,DF",26,1996,28,28,2516,28.0,0,1,1,0,0,0,3,1,0.0,0.04,0.04,0.0,0.04
FRA-Ligue 1,2324,Clermont Foot,Shamar Nicholson,JAM,FW,26,1997,26,17,1484,16.5,4,3,7,3,1,2,2,0,0.24,0.18,0.42,0.18,0.36
FRA-Ligue 1,2324,Clermont Foot,Yohann Magnin,FRA,MF,26,1997,31,17,1687,18.7,1,0,1,1,0,0,2,0,0.05,0.0,0.05,0.05,0.05
FRA-Ligue 1,2324,Clermont Foot,Yoël Armougom,FRA,"MF,DF",25,1998,5,2,234,2.6,0,0,0,0,0,0,1,0,0.0,0.0,0.0,0.0,0.0
FRA-Ligue 1,2324,Le Havre,Abdoulaye Touré,GUI,MF,29,1994,30,27,2284,25.4,2,0,2,0,2,2,4,0,0.08,0.0,0.08,0.0,0.0
FRA-Ligue 1,2324,Le Havre,Alois Confais,FRA,"DF,MF",26,1996,2,0,7,0.1,0,0,0,0,0,0,0,0,0.0,0.0,0.0,0.0,0.0
FRA-Ligue 1,2324,Le Havre,André Ayew,GHA,"FW,MF",33,1989,19,12,1104,12.3,5,0,5,5,0,0,2,1,0.41,0.0,0.41,0.41,0.41
FRA-Ligue 1,2324,Le Havre,Antoine Joujou,FRA,"MF,FW",20,2003,23,6,779,8.7,0,2,2,0,0,0,1,0,0.0,0.23,0.23,0.0,0.23
FRA-Ligue 1,2324,Le Havre,Arouna Sangante,SEN,DF,21,2002,30,30,2687,29.9,0,0,0,0,0,0,8,0,0.0,0.0,0.0,0.0,0.0
FRA-Ligue 1,2324,Le Havre,Arthur Desmas,FRA,GK,29,1994,33,33,2970,33.0,0,0,0,0,0,0,2,0,0.0,0.0,0.0,0.0,0.0
FRA-Ligue 1,2324,Le Havre,Christopher Opéri,CIV,"DF,MF",26,1997,28,28,2445,27.2,3,4,7,3,0,0,6,0,0.11,0.15,0.26,0.11,0.26
FRA-Ligue 1,2324,Le Havre,Daler Kuzyaev,RUS,MF,30,1993,30,24,2090,23.2,2,2,4,2,0,0,1,0,0.09,0.09,0.17,0.09,0.17
FRA-Ligue 1,2324,Le Havre,Elysée Logbo,FRA,FW,19,2004,10,2,248,2.8,0,0,0,0,0,0,0,0,0.0,0.0,0.0,0.0,0.0
FRA-Ligue 1,2324,Le Havre,Emmanuel Sabbi,USA,"MF,FW",25,1997,30,18,1584,17.6,5,1,6,3,2,2,5,0,0.28,0.06,0.34,0.17,0.23
FRA-Ligue 1,2324,Le Havre,Etienne Youte Kinkoue,FRA,DF,21,2002,22,22,1941,21.6,0,0,0,0,0,0,1,0,0.0,0.0,0.0,0.0,0.0
FRA-Ligue 1,2324,Le Havre,Gautier Lloris,FRA,DF,28,1995,31,31,2778,30.9,2,0,2,2,0,0,2,0,0.06,0.0,0.06,0.06,0.06
FRA-Ligue 1,2324,Le Havre,Issa Soumaré,SEN,"FW,MF",22,2000,7,3,237,2.6,0,0,0,0,0,0,0,0,0.0,0.0,0.0,0.0,0.0
FRA-Ligue 1,2324,Le Havre,Josué Casimir,HAI,"MF,FW",21,2001,30,25,2016,22.4,0,5,5,0,0,0,6,0,0.0,0.22,0.22,0.0,0.22
FRA-Ligue 1,2324,Le Havre,Loïc Nego,HUN,"MF,DF",32,1991,28,18,1561,17.3,0,3,3,0,0,0,3,0,0.0,0.17,0.17,0.0,0.17
FRA-Ligue 1,2324,Le Havre,Mathieu Gorgelin,FRA,GK,32,1990,1,1,90,1.0,0,0,0,0,0,0,1,0,0.0,0.0,0.0,0.0,0.0
FRA-Ligue 1,2324,Le Havre,Mohamed Lamine Bayo,GUI,FW,25,1998,22,16,1389,15.4,5,1,6,3,2,2,4,0,0.32,0.06,0.39,0.19,0.26
FRA-Ligue 1,2324,Le Havre,Nabil Alioui,FRA,"MF,FW",24,1999,18,12,1009,11.2,4,1,5,4,0,0,1,0,0.36,0.09,0.45,0.36,0.45
FRA-Ligue 1,2324,Le Havre,Nolan Mbemba,CGO,MF,28,1995,6,0,22,0.2,1,0,1,1,0,0,0,0,4.09,0.0,4.09,4.09,4.09
FRA-Ligue 1,2324,Le Havre,Oualid El Hajjam,MAR,"DF,MF",32,1991,13,4,393,4.4,0,0,0,0,0,0,1,0,0.0,0.0,0.0,0.0,0.0
FRA-Ligue 1,2324,Le Havre,Oussama Targhalline,MAR,MF,21,2002,14,12,1025,11.4,0,0,0,0,0,0,4,1,0.0,0.0,0.0,0.0,0.0
FRA-Ligue 1,2324,Le Havre,Rassoul Ndiaye,SEN,MF,21,2001,19,6,526,5.8,0,0,0,0,0,0,4,2,0.0,0.0,0.0,0.0,0.0
FRA-Ligue 1,2324,Le Havre,Samuel Grandsir,FRA,MF,26,1996,23,4,606,6.7,1,1,2,1,0,1,4,2,0.15,0.15,0.3,0.15,0.3
FRA-Ligue 1,2324,Le Havre,Simon Ebonog,CMR,MF,18,2004,4,0,20,0.2,0,0,0,0,0,0,0,0,0.0,0.0,0.0,0.0,0.0
FRA-Ligue 1,2324,Le Havre,Steve Ngoura,FRA,FW,18,2005,12,1,223,2.5,0,1,1,0,0,0,0,0,0.0,0.4,0.4,0.0,0.4
FRA-Ligue 1,2324,Le Havre,Yassine Kechta,MAR,MF,21,2002,32,21,1849,20.5,2,1,3,2,0,0,4,0,0.1,0.05,0.15,0.1,0.15
FRA-Ligue 1,2324,Le Havre,Yoann Salmier,GUF,DF,30,1992,20,18,1568,17.4,1,1,2,1,0,0,3,0,0.06,0.06,0.11,0.06,0.11
FRA-Ligue 1,2324,Lens,Abdukodir Khusanov,UZB,DF,19,2004,11,9,809,9.0,0,0,0,0,0,0,5,0,0.0,0.0,0.0,0.0,0.0
FRA-Ligue 1,2324,Lens,Adrien Thomasson,FRA,MF,29,1993,29,13,1193,13.3,1,2,3,1,0,0,2,1,0.08,0.15,0.23,0.08,0.23
FRA-Ligue 1,2324,Lens,Andy Diouf,FRA,MF,20,2003,25,16,1314,14.6,1,0,1,1,0,0,2,0,0.07,0.0,0.07,0.07,0.07
FRA-Ligue 1,2324,Lens,Angelo Fulgini,NCL,MF,26,1996,29,16,1376,15.3,1,2,3,1,0,0,1,0,0.07,0.13,0.2,0.07,0.2
FRA-Ligue 1,2324,Lens,Ayanda Sishuba,BEL,MF,18,2005,7,0,62,0.7,0,0,0,0,0,0,0,0,0.0,0.0,0.0,0.0,0.0
FRA-Ligue 1,2324,Lens,Brice Samba,FRA,GK,29,1994,33,33,2970,33.0,0,0,0,0,0,0,3,0,0.0,0.0,0.0,0.0,0.0
FRA-Ligue 1,2324,Lens,David Costa,POR,MF,22,2001,25,17,1494,16.6,4,2,6,4,0,0,3,0,0.24,0.12,0.36,0.24,0.36
FRA-Ligue 1,2324,Lens,Deiver Machado,COL,MF,29,1993,19,13,1124,12.5,4,0,4,4,0,0,4,0,0.32,0.0,0.32,0.32,0.32
FRA-Ligue 1,2324,Lens,Elye Wahi,CIV,FW,20,2003,27,20,1692,18.8,9,3,12,8,1,1,10,1,0.48,0.16,0.64,0.43,0.59
FRA-Ligue 1,2324,Lens,Facundo Medina,ARG,DF,24,1999,31,30,2714,30.2,1,3,4,1,0,0,11,0,0.03,0.1,0.13,0.03,0.13
FRA-Ligue 1,2324,Lens,Faitout Maouassa,FRA,MF,25,1998,3,1,76,0.8,0,0,0,0,0,0,0,0,0.0,0.0,0.0,0.0,0.0
FRA-Ligue 1,2324,Lens,Florian Sotoca,FRA,"MF,FW",32,1990,32,29,2598,28.9,7,6,13,3,4,4,4,1,0.24,0.21,0.45,0.1,0.31
FRA-Ligue 1,2324,Lens,Jean-Louis Leca,FRA,GK,37,1985,1,1,90,1.0,0,0,0,0,0,0,0,0,0.0,0.0,0.0,0.0,0.0
FRA-Ligue 1,2324,Lens,Jhoanner Chávez,ECU,"MF,DF",21,2002,8,6,481,5.3,0,0,0,0,0,0,1,0,0.0,0.0,0.0,0.0,0.0
FRA-Ligue 1,2324,Lens,Jonathan Gradit,FRA,DF,30,1992,26,26,2112,23.5,1,0,1,1,0,0,9,1,0.04,0.0,0.04,0.04,0.04
FRA-Ligue 1,2324,Lens,Julien Le Cardinal,FRA,DF,25,1997,2,0,58,0.6,0,0,0,0,0,0,0,0,0.0,0.0,0.0,0.0,0.0
FRA-Ligue 1,2324,Lens,Kevin Danso,AUT,DF,24,1998,30,30,2655,29.5,1,0,1,1,0,0,6,0,0.03,0.0,0.03,0.03,0.03
FRA-Ligue 1,2324,Lens,Massadio Haïdara,MLI,"DF,MF",30,1992,18,7,741,8.2,0,1,1,0,0,0,1,0,0.0,0.12,0.12,0.0,0.12
FRA-Ligue 1,2324,Lens,Morgan Guilavogui,GUI,FW,25,1998,23,2,566,6.3,2,0,2,2,0,0,1,0,0.32,0.0,0.32,0.32,0.32
FRA-Ligue 1,2324,Lens,Nampalys Mendy,SEN,MF,31,1992,16,13,1052,11.7,0,1,1,0,0,0,2,0,0.0,0.09,0.09,0.0,0.09
FRA-Ligue 1,2324,Lens,Neil El Aynaoui,MAR,MF,22,2001,25,17,1566,17.4,1,2,3,1,0,0,1,0,0.06,0.11,0.17,0.06,0.17
FRA-Ligue 1,2324,Lens,Oscar Cortés,COL,MF,19,2003,4,0,44,0.5,1,1,2,1,0,0,0,0,2.05,2.05,4.09,2.05,4.09
FRA-Ligue 1,2324,Lens,Przemysław Frankowski,POL,MF,28,1995,30,24,2192,24.4,3,2,5,2,1,2,4,0,0.12,0.08,0.21,0.08,0.16
FRA-Ligue 1,2324,Lens,Ruben Aguilar,FRA,"MF,DF",30,1993,25,22,1922,21.4,1,3,4,1,0,0,3,0,0.05,0.14,0.19,0.05,0.19
FRA-Ligue 1,2324,Lens,Salis Abdul Samed,GHA,MF,23,2000,27,17,1519,16.9,0,0,0,0,0,0,2,0,0.0,0.0,0.0,0.0,0.0
FRA-Ligue 1,2324,Lens,Stijn Spierings,NED,MF,27,1996,4,1,118,1.3,0,0,0,0,0,0,2,0,0.0,0.0,0.0,0.0,0.0
FRA-Ligue 1,2324,Lens,Wesley Saïd,FRA,FW,28,1995,27,11,1020,11.3,7,1,8,7,0,0,1,0,0.62,0.09,0.71,0.62,0.71
FRA-Ligue 1,2324,Lille,Aaron Malouda,FRA,FW,17,2005,1,0,1,0.0,0,0,0,0,0,0,0,0,0.0,0.0,0.0,0.0,0.0
FRA-Ligue 1,2324,Lille,Adam Ounas,ALG,MF,26,1996,17,3,418,4.6,1,0,1,1,0,0,0,0,0.22,0.0,0.22,0.22,0.22
FRA-Ligue 1,2324,Lille,Alan Virginius,FRA,MF,20,2003,2,1,71,0.8,0,0,0,0,0,0,0,0,0.0,0.0,0.0,0.0,0.0
FRA-Ligue 1,2324,Lille,Alexsandro Ribeiro,BRA,DF,23,1999,29,24,2220,24.7,0,0,0,0,0,0,6,1,0.0,0.0,0.0,0.0,0.0
FRA-Ligue 1,2324,Lille,Andrej Ilic,SRB,FW,23,2000,2,0,9,0.1,0,0,0,0,0,0,0,0,0.0,0.0,0.0,0.0,0.0
FRA-Ligue 1,2324,Lille,Angel Gomes,ENG,MF,22,2000,31,29,2571,28.6,0,8,8,0,0,0,5,0,0.0,0.28,0.28,0.0,0.28
FRA-Ligue 1,2324,Lille,Ayyoub Bouaddi,MAR,MF,15,2007,9,1,131,1.5,0,0,0,0,0,0,3,1,0.0,0.0,0.0,0.0,0.0
FRA-Ligue 1,2324,Lille,Bafodé Diakité,FRA,DF,22,2001,21,19,1696,18.8,5,2,7,5,0,0,4,0,0.27,0.11,0.37,0.27,0.37
FRA-Ligue 1,2324,Lille,Benjamin André,FRA,MF,32,1990,30,29,2570,28.6,4,0,4,4,0,0,8,0,0.14,0.0,0.14,0.14,0.14
FRA-Ligue 1,2324,Lille,Carlos Baleba,CMR,MF,19,2004,2,1,61,0.7,0,0,0,0,0,0,0,0,0.0,0.0,0.0,0.0,0.0
FRA-Ligue 1,2324,Lille,Edon Zhegrova,KVX,"MF,FW",24,1999,33,25,2288,25.4,6,6,12,6,0,0,3,1,0.24,0.24,0.47,0.24,0.47
FRA-Ligue 1,2324,Lille,Gabriel Gudmundsson,SWE,"MF,DF",24,1999,25,14,1267,14.1,1,0,1,1,0,0,2,0,0.07,0.0,0.07,0.07,0.07
FRA-Ligue 1,2324,Lille,Hákon Haraldsson,ISL,"MF,FW",20,2003,26,15,1284,14.3,2,0,2,2,0,0,5,0,0.14,0.0,0.14,0.14,0.14
FRA-Ligue 1,2324,Lille,Ichem Ferrah,FRA,FW,17,2005,1,0,3,0.0,0,0,0,0,0,0,0,0,0.0,0.0,0.0,0.0,0.0
FRA-Ligue 1,2324,Lille,Ignacio Miramon,ARG,MF,20,2003,2,1,39,0.4,0,0,0,0,0,0,0,0,0.0,0.0,0.0,0.0,0.0
FRA-Ligue 1,2324,Lille,Ismaily,BRA,DF,33,1990,30,28,2465,27.4,1,1,2,1,0,0,1,0,0.04,0.04,0.07,0.04,0.07
FRA-Ligue 1,2324,Lille,Ivan Cavaleiro,POR,"MF,FW",29,1993,17,9,770,8.6,1,1,2,1,0,0,1,0,0.12,0.12,0.23,0.12,0.23
FRA-Ligue 1,2324,Lille,Jonathan David,CAN,FW,23,2000,34,30,2629,29.2,19,4,23,17,2,3,4,0,0.65,0.14,0.79,0.58,0.72
FRA-Ligue 1,2324,Lille,Leny Yoro,FRA,DF,17,2005,32,30,2673,29.7,2,0,2,2,0,0,5,0,0.07,0.0,0.07,0.07,0.07
FRA-Ligue 1,2324,Lille,Lucas Chevalier,FRA,GK,21,2001,33,33,2969,33.0,0,0,0,0,0,0,1,0,0.0,0.0,0.0,0.0,0.0
FRA-Ligue 1,2324,Lille,Nabil Bentaleb,ALG,MF,28,1994,26,23,1967,21.9,0,3,3,0,0,0,7,0,0.0,0.14,0.14,0.0,0.14
FRA-Ligue 1,2324,Lille,Rémy Cabella,FRA,"MF,FW",33,1990,30,14,1477,16.4,2,2,4,2,0,0,0,0,0.12,0.12,0.24,0.12,0.24
FRA-Ligue 1,2324,Lille,Samuel Umtiti,FRA,DF,29,1993,6,2,185,2.1,0,0,0,0,0,0,0,0,0.0,0.0,0.0,0.0,0.0
FRA-Ligue 1,2324,Lille,Tiago Fonseca Morais,POR,"FW,MF",19,2003,3,0,46,0.5,0,0,0,0,0,0,0,0,0.0,0.0,0.0,0.0,0.0
FRA-Ligue 1,2324,Lille,Tiago Santos,POR,DF,21,2002,29,26,2365,26.3,1,2,3,1,0,0,6,0,0.04,0.08,0.11,0.04,0.11
FRA-Ligue 1,2324,Lille,Trévis Dago,CIV,FW,18,2005,4,0,23,0.3,0,1,1,0,0,0,1,0,0.0,3.91,3.91,0.0,3.91
FRA-Ligue 1,2324,Lille,Vito Mannone,ITA,GK,35,1988,2,1,91,1.0,0,0,0,0,0,0,0,0,0.0,0.0,0.0,0.0,0.0
FRA-Ligue 1,2324,Lille,Yusuf Yazıcı,TUR,"MF,FW",26,1997,27,16,1312,14.6,5,2,7,5,0,0,5,0,0.34,0.14,0.48,0.34,0.48
FRA-Ligue 1,2324,Lorient,Adrian Grbić,AUT,"FW,MF",26,1996,1,0,31,0.3,0,0,0,0,0,0,0,0,0.0,0.0,0.0,0.0,0.0
FRA-Ligue 1,2324,Lorient,Aurélien Pelon,FRA,DF,19,2004,1,1,90,1.0,0,0,0,0,0,0,1,0,0.0,0.0,0.0,0.0,0.0
FRA-Ligue 1,2324,Lorient,Ayman Kari,FRA,MF,18,2004,14,12,893,9.9,1,1,2,1,0,0,1,0,0.1,0.1,0.2,0.1,0.2
FRA-Ligue 1,2324,Lorient,Badredine Bouanani,ALG,MF,18,2004,11,4,443,4.9,1,0,1,1,0,0,0,0,0.2,0.0,0.2,0.2,0.2
FRA-Ligue 1,2324,Lorient,Bamba Dieng,SEN,FW,23,2000,16,5,549,6.1,4,1,5,4,0,0,3,0,0.66,0.16,0.82,0.66,0.82
FRA-Ligue 1,2324,Lorient,Bamo Meïté,CIV,DF,21,2001,2,2,146,1.6,0,0,0,0,0,0,0,0,0.0,0.0,0.0,0.0,0.0
FRA-Ligue 1,2324,Lorient,Bassirou Ndiaye,SEN,FW,21,2002,5,0,152,1.7,0,0,0,0,0,0,0,0,0.0,0.0,0.0,0.0,0.0
FRA-Ligue 1,2324,Lorient,Benjamin Mendy,FRA,"MF,DF",29,1994,15,7,711,7.9,2,1,3,2,0,0,3,0,0.25,0.13,0.38,0.25,0.38
FRA-Ligue 1,2324,Lorient,Bonke Innocent,NGA,MF,27,1996,4,3,210,2.3,0,0,0,0,0,0,1,0,0.0,0.0,0.0,0.0,0.0
FRA-Ligue 1,2324,Lorient,Darlin Yongwa,CMR,"MF,DF",22,2000,22,11,1159,12.9,1,1,2,1,0,0,3,0,0.08,0.08,0.16,0.08,0.16
FRA-Ligue 1,2324,Lorient,Dembo Sylla,GUI,"DF,MF",20,2002,1,0,45,0.5,0,0,0,0,0,0,0,0,0.0,0.0,0.0,0.0,0.0
FRA-Ligue 1,2324,Lorient,Eli Junior Kroupi,FRA,FW,17,2006,30,11,1084,12.0,5,3,8,5,0,0,1,0,0.42,0.25,0.66,0.42,0.66
FRA-Ligue 1,2324,Lorient,Formose Mendy,SEN,DF,22,2001,18,13,1256,14.0,0,0,0,0,0,0,6,0,0.0,0.0,0.0,0.0,0.0
FRA-Ligue 1,2324,Lorient,Gino Caoki,FRA,FW,19,2004,1,0,7,0.1,0,0,0,0,0,0,0,0,0.0,0.0,0.0,0.0,0.0
FRA-Ligue 1,2324,Lorient,Gédéon Kalulu,COD,"MF,DF",25,1997,19,11,970,10.8,0,1,1,0,0,0,0,0,0.0,0.09,0.09,0.0,0.09
FRA-Ligue 1,2324,Lorient,Ibrahima Koné,MLI,FW,24,1999,1,0,32,0.4,0,0,0,0,0,0,0,0,0.0,0.0,0.0,0.0,0.0
FRA-Ligue 1,2324,Lorient,Igor Carioca,BRA,"MF,DF",26,1996,5,2,262,2.9,0,0,0,0,0,0,2,0,0.0,0.0,0.0,0.0,0.0
FRA-Ligue 1,2324,Lorient,Imran Louza,MAR,MF,24,1999,14,10,863,9.6,1,3,4,1,0,0,1,0,0.1,0.31,0.42,0.1,0.42
FRA-Ligue 1,2324,Lorient,Jean-Victor Makengo,FRA,"MF,FW",25,1998,11,5,479,5.3,0,0,0,0,0,0,0,0,0.0,0.0,0.0,0.0,0.0
FRA-Ligue 1,2324,Lorient,Joel Mvuka,NOR,MF,20,2002,7,2,197,2.2,0,0,0,0,0,0,1,0,0.0,0.0,0.0,0.0,0.0
FRA-Ligue 1,2324,Lorient,Julien Laporte,FRA,DF,29,1993,23,20,1818,20.2,0,0,0,0,0,0,4,0,0.0,0.0,0.0,0.0,0.0
FRA-Ligue 1,2324,Lorient,Julien Ponceau,FRA,MF,22,2000,32,27,2244,24.9,3,2,5,3,0,0,5,0,0.12,0.08,0.2,0.12,0.2
FRA-Ligue 1,2324,Lorient,Laurent Abergel,FRA,MF,30,1993,33,32,2860,31.8,2,1,3,2,0,0,4,0,0.06,0.03,0.09,0.06,0.09
FRA-Ligue 1,2324,Lorient,Loris Mouyokolo,FRA,DF,22,2001,1,1,90,1.0,0,0,0,0,0,0,0,0,0.0,0.0,0.0,0.0,0.0
FRA-Ligue 1,2324,Lorient,Mohamed Bamba,CIV,FW,21,2001,16,14,1138,12.6,8,3,11,7,1,1,3,0,0.63,0.24,0.87,0.55,0.79
FRA-Ligue 1,2324,Lorient,Montassar Talbi,TUN,DF,25,1998,25,25,2204,24.5,0,0,0,0,0,0,2,0,0.0,0.0,0.0,0.0,0.0
FRA-Ligue 1,2324,Lorient,Nathaniel Adjei,GHA,DF,20,2002,15,14,1243,13.8,0,0,0,0,0,0,2,0,0.0,0.0,0.0,0.0,0.0
FRA-Ligue 1,2324,Lorient,Pablo Pagis,FRA,MF,20,2002,3,3,165,1.8,0,0,0,0,0,0,1,0,0.0,0.0,0.0,0.0,0.0
FRA-Ligue 1,2324,Lorient,Panos Katseris,GRE,MF,22,2001,15,13,1041,11.6,1,1,2,1,0,0,4,0,0.09,0.09,0.17,0.09,0.17
FRA-Ligue 1,2324,Lorient,Romain Faivre,FRA,MF,25,1998,17,16,1453,16.1,5,1,6,5,0,0,1,0,0.31,0.06,0.37,0.31,0.37
FRA-Ligue 1,2324,Lorient,Royce Openda,GAB,FW,21,2002,1,0,16,0.2,0,0,0,0,0,0,0,0,0.0,0.0,0.0,0.0,0.0
FRA-Ligue 1,2324,Lorient,Siriné Doucouré,MLI,FW,21,2002,11,5,423,4.7,1,3,4,1,0,0,2,0,0.21,0.64,0.85,0.21,0.85
FRA-Ligue 1,2324,Lorient,Souleymane Touré,FRA,DF,20,2003,24,23,2051,22.8,1,1,2,1,0,0,6,0,0.04,0.04,0.09,0.04,0.09
FRA-Ligue 1,2324,Lorient,Théo Le Bris,FRA,MF,20,2002,26,15,1516,16.8,0,2,2,0,0,0,2,0,0.0,0.12,0.12,0.0,0.12
FRA-Ligue 1,2324,Lorient,Tiemoué Bakayoko,FRA,MF,28,1994,20,15,1314,14.6,2,1,3,2,0,0,5,0,0.14,0.07,0.21,0.14,0.21
FRA-Ligue 1,2324,Lorient,Tosin Aiyegun,BEN,"MF,FW",25,1998,19,10,902,10.0,2,0,2,2,0,0,0,1,0.2,0.0,0.2,0.2,0.2
FRA-Ligue 1,2324,Lorient,Vincent Le Goff,FRA,"MF,DF",33,1989,9,8,541,6.0,1,1,2,1,0,0,1,0,0.17,0.17,0.33,0.17,0.33
FRA-Ligue 1,2324,Lorient,Yvon Mvogo,SUI,GK,29,1994,34,34,3060,34.0,0,0,0,0,0,0,1,0,0.0,0.0,0.0,0.0,0.0
FRA-Ligue 1,2324,Lyon,Adryelson,BRA,DF,25,1998,2,0,6,0.1,0,0,0,0,0,0,0,0,0.0,0.0,0.0,0.0,0.0
FRA-Ligue 1,2324,Lyon,Ainsley Maitland-Niles,ENG,"DF,MF",25,1997,23,16,1432,15.9,1,4,5,0,1,1,1,1,0.06,0.25,0.31,0.0,0.25
FRA-Ligue 1,2324,Lyon,Alexandre Lacazette,FRA,FW,32,1991,29,27,2293,25.5,19,2,21,17,2,2,3,1,0.75,0.08,0.82,0.67,0.75
FRA-Ligue 1,2324,Lyon,Amin Sarr,SWE,FW,22,2001,3,1,98,1.1,0,0,0,0,0,0,0,0,0.0,0.0,0.0,0.0,0.0
FRA-Ligue 1,2324,Lyon,Anthony Lopes,POR,GK,32,1990,31,31,2790,31.0,0,0,0,0,0,0,0,0,0.0,0.0,0.0,0.0,0.0
FRA-Ligue 1,2324,Lyon,Bradley Barcola,FRA,MF,20,2002,3,3,270,3.0,0,0,0,0,0,0,1,0,0.0,0.0,0.0,0.0,0.0
FRA-Ligue 1,2324,Lyon,Chaim El Djebali,TUN,MF,19,2004,1,0,12,0.1,0,0,0,0,0,0,0,0,0.0,0.0,0.0,0.0,0.0
FRA-Ligue 1,2324,Lyon,Clinton Mata,ANG,"DF,MF",30,1992,28,25,2220,24.7,0,3,3,0,0,0,6,0,0.0,0.12,0.12,0.0,0.12
FRA-Ligue 1,2324,Lyon,Corentin Tolisso,FRA,MF,28,1994,25,21,1741,19.3,3,1,4,2,1,1,5,0,0.16,0.05,0.21,0.1,0.16
FRA-Ligue 1,2324,Lyon,Dejan Lovren,CRO,DF,34,1989,10,8,718,8.0,0,0,0,0,0,0,2,1,0.0,0.0,0.0,0.0,0.0
FRA-Ligue 1,2324,Lyon,Diego Moreira,BEL,MF,18,2004,7,4,270,3.0,0,0,0,0,0,0,1,0,0.0,0.0,0.0,0.0,0.0
FRA-Ligue 1,2324,Lyon,Duje Ćaleta-Car,CRO,DF,26,1996,24,22,1993,22.1,0,0,0,0,0,0,2,1,0.0,0.0,0.0,0.0,0.0
FRA-Ligue 1,2324,Lyon,Ernest Nuamah,GHA,"FW,MF",19,2003,29,21,1838,20.4,3,2,5,3,0,0,4,0,0.15,0.1,0.24,0.15,0.24
FRA-Ligue 1,2324,Lyon,Gift Orban,NGA,FW,21,2002,13,5,474,5.3,1,0,1,1,0,0,2,0,0.19,0.0,0.19,0.19,0.19
FRA-Ligue 1,2324,Lyon,Henrique,BRA,"DF,MF",29,1994,11,6,607,6.7,1,0,1,1,0,0,2,0,0.15,0.0,0.15,0.15,0.15
FRA-Ligue 1,2324,Lyon,Jake O'Brien,IRL,DF,22,2001,27,27,2369,26.3,4,2,6,4,0,0,4,1,0.15,0.08,0.23,0.15,0.23
FRA-Ligue 1,2324,Lyon,Jeffinho,BRA,"MF,FW",23,1999,10,3,308,3.4,1,1,2,1,0,0,0,0,0.29,0.29,0.58,0.29,0.58
FRA-Ligue 1,2324,Lyon,Johann Lepenant,FRA,MF,20,2002,6,2,253,2.8,0,0,0,0,0,0,1,0,0.0,0.0,0.0,0.0,0.0
FRA-Ligue 1,2324,Lyon,Mahamadou Diawara,FRA,MF,18,2005,11,4,358,4.0,0,0,0,0,0,0,2,0,0.0,0.0,0.0,0.0,0.0
FRA-Ligue 1,2324,Lyon,Malick Fofana,BEL,"FW,MF",18,2005,17,4,559,6.2,3,0,3,3,0,0,0,0,0.48,0.0,0.48,0.48,0.48
FRA-Ligue 1,2324,Lyon,Mama Samba Baldé,GNB,FW,27,1995,20,4,551,6.1,2,3,5,2,0,0,1,0,0.33,0.49,0.82,0.33,0.82
FRA-Ligue 1,2324,Lyon,Mamadou Sarr,SEN,DF,17,2005,1,0,8,0.1,0,0,0,0,0,0,0,0,0.0,0.0,0.0,0.0,0.0
FRA-Ligue 1,2324,Lyon,Maxence Caqueret,FRA,MF,23,2000,34,34,3022,33.6,1,3,4,1,0,0,1,0,0.03,0.09,0.12,0.03,0.12
FRA-Ligue 1,2324,Lyon,Mohamed El Arouch,FRA,MF,19,2004,1,0,2,0.0,0,0,0,0,0,0,0,0,0.0,0.0,0.0,0.0,0.0
FRA-Ligue 1,2324,Lyon,Nemanja Matić,SRB,MF,34,1988,15,15,1254,13.9,0,0,0,0,0,0,2,0,0.0,0.0,0.0,0.0,0.0
FRA-Ligue 1,2324,Lyon,Nicolás Tagliafico,ARG,"DF,MF",30,1992,25,25,2123,23.6,3,1,4,3,0,0,7,1,0.13,0.04,0.17,0.13,0.17
FRA-Ligue 1,2324,Lyon,Orel Mangala,BEL,MF,25,1998,8,4,398,4.4,2,0,2,2,0,0,0,0,0.45,0.0,0.45,0.45,0.45
FRA-Ligue 1,2324,Lyon,Paul Akouokou,CIV,MF,25,1997,8,4,307,3.4,0,0,0,0,0,0,1,0,0.0,0.0,0.0,0.0,0.0
FRA-Ligue 1,2324,Lyon,Rayan Cherki,FRA,"MF,FW",19,2003,33,19,1719,19.1,1,6,7,1,0,0,0,0,0.05,0.31,0.37,0.05,0.37
FRA-Ligue 1,2324,Lyon,Rémy Riou,FRA,GK,35,1987,3,3,270,3.0,0,0,0,0,0,0,0,0,0.0,0.0,0.0,0.0,0.0
FRA-Ligue 1,2324,Lyon,Sael Kumbedi,FRA,"DF,MF",18,2005,17,8,924,10.3,0,1,1,0,0,0,3,0,0.0,0.1,0.1,0.0,0.1
FRA-Ligue 1,2324,Lyon,Saïd Benrahma,ALG,"FW,MF",27,1995,12,10,770,8.6,3,3,6,3,0,0,2,0,0.35,0.35,0.7,0.35,0.7
FRA-Ligue 1,2324,Lyon,Sinaly Diomande,CIV,DF,22,2001,10,10,889,9.9,0,0,0,0,0,0,2,0,0.0,0.0,0.0,0.0,0.0
FRA-Ligue 1,2324,Lyon,Skelly Alvero,FRA,MF,21,2002,8,6,426,4.7,1,0,1,1,0,0,2,0,0.21,0.0,0.21,0.21,0.21
FRA-Ligue 1,2324,Lyon,Tino Kadewere,ZIM,FW,27,1996,11,2,296,3.3,0,0,0,0,0,0,0,0,0.0,0.0,0.0,0.0,0.0
FRA-Ligue 1,2324,Marseille,Amine Harit,MAR,MF,26,1997,28,21,1821,20.2,1,2,3,1,0,0,5,0,0.05,0.1,0.15,0.05,0.15
FRA-Ligue 1,2324,Marseille,Azzedine Ounahi,MAR,MF,23,2000,21,15,1209,13.4,2,0,2,2,0,0,3,0,0.15,0.0,0.15,0.15,0.15
FRA-Ligue 1,2324,Marseille,Bamo Meïté,CIV,DF,21,2001,16,6,638,7.1,0,0,0,0,0,0,1,0,0.0,0.0,0.0,0.0,0.0
FRA-Ligue 1,2324,Marseille,Bilal Nadir,MAR,MF,19,2003,5,1,113,1.3,0,0,0,0,0,0,1,0,0.0,0.0,0.0,0.0,0.0
FRA-Ligue 1,2324,Marseille,Chancel Mbemba,COD,DF,28,1994,25,25,2207,24.5,2,2,4,2,0,0,1,0,0.08,0.08,0.16,0.08,0.16
FRA-Ligue 1,2324,Marseille,Emran Soglo,FRA,MF,18,2005,3,1,109,1.2,1,1,2,1,0,0,1,0,0.83,0.83,1.65,0.83,1.65
FRA-Ligue 1,2324,Marseille,Faris Pemi Moumbagna,CMR,FW,23,2000,13,5,547,6.1,3,1,4,3,0,0,2,1,0.49,0.16,0.66,0.49,0.66
FRA-Ligue 1,2324,Marseille,François Mughe,CMR,MF,19,2004,5,2,177,2.0,0,0,0,0,0,0,1,0,0.0,0.0,0.0,0.0,0.0
FRA-Ligue 1,2324,Marseille,Geoffrey Kondogbia,CTA,MF,30,1993,26,15,1463,16.3,0,0,0,0,0,0,3,0,0.0,0.0,0.0,0.0,0.0
FRA-Ligue 1,2324,Marseille,Iliman Ndiaye,SEN,"FW,MF",23,2000,30,19,1618,18.0,3,3,6,3,0,0,0,1,0.17,0.17,0.33,0.17,0.33
FRA-Ligue 1,2324,Marseille,Ismaila Sarr,SEN,"MF,FW",25,1998,23,15,1447,16.1,3,4,7,3,0,0,1,0,0.19,0.25,0.44,0.19,0.44
FRA-Ligue 1,2324,Marseille,Jean Onana,CMR,MF,23,2000,13,5,566,6.3,1,0,1,1,0,0,1,0,0.16,0.0,0.16,0.16,0.16
FRA-Ligue 1,2324,Marseille,Joaquín Correa,ARG,"MF,FW",28,1994,12,6,430,4.8,0,0,0,0,0,0,2,0,0.0,0.0,0.0,0.0,0.0
FRA-Ligue 1,2324,Marseille,Jonathan Clauss,FRA,"DF,MF",30,1992,27,25,2068,23.0,3,4,7,3,0,0,2,1,0.13,0.17,0.3,0.13,0.3
FRA-Ligue 1,2324,Marseille,Jordan Veretout,FRA,MF,30,1993,29,24,2183,24.3,1,2,3,1,0,0,4,0,0.04,0.08,0.12,0.04,0.12
FRA-Ligue 1,2324,Marseille,Keyliane Abdallah,FRA,FW,17,2006,1,0,4,0.0,0,0,0,0,0,0,0,0,0.0,0.0,0.0,0.0,0.0
FRA-Ligue 1,2324,Marseille,Leonardo Balerdi,ARG,DF,24,1999,27,26,2271,25.2,2,0,2,2,0,0,6,1,0.08,0.0,0.08,0.08,0.08
FRA-Ligue 1,2324,Marseille,Luis Henrique,BRA,"FW,MF",21,2001,15,8,784,8.7,1,0,1,1,0,0,0,0,0.11,0.0,0.11,0.11,0.11
FRA-Ligue 1,2324,Marseille,Mattéo Guendouzi,FRA,MF,24,1999,2,0,19,0.2,0,0,0,0,0,0,0,0,0.0,0.0,0.0,0.0,0.0
FRA-Ligue 1,2324,Marseille,Michael Amir Murillo,PAN,"DF,MF",27,1996,16,10,997,11.1,3,2,5,3,0,0,3,0,0.27,0.18,0.45,0.27,0.45
FRA-Ligue 1,2324,Marseille,Noam Mayoka-Tika,BEL,MF,19,2003,1,0,1,0.0,0,0,0,0,0,0,0,0,0.0,0.0,0.0,0.0,0.0
FRA-Ligue 1,2324,Marseille,Pape Gueye,SEN,"MF,DF",24,1999,15,9,765,8.5,1,0,1,1,0,0,2,0,0.12,0.0,0.12,0.12,0.12
FRA-Ligue 1,2324,Marseille,Pau López,ESP,GK,28,1994,33,33,2939,32.7,0,0,0,0,0,0,1,0,0.0,0.0,0.0,0.0,0.0
FRA-Ligue 1,2324,Marseille,Pierre-Emerick Aubameyang,GAB,FW,34,1989,34,30,2622,29.1,17,8,25,13,4,4,4,0,0.58,0.27,0.86,0.45,0.72
FRA-Ligue 1,2324,Marseille,Quentin Merlin,FRA,"DF,MF",21,2002,10,8,703,7.8,0,1,1,0,0,0,1,0,0.0,0.13,0.13,0.0,0.13
FRA-Ligue 1,2324,Marseille,Raimane Daou,COM,DF,18,2004,1,0,25,0.3,0,0,0,0,0,0,0,0,0.0,0.0,0.0,0.0,0.0
FRA-Ligue 1,2324,Marseille,Renan Lodi,BRA,"DF,MF",25,1998,14,14,1235,13.7,0,0,0,0,0,0,6,0,0.0,0.0,0.0,0.0,0.0
FRA-Ligue 1,2324,Marseille,Rubén Blanco,ESP,GK,28,1995,2,1,121,1.3,0,0,0,0,0,0,0,0,0.0,0.0,0.0,0.0,0.0
FRA-Ligue 1,2324,Marseille,Samuel Gigot,FRA,DF,29,1993,21,20,1726,19.2,3,0,3,3,0,0,7,1,0.16,0.0,0.16,0.16,0.16
FRA-Ligue 1,2324,Marseille,Sofiane Sidi Ali,FRA,FW,28,1995,2,0,18,0.2,0,0,0,0,0,0,0,0,0.0,0.0,0.0,0.0,0.0
FRA-Ligue 1,2324,Marseille,Ulisses Garcia,SUI,"DF,MF",27,1996,13,10,906,10.1,0,0,0,0,0,0,0,0,0.0,0.0,0.0,0.0,0.0
FRA-Ligue 1,2324,Marseille,Valentin Rongier,FRA,MF,28,1994,10,10,851,9.5,0,0,0,0,0,0,2,0,0.0,0.0,0.0,0.0,0.0
FRA-Ligue 1,2324,Marseille,Vitinha,POR,FW,23,2000,18,10,923,10.3,3,2,5,3,0,0,1,0,0.29,0.2,0.49,0.29,0.49
FRA-Ligue 1,2324,Metz,Ablie Jallow,GAM,"MF,FW",24,1998,17,10,918,10.2,3,2,5,2,1,1,1,0,0.29,0.2,0.49,0.2,0.39
FRA-Ligue 1,2324,Metz,Abou Lô,SEN,"MF,DF",23,2000,6,2,197,2.2,0,0,0,0,0,0,0,1,0.0,0.0,0.0,0.0,0.0
FRA-Ligue 1,2324,Metz,Alexandre Oukidja,ALG,GK,35,1988,34,34,2987,33.2,0,0,0,0,0,0,3,0,0.0,0.0,0.0,0.0,0.0
FRA-Ligue 1,2324,Metz,Arthur Atta,FRA,MF,20,2003,21,10,924,10.3,1,2,3,1,0,0,0,0,0.1,0.19,0.29,0.1,0.29
FRA-Ligue 1,2324,Metz,Benjamin Tetteh,GHA,FW,26,1997,12,1,278,3.1,0,0,0,0,0,0,2,0,0.0,0.0,0.0,0.0,0.0
FRA-Ligue 1,2324,Metz,Cheikh Tidiane Sabaly,SEN,"MF,FW",24,1999,29,17,1379,15.3,3,1,4,3,0,0,4,0,0.2,0.07,0.26,0.2,0.26
FRA-Ligue 1,2324,Metz,Christophe Hérelle,MTQ,DF,30,1992,19,18,1617,18.0,0,0,0,0,0,0,4,1,0.0,0.0,0.0,0.0,0.0
FRA-Ligue 1,2324,Metz,Danley Jean-Jacques,HAI,MF,23,2000,33,30,2682,29.8,0,0,0,0,0,0,5,0,0.0,0.0,0.0,0.0,0.0
FRA-Ligue 1,2324,Metz,Didier Lamkel Zé,CMR,"FW,MF",26,1996,9,7,550,6.1,1,0,1,1,0,0,1,0,0.16,0.0,0.16,0.16,0.16
FRA-Ligue 1,2324,Metz,Fali Candé,GNB,DF,25,1998,25,20,1849,20.5,0,1,1,0,0,0,4,0,0.0,0.05,0.05,0.0,0.05
FRA-Ligue 1,2324,Metz,Georges Mikautadze,GEO,FW,22,2000,20,20,1747,19.4,13,4,17,10,3,3,0,1,0.67,0.21,0.88,0.52,0.72
FRA-Ligue 1,2324,Metz,Guillaume Dietsch,FRA,GK,22,2001,1,0,73,0.8,0,0,0,0,0,0,0,0,0.0,0.0,0.0,0.0,0.0
FRA-Ligue 1,2324,Metz,Habib Maïga,CIV,MF,27,1996,7,1,147,1.6,0,0,0,0,0,0,0,0,0.0,0.0,0.0,0.0,0.0
FRA-Ligue 1,2324,Metz,Ibou Sané,SEN,FW,18,2005,9,0,128,1.4,1,0,1,1,0,0,1,0,0.7,0.0,0.7,0.7,0.7
FRA-Ligue 1,2324,Metz,Ismaël Traoré,CIV,DF,36,1986,26,25,2220,24.7,2,0,2,2,0,0,2,0,0.08,0.0,0.08,0.08,0.08
FRA-Ligue 1,2324,Metz,Joel Asoro,SWE,"MF,FW",24,1999,20,10,848,9.4,2,1,3,2,0,0,2,0,0.21,0.11,0.32,0.21,0.32
FRA-Ligue 1,2324,Metz,Joseph Nduquidi,FRA,"MF,DF",18,2004,13,7,751,8.3,0,0,0,0,0,0,2,0,0.0,0.0,0.0,0.0,0.0
FRA-Ligue 1,2324,Metz,Koffi Kouao,CIV,DF,25,1998,13,10,860,9.6,0,2,2,0,0,0,2,0,0.0,0.21,0.21,0.0,0.21
FRA-Ligue 1,2324,Metz,Kévin N'Doram,FRA,MF,27,1996,23,18,1604,17.8,0,2,2,0,0,0,4,0,0.0,0.11,0.11,0.0,0.11
FRA-Ligue 1,2324,Metz,Kévin Van Den Kerkhof,ALG,"MF,FW",27,1996,29,21,1913,21.3,1,2,3,1,0,0,2,0,0.05,0.09,0.14,0.05,0.14
FRA-Ligue 1,2324,Metz,Lamine Camara,SEN,MF,19,2004,31,26,2255,25.1,1,4,5,1,0,1,3,0,0.04,0.16,0.2,0.04,0.2
FRA-Ligue 1,2324,Metz,Malick Mbaye,SEN,MF,19,2004,5,1,153,1.7,0,0,0,0,0,0,1,0,0.0,0.0,0.0,0.0,0.0
FRA-Ligue 1,2324,Metz,Matthieu Udol,FRA,DF,27,1996,30,30,2700,30.0,3,3,6,3,0,0,5,0,0.1,0.1,0.2,0.1,0.2
FRA-Ligue 1,2324,Metz,Maxime Colin,FRA,DF,31,1991,22,22,1832,20.4,0,0,0,0,0,0,3,0,0.0,0.0,0.0,0.0,0.0
FRA-Ligue 1,2324,Metz,N'Guessan Kouadio,CIV,MF,20,2003,6,1,110,1.2,0,0,0,0,0,0,0,0,0.0,0.0,0.0,0.0,0.0
FRA-Ligue 1,2324,Metz,Oscar Estupiñan,COL,FW,26,1996,6,4,260,2.9,0,0,0,0,0,0,0,0,0.0,0.0,0.0,0.0,0.0
FRA-Ligue 1,2324,Metz,Papa Amadou Diallo,SEN,"MF,FW",19,2004,16,9,889,9.9,2,1,3,2,0,0,1,0,0.2,0.1,0.3,0.2,0.3
FRA-Ligue 1,2324,Metz,Sadibou Sané,SEN,DF,19,2004,14,9,846,9.4,0,0,0,0,0,0,1,0,0.0,0.0,0.0,0.0,0.0
FRA-Ligue 1,2324,Metz,Simon Elisor,FRA,FW,24,1999,14,9,767,8.5,1,0,1,1,0,1,1,0,0.12,0.0,0.12,0.12,0.12
FRA-Ligue 1,2324,Metz,Youssef Maziz,FRA,MF,25,1998,2,2,124,1.4,1,0,1,1,0,0,0,0,0.73,0.0,0.73,0.73,0.73
FRA-Ligue 1,2324,Monaco,Aleksandr Golovin,RUS,MF,27,1996,25,25,2147,23.9,6,6,12,6,0,0,8,1,0.25,0.25,0.5,0.25,0.5
FRA-Ligue 1,2324,Monaco,Antonin Cartillier,FRA,DF,19,2004,1,0,8,0.1,0,0,0,0,0,0,0,0,0.0,0.0,0.0,0.0,0.0
FRA-Ligue 1,2324,Monaco,Breel Embolo,SUI,FW,26,1997,5,2,182,2.0,1,0,1,1,0,0,0,0,0.49,0.0,0.49,0.49,0.49
FRA-Ligue 1,2324,Monaco,Caio Henrique,BRA,"MF,DF",26,1997,9,7,623,6.9,0,5,5,0,0,0,0,0,0.0,0.72,0.72,0.0,0.72
FRA-Ligue 1,2324,Monaco,Chrislain Matsima,FRA,DF,21,2002,6,3,298,3.3,0,1,1,0,0,0,2,0,0.0,0.3,0.3,0.0,0.3
FRA-Ligue 1,2324,Monaco,Denis Zakaria,SUI,"MF,DF",26,1996,25,24,2137,23.7,4,0,4,4,0,0,13,2,0.17,0.0,0.17,0.17,0.17
FRA-Ligue 1,2324,Monaco,Edan Diop,FRA,MF,18,2004,10,0,163,1.8,0,0,0,0,0,0,3,0,0.0,0.0,0.0,0.0,0.0
FRA-Ligue 1,2324,Monaco,Eliesse Ben Seghir,MAR,"MF,FW",18,2005,13,4,428,4.8,2,1,3,2,0,0,0,1,0.42,0.21,0.63,0.42,0.63
FRA-Ligue 1,2324,Monaco,Eliot Matazo,BEL,MF,21,2002,6,0,102,1.1,0,1,1,0,0,0,2,0,0.0,0.88,0.88,0.0,0.88
FRA-Ligue 1,2324,Monaco,Folarin Balogun,USA,FW,22,2001,29,19,1692,18.8,7,5,12,7,0,3,1,0,0.37,0.27,0.64,0.37,0.64
FRA-Ligue 1,2324,Monaco,Guillermo Maripán,CHI,DF,29,1994,23,21,1767,19.6,1,0,1,1,0,0,0,1,0.05,0.0,0.05,0.05,0.05
FRA-Ligue 1,2324,Monaco,Ismail Jakobs,SEN,"MF,DF",23,1999,22,16,1466,16.3,1,2,3,1,0,0,0,0,0.06,0.12,0.18,0.06,0.18
FRA-Ligue 1,2324,Monaco,Kassoum Ouattara,FRA,"DF,MF",18,2004,14,7,636,7.1,1,0,1,1,0,0,2,0,0.14,0.0,0.14,0.14,0.14
FRA-Ligue 1,2324,Monaco,Krépin Diatta,SEN,"MF,DF",24,1999,26,12,1206,13.4,0,2,2,0,0,0,2,0,0.0,0.15,0.15,0.0,0.15
FRA-Ligue 1,2324,Monaco,Lucas Michal,FRA,FW,18,2005,1,0,7,0.1,0,0,0,0,0,0,0,0,0.0,0.0,0.0,0.0,0.0
FRA-Ligue 1,2324,Monaco,Maghnes Akliouche,FRA,MF,21,2002,28,18,1613,17.9,7,4,11,7,0,0,5,0,0.39,0.22,0.61,0.39,0.61
FRA-Ligue 1,2324,Monaco,Mamadou Coulibaly,FRA,MF,19,2004,5,1,118,1.3,0,0,0,0,0,0,0,0,0.0,0.0,0.0,0.0,0.0
FRA-Ligue 1,2324,Monaco,Mohamed Camara,MLI,MF,23,2000,20,14,1035,11.5,1,2,3,0,1,1,4,0,0.09,0.17,0.26,0.0,0.17
FRA-Ligue 1,2324,Monaco,Mohammed Salisu,GHA,DF,24,1999,12,11,1035,11.5,0,1,1,0,0,0,2,0,0.0,0.09,0.09,0.0,0.09
FRA-Ligue 1,2324,Monaco,Myron Boadu,NED,FW,22,2001,9,0,85,0.9,1,0,1,1,0,0,0,0,1.06,0.0,1.06,1.06,1.06
FRA-Ligue 1,2324,Monaco,Philipp Köhn,SUI,GK,25,1998,22,22,1980,22.0,0,0,0,0,0,0,0,0,0.0,0.0,0.0,0.0,0.0
FRA-Ligue 1,2324,Monaco,Radosław Majecki,POL,GK,23,1999,12,12,1080,12.0,0,0,0,0,0,0,1,0,0.0,0.0,0.0,0.0,0.0
FRA-Ligue 1,2324,Monaco,Saïmon Bouabré,FRA,MF,17,2006,1,0,45,0.5,0,0,0,0,0,0,0,0,0.0,0.0,0.0,0.0,0.0
FRA-Ligue 1,2324,Monaco,Soungoutou Magassa,FRA,DF,19,2003,21,15,1346,15.0,0,0,0,0,0,0,7,0,0.0,0.0,0.0,0.0,0.0
FRA-Ligue 1,2324,Monaco,Takumi Minamino,JPN,MF,28,1995,30,25,2117,23.5,9,6,15,9,0,0,4,0,0.38,0.26,0.64,0.38,0.64
FRA-Ligue 1,2324,Monaco,Thilo Kehrer,GER,DF,26,1996,15,15,1323,14.7,1,1,2,1,0,0,4,1,0.07,0.07,0.14,0.07,0.14
FRA-Ligue 1,2324,Monaco,Vanderson,BRA,"MF,DF",22,2001,20,20,1641,18.2,3,1,4,3,0,0,6,1,0.16,0.05,0.22,0.16,0.22
FRA-Ligue 1,2324,Monaco,Wilfried Singo,CIV,DF,22,2000,25,24,2187,24.3,1,1,2,1,0,0,8,1,0.04,0.04,0.08,0.04,0.08
FRA-Ligue 1,2324,Monaco,Wissam Ben Yedder,FRA,FW,32,1990,32,26,2316,25.7,16,2,18,15,1,1,2,0,0.62,0.08,0.7,0.58,0.66
FRA-Ligue 1,2324,Monaco,Youssouf Fofana,FRA,MF,24,1999,32,31,2697,30.0,4,4,8,4,0,0,3,0,0.13,0.13,0.27,0.13,0.27
FRA-Ligue 1,2324,Montpellier,Akor Adams,NGA,FW,23,2000,32,27,2252,25.0,8,1,9,8,0,0,2,0,0.32,0.04,0.36,0.32,0.36
FRA-Ligue 1,2324,Montpellier,Arnaud Nordin,FRA,"MF,FW",25,1998,20,15,1246,13.8,5,3,8,5,0,0,1,1,0.36,0.22,0.58,0.36,0.58
FRA-Ligue 1,2324,Montpellier,Axel Gueguin,FRA,DF,18,2005,3,1,132,1.5,0,0,0,0,0,0,0,0,0.0,0.0,0.0,0.0,0.0
FRA-Ligue 1,2324,Montpellier,Becir Omeragic,SUI,"DF,MF",21,2002,28,26,2312,25.7,0,0,0,0,0,0,4,0,0.0,0.0,0.0,0.0,0.0
FRA-Ligue 1,2324,Montpellier,Benjamin Lecomte,FRA,GK,32,1991,30,30,2700,30.0,0,1,1,0,0,0,1,0,0.0,0.03,0.03,0.0,0.03
FRA-Ligue 1,2324,Montpellier,Boubakar Kouyaté,MLI,DF,26,1997,23,22,1928,21.4,0,2,2,0,0,0,5,1,0.0,0.09,0.09,0.0,0.09
FRA-Ligue 1,2324,Montpellier,Christopher Jullien,FRA,DF,30,1993,20,13,1233,13.7,1,0,1,1,0,0,5,0,0.07,0.0,0.07,0.07,0.07
FRA-Ligue 1,2324,Montpellier,Dimitry Bertaud,COD,GK,25,1998,4,4,360,4.0,0,0,0,0,0,0,0,0,0.0,0.0,0.0,0.0,0.0
FRA-Ligue 1,2324,Montpellier,Elye Wahi,CIV,FW,20,2003,1,0,14,0.2,0,0,0,0,0,0,0,0,0.0,0.0,0.0,0.0,0.0
FRA-Ligue 1,2324,Montpellier,Enzo Tchato,CMR,DF,20,2002,17,11,1125,12.5,0,0,0,0,0,0,2,0,0.0,0.0,0.0,0.0,0.0
FRA-Ligue 1,2324,Montpellier,Falaye Sacko,MLI,DF,28,1995,19,15,1382,15.4,0,1,1,0,0,0,0,0,0.0,0.07,0.07,0.0,0.07
FRA-Ligue 1,2324,Montpellier,Issiaga Sylla,GUI,"DF,MF",29,1994,19,17,1455,16.2,1,2,3,1,0,0,3,0,0.06,0.12,0.19,0.06,0.19
FRA-Ligue 1,2324,Montpellier,Jordan Ferri,FRA,MF,31,1992,30,23,2031,22.6,1,1,2,1,0,0,6,0,0.04,0.04,0.09,0.04,0.09
FRA-Ligue 1,2324,Montpellier,Joris Chotard,FRA,MF,21,2001,31,30,2587,28.7,0,3,3,0,0,0,5,0,0.0,0.1,0.1,0.0,0.1
FRA-Ligue 1,2324,Montpellier,Kelvin Yeboah,ITA,FW,23,2000,13,0,276,3.1,0,0,0,0,0,0,0,0,0.0,0.0,0.0,0.0,0.0
FRA-Ligue 1,2324,Montpellier,Khalil Fayad,FRA,MF,19,2004,23,11,1025,11.4,3,0,3,3,0,0,2,0,0.26,0.0,0.26,0.26,0.26
FRA-Ligue 1,2324,Montpellier,Lucas Mincarelli,FRA,"DF,MF",19,2004,13,12,978,10.9,1,1,2,1,0,0,1,1,0.09,0.09,0.18,0.09,0.18
FRA-Ligue 1,2324,Montpellier,Léo Leroy,FRA,MF,23,2000,21,3,499,5.5,0,1,1,0,0,0,4,0,0.0,0.18,0.18,0.0,0.18
FRA-Ligue 1,2324,Montpellier,Mamadou Sakho,FRA,DF,33,1990,1,0,7,0.1,0,0,0,0,0,0,0,0,0.0,0.0,0.0,0.0,0.0
FRA-Ligue 1,2324,Montpellier,Maxime Estève,FRA,DF,21,2002,12,12,995,11.1,1,1,2,1,0,0,2,0,0.09,0.09,0.18,0.09,0.18
FRA-Ligue 1,2324,Montpellier,Modibo Sagnan,MLI,DF,24,1999,13,12,1054,11.7,2,0,2,2,0,0,5,0,0.17,0.0,0.17,0.17,0.17
FRA-Ligue 1,2324,Montpellier,Musa Al-Taamari,JOR,"MF,FW",26,1997,27,24,1928,21.4,5,2,7,5,0,0,0,0,0.23,0.09,0.33,0.23,0.33
FRA-Ligue 1,2324,Montpellier,Othmane Maamma,MAR,FW,17,2005,2,1,88,1.0,1,0,1,1,0,0,0,0,1.02,0.0,1.02,1.02,1.02
FRA-Ligue 1,2324,Montpellier,Sacha Delaye,FRA,MF,21,2002,9,0,130,1.4,0,0,0,0,0,0,1,0,0.0,0.0,0.0,0.0,0.0
FRA-Ligue 1,2324,Montpellier,Silvan Hefti,SUI,"DF,MF",25,1997,11,9,711,7.9,0,1,1,0,0,0,1,0,0.0,0.13,0.13,0.0,0.13
FRA-Ligue 1,2324,Montpellier,Tanguy Coulibaly,FRA,"MF,FW",22,2001,16,7,623,6.9,1,0,1,1,0,0,2,0,0.14,0.0,0.14,0.14,0.14
FRA-Ligue 1,2324,Montpellier,Théo Sainte-Luce,FRA,DF,24,1998,6,3,346,3.8,0,0,0,0,0,0,1,0,0.0,0.0,0.0,0.0,0.0
FRA-Ligue 1,2324,Montpellier,Téji Savanier,FRA,MF,31,1991,32,32,2765,30.7,9,6,15,2,7,7,8,1,0.29,0.2,0.49,0.07,0.26
FRA-Ligue 1,2324,Montpellier,Wahbi Khazri,TUN,"MF,FW",32,1991,25,13,1131,12.6,1,0,1,1,0,0,6,0,0.08,0.0,0.08,0.08,0.08
FRA-Ligue 1,2324,Montpellier,Yanis Issoufou,FRA,FW,16,2006,1,0,13,0.1,0,0,0,0,0,0,0,0,0.0,0.0,0.0,0.0,0.0
FRA-Ligue 1,2324,Montpellier,Yann Karamoh,FRA,FW,25,1998,12,1,284,3.2,1,0,1,1,0,0,1,0,0.32,0.0,0.32,0.32,0.32
FRA-Ligue 1,2324,Nantes,Abdoul Kader Bamba,FRA,MF,29,1994,23,1,611,6.8,2,1,3,2,0,0,2,0,0.29,0.15,0.44,0.29,0.44
FRA-Ligue 1,2324,Nantes,Adel Mahamoud,COM,FW,20,2003,1,0,10,0.1,0,0,0,0,0,0,0,0,0.0,0.0,0.0,0.0,0.0
FRA-Ligue 1,2324,Nantes,Adson,BRA,MF,22,2000,8,2,238,2.6,0,0,0,0,0,0,0,0,0.0,0.0,0.0,0.0,0.0
FRA-Ligue 1,2324,Nantes,Alban Lafont,CIV,GK,24,1999,28,28,2496,27.7,0,0,0,0,0,0,2,0,0.0,0.0,0.0,0.0,0.0
FRA-Ligue 1,2324,Nantes,Bastien Meupiyou,FRA,DF,17,2006,1,1,8,0.1,0,0,0,0,0,0,0,1,0.0,0.0,0.0,0.0,0.0
FRA-Ligue 1,2324,Nantes,Bénie Traoré,CIV,FW,20,2002,14,4,504,5.6,0,1,1,0,0,0,1,1,0.0,0.18,0.18,0.0,0.18
FRA-Ligue 1,2324,Nantes,Denis Petrić,SRB,GK,35,1988,1,0,24,0.3,0,0,0,0,0,0,0,0,0.0,0.0,0.0,0.0,0.0
FRA-Ligue 1,2324,Nantes,Douglas,BRA,MF,26,1997,25,22,1772,19.7,0,0,0,0,0,0,7,0,0.0,0.0,0.0,0.0,0.0
FRA-Ligue 1,2324,Nantes,Enzo Mongo,FRA,DF,18,2005,1,0,10,0.1,0,0,0,0,0,0,0,0,0.0,0.0,0.0,0.0,0.0
FRA-Ligue 1,2324,Nantes,Eray Cömert,SUI,DF,25,1998,25,23,1995,22.2,2,0,2,2,0,0,5,0,0.09,0.0,0.09,0.09,0.09
FRA-Ligue 1,2324,Nantes,Fabien Centonze,FRA,MF,27,1996,3,1,94,1.0,0,0,0,0,0,0,1,0,0.0,0.0,0.0,0.0,0.0
FRA-Ligue 1,2324,Nantes,Florent Mollet,FRA,"MF,FW",31,1991,29,24,2083,23.1,4,4,8,4,0,0,4,0,0.17,0.17,0.35,0.17,0.35
FRA-Ligue 1,2324,Nantes,Hugo Boutsingkham,FRA,DF,20,2003,2,0,11,0.1,0,0,0,0,0,0,0,0,0.0,0.0,0.0,0.0,0.0
FRA-Ligue 1,2324,Nantes,Ignatius Ganago,CMR,"MF,FW",24,1999,6,2,184,2.0,0,0,0,0,0,0,0,0,0.0,0.0,0.0,0.0,0.0
FRA-Ligue 1,2324,Nantes,Jaouen Hadjam,ALG,DF,20,2003,8,0,112,1.2,0,0,0,0,0,0,0,0,0.0,0.0,0.0,0.0,0.0
FRA-Ligue 1,2324,Nantes,Jean-Charles Castelletto,CMR,DF,28,1995,28,28,2464,27.4,2,0,2,2,0,0,5,0,0.07,0.0,0.07,0.07,0.07
FRA-Ligue 1,2324,Nantes,Jean-Kevin Duverne,HAI,DF,26,1997,19,15,1348,15.0,0,0,0,0,0,0,5,0,0.0,0.0,0.0,0.0,0.0
FRA-Ligue 1,2324,Nantes,Kelvin Amian,FRA,DF,25,1998,12,11,798,8.9,0,1,1,0,0,0,2,0,0.0,0.11,0.11,0.0,0.11
FRA-Ligue 1,2324,Nantes,Lamine Diack,SEN,MF,22,2000,1,0,1,0.0,0,0,0,0,0,0,0,0,0.0,0.0,0.0,0.0,0.0
FRA-Ligue 1,2324,Nantes,Marcus Coco,FRA,"MF,DF",27,1996,28,18,1481,16.5,1,0,1,1,0,0,2,0,0.06,0.0,0.06,0.06,0.06
FRA-Ligue 1,2324,Nantes,Marquinhos,BRA,MF,20,2003,7,1,154,1.7,0,0,0,0,0,0,0,0,0.0,0.0,0.0,0.0,0.0
FRA-Ligue 1,2324,Nantes,Matthis Abline,FRA,"FW,MF",20,2003,22,12,1044,11.6,5,0,5,5,0,0,1,0,0.43,0.0,0.43,0.43,0.43
FRA-Ligue 1,2324,Nantes,Moses Simon,NGA,"MF,FW",28,1995,22,21,1788,19.9,3,5,8,2,1,1,0,0,0.15,0.25,0.4,0.1,0.35
FRA-Ligue 1,2324,Nantes,Mostafa Mohamed,EGY,FW,25,1997,29,24,2002,22.2,8,2,10,5,3,3,3,1,0.36,0.09,0.45,0.22,0.31
FRA-Ligue 1,2324,Nantes,Moussa Sissoko,FRA,MF,33,1989,26,21,1821,20.2,0,0,0,0,0,0,7,0,0.0,0.0,0.0,0.0,0.0
FRA-Ligue 1,2324,Nantes,Nathan Zeze,FRA,DF,18,2005,13,11,1022,11.4,0,0,0,0,0,0,1,0,0.0,0.0,0.0,0.0,0.0
FRA-Ligue 1,2324,Nantes,Nicolas Cozza,FRA,"DF,MF",24,1999,13,10,895,9.9,0,0,0,0,0,0,2,0,0.0,0.0,0.0,0.0,0.0
FRA-Ligue 1,2324,Nantes,Nicolas Pallois,FRA,DF,35,1987,23,17,1589,17.7,0,1,1,0,0,0,5,0,0.0,0.06,0.06,0.0,0.06
FRA-Ligue 1,2324,Nantes,Pedro Chirivella,ESP,MF,26,1997,32,31,2594,28.8,1,1,2,1,0,0,5,0,0.03,0.03,0.07,0.03,0.07
FRA-Ligue 1,2324,Nantes,Quentin Merlin,FRA,"MF,DF",21,2002,16,15,1283,14.3,0,1,1,0,0,0,0,0,0.0,0.07,0.07,0.0,0.07
FRA-Ligue 1,2324,Nantes,Ronaël Pierre-Gabriel,FRA,"DF,MF",25,1998,12,6,598,6.6,0,0,0,0,0,0,3,0,0.0,0.0,0.0,0.0,0.0
FRA-Ligue 1,2324,Nantes,Rémy Descamps,FRA,GK,27,1996,6,6,540,6.0,0,0,0,0,0,0,1,0,0.0,0.0,0.0,0.0,0.0
FRA-Ligue 1,2324,Nantes,Samuel Moutoussamy,COD,MF,26,1996,26,11,1107,12.3,1,0,1,1,0,0,2,0,0.08,0.0,0.08,0.08,0.08
FRA-Ligue 1,2324,Nantes,Stredair Appuah,FRA,FW,19,2004,4,0,84,0.9,0,0,0,0,0,0,0,0,0.0,0.0,0.0,0.0,0.0
FRA-Ligue 1,2324,Nantes,Tino Kadewere,ZIM,"FW,MF",27,1996,14,8,781,8.7,1,0,1,1,0,1,1,0,0.12,0.0,0.12,0.12,0.12
FRA-Ligue 1,2324,Nice,Alexis Claude-Maurice,FRA,MF,25,1998,18,4,504,5.6,0,0,0,0,0,0,1,0,0.0,0.0,0.0,0.0,0.0
FRA-Ligue 1,2324,Nice,Aliou Badara Baldé,GUI,FW,20,2002,7,0,69,0.8,0,0,0,0,0,0,0,0,0.0,0.0,0.0,0.0,0.0
FRA-Ligue 1,2324,Nice,Antoine Mendy,SEN,DF,19,2004,10,4,418,4.6,0,0,0,0,0,0,0,0,0.0,0.0,0.0,0.0,0.0
FRA-Ligue 1,2324,Nice,Badredine Bouanani,ALG,FW,18,2004,7,1,161,1.8,0,0,0,0,0,0,0,0,0.0,0.0,0.0,0.0,0.0
FRA-Ligue 1,2324,Nice,Bilal Brahimi,ALG,"FW,MF",23,2000,2,0,11,0.1,0,0,0,0,0,0,0,0,0.0,0.0,0.0,0.0,0.0
FRA-Ligue 1,2324,Nice,Dante,BRA,DF,39,1983,32,32,2843,31.6,1,1,2,1,0,0,5,1,0.03,0.03,0.06,0.03,0.06
FRA-Ligue 1,2324,Nice,Daouda Traoré,FRA,MF,17,2006,1,0,16,0.2,0,0,0,0,0,0,0,0,0.0,0.0,0.0,0.0,0.0
FRA-Ligue 1,2324,Nice,Evann Guessand,CIV,FW,22,2001,34,14,1553,17.3,6,0,6,4,2,2,1,0,0.35,0.0,0.35,0.23,0.23
FRA-Ligue 1,2324,Nice,Gaëtan Laborde,FRA,"FW,MF",29,1994,34,22,1906,21.2,5,2,7,4,1,2,2,0,0.24,0.09,0.33,0.19,0.28
FRA-Ligue 1,2324,Nice,Hicham Boudaoui,ALG,MF,23,1999,29,17,1613,17.9,2,0,2,2,0,0,5,0,0.11,0.0,0.11,0.11,0.11
FRA-Ligue 1,2324,Nice,Jean-Clair Todibo,FRA,DF,23,1999,30,30,2651,29.5,0,2,2,0,0,0,2,1,0.0,0.07,0.07,0.0,0.07
FRA-Ligue 1,2324,Nice,Jeremie Boga,CIV,"FW,MF",26,1997,28,24,1998,22.2,6,6,12,6,0,0,1,0,0.27,0.27,0.54,0.27,0.54
FRA-Ligue 1,2324,Nice,Jordan Lotomba,SUI,"DF,MF",24,1998,28,21,1804,20.0,1,0,1,1,0,0,4,0,0.05,0.0,0.05,0.05,0.05
FRA-Ligue 1,2324,Nice,Khéphren Thuram,FRA,MF,22,2001,27,25,2108,23.4,1,1,2,1,0,0,7,0,0.04,0.04,0.09,0.04,0.09
FRA-Ligue 1,2324,Nice,Marcin Bułka,POL,GK,23,1999,34,34,3060,34.0,0,0,0,0,0,0,2,0,0.0,0.0,0.0,0.0,0.0
FRA-Ligue 1,2324,Nice,Melvin Bard,FRA,DF,22,2000,32,31,2654,29.5,1,2,3,1,0,0,7,1,0.03,0.07,0.1,0.03,0.1
FRA-Ligue 1,2324,Nice,Mohamed Ali Cho,FRA,FW,19,2004,17,11,861,9.6,1,2,3,1,0,0,2,0,0.1,0.21,0.31,0.1,0.31
FRA-Ligue 1,2324,Nice,Morgan Sanson,FRA,MF,28,1994,29,24,1964,21.8,2,3,5,2,0,0,4,0,0.09,0.14,0.23,0.09,0.23
FRA-Ligue 1,2324,Nice,Pablo Rosario,DOM,"MF,DF",26,1997,30,21,2009,22.3,0,0,0,0,0,0,4,0,0.0,0.0,0.0,0.0,0.0
FRA-Ligue 1,2324,Nice,Reda Belahyane,MAR,MF,19,2004,1,0,27,0.3,0,0,0,0,0,0,0,0,0.0,0.0,0.0,0.0,0.0
FRA-Ligue 1,2324,Nice,Romain Perraud,FRA,DF,25,1997,19,2,370,4.1,0,1,1,0,0,0,2,0,0.0,0.24,0.24,0.0,0.24
FRA-Ligue 1,2324,Nice,Sofiane Diop,MAR,"FW,MF",23,2000,10,6,499,5.5,0,0,0,0,0,0,0,0,0.0,0.0,0.0,0.0,0.0
FRA-Ligue 1,2324,Nice,Terem Moffi,NGA,FW,24,1999,30,23,1949,21.7,11,2,13,8,3,3,4,0,0.51,0.09,0.6,0.37,0.46
FRA-Ligue 1,2324,Nice,Tom Louchet,FRA,"MF,FW",20,2003,13,3,409,4.5,1,1,2,1,0,0,1,0,0.22,0.22,0.44,0.22,0.44
FRA-Ligue 1,2324,Nice,Valentin Rosier,FRA,"DF,MF",26,1996,3,0,53,0.6,0,0,0,0,0,0,0,0,0.0,0.0,0.0,0.0,0.0
FRA-Ligue 1,2324,Nice,Youcef Atal,ALG,DF,27,1996,6,5,359,4.0,1,0,1,1,0,0,2,0,0.25,0.0,0.25,0.25,0.25
FRA-Ligue 1,2324,Nice,Youssouf Ndayishimiye,BDI,"MF,DF",24,1998,23,20,1712,19.0,0,0,0,0,0,0,6,1,0.0,0.0,0.0,0.0,0.0
FRA-Ligue 1,2324,PSG,Achraf Hakimi,MAR,"DF,MF",24,1998,25,20,1932,21.5,4,5,9,4,0,0,3,0,0.19,0.23,0.42,0.19,0.42
FRA-Ligue 1,2324,PSG,Arnau Tenas,ESP,GK,22,2001,6,5,529,5.9,0,1,1,0,0,0,0,0,0.0,0.17,0.17,0.0,0.17
FRA-Ligue 1,2324,PSG,Bradley Barcola,FRA,"FW,MF",20,2002,25,18,1370,15.2,4,7,11,4,0,0,3,1,0.26,0.46,0.72,0.26,0.72
FRA-Ligue 1,2324,PSG,Carlos Soler,ESP,"MF,DF",26,1997,24,12,1090,12.1,2,2,4,2,0,0,1,0,0.17,0.17,0.33,0.17,0.33
FRA-Ligue 1,2324,PSG,Cher Ndour,ITA,MF,19,2004,3,0,28,0.3,0,0,0,0,0,0,1,0,0.0,0.0,0.0,0.0,0.0
FRA-Ligue 1,2324,PSG,Danilo Pereira,POR,DF,31,1991,26,22,1995,22.2,0,0,0,0,0,0,2,0,0.0,0.0,0.0,0.0,0.0
FRA-Ligue 1,2324,PSG,Ethan Mbappé,FRA,MF,16,2006,3,0,48,0.5,0,0,0,0,0,0,0,0,0.0,0.0,0.0,0.0,0.0
FRA-Ligue 1,2324,PSG,Fabián Ruiz Peña,ESP,MF,27,1996,21,14,1197,13.3,1,3,4,1,0,0,3,0,0.08,0.23,0.3,0.08,0.3
FRA-Ligue 1,2324,PSG,Gianluigi Donnarumma,ITA,GK,24,1999,25,25,2169,24.1,0,0,0,0,0,0,3,1,0.0,0.0,0.0,0.0,0.0
FRA-Ligue 1,2324,PSG,Gonçalo Ramos,POR,FW,22,2001,29,16,1419,15.8,11,1,12,10,1,1,1,0,0.7,0.06,0.76,0.63,0.7
FRA-Ligue 1,2324,PSG,Hugo Ekitike,FRA,FW,21,2002,1,0,9,0.1,0,0,0,0,0,0,0,0,0.0,0.0,0.0,0.0,0.0
FRA-Ligue 1,2324,PSG,Keylor Navas,CRC,GK,36,1986,4,4,360,4.0,0,0,0,0,0,0,0,0,0.0,0.0,0.0,0.0,0.0
FRA-Ligue 1,2324,PSG,Kylian Mbappé,FRA,FW,24,1998,29,24,2158,24.0,27,7,34,21,6,8,4,0,1.13,0.29,1.42,0.88,1.17
FRA-Ligue 1,2324,PSG,Layvin Kurzawa,FRA,DF,30,1992,1,0,9,0.1,0,0,0,0,0,0,0,0,0.0,0.0,0.0,0.0,0.0
FRA-Ligue 1,2324,PSG,Lee Kang-in,KOR,"MF,FW",22,2001,23,18,1464,16.3,3,4,7,3,0,0,2,0,0.18,0.25,0.43,0.18,0.43
FRA-Ligue 1,2324,PSG,Lucas Beraldo,BRA,DF,19,2003,13,12,1008,11.2,1,0,1,1,0,0,4,1,0.09,0.0,0.09,0.09,0.09
FRA-Ligue 1,2324,PSG,Lucas Hernández,FRA,DF,27,1996,27,23,1909,21.2,1,1,2,1,0,0,6,0,0.05,0.05,0.09,0.05,0.09
FRA-Ligue 1,2324,PSG,Manuel Ugarte,URU,MF,22,2001,25,21,1932,21.5,0,2,2,0,0,0,5,0,0.0,0.09,0.09,0.0,0.09
FRA-Ligue 1,2324,PSG,Marco Asensio,ESP,"MF,FW",27,1996,19,13,1113,12.4,4,5,9,4,0,0,0,0,0.32,0.4,0.73,0.32,0.73
FRA-Ligue 1,2324,PSG,Marquinhos,BRA,DF,29,1994,21,18,1537,17.1,0,1,1,0,0,0,1,0,0.0,0.06,0.06,0.0,0.06
FRA-Ligue 1,2324,PSG,Milan Škriniar,SVK,DF,28,1995,24,17,1629,18.1,0,0,0,0,0,0,1,0,0.0,0.0,0.0,0.0,0.0
FRA-Ligue 1,2324,PSG,Nordi Mukiele,FRA,DF,25,1997,16,9,796,8.8,0,0,0,0,0,0,2,0,0.0,0.0,0.0,0.0,0.0
FRA-Ligue 1,2324,PSG,Nuno Mendes,POR,DF,21,2002,6,2,267,3.0,1,1,2,1,0,0,3,0,0.34,0.34,0.67,0.34,0.67
FRA-Ligue 1,2324,PSG,Ousmane Dembélé,FRA,"FW,MF",26,1997,26,17,1506,16.7,3,8,11,3,0,0,0,0,0.18,0.48,0.66,0.18,0.66
FRA-Ligue 1,2324,PSG,Randal Kolo Muani,FRA,"FW,MF",24,1998,26,13,1268,14.1,6,5,11,6,0,0,1,0,0.43,0.35,0.78,0.43,0.78
FRA-Ligue 1,2324,PSG,Senny Mayulu,FRA,"MF,FW",17,2006,8,3,324,3.6,0,1,1,0,0,0,0,0,0.0,0.28,0.28,0.0,0.28
FRA-Ligue 1,2324,PSG,Vitinha,POR,MF,23,2000,28,23,2126,23.6,7,4,11,7,0,0,0,0,0.3,0.17,0.47,0.3,0.47
FRA-Ligue 1,2324,PSG,Warren Zaïre-Emery,FRA,"MF,DF",17,2006,26,21,1962,21.8,2,3,5,2,0,0,4,0,0.09,0.14,0.23,0.09,0.23
FRA-Ligue 1,2324,PSG,Yoram Zague,FRA,DF,17,2006,5,4,373,4.1,1,0,1,1,0,0,1,0,0.24,0.0,0.24,0.24,0.24
FRA-Ligue 1,2324,Reims,Abdoul Koné,FRA,DF,18,2005,3,3,193,2.1,0,0,0,0,0,0,1,0,0.0,0.0,0.0,0.0,0.0
FRA-Ligue 1,2324,Reims,Adama Bojang,GAM,FW,19,2004,9,0,83,0.9,0,0,0,0,0,0,1,0,0.0,0.0,0.0,0.0,0.0
FRA-Ligue 1,2324,Reims,Amadou Koné,MLI,MF,18,2005,16,4,475,5.3,0,0,0,0,0,0,4,1,0.0,0.0,0.0,0.0,0.0
FRA-Ligue 1,2324,Reims,Amine Salama,FRA,FW,23,2000,11,2,313,3.5,0,0,0,0,0,0,0,0,0.0,0.0,0.0,0.0,0.0
FRA-Ligue 1,2324,Reims,Amir Richardson,MAR,MF,21,2002,28,14,1352,15.0,3,1,4,3,0,0,4,0,0.2,0.07,0.27,0.2,0.27
FRA-Ligue 1,2324,Reims,Azor Matusiwa,NED,MF,25,1998,16,16,1385,15.4,1,0,1,1,0,0,3,0,0.06,0.0,0.06,0.06,0.06
FRA-Ligue 1,2324,Reims,Benjamin Stambouli,FRA,MF,32,1990,7,3,286,3.2,0,1,1,0,0,0,4,0,0.0,0.31,0.31,0.0,0.31
FRA-Ligue 1,2324,Reims,Christ Mbondi,FRA,FW,18,2004,1,0,2,0.0,0,0,0,0,0,0,0,0,0.0,0.0,0.0,0.0,0.0
FRA-Ligue 1,2324,Reims,Emmanuel Agbadou,CIV,DF,26,1997,32,29,2596,28.8,1,1,2,1,0,0,1,0,0.03,0.03,0.07,0.03,0.07
FRA-Ligue 1,2324,Reims,Ibrahim Diakité,GUI,DF,19,2003,5,1,109,1.2,0,0,0,0,0,0,0,0,0.0,0.0,0.0,0.0,0.0
FRA-Ligue 1,2324,Reims,Joseph Okumu,KEN,DF,26,1997,21,19,1743,19.4,1,0,1,1,0,0,3,0,0.05,0.0,0.05,0.05,0.05
FRA-Ligue 1,2324,Reims,Josh Wilson-Esbrand,ENG,"DF,MF",20,2002,11,5,461,5.1,1,1,2,1,0,0,1,0,0.2,0.2,0.39,0.2,0.39
FRA-Ligue 1,2324,Reims,Junya Itō,JPN,"FW,MF",30,1993,31,31,2714,30.2,3,7,10,3,0,0,2,0,0.1,0.23,0.33,0.1,0.33
FRA-Ligue 1,2324,Reims,Keito Nakamura,JPN,"FW,MF",23,2000,25,17,1381,15.3,4,1,5,4,0,0,1,0,0.26,0.07,0.33,0.26,0.33
FRA-Ligue 1,2324,Reims,Mamadou Diakhon,SEN,FW,17,2005,11,1,209,2.3,0,0,0,0,0,0,0,0,0.0,0.0,0.0,0.0,0.0
FRA-Ligue 1,2324,Reims,Marshall Munetsi,ZIM,MF,27,1996,27,25,2173,24.1,4,3,7,4,0,0,5,0,0.17,0.12,0.29,0.17,0.29
FRA-Ligue 1,2324,Reims,Maxime Busi,BEL,MF,23,1999,5,1,162,1.8,0,0,0,0,0,0,1,0,0.0,0.0,0.0,0.0,0.0
FRA-Ligue 1,2324,Reims,Mohamed Daramy,DEN,"FW,MF",21,2002,25,19,1648,18.3,4,5,9,3,1,1,0,0,0.22,0.27,0.49,0.16,0.44
FRA-Ligue 1,2324,Reims,Oumar Diakité,CIV,FW,19,2003,28,18,1585,17.6,5,1,6,5,0,1,4,0,0.28,0.06,0.34,0.28,0.34
FRA-Ligue 1,2324,Reims,Reda Khadra,GER,"MF,FW",22,2001,29,14,1368,15.2,1,3,4,1,0,0,1,0,0.07,0.2,0.26,0.07,0.26
FRA-Ligue 1,2324,Reims,Sergio Akieme,ESP,"DF,MF",25,1997,13,8,818,9.1,2,0,2,2,0,0,2,0,0.22,0.0,0.22,0.22,0.22
FRA-Ligue 1,2324,Reims,Teddy Teuma,MLT,MF,29,1993,28,25,2113,23.5,6,3,9,5,1,1,7,0,0.26,0.13,0.38,0.21,0.34
FRA-Ligue 1,2324,Reims,Therence Koudou,FRA,DF,18,2004,9,3,314,3.5,0,0,0,0,0,0,3,0,0.0,0.0,0.0,0.0,0.0
FRA-Ligue 1,2324,Reims,Thibault De Smet,BEL,"DF,MF",25,1998,27,22,1831,20.3,0,0,0,0,0,0,7,1,0.0,0.0,0.0,0.0,0.0
FRA-Ligue 1,2324,Reims,Thomas Foket,BEL,"DF,MF",28,1994,27,22,1833,20.4,0,1,1,0,0,0,9,1,0.0,0.05,0.05,0.0,0.05
FRA-Ligue 1,2324,Reims,Valentin Atangana Edoa,FRA,MF,17,2005,15,7,555,6.2,0,0,0,0,0,0,0,0,0.0,0.0,0.0,0.0,0.0
FRA-Ligue 1,2324,Reims,Yaya Kader Fofana,MLI,MF,19,2004,4,0,32,0.4,0,0,0,0,0,0,0,0,0.0,0.0,0.0,0.0,0.0
FRA-Ligue 1,2324,Reims,Yehvann Diouf,SEN,GK,23,1999,34,34,3060,34.0,0,0,0,0,0,0,1,0,0.0,0.0,0.0,0.0,0.0
FRA-Ligue 1,2324,Reims,Yunis Abdelhamid,MAR,DF,35,1987,31,31,2781,30.9,4,0,4,3,1,1,5,0,0.13,0.0,0.13,0.1,0.1
FRA-Ligue 1,2324,Rennes,Adrien Truffert,FRA,"DF,MF",21,2001,30,24,2145,23.8,1,2,3,1,0,0,6,0,0.04,0.08,0.13,0.04,0.13
FRA-Ligue 1,2324,Rennes,Alidu Seidu,GHA,DF,23,2000,11,7,593,6.6,0,0,0,0,0,0,3,0,0.0,0.0,0.0,0.0,0.0
FRA-Ligue 1,2324,Rennes,Amine Gouiri,ALG,"FW,MF",23,2000,31,24,2067,23.0,7,3,10,7,0,0,2,0,0.3,0.13,0.44,0.3,0.44
FRA-Ligue 1,2324,Rennes,Arnaud Kalimuendo,FRA,FW,21,2002,30,25,2139,23.8,10,1,11,8,2,2,6,0,0.42,0.04,0.46,0.34,0.38
FRA-Ligue 1,2324,Rennes,Arthur Theate,BEL,DF,23,2000,28,27,2296,25.5,2,0,2,2,0,0,4,0,0.08,0.0,0.08,0.08,0.08
FRA-Ligue 1,2324,Rennes,Azor Matusiwa,NED,MF,25,1998,12,9,794,8.8,0,1,1,0,0,0,2,0,0.0,0.11,0.11,0.0,0.11
FRA-Ligue 1,2324,Rennes,Baptiste Santamaria,FRA,MF,28,1995,30,22,1926,21.4,0,1,1,0,0,0,3,0,0.0,0.05,0.05,0.0,0.05
FRA-Ligue 1,2324,Rennes,Benjamin Bourigeaud,FRA,MF,29,1994,32,29,2425,26.9,9,6,15,2,7,7,1,0,0.33,0.22,0.56,0.07,0.3
FRA-Ligue 1,2324,Rennes,Bertuğ Yıldırım,TUR,FW,21,2002,21,2,469,5.2,0,1,1,0,0,0,3,0,0.0,0.19,0.19,0.0,0.19
FRA-Ligue 1,2324,Rennes,Birger Meling,NOR,DF,28,1994,1,0,16,0.2,0,0,0,0,0,0,0,0,0.0,0.0,0.0,0.0,0.0
FRA-Ligue 1,2324,Rennes,Christopher Wooh,CMR,DF,21,2001,18,15,1388,15.4,1,0,1,1,0,0,3,1,0.06,0.0,0.06,0.06,0.06
FRA-Ligue 1,2324,Rennes,Djaoui Cissé,FRA,MF,19,2004,2,0,4,0.0,0,0,0,0,0,0,0,0,0.0,0.0,0.0,0.0,0.0
FRA-Ligue 1,2324,Rennes,Désiré Doué,FRA,MF,18,2005,31,17,1626,18.1,4,4,8,4,0,0,3,0,0.22,0.22,0.44,0.22,0.44
FRA-Ligue 1,2324,Rennes,Enzo Le Fée,FRA,MF,23,2000,25,19,1527,17.0,0,1,1,0,0,0,3,0,0.0,0.06,0.06,0.0,0.06
FRA-Ligue 1,2324,Rennes,Fabian Rieder,SUI,MF,21,2002,15,2,365,4.1,1,0,1,1,0,0,0,0,0.25,0.0,0.25,0.25,0.25
FRA-Ligue 1,2324,Rennes,Guéla Doué,CIV,DF,20,2002,24,13,1234,13.7,0,2,2,0,0,0,1,1,0.0,0.15,0.15,0.0,0.15
FRA-Ligue 1,2324,Rennes,Ibrahim Salah,MAR,"MF,FW",21,2001,23,4,524,5.8,4,1,5,4,0,0,3,0,0.69,0.17,0.86,0.69,0.86
FRA-Ligue 1,2324,Rennes,Jeanuël Belocian,FRA,DF,18,2005,23,16,1448,16.1,0,1,1,0,0,0,0,0,0.0,0.06,0.06,0.0,0.06
FRA-Ligue 1,2324,Rennes,Jeremy Doku,BEL,FW,21,2002,2,1,111,1.2,1,0,1,1,0,0,0,0,0.81,0.0,0.81,0.81,0.81
FRA-Ligue 1,2324,Rennes,Jérémy Jacquet,FRA,DF,18,2005,1,0,5,0.1,0,0,0,0,0,0,0,0,0.0,0.0,0.0,0.0,0.0
FRA-Ligue 1,2324,Rennes,Lorenz Assignon,TOG,DF,23,2000,14,12,1011,11.2,1,1,2,1,0,0,4,0,0.09,0.09,0.18,0.09,0.18
FRA-Ligue 1,2324,Rennes,Lovro Majer,CRO,"FW,MF",25,1998,1,0,16,0.2,0,0,0,0,0,0,0,0,0.0,0.0,0.0,0.0,0.0
FRA-Ligue 1,2324,Rennes,Ludovic Blas,FRA,"MF,FW",25,1997,29,18,1563,17.4,4,1,5,3,1,2,3,0,0.23,0.06,0.29,0.17,0.23
FRA-Ligue 1,2324,Rennes,Mahamadou Nagida,CMR,MF,18,2005,3,1,106,1.2,0,0,0,0,0,0,0,0,0.0,0.0,0.0,0.0,0.0
FRA-Ligue 1,2324,Rennes,Martin Terrier,FRA,"FW,MF",26,1997,24,19,1527,17.0,7,3,10,7,0,0,2,1,0.41,0.18,0.59,0.41,0.59
FRA-Ligue 1,2324,Rennes,Mathis Lambourde,FRA,FW,17,2006,1,0,10,0.1,0,0,0,0,0,0,0,0,0.0,0.0,0.0,0.0,0.0
FRA-Ligue 1,2324,Rennes,Nemanja Matić,SRB,MF,34,1988,13,11,1027,11.4,0,0,0,0,0,0,7,0,0.0,0.0,0.0,0.0,0.0
FRA-Ligue 1,2324,Rennes,Steve Mandanda,FRA,GK,38,1985,34,34,3060,34.0,0,0,0,0,0,0,1,0,0.0,0.0,0.0,0.0,0.0
FRA-Ligue 1,2324,Rennes,Warmed Omari,COM,DF,23,2000,25,23,2071,23.0,1,0,1,1,0,0,5,1,0.04,0.0,0.04,0.04,0.04
FRA-Ligue 1,2324,Strasbourg,Abakar Sylla,CIV,DF,20,2002,22,19,1792,19.9,2,0,2,2,0,0,4,0,0.1,0.0,0.1,0.1,0.1
FRA-Ligue 1,2324,Strasbourg,Aboubacar Ali,COM,FW,17,2006,9,1,130,1.4,0,1,1,0,0,0,0,0,0.0,0.69,0.69,0.0,0.69
FRA-Ligue 1,2324,Strasbourg,Alaa Bellaarouch,MAR,GK,21,2002,15,15,1350,15.0,0,0,0,0,0,0,1,0,0.0,0.0,0.0,0.0,0.0
FRA-Ligue 1,2324,Strasbourg,Andrey Santos,BRA,MF,19,2004,11,9,831,9.2,1,0,1,1,0,0,4,0,0.11,0.0,0.11,0.11,0.11
FRA-Ligue 1,2324,Strasbourg,Dilane Bakwa,FRA,"MF,FW",20,2002,31,25,2177,24.2,3,6,9,3,0,0,4,1,0.12,0.25,0.37,0.12,0.37
FRA-Ligue 1,2324,Strasbourg,Eduard Sobol,UKR,"DF,MF",28,1995,3,0,25,0.3,0,0,0,0,0,0,0,0,0.0,0.0,0.0,0.0,0.0
FRA-Ligue 1,2324,Strasbourg,Emanuel Emegha,NED,FW,20,2003,28,23,2078,23.1,8,1,9,8,0,1,3,0,0.35,0.04,0.39,0.35,0.39
FRA-Ligue 1,2324,Strasbourg,Frederic Guilbert,FRA,"DF,MF",28,1994,32,29,2490,27.7,2,0,2,2,0,0,3,0,0.07,0.0,0.07,0.07,0.07
FRA-Ligue 1,2324,Strasbourg,Gerzino Nyamsi,CMR,DF,26,1997,13,13,1092,12.1,0,0,0,0,0,0,1,0,0.0,0.0,0.0,0.0,0.0
FRA-Ligue 1,2324,Strasbourg,Habib Diarra,SEN,"MF,FW",19,2004,31,28,2305,25.6,3,1,4,2,1,1,3,0,0.12,0.04,0.16,0.08,0.12
FRA-Ligue 1,2324,Strasbourg,Ibrahima Sissoko,MLI,MF,25,1997,27,18,1642,18.2,0,1,1,0,0,0,7,0,0.0,0.05,0.05,0.0,0.05
FRA-Ligue 1,2324,Strasbourg,Ismaël Doukouré,FRA,"MF,DF",20,2003,22,19,1656,18.4,0,0,0,0,0,0,4,0,0.0,0.0,0.0,0.0,0.0
FRA-Ligue 1,2324,Strasbourg,Jean-Ricner Bellegarde,HAI,"MF,FW",25,1998,3,3,269,3.0,2,2,4,2,0,0,2,0,0.67,0.67,1.34,0.67,1.34
FRA-Ligue 1,2324,Strasbourg,Jessy Deminguet,FRA,"MF,FW",25,1998,18,9,690,7.7,0,0,0,0,0,0,1,0,0.0,0.0,0.0,0.0,0.0
FRA-Ligue 1,2324,Strasbourg,Junior Mwanga,FRA,"MF,FW",20,2003,22,17,1450,16.1,1,1,2,1,0,0,3,0,0.06,0.06,0.12,0.06,0.12
FRA-Ligue 1,2324,Strasbourg,Jérémy Sebas,MTQ,"MF,FW",20,2003,14,2,399,4.4,2,0,2,2,0,0,0,0,0.45,0.0,0.45,0.45,0.45
FRA-Ligue 1,2324,Strasbourg,Kévin Gameiro,FRA,"FW,MF",36,1987,27,15,1346,15.0,4,2,6,2,2,2,0,0,0.27,0.13,0.4,0.13,0.27
FRA-Ligue 1,2324,Strasbourg,Lebo Mothiba,RSA,FW,27,1996,15,5,617,6.9,3,0,3,3,0,0,0,0,0.44,0.0,0.44,0.44,0.44
FRA-Ligue 1,2324,Strasbourg,Lucas Perrin,FRA,DF,24,1998,31,30,2723,30.3,0,1,1,0,0,0,3,0,0.0,0.03,0.03,0.0,0.03
FRA-Ligue 1,2324,Strasbourg,Marvin Senaya,GHA,"DF,MF",22,2001,32,23,2138,23.8,1,1,2,1,0,0,5,1,0.04,0.04,0.08,0.04,0.08
FRA-Ligue 1,2324,Strasbourg,Matz Sels,BEL,GK,31,1992,19,19,1710,19.0,0,0,0,0,0,0,2,0,0.0,0.0,0.0,0.0,0.0
FRA-Ligue 1,2324,Strasbourg,Mohamed Bechikh,FRA,FW,18,2005,2,0,14,0.2,0,0,0,0,0,0,0,0,0.0,0.0,0.0,0.0,0.0
FRA-Ligue 1,2324,Strasbourg,Moïse Sahi Dion,CIV,"MF,FW",21,2001,18,7,628,7.0,3,1,4,3,0,0,0,0,0.43,0.14,0.57,0.43,0.57
FRA-Ligue 1,2324,Strasbourg,Patrick Ouotro,CIV,FW,17,2005,1,0,8,0.1,0,0,0,0,0,0,0,0,0.0,0.0,0.0,0.0,0.0
FRA-Ligue 1,2324,Strasbourg,Rabby Nzingoula,FRA,MF,17,2005,6,1,133,1.5,0,1,1,0,0,0,1,0,0.0,0.68,0.68,0.0,0.68
FRA-Ligue 1,2324,Strasbourg,Saidou Sow,GUI,DF,21,2002,10,8,719,8.0,0,1,1,0,0,0,2,0,0.0,0.13,0.13,0.0,0.13
FRA-Ligue 1,2324,Strasbourg,Sanjin Prcić,BIH,MF,29,1993,3,1,88,1.0,0,0,0,0,0,0,0,0,0.0,0.0,0.0,0.0,0.0
FRA-Ligue 1,2324,Strasbourg,Steven Baseya,FRA,DF,18,2005,2,0,6,0.1,0,0,0,0,0,0,0,0,0.0,0.0,0.0,0.0,0.0
FRA-Ligue 1,2324,Strasbourg,Thomas Delaine,FRA,"MF,DF",31,1992,27,24,2044,22.7,1,1,2,1,0,0,5,0,0.04,0.04,0.09,0.04,0.09
FRA-Ligue 1,2324,Strasbourg,Ângelo,BRA,"MF,FW",18,2004,21,11,1094,12.2,0,3,3,0,0,0,1,0,0.0,0.25,0.25,0.0,0.25
FRA-Ligue 1,2324,Toulouse,Aron Dønnum,NOR,"MF,FW",25,1998,27,19,1595,17.7,0,1,1,0,0,0,8,0,0.0,0.06,0.06,0.0,0.06
FRA-Ligue 1,2324,Toulouse,Christian Mawissa,FRA,"DF,MF",18,2005,17,12,1118,12.4,2,0,2,2,0,0,3,0,0.16,0.0,0.16,0.16,0.16
FRA-Ligue 1,2324,Toulouse,Cristian Cásseres Jr.,VEN,MF,23,2000,32,23,1946,21.6,1,3,4,1,0,0,1,0,0.05,0.14,0.18,0.05,0.18
FRA-Ligue 1,2324,Toulouse,Denis Genreau,AUS,MF,24,1999,9,5,464,5.2,0,0,0,0,0,0,0,0,0.0,0.0,0.0,0.0,0.0
FRA-Ligue 1,2324,Toulouse,Fares Chaïbi,ALG,"FW,MF",20,2002,2,0,58,0.6,0,1,1,0,0,0,1,0,0.0,1.55,1.55,0.0,1.55
FRA-Ligue 1,2324,Toulouse,Frank Magri,CMR,"FW,MF",23,1999,29,14,1438,16.0,5,2,7,5,0,0,5,0,0.31,0.13,0.44,0.31,0.44
FRA-Ligue 1,2324,Toulouse,Gabriel Suazo,CHI,"DF,MF",25,1997,31,27,2357,26.2,0,4,4,0,0,0,5,0,0.0,0.15,0.15,0.0,0.15
FRA-Ligue 1,2324,Toulouse,Gelabert,ESP,"MF,FW",22,2000,16,10,754,8.4,1,2,3,1,0,0,1,0,0.12,0.24,0.36,0.12,0.36
FRA-Ligue 1,2324,Toulouse,Guillaume Restes,FRA,GK,18,2005,34,34,3060,34.0,0,0,0,0,0,0,3,0,0.0,0.0,0.0,0.0,0.0
FRA-Ligue 1,2324,Toulouse,Ibrahim Cissoko,NED,MF,20,2003,11,2,241,2.7,1,1,2,1,0,0,1,0,0.37,0.37,0.75,0.37,0.75
FRA-Ligue 1,2324,Toulouse,Kévin Keben,CMR,"DF,MF",19,2004,8,7,521,5.8,0,0,0,0,0,0,1,0,0.0,0.0,0.0,0.0,0.0
FRA-Ligue 1,2324,Toulouse,Logan Costa,CPV,DF,22,2001,31,29,2650,29.4,1,1,2,1,0,0,6,0,0.03,0.03,0.07,0.03,0.07
FRA-Ligue 1,2324,Toulouse,Mamady Bangré,BFA,MF,22,2001,8,0,101,1.1,0,1,1,0,0,0,2,0,0.0,0.89,0.89,0.0,0.89
FRA-Ligue 1,2324,Toulouse,Mikkel Desler,DEN,"DF,MF",28,1995,24,19,1544,17.2,0,1,1,0,0,0,2,0,0.0,0.06,0.06,0.0,0.06
FRA-Ligue 1,2324,Toulouse,Moussa Diarra,MLI,DF,22,2000,22,15,1397,15.5,1,2,3,1,0,0,5,0,0.06,0.13,0.19,0.06,0.19
FRA-Ligue 1,2324,Toulouse,Naatan Skyttä,FIN,MF,21,2002,8,0,120,1.3,0,0,0,0,0,0,0,0,0.0,0.0,0.0,0.0,0.0
FRA-Ligue 1,2324,Toulouse,Niklas Schmidt,GER,MF,25,1998,22,15,1269,14.1,1,1,2,1,0,0,4,0,0.07,0.07,0.14,0.07,0.14
FRA-Ligue 1,2324,Toulouse,Rasmus Nicolaisen,DEN,DF,26,1997,33,33,2925,32.5,2,0,2,2,0,0,6,1,0.06,0.0,0.06,0.06,0.06
FRA-Ligue 1,2324,Toulouse,Shavy Babicka,GAB,"MF,FW",23,2000,12,4,373,4.1,1,0,1,1,0,0,0,0,0.24,0.0,0.24,0.24,0.24
FRA-Ligue 1,2324,Toulouse,Stijn Spierings,NED,MF,27,1996,22,16,1516,16.8,0,1,1,0,0,0,5,0,0.0,0.06,0.06,0.0,0.06
FRA-Ligue 1,2324,Toulouse,Thijs Dallinga,NED,FW,22,2000,33,28,2510,27.9,14,2,16,13,1,3,6,0,0.5,0.07,0.57,0.47,0.54
FRA-Ligue 1,2324,Toulouse,Vincent Sierro,SUI,MF,27,1995,30,25,2261,25.1,6,2,8,2,4,5,8,0,0.24,0.08,0.32,0.08,0.16
FRA-Ligue 1,2324,Toulouse,Warren Kamanzi,NOR,"MF,DF",22,2000,24,12,1187,13.2,0,3,3,0,0,0,1,0,0.0,0.23,0.23,0.0,0.23
FRA-Ligue 1,2324,Toulouse,Yanis Begraoui,MAR,"FW,MF",22,2001,14,3,300,3.3,0,0,0,0,0,0,0,0,0.0,0.0,0.0,0.0,0.0
FRA-Ligue 1,2324,Toulouse,Yann Gboho,FRA,"MF,FW",22,2001,16,13,1193,13.3,3,2,5,3,0,0,1,0,0.23,0.15,0.38,0.23,0.38
FRA-Ligue 1,2324,Toulouse,Zakaria Aboukhlal,MAR,"FW,MF",23,2000,13,9,754,8.4,3,0,3,2,1,1,2,0,0.36,0.0,0.36,0.24,0.24
